{"items_size": 21, "stocks_size": 6, "fill_percentage": 0.6497250843228758, "solution_time": 0.0003027999773621559}
{"items_size": 21, "stocks_size": 6, "fill_percentage": 0.7442107358503085, "solution_time": 0.000282399938441813}
{"items_size": 21, "stocks_size": 5, "fill_percentage": 0.765144596651446, "solution_time": 0.00025400007143616676}
{"items_size": 21, "stocks_size": 6, "fill_percentage": 0.853690807799443, "solution_time": 0.0003573000431060791}
{"items_size": 20, "stocks_size": 6, "fill_percentage": 0.681362547680298, "solution_time": 0.000278900028206408}
{"items_size": 20, "stocks_size": 6, "fill_percentage": 0.663012486481172, "solution_time": 0.0004998999647796154}
{"items_size": 21, "stocks_size": 6, "fill_percentage": 0.6928553004900696, "solution_time": 0.0003003999590873718}
{"items_size": 20, "stocks_size": 6, "fill_percentage": 0.7315535780496848, "solution_time": 0.00026679993607103825}
{"items_size": 19, "stocks_size": 7, "fill_percentage": 0.8593043206987989, "solution_time": 0.000452800071798265}
{"items_size": 21, "stocks_size": 5, "fill_percentage": 0.7743568691844553, "solution_time": 0.00033599999733269215}
{"items_size": 18, "stocks_size": 7, "fill_percentage": 0.6253314615504602, "solution_time": 0.0002389999572187662}
{"items_size": 20, "stocks_size": 6, "fill_percentage": 0.7018088891115899, "solution_time": 0.00032140000257641077}
{"items_size": 18, "stocks_size": 7, "fill_percentage": 0.7033890563624737, "solution_time": 0.00046550005208700895}
{"items_size": 21, "stocks_size": 5, "fill_percentage": 0.8120563109132475, "solution_time": 0.00048539997078478336}
{"items_size": 19, "stocks_size": 7, "fill_percentage": 0.6864028898797765, "solution_time": 0.0003391000209376216}
{"items_size": 21, "stocks_size": 5, "fill_percentage": 0.6330209388720027, "solution_time": 0.0003795999800786376}
{"items_size": 21, "stocks_size": 6, "fill_percentage": 0.7447894736842106, "solution_time": 0.00025829998776316643}
{"items_size": 21, "stocks_size": 5, "fill_percentage": 0.8658822151972837, "solution_time": 0.0004653999349102378}
{"items_size": 21, "stocks_size": 5, "fill_percentage": 0.6738479952124476, "solution_time": 0.0004787000361829996}
{"items_size": 21, "stocks_size": 6, "fill_percentage": 0.7514109393955377, "solution_time": 0.00028200005181133747}
{"items_size": 19, "stocks_size": 7, "fill_percentage": 0.6868869146770312, "solution_time": 0.00028280005790293217}
{"items_size": 21, "stocks_size": 5, "fill_percentage": 0.7535049706856998, "solution_time": 0.0004734999965876341}
{"items_size": 21, "stocks_size": 5, "fill_percentage": 0.7113993852829507, "solution_time": 0.0004325999179854989}
{"items_size": 21, "stocks_size": 5, "fill_percentage": 0.6687809620815779, "solution_time": 0.0004851000849157572}
{"items_size": 20, "stocks_size": 6, "fill_percentage": 0.8296466532605573, "solution_time": 0.00043080002069473267}
{"items_size": 20, "stocks_size": 6, "fill_percentage": 0.8153282345442957, "solution_time": 0.00040959997568279505}
{"items_size": 19, "stocks_size": 7, "fill_percentage": 0.740807799442897, "solution_time": 0.0014303999487310648}
{"items_size": 18, "stocks_size": 7, "fill_percentage": 0.6976979794000112, "solution_time": 0.0006771000334993005}
{"items_size": 18, "stocks_size": 7, "fill_percentage": 0.7015233485193622, "solution_time": 0.0007152999751269817}
{"items_size": 19, "stocks_size": 7, "fill_percentage": 0.9038538854746999, "solution_time": 0.0007856000447645783}
{"items_size": 19, "stocks_size": 7, "fill_percentage": 0.8485319852226327, "solution_time": 0.00023680005688220263}
{"items_size": 21, "stocks_size": 5, "fill_percentage": 0.6491733157851444, "solution_time": 0.0008799999486654997}
{"items_size": 21, "stocks_size": 5, "fill_percentage": 0.7492858467816732, "solution_time": 0.0007973000174388289}
{"items_size": 21, "stocks_size": 6, "fill_percentage": 0.7126092740402888, "solution_time": 0.0007783999899402261}
{"items_size": 20, "stocks_size": 6, "fill_percentage": 0.6696503316375813, "solution_time": 0.0002595999976620078}
{"items_size": 21, "stocks_size": 6, "fill_percentage": 0.7532062058696383, "solution_time": 0.0008653999539092183}
{"items_size": 21, "stocks_size": 6, "fill_percentage": 0.9239608984404148, "solution_time": 0.00023689994122833014}
{"items_size": 18, "stocks_size": 7, "fill_percentage": 0.6799977626132677, "solution_time": 0.0003396000247448683}
{"items_size": 21, "stocks_size": 6, "fill_percentage": 0.7439826917876138, "solution_time": 0.00041429989505559206}
{"items_size": 19, "stocks_size": 7, "fill_percentage": 0.8944742422352501, "solution_time": 0.00030800001695752144}
{"items_size": 21, "stocks_size": 5, "fill_percentage": 0.6413363216136714, "solution_time": 0.000340400030836463}
{"items_size": 20, "stocks_size": 6, "fill_percentage": 0.8115618783531255, "solution_time": 0.0004270999925211072}
{"items_size": 21, "stocks_size": 6, "fill_percentage": 0.7727872457394173, "solution_time": 0.00039439997635781765}
{"items_size": 21, "stocks_size": 5, "fill_percentage": 0.7083232225188061, "solution_time": 0.0003488999791443348}
{"items_size": 18, "stocks_size": 7, "fill_percentage": 0.8483497824472036, "solution_time": 0.00026629993226379156}
{"items_size": 20, "stocks_size": 6, "fill_percentage": 0.7369482410934349, "solution_time": 0.000206099939532578}
{"items_size": 19, "stocks_size": 7, "fill_percentage": 0.8961752864663982, "solution_time": 0.0005338999908417463}
{"items_size": 21, "stocks_size": 5, "fill_percentage": 0.6868195394546681, "solution_time": 0.0004865999799221754}
{"items_size": 20, "stocks_size": 6, "fill_percentage": 0.8927981840693355, "solution_time": 0.0005358998896554112}
{"items_size": 21, "stocks_size": 5, "fill_percentage": 0.6915719325754606, "solution_time": 0.00024100008886307478}
{"items_size": 19, "stocks_size": 7, "fill_percentage": 0.6213055996239497, "solution_time": 0.0005022999830543995}
{"items_size": 19, "stocks_size": 7, "fill_percentage": 0.7524013595389389, "solution_time": 0.0005014000926166773}
{"items_size": 21, "stocks_size": 5, "fill_percentage": 0.6824904144604711, "solution_time": 0.0005541000282391906}
{"items_size": 20, "stocks_size": 6, "fill_percentage": 0.6883851298190401, "solution_time": 0.0005262999329715967}
{"items_size": 21, "stocks_size": 5, "fill_percentage": 0.7150771853395208, "solution_time": 0.000593600096181035}
{"items_size": 21, "stocks_size": 6, "fill_percentage": 0.8239704978488015, "solution_time": 0.0003738999366760254}
{"items_size": 21, "stocks_size": 6, "fill_percentage": 0.6315735729602777, "solution_time": 0.0005450999597087502}
{"items_size": 21, "stocks_size": 5, "fill_percentage": 0.8348302872062663, "solution_time": 0.0005648999940603971}
{"items_size": 19, "stocks_size": 7, "fill_percentage": 0.7309198206888725, "solution_time": 0.0003130999393761158}
{"items_size": 21, "stocks_size": 6, "fill_percentage": 0.7399343499397515, "solution_time": 0.00032919994555413723}
{"items_size": 19, "stocks_size": 7, "fill_percentage": 0.6782015254917704, "solution_time": 0.0002805999247357249}
{"items_size": 21, "stocks_size": 5, "fill_percentage": 0.73240313294258, "solution_time": 0.0002704999642446637}
{"items_size": 21, "stocks_size": 5, "fill_percentage": 0.6357086845716526, "solution_time": 0.00043610006105154753}
{"items_size": 20, "stocks_size": 6, "fill_percentage": 0.8148687314893831, "solution_time": 0.00038649991620332}
{"items_size": 19, "stocks_size": 7, "fill_percentage": 0.644864641454846, "solution_time": 0.00031610007863491774}
{"items_size": 19, "stocks_size": 7, "fill_percentage": 0.655035167111935, "solution_time": 0.00031409994699060917}
{"items_size": 20, "stocks_size": 6, "fill_percentage": 0.5958539368581209, "solution_time": 0.00021039997227489948}
{"items_size": 19, "stocks_size": 7, "fill_percentage": 0.6682386847448746, "solution_time": 0.000278300023637712}
{"items_size": 20, "stocks_size": 6, "fill_percentage": 0.8258860496280209,