{"items_size": 21, "stocks_size": 6, "fill_percentage": 0.5456944390546781, "solution_time": 0.0004363000625744462}
{"items_size": 21, "stocks_size": 6, "fill_percentage": 0.5820144258211821, "solution_time": 0.0006006000330671668}
{"items_size": 21, "stocks_size": 5, "fill_percentage": 0.6135226394369635, "solution_time": 0.0005386000266298652}
{"items_size": 21, "stocks_size": 6, "fill_percentage": 0.6620045361270116, "solution_time": 0.0005895999493077397}
{"items_size": 20, "stocks_size": 6, "fill_percentage": 0.7149106478034252, "solution_time": 0.0003645999822765589}
{"items_size": 20, "stocks_size": 6, "fill_percentage": 0.6295864064979927, "solution_time": 0.0005386999109759927}
{"items_size": 21, "stocks_size": 6, "fill_percentage": 0.5671635488366201, "solution_time": 0.00040120002813637257}
{"items_size": 20, "stocks_size": 6, "fill_percentage": 0.7246065057712487, "solution_time": 0.0004746000049635768}
{"items_size": 19, "stocks_size": 7, "fill_percentage": 0.5740933722384327, "solution_time": 0.000426200102083385}
{"items_size": 21, "stocks_size": 5, "fill_percentage": 0.5504506841320278, "solution_time": 0.0005538000259548426}
{"items_size": 18, "stocks_size": 7, "fill_percentage": 0.500780713259634, "solution_time": 0.0005279999459162354}
{"items_size": 20, "stocks_size": 6, "fill_percentage": 0.6173579583021114, "solution_time": 0.0006038999417796731}
{"items_size": 18, "stocks_size": 7, "fill_percentage": 0.6527359810113169, "solution_time": 0.0003493999829515815}
{"items_size": 21, "stocks_size": 5, "fill_percentage": 0.5858761230956204, "solution_time": 0.00047770002856850624}
{"items_size": 19, "stocks_size": 7, "fill_percentage": 0.5258810810810811, "solution_time": 0.0004464000230655074}
{"items_size": 21, "stocks_size": 5, "fill_percentage": 0.623596440156367, "solution_time": 0.0004268999909982085}
{"items_size": 21, "stocks_size": 6, "fill_percentage": 0.5692047785688428, "solution_time": 0.0006841999711468816}
{"items_size": 21, "stocks_size": 5, "fill_percentage": 0.5747649024636667, "solution_time": 0.0005877999356016517}
{"items_size": 21, "stocks_size": 5, "fill_percentage": 0.6256625064113523, "solution_time": 0.0004325000336393714}
{"items_size": 21, "stocks_size": 6, "fill_percentage": 0.5510172507155566, "solution_time": 0.00038780004251748323}
{"items_size": 19, "stocks_size": 7, "fill_percentage": 0.5666246803313103, "solution_time": 0.0004900000058114529}
{"items_size": 21, "stocks_size": 5, "fill_percentage": 0.5562455308418953, "solution_time": 0.0004650999326258898}
{"items_size": 21, "stocks_size": 5, "fill_percentage": 0.5886819269898265, "solution_time": 0.0004746998893097043}
{"items_size": 21, "stocks_size": 5, "fill_percentage": 0.6040142170186076, "solution_time": 0.0004829999525099993}
{"items_size": 20, "stocks_size": 6, "fill_percentage": 0.5318110671208912, "solution_time": 0.0005181999877095222}
{"items_size": 20, "stocks_size": 6, "fill_percentage": 0.5288615575422458, "solution_time": 0.0005769000854343176}
{"items_size": 19, "stocks_size": 7, "fill_percentage": 0.7109536857582036, "solution_time": 0.0005344999954104424}
{"items_size": 18, "stocks_size": 7, "fill_percentage": 0.578630443915418, "solution_time": 0.00039950001519173384}
{"items_size": 18, "stocks_size": 7, "fill_percentage": 0.4815774042220485, "solution_time": 0.0004477000329643488}
{"items_size": 19, "stocks_size": 7, "fill_percentage": 0.5134420880913539, "solution_time": 0.00034609995782375336}
{"items_size": 19, "stocks_size": 7, "fill_percentage": 0.5054045707226683, "solution_time": 0.0004062999505549669}
{"items_size": 21, "stocks_size": 5, "fill_percentage": 0.6744434474212708, "solution_time": 0.0004806999349966645}
{"items_size": 21, "stocks_size": 5, "fill_percentage": 0.7492858467816732, "solution_time": 0.00041790003888309}
{"items_size": 21, "stocks_size": 6, "fill_percentage": 0.5886115689506318, "solution_time": 0.00034689996391534805}
{"items_size": 20, "stocks_size": 6, "fill_percentage": 0.6939606272939606, "solution_time": 0.0007518000202253461}
{"items_size": 21, "stocks_size": 6, "fill_percentage": 0.621965730604474, "solution_time": 0.0004043999360874295}
{"items_size": 21, "stocks_size": 6, "fill_percentage": 0.4950027984328776, "solution_time": 0.0006793999345973134}
{"items_size": 18, "stocks_size": 7, "fill_percentage": 0.5638421223505403, "solution_time": 0.000609499984420836}
{"items_size": 21, "stocks_size": 6, "fill_percentage": 0.5813609467455622, "solution_time": 0.0003762999549508095}
{"items_size": 19, "stocks_size": 7, "fill_percentage": 0.6690613920507558, "solution_time": 0.0005694999126717448}
{"items_size": 21, "stocks_size": 5, "fill_percentage": 0.6883409757197625, "solution_time": 0.0006252999883145094}
{"items_size": 20, "stocks_size": 6, "fill_percentage": 0.5471874491952528, "solution_time": 0.0005233000265434384}
{"items_size": 21, "stocks_size": 6, "fill_percentage": 0.6873502518214268, "solution_time": 0.0012644999660551548}
{"items_size": 21, "stocks_size": 5, "fill_percentage": 0.5281155015197568, "solution_time": 0.0005058000097051263}
{"items_size": 18, "stocks_size": 7, "fill_percentage": 0.573437107707758, "solution_time": 0.00042779999785125256}
{"items_size": 20, "stocks_size": 6, "fill_percentage": 0.6705402650356779, "solution_time": 0.0004184999270364642}
{"items_size": 19, "stocks_size": 7, "fill_percentage": 0.5921927760155531, "solution_time": 0.0006246999837458134}
{"items_size": 21, "stocks_size": 5, "fill_percentage": 0.5712396826668804, "solution_time": 0.00039540010038763285}
{"items_size": 20, "stocks_size": 6, "fill_percentage": 0.46604190229977915, "solution_time": 0.0007467999821528792}
{"items_size": 21, "stocks_size": 5, "fill_percentage": 0.5269414575866189, "solution_time": 0.0007232000352814794}
{"items_size": 19, "stocks_size": 7, "fill_percentage": 0.4944587327566051, "solution_time": 0.0006501000607386231}
{"items_size": 19, "stocks_size": 7, "fill_percentage": 0.5442253220030998, "solution_time": 0.0006670999573543668}
{"items_size": 21, "stocks_size": 5, "fill_percentage": null, "solution_time": null}
{"items_size": 20, "stocks_size": 6, "fill_percentage": 0.5674273438450002, "solution_time": 0.0005499999970197678}
{"items_size": 21, "stocks_size": 5, "fill_percentage": 0.5844945037931568, "solution_time": 0.0004507999401539564}
{"items_size": 21, "stocks_size": 6, "fill_percentage": 0.5964407533738691, "solution_time": 0.0004273001104593277}
{"items_size": 21, "stocks_size": 6, "fill_percentage": 0.6262339897737053, "solution_time": 0.0004430999979376793}
{"items_size": 21, "stocks_size": 5, "fill_percentage": 0.5906454354010419, "solution_time": 0.0003766999579966068}
{"items_size": 19, "stocks_size": 7, "fill_percentage": 0.611314128422951, "solution_time": 0.0005010000895708799}
{"items_size": 21, "stocks_size": 6, "fill_percentage": 0.5451206073221501, "solution_time": 0.0003781999694183469}
{"items_size": 19, "stocks_size": 7, "fill_percentage": 0.544300534828275, "solution_time": 0.00047450000420212746}
{"items_size": 21, "stocks_size": 5, "fill_percentage": 0.5985079688029841, "solution_time": 0.000506900018081069}
{"items_size": 21, "stocks_size": 5, "fill_percentage": 0.5470918216710954, "solution_time": 0.0004358000587671995}
{"items_size": 20, "stocks_size": 6, "fill_percentage": 0.6148863636363636, "solution_time": 0.0004599000094458461}
{"items_size": 19, "stocks_size": 7, "fill_percentage": 0.5874435240963856, "solution_time": 0.0003656999906525016}
{"items_size": 19, "stocks_size": 7, "fill_percentage": 0.6319831667543399, "solution_time": 0.00040909997187554836}
{"items_size": 20, "stocks_size": 6, "fill_percentage": 0.4159953970080552, "solution_time": 0.0006002000300213695}
{"items_size": 19, "stocks_size": 7, "fill_percentage": 0.6013202876340917, "solution_time": 0.0005609000800177455}
{"items_size": 20, "stocks_size": 6, "fill_percentage": 0.530939013159849,