{"items_size": 21, "stocks_size": 6, "fill_percentage": 0.6497250843228758, "solution_time": 0.00047830003313720226}
{"items_size": 21, "stocks_size": 6, "fill_percentage": 0.7442107358503085, "solution_time": 0.00033629999961704016}
{"items_size": 21, "stocks_size": 5, "fill_percentage": 0.765144596651446, "solution_time": 0.0004251999780535698}
{"items_size": 21, "stocks_size": 6, "fill_percentage": 0.6138093330662928, "solution_time": 0.00036230008117854595}
{"items_size": 20, "stocks_size": 6, "fill_percentage": 0.681362547680298, "solution_time": 0.00024259998463094234}
{"items_size": 20, "stocks_size": 6, "fill_percentage": 0.9223772397756805, "solution_time": 0.000403700047172606}
{"items_size": 21, "stocks_size": 6, "fill_percentage": 0.6928553004900696, "solution_time": 0.00040609994903206825}
{"items_size": 20, "stocks_size": 6, "fill_percentage": 0.7315535780496848, "solution_time": 0.0004781000316143036}
{"items_size": 19, "stocks_size": 7, "fill_percentage": 0.5861261836365571, "solution_time": 0.0003258000360801816}
{"items_size": 21, "stocks_size": 5, "fill_percentage": 0.7743568691844553, "solution_time": 0.00039309996645897627}
{"items_size": 18, "stocks_size": 7, "fill_percentage": 0.6253314615504602, "solution_time": 0.0003804001025855541}
{"items_size": 20, "stocks_size": 6, "fill_percentage": 0.7018088891115899, "solution_time": 0.0003934999695047736}
{"items_size": 18, "stocks_size": 7, "fill_percentage": 0.7033890563624737, "solution_time": 0.00040499994065612555}
{"items_size": 21, "stocks_size": 5, "fill_percentage": 0.8120563109132475, "solution_time": 0.00042699999175965786}
{"items_size": 19, "stocks_size": 7, "fill_percentage": 0.6864028898797765, "solution_time": 0.00030399998649954796}
{"items_size": 21, "stocks_size": 5, "fill_percentage": 0.6330209388720027, "solution_time": 0.000673700007610023}
{"items_size": 21, "stocks_size": 6, "fill_percentage": 0.7447894736842106, "solution_time": 0.00023010000586509705}
{"items_size": 21, "stocks_size": 5, "fill_percentage": 0.8658822151972837, "solution_time": 0.0005615000845864415}
{"items_size": 21, "stocks_size": 5, "fill_percentage": 0.6738479952124476, "solution_time": 0.0003108000382781029}
{"items_size": 21, "stocks_size": 6, "fill_percentage": 0.7514109393955377, "solution_time": 0.0003519000019878149}
{"items_size": 19, "stocks_size": 7, "fill_percentage": 0.6868869146770312, "solution_time": 0.0004688999615609646}
{"items_size": 21, "stocks_size": 5, "fill_percentage": 0.7535049706856998, "solution_time": 0.00032410002313554287}
{"items_size": 21, "stocks_size": 5, "fill_percentage": 0.7113993852829507, "solution_time": 0.0004544999683275819}
{"items_size": 21, "stocks_size": 5, "fill_percentage": 0.6687809620815779, "solution_time": 0.00042239995673298836}
{"items_size": 20, "stocks_size": 6, "fill_percentage": 0.8296466532605573, "solution_time": 0.00037889997474849224}
{"items_size": 20, "stocks_size": 6, "fill_percentage": 0.8153282345442957, "solution_time": 0.0008879000088199973}
{"items_size": 19, "stocks_size": 7, "fill_percentage": 0.740807799442897, "solution_time": 0.0007881999481469393}
{"items_size": 18, "stocks_size": 7, "fill_percentage": 0.6976979794000112, "solution_time": 0.0006272000027820468}
{"items_size": 18, "stocks_size": 7, "fill_percentage": 0.7015233485193622, "solution_time": 0.0006401999853551388}
{"items_size": 19, "stocks_size": 7, "fill_percentage": 0.6591413612565445, "solution_time": 0.0007684000302106142}
{"items_size": 19, "stocks_size": 7, "fill_percentage": 0.8485319852226327, "solution_time": 0.0007000000914558768}
{"items_size": 21, "stocks_size": 5, "fill_percentage": 0.6491733157851444, "solution_time": 0.0010145000414922833}
{"items_size": 21, "stocks_size": 5, "fill_percentage": 0.7492858467816732, "solution_time": 0.0007531000301241875}
{"items_size": 21, "stocks_size": 6, "fill_percentage": 0.7126092740402888, "solution_time": 0.0008103000000119209}
{"items_size": 20, "stocks_size": 6, "fill_percentage": 0.6696503316375813, "solution_time": 0.0005356000037863851}
{"items_size": 21, "stocks_size": 6, "fill_percentage": 0.7532062058696383, "solution_time": 0.0003298999508842826}
{"items_size": 21, "stocks_size": 6, "fill_percentage": 0.9239608984404148, "solution_time": 0.00035710004158318043}
{"items_size": 18, "stocks_size": 7, "fill_percentage": 0.6799977626132677, "solution_time": 0.0003736000508069992}
{"items_size": 21, "stocks_size": 6, "fill_percentage": 0.7439826917876138, "solution_time": 0.0002921000123023987}
{"items_size": 19, "stocks_size": 7, "fill_percentage": 0.685236502627807, "solution_time": 0.000454000080935657}
{"items_size": 21, "stocks_size": 5, "fill_percentage": 0.6413363216136714, "solution_time": 0.0003421000437811017}
{"items_size": 20, "stocks_size": 6, "fill_percentage": 0.8115618783531255, "solution_time": 0.00040769996121525764}
{"items_size": 21, "stocks_size": 6, "fill_percentage": 0.7727872457394173, "solution_time": 0.000470499973744154}
{"items_size": 21, "stocks_size": 5, "fill_percentage": 0.7083232225188061, "solution_time": 0.0003331000916659832}
{"items_size": 18, "stocks_size": 7, "fill_percentage": 0.5959889659285768, "solution_time": 0.0004992999602109194}
{"items_size": 20, "stocks_size": 6, "fill_percentage": 0.7369482410934349, "solution_time": 0.00022270006593316793}
{"items_size": 19, "stocks_size": 7, "fill_percentage": 0.8961752864663982, "solution_time": 0.000825099996291101}
{"items_size": 21, "stocks_size": 5, "fill_percentage": 0.6868195394546681, "solution_time": 0.0005761000793427229}
{"items_size": 20, "stocks_size": 6, "fill_percentage": 0.8927981840693355, "solution_time": 0.000588499940931797}
{"items_size": 21, "stocks_size": 5, "fill_percentage": 0.6915719325754606, "solution_time": 0.00023310002870857716}
{"items_size": 19, "stocks_size": 7, "fill_percentage": 0.6213055996239497, "solution_time": 0.0006773999193683267}
{"items_size": 19, "stocks_size": 7, "fill_percentage": 0.7524013595389389, "solution_time": 0.0005885000573471189}
{"items_size": 21, "stocks_size": 5, "fill_percentage": 0.9122635753508237, "solution_time": 0.00025150005239993334}
{"items_size": 20, "stocks_size": 6, "fill_percentage": 0.6883851298190401, "solution_time": 0.0002294000005349517}
{"items_size": 21, "stocks_size": 5, "fill_percentage": 0.7150771853395208, "solution_time": 0.00038920005317777395}
{"items_size": 21, "stocks_size": 6, "fill_percentage": 0.8239704978488015, "solution_time": 0.00041039998177438974}
{"items_size": 21, "stocks_size": 6, "fill_percentage": 0.6315735729602777, "solution_time": 0.0004552999744191766}
{"items_size": 21, "stocks_size": 5, "fill_percentage": 0.8348302872062663, "solution_time": 0.0003885000478476286}
{"items_size": 19, "stocks_size": 7, "fill_percentage": 0.7309198206888725, "solution_time": 0.00032649992499500513}
{"items_size": 21, "stocks_size": 6, "fill_percentage": 0.7399343499397515, "solution_time": 0.0004552999744191766}
{"items_size": 19, "stocks_size": 7, "fill_percentage": 0.6782015254917704, "solution_time": 0.00038709992077201605}
{"items_size": 21, "stocks_size": 5, "fill_percentage": 0.73240313294258, "solution_time": 0.0004363000625744462}
{"items_size": 21, "stocks_size": 5, "fill_percentage": 0.6357086845716526, "solution_time": 0.0002848000731319189}
{"items_size": 20, "stocks_size": 6, "fill_percentage": 0.8148687314893831, "solution_time": 0.0003989000106230378}
{"items_size": 19, "stocks_size": 7, "fill_percentage": 0.644864641454846, "solution_time": 0.0003229000139981508}
{"items_size": 19, "stocks_size": 7, "fill_percentage": 0.655035167111935, "solution_time": 0.0002012000186368823}
{"items_size": 20, "stocks_size": 6, "fill_percentage": 0.5958539368581209, "solution_time": 0.0003106999211013317}
{"items_size": 19, "stocks_size": 7, "fill_percentage": 0.6682386847448746, "solution_time": 0.0003034999826923013}
{"items_size": 20, "stocks_size": 6, "fill_percentage": 0.8258860496280209,