{"items_size": 21, "stocks_size": 6, "fill_percentage": 0.7654455391649883, "solution_time": 0.00032570003531873226}
{"items_size": 21, "stocks_size": 6, "fill_percentage": 0.7344640167638007, "solution_time": 0.0003252999158576131}
{"items_size": 21, "stocks_size": 5, "fill_percentage": 0.7405352320157133, "solution_time": 0.00035630003549158573}
{"items_size": 21, "stocks_size": 6, "fill_percentage": 0.6620045361270116, "solution_time": 0.000447999918833375}
{"items_size": 20, "stocks_size": 6, "fill_percentage": 0.7149106478034252, "solution_time": 0.0002975999377667904}
{"items_size": 20, "stocks_size": 6, "fill_percentage": 0.8589351674945866, "solution_time": 0.0003887999337166548}
{"items_size": 21, "stocks_size": 6, "fill_percentage": 0.7699495528548498, "solution_time": 0.00035610003396868706}
{"items_size": 20, "stocks_size": 6, "fill_percentage": 0.7246065057712487, "solution_time": 0.0005090000340715051}
{"items_size": 19, "stocks_size": 7, "fill_percentage": 0.8354564755838642, "solution_time": 0.0005364000098779798}
{"items_size": 21, "stocks_size": 5, "fill_percentage": 0.7484789701084561, "solution_time": 0.00037649995647370815}
{"items_size": 18, "stocks_size": 7, "fill_percentage": 0.500780713259634, "solution_time": 0.0005671000108122826}
{"items_size": 20, "stocks_size": 6, "fill_percentage": 0.7234877834598895, "solution_time": 0.00039540010038763285}
{"items_size": 18, "stocks_size": 7, "fill_percentage": 0.6527359810113169, "solution_time": 0.0003793999785557389}
{"items_size": 21, "stocks_size": 5, "fill_percentage": 0.8033567432448518, "solution_time": 0.0003010999644175172}
{"items_size": 19, "stocks_size": 7, "fill_percentage": 0.9018837140314446, "solution_time": 0.00030289997812360525}
{"items_size": 21, "stocks_size": 5, "fill_percentage": 0.8390219337511191, "solution_time": 0.0005080000264570117}
{"items_size": 21, "stocks_size": 6, "fill_percentage": 0.7269971744156177, "solution_time": 0.00023110001347959042}
{"items_size": 21, "stocks_size": 5, "fill_percentage": 0.7405126664664063, "solution_time": 0.0002568000927567482}
{"items_size": 21, "stocks_size": 5, "fill_percentage": 0.8207457246986263, "solution_time": 0.0007749999640509486}
{"items_size": 21, "stocks_size": 6, "fill_percentage": 0.6769625546474054, "solution_time": 0.0006370999617502093}
{"items_size": 19, "stocks_size": 7, "fill_percentage": 0.734719128928483, "solution_time": 0.0007737999549135566}
{"items_size": 21, "stocks_size": 5, "fill_percentage": 0.8408715935597656, "solution_time": 0.0006902999011799693}
{"items_size": 21, "stocks_size": 5, "fill_percentage": 0.7096672378032284, "solution_time": 0.0007680000271648169}
{"items_size": 21, "stocks_size": 5, "fill_percentage": 0.763881544156531, "solution_time": 0.0008451000321656466}
{"items_size": 20, "stocks_size": 6, "fill_percentage": 0.6883565725181743, "solution_time": 0.0006424000021070242}
{"items_size": 20, "stocks_size": 6, "fill_percentage": 0.7556671343129292, "solution_time": 0.0009976999135687947}
{"items_size": 19, "stocks_size": 7, "fill_percentage": 0.7109536857582036, "solution_time": 0.0008759000338613987}
{"items_size": 18, "stocks_size": 7, "fill_percentage": 0.8029537504858142, "solution_time": 0.0007903000805526972}
{"items_size": 18, "stocks_size": 7, "fill_percentage": 0.7019230769230769, "solution_time": 0.0006516000721603632}
{"items_size": 19, "stocks_size": 7, "fill_percentage": 0.7606825212683681, "solution_time": 0.00034900009632110596}
{"items_size": 19, "stocks_size": 7, "fill_percentage": 0.6889075984003368, "solution_time": 0.0003888999344781041}
{"items_size": 21, "stocks_size": 5, "fill_percentage": 0.6744434474212708, "solution_time": 0.00038520002271980047}
{"items_size": 21, "stocks_size": 5, "fill_percentage": 0.7492858467816732, "solution_time": 0.00045739999040961266}
{"items_size": 21, "stocks_size": 6, "fill_percentage": 0.7651770227527803, "solution_time": 0.00044299999717622995}
{"items_size": 20, "stocks_size": 6, "fill_percentage": 0.6939606272939606, "solution_time": 0.0002245999639853835}
{"items_size": 21, "stocks_size": 6, "fill_percentage": 0.8021792510742787, "solution_time": 0.0002937000244855881}
{"items_size": 21, "stocks_size": 6, "fill_percentage": 0.7163022098808284, "solution_time": 0.0002741999924182892}
{"items_size": 18, "stocks_size": 7, "fill_percentage": 0.7771030427000767, "solution_time": 0.00029710005037486553}
{"items_size": 21, "stocks_size": 6, "fill_percentage": 0.8065083553210203, "solution_time": 0.0003966999938711524}
{"items_size": 19, "stocks_size": 7, "fill_percentage": 0.8671100362756953, "solution_time": 0.0005288999527692795}
{"items_size": 21, "stocks_size": 5, "fill_percentage": 0.6883409757197625, "solution_time": 0.0003418000414967537}
{"items_size": 20, "stocks_size": 6, "fill_percentage": 0.6645441532158547, "solution_time": 0.00048129993956536055}
{"items_size": 21, "stocks_size": 6, "fill_percentage": 0.9034061696658098, "solution_time": 0.0005573999369516969}
{"items_size": 21, "stocks_size": 5, "fill_percentage": 0.7883649327499594, "solution_time": 0.0004976000636816025}
{"items_size": 18, "stocks_size": 7, "fill_percentage": 0.8033767147379529, "solution_time": 0.0005454999627545476}
{"items_size": 20, "stocks_size": 6, "fill_percentage": 0.6705402650356779, "solution_time": 0.0006113999988883734}
{"items_size": 19, "stocks_size": 7, "fill_percentage": 0.8341741135773998, "solution_time": 0.000534399994648993}
{"items_size": 21, "stocks_size": 5, "fill_percentage": 0.7044668445498568, "solution_time": 0.0006769000319764018}
{"items_size": 20, "stocks_size": 6, "fill_percentage": 0.6202867383512545, "solution_time": 0.000543000060133636}
{"items_size": 21, "stocks_size": 5, "fill_percentage": 0.8733663366336634, "solution_time": 0.0008074999786913395}
{"items_size": 19, "stocks_size": 7, "fill_percentage": 0.6664985817838008, "solution_time": 0.0004414001014083624}
{"items_size": 19, "stocks_size": 7, "fill_percentage": 0.5442253220030998, "solution_time": 0.0004371999530121684}
{"items_size": 21, "stocks_size": 5, "fill_percentage": 0.7961237420797614, "solution_time": 0.0003541000187397003}
{"items_size": 20, "stocks_size": 6, "fill_percentage": 0.7291525600291682, "solution_time": 0.00044819992035627365}
{"items_size": 21, "stocks_size": 5, "fill_percentage": 0.6880353562967013, "solution_time": 0.0004282000008970499}
{"items_size": 21, "stocks_size": 6, "fill_percentage": 0.811959945086005, "solution_time": 0.0004232999635860324}
{"items_size": 21, "stocks_size": 6, "fill_percentage": 0.6262339897737053, "solution_time": 0.000507800024934113}
{"items_size": 21, "stocks_size": 5, "fill_percentage": 0.8585468019977445, "solution_time": 0.0003587000537663698}
{"items_size": 19, "stocks_size": 7, "fill_percentage": 0.611314128422951, "solution_time": 0.0003355999942868948}
{"items_size": 21, "stocks_size": 6, "fill_percentage": 0.8604977047596037, "solution_time": 0.000318799982778728}
{"items_size": 19, "stocks_size": 7, "fill_percentage": 0.544300534828275, "solution_time": 0.0003779999678954482}
{"items_size": 21, "stocks_size": 5, "fill_percentage": 0.7243997537451262, "solution_time": 0.0006707999855279922}
{"items_size": 21, "stocks_size": 5, "fill_percentage": 0.6836557212881463, "solution_time": 0.00046950008254498243}
{"items_size": 20, "stocks_size": 6, "fill_percentage": 0.7601142536055441, "solution_time": 0.00046390003990381956}
{"items_size": 19, "stocks_size": 7, "fill_percentage": 0.8521299836155106, "solution_time": 0.000291600008495152}
{"items_size": 19, "stocks_size": 7, "fill_percentage": 0.9084310018903592, "solution_time": 0.0004531999584287405}
{"items_size": 20, "stocks_size": 6, "fill_percentage": 0.585024274866177, "solution_time": 0.0005140999564900994}
{"items_size": 19, "stocks_size": 7, "fill_percentage": 0.6013202876340917, "solution_time": 0.000398899894207716}
{"items_size": 20, "stocks_size": 6,