{"items_size": 21, "stocks_size": 6, "fill_percentage": 0.5456944390546781, "solution_time": 0.0003638999769464135}
{"items_size": 21, "stocks_size": 6, "fill_percentage": 0.5820144258211821, "solution_time": 0.0004384999629110098}
{"items_size": 21, "stocks_size": 5, "fill_percentage": 0.6135226394369635, "solution_time": 0.0005383000243455172}
{"items_size": 21, "stocks_size": 6, "fill_percentage": 0.6620045361270116, "solution_time": 0.0006432000081986189}
{"items_size": 20, "stocks_size": 6, "fill_percentage": 0.5508659949080217, "solution_time": 0.0003871999215334654}
{"items_size": 20, "stocks_size": 6, "fill_percentage": 0.6295864064979927, "solution_time": 0.0003773999633267522}
{"items_size": 21, "stocks_size": 6, "fill_percentage": 0.5671635488366201, "solution_time": 0.0006205999525263906}
{"items_size": 20, "stocks_size": 6, "fill_percentage": 0.7246065057712487, "solution_time": 0.00035850005224347115}
{"items_size": 19, "stocks_size": 7, "fill_percentage": 0.5740933722384327, "solution_time": 0.0005745000671595335}
{"items_size": 21, "stocks_size": 5, "fill_percentage": 0.6243380406001765, "solution_time": 0.0006260999944061041}
{"items_size": 18, "stocks_size": 7, "fill_percentage": 0.500780713259634, "solution_time": 0.0006127000087872148}
{"items_size": 20, "stocks_size": 6, "fill_percentage": 0.6173579583021114, "solution_time": 0.0010917999316006899}
{"items_size": 18, "stocks_size": 7, "fill_percentage": 0.6527359810113169, "solution_time": 0.0004906000103801489}
{"items_size": 21, "stocks_size": 5, "fill_percentage": 0.5858761230956204, "solution_time": 0.0007669000187888741}
{"items_size": 19, "stocks_size": 7, "fill_percentage": 0.5258810810810811, "solution_time": 0.00044489989522844553}
{"items_size": 21, "stocks_size": 5, "fill_percentage": 0.623596440156367, "solution_time": 0.0008222999749705195}
{"items_size": 21, "stocks_size": 6, "fill_percentage": 0.5692047785688428, "solution_time": 0.0007248000474646688}
{"items_size": 21, "stocks_size": 5, "fill_percentage": 0.5747649024636667, "solution_time": 0.0003749000607058406}
{"items_size": 21, "stocks_size": 5, "fill_percentage": 0.5193726937269373, "solution_time": 0.0006534999702125788}
{"items_size": 21, "stocks_size": 6, "fill_percentage": 0.6769625546474054, "solution_time": 0.0008096999954432249}
{"items_size": 19, "stocks_size": 7, "fill_percentage": 0.5666246803313103, "solution_time": 0.0008731000125408173}
{"items_size": 21, "stocks_size": 5, "fill_percentage": 0.6599687430229962, "solution_time": 0.0009194000158458948}
{"items_size": 21, "stocks_size": 5, "fill_percentage": 0.7096672378032284, "solution_time": 0.0015187000390142202}
{"items_size": 21, "stocks_size": 5, "fill_percentage": 0.6040142170186076, "solution_time": 0.0010946999536827207}
{"items_size": 20, "stocks_size": 6, "fill_percentage": 0.5318110671208912, "solution_time": 0.000981000019237399}
{"items_size": 20, "stocks_size": 6, "fill_percentage": 0.7556671343129292, "solution_time": 0.0009234999306499958}
{"items_size": 19, "stocks_size": 7, "fill_percentage": 0.7109536857582036, "solution_time": 0.0008369000861421227}
{"items_size": 18, "stocks_size": 7, "fill_percentage": 0.578630443915418, "solution_time": 0.0004146000137552619}
{"items_size": 18, "stocks_size": 7, "fill_percentage": 0.4815774042220485, "solution_time": 0.0004781999159604311}
{"items_size": 19, "stocks_size": 7, "fill_percentage": 0.5134420880913539, "solution_time": 0.0004979000659659505}
{"items_size": 19, "stocks_size": 7, "fill_percentage": 0.5054045707226683, "solution_time": 0.0005779999773949385}
{"items_size": 21, "stocks_size": 5, "fill_percentage": 0.6744434474212708, "solution_time": 0.0003733000485226512}
{"items_size": 21, "stocks_size": 5, "fill_percentage": 0.7492858467816732, "solution_time": 0.0002547000767663121}
{"items_size": 21, "stocks_size": 6, "fill_percentage": 0.5886115689506318, "solution_time": 0.00034819997381418943}
{"items_size": 20, "stocks_size": 6, "fill_percentage": 0.6939606272939606, "solution_time": 0.00048070005141198635}
{"items_size": 21, "stocks_size": 6, "fill_percentage": 0.621965730604474, "solution_time": 0.00047480000648647547}
{"items_size": 21, "stocks_size": 6, "fill_percentage": 0.7163022098808284, "solution_time": 0.0006225999677553773}
{"items_size": 18, "stocks_size": 7, "fill_percentage": 0.5638421223505403, "solution_time": 0.0006297000218182802}
{"items_size": 21, "stocks_size": 6, "fill_percentage": 0.5813609467455622, "solution_time": 0.000672499998472631}
{"items_size": 19, "stocks_size": 7, "fill_percentage": 0.6690613920507558, "solution_time": 0.0006022000452503562}
{"items_size": 21, "stocks_size": 5, "fill_percentage": 0.6883409757197625, "solution_time": 0.001159899984486401}
{"items_size": 20, "stocks_size": 6, "fill_percentage": 0.6645441532158547, "solution_time": 0.0007588000735267997}
{"items_size": 21, "stocks_size": 6, "fill_percentage": 0.6873502518214268, "solution_time": 0.0007718999404460192}
{"items_size": 21, "stocks_size": 5, "fill_percentage": 0.5281155015197568, "solution_time": 0.0006663999520242214}
{"items_size": 18, "stocks_size": 7, "fill_percentage": 0.573437107707758, "solution_time": 0.0005079000256955624}
{"items_size": 20, "stocks_size": 6, "fill_percentage": 0.6705402650356779, "solution_time": 0.0006352999480441213}
{"items_size": 19, "stocks_size": 7, "fill_percentage": 0.5921927760155531, "solution_time": 0.000992799992673099}
{"items_size": 21, "stocks_size": 5, "fill_percentage": 0.5712396826668804, "solution_time": 0.0003837000112980604}
{"items_size": 20, "stocks_size": 6, "fill_percentage": 0.6202867383512545, "solution_time": 0.0004789000377058983}
{"items_size": 21, "stocks_size": 5, "fill_percentage": 0.5269414575866189, "solution_time": 0.0005587999476119876}
{"items_size": 19, "stocks_size": 7, "fill_percentage": 0.6664985817838008, "solution_time": 0.0006783000426366925}
{"items_size": 19, "stocks_size": 7, "fill_percentage": 0.5442253220030998, "solution_time": 0.0006220999639481306}
{"items_size": 21, "stocks_size": 5, "fill_percentage": 0.6824904144604711, "solution_time": 0.00043599994387477636}
{"items_size": 20, "stocks_size": 6, "fill_percentage": 0.5674273438450002, "solution_time": 0.0003475999692454934}
{"items_size": 21, "stocks_size": 5, "fill_percentage": 0.5844945037931568, "solution_time": 0.0004160999087616801}
{"items_size": 21, "stocks_size": 6, "fill_percentage": 0.5964407533738691, "solution_time": 0.0005716000450775027}
{"items_size": 21, "stocks_size": 6, "fill_percentage": 0.487142125782696, "solution_time": 0.0007613999769091606}
{"items_size": 21, "stocks_size": 5, "fill_percentage": 0.6803847299655276, "solution_time": 0.0006177999312058091}
{"items_size": 19, "stocks_size": 7, "fill_percentage": 0.611314128422951, "solution_time": 0.0005229000234976411}
{"items_size": 21, "stocks_size": 6, "fill_percentage": 0.5451206073221501, "solution_time": 0.00039629999082535505}
{"items_size": 19, "stocks_size": 7, "fill_percentage": 0.544300534828275, "solution_time": 0.00053909991402179}
{"items_size": 21, "stocks_size": 5, "fill_percentage": 0.5985079688029841, "solution_time": 0.00043800007551908493}
{"items_size": 21, "stocks_size": 5, "fill_percentage": 0.6836557212881463, "solution_time": 0.0005568999331444502}
{"items_size": 20, "stocks_size": 6, "fill_percentage": 0.6148863636363636, "solution_time": 0.00042699999175965786}
{"items_size": 19, "stocks_size": 7, "fill_percentage": 0.5874435240963856, "solution_time": 0.00044780003372579813}
{"items_size": 19, "stocks_size": 7, "fill_percentage": 0.6319831667543399, "solution_time": 0.000506300013512373}
{"items_size": 20, "stocks_size": 6, "fill_percentage": 0.585024274866177, "solution_time": 0.0007496000034734607}
{"items_size": 19, "stocks_size": 7, "fill_percentage": 0.6013202876340917, "solution_time": 0.0005425000563263893}
{"items_size": 20, "stocks_size": 6,