{"items_size": 21, "stocks_size": 6, "fill_percentage": 0.6497250843228758, "solution_time": 0.0005241000326350331}
{"items_size": 21, "stocks_size": 6, "fill_percentage": 0.7442107358503085, "solution_time": 0.0002885999856516719}
{"items_size": 21, "stocks_size": 5, "fill_percentage": 0.765144596651446, "solution_time": 0.0005304999649524689}
{"items_size": 21, "stocks_size": 6, "fill_percentage": 0.6138093330662928, "solution_time": 0.0003233999013900757}
{"items_size": 20, "stocks_size": 6, "fill_percentage": 0.681362547680298, "solution_time": 0.00029859994538128376}
{"items_size": 20, "stocks_size": 6, "fill_percentage": 0.9223772397756805, "solution_time": 0.0004162000259384513}
{"items_size": 21, "stocks_size": 6, "fill_percentage": 0.6928553004900696, "solution_time": 0.0003112000413239002}
{"items_size": 20, "stocks_size": 6, "fill_percentage": 0.7315535780496848, "solution_time": 0.0003847000189125538}
{"items_size": 19, "stocks_size": 7, "fill_percentage": 0.8593043206987989, "solution_time": 0.00045629998203366995}
{"items_size": 21, "stocks_size": 5, "fill_percentage": 0.7743568691844553, "solution_time": 0.00047720002476125956}
{"items_size": 18, "stocks_size": 7, "fill_percentage": 0.6253314615504602, "solution_time": 0.0004237999673932791}
{"items_size": 20, "stocks_size": 6, "fill_percentage": 0.7018088891115899, "solution_time": 0.00041099998634308577}
{"items_size": 18, "stocks_size": 7, "fill_percentage": 0.7033890563624737, "solution_time": 0.0003527000080794096}
{"items_size": 21, "stocks_size": 5, "fill_percentage": 0.8120563109132475, "solution_time": 0.0004160000244155526}
{"items_size": 19, "stocks_size": 7, "fill_percentage": 0.6864028898797765, "solution_time": 0.0004525999538600445}
{"items_size": 21, "stocks_size": 5, "fill_percentage": 0.6330209388720027, "solution_time": 0.00021890003699809313}
{"items_size": 21, "stocks_size": 6, "fill_percentage": 0.7447894736842106, "solution_time": 0.0003828000044450164}
{"items_size": 21, "stocks_size": 5, "fill_percentage": 0.8658822151972837, "solution_time": 0.00042259995825588703}
{"items_size": 21, "stocks_size": 5, "fill_percentage": 0.6738479952124476, "solution_time": 0.00037540006451308727}
{"items_size": 21, "stocks_size": 6, "fill_percentage": 0.7514109393955377, "solution_time": 0.00035960006061941385}
{"items_size": 19, "stocks_size": 7, "fill_percentage": 0.6868869146770312, "solution_time": 0.00043270003516227007}
{"items_size": 21, "stocks_size": 5, "fill_percentage": 0.7535049706856998, "solution_time": 0.0007847999222576618}
{"items_size": 21, "stocks_size": 5, "fill_percentage": 0.7113993852829507, "solution_time": 0.0007197000086307526}
{"items_size": 21, "stocks_size": 5, "fill_percentage": 0.6687809620815779, "solution_time": 0.0007885999511927366}
{"items_size": 20, "stocks_size": 6, "fill_percentage": 0.8296466532605573, "solution_time": 0.0007326999912038445}
{"items_size": 20, "stocks_size": 6, "fill_percentage": 0.8153282345442957, "solution_time": 0.0008450000314041972}
{"items_size": 19, "stocks_size": 7, "fill_percentage": 0.740807799442897, "solution_time": 0.000660700025036931}
{"items_size": 18, "stocks_size": 7, "fill_percentage": 0.6976979794000112, "solution_time": 0.0001914000604301691}
{"items_size": 18, "stocks_size": 7, "fill_percentage": 0.7015233485193622, "solution_time": 0.0009062000317499042}
{"items_size": 19, "stocks_size": 7, "fill_percentage": 0.6591413612565445, "solution_time": 0.0006524999625980854}
{"items_size": 19, "stocks_size": 7, "fill_percentage": 0.8485319852226327, "solution_time": 0.0007513000164180994}
{"items_size": 21, "stocks_size": 5, "fill_percentage": 0.6491733157851444, "solution_time": 0.0004605998983606696}
{"items_size": 21, "stocks_size": 5, "fill_percentage": 0.7492858467816732, "solution_time": 0.0003559000324457884}
{"items_size": 21, "stocks_size": 6, "fill_percentage": 0.7126092740402888, "solution_time": 0.00023250002413988113}
{"items_size": 20, "stocks_size": 6, "fill_percentage": 0.6696503316375813, "solution_time": 0.0003560000332072377}
{"items_size": 21, "stocks_size": 6, "fill_percentage": 0.7532062058696383, "solution_time": 0.0003397999098524451}
{"items_size": 21, "stocks_size": 6, "fill_percentage": 0.9239608984404148, "solution_time": 0.000466400058940053}
{"items_size": 18, "stocks_size": 7, "fill_percentage": 0.6799977626132677, "solution_time": 0.00021309999283403158}
{"items_size": 21, "stocks_size": 6, "fill_percentage": 0.7439826917876138, "solution_time": 0.00036010006442666054}
{"items_size": 19, "stocks_size": 7, "fill_percentage": 0.685236502627807, "solution_time": 0.0003252999158576131}
{"items_size": 21, "stocks_size": 5, "fill_percentage": 0.6413363216136714, "solution_time": 0.00042180006857961416}
{"items_size": 20, "stocks_size": 6, "fill_percentage": 0.8115618783531255, "solution_time": 0.0003787999739870429}
{"items_size": 21, "stocks_size": 6, "fill_percentage": 0.7727872457394173, "solution_time": 0.0005548000335693359}
{"items_size": 21, "stocks_size": 5, "fill_percentage": 0.7083232225188061, "solution_time": 0.000496799941174686}
{"items_size": 18, "stocks_size": 7, "fill_percentage": 0.5959889659285768, "solution_time": 0.0005035999929532409}
{"items_size": 20, "stocks_size": 6, "fill_percentage": 0.7369482410934349, "solution_time": 0.000533799990080297}
{"items_size": 19, "stocks_size": 7, "fill_percentage": 0.8961752864663982, "solution_time": 0.0006748999003320932}
{"items_size": 21, "stocks_size": 5, "fill_percentage": 0.6868195394546681, "solution_time": 0.00047729990910738707}
{"items_size": 20, "stocks_size": 6, "fill_percentage": 0.8927981840693355, "solution_time": 0.0005674998974427581}
{"items_size": 21, "stocks_size": 5, "fill_percentage": 0.6915719325754606, "solution_time": 0.0005937999812886119}
{"items_size": 19, "stocks_size": 7, "fill_percentage": 0.6213055996239497, "solution_time": 0.0003656999906525016}
{"items_size": 19, "stocks_size": 7, "fill_percentage": 0.7524013595389389, "solution_time": 0.0005800999933853745}
{"items_size": 21, "stocks_size": 5, "fill_percentage": 0.6824904144604711, "solution_time": 0.00033439998514950275}
{"items_size": 20, "stocks_size": 6, "fill_percentage": 0.6883851298190401, "solution_time": 0.00043120002374053}
{"items_size": 21, "stocks_size": 5, "fill_percentage": 0.7150771853395208, "solution_time": 0.00021359999664127827}
{"items_size": 21, "stocks_size": 6, "fill_percentage": 0.8239704978488015, "solution_time": 0.00043560005724430084}
{"items_size": 21, "stocks_size": 6, "fill_percentage": 0.6315735729602777, "solution_time": 0.00042269995901733637}
{"items_size": 21, "stocks_size": 5, "fill_percentage": 0.8348302872062663, "solution_time": 0.00046799995470792055}
{"items_size": 19, "stocks_size": 7, "fill_percentage": 0.7309198206888725, "solution_time": 0.00024019996635615826}
{"items_size": 21, "stocks_size": 6, "fill_percentage": 0.7399343499397515, "solution_time": 0.0004406999796628952}
{"items_size": 19, "stocks_size": 7, "fill_percentage": 0.6782015254917704, "solution_time": 0.00027840002439916134}
{"items_size": 21, "stocks_size": 5, "fill_percentage": 0.73240313294258, "solution_time": 0.00026489992160350084}
{"items_size": 21, "stocks_size": 5, "fill_percentage": 0.6357086845716526, "solution_time": 0.0002888999879360199}
{"items_size": 20, "stocks_size": 6, "fill_percentage": 0.8148687314893831, "solution_time": 0.00039199995808303356}
{"items_size": 19, "stocks_size": 7, "fill_percentage": 0.9271336254920894, "solution_time": 0.0005197999998927116}
{"items_size": 19, "stocks_size": 7, "fill_percentage": 0.655035167111935, "solution_time": 0.0005113999359309673}
{"items_size": 20, "stocks_size": 6, "fill_percentage": 0.5958539368581209, "solution_time": 0.0004251999780535698}
{"items_size": 19, "stocks_size": 7, "fill_percentage": 0.6682386847448746, "solution_time": 0.0002715999726206064}
{"items_size": 20,