{"items_size": 21, "stocks_size": 6, "fill_percentage": 0.6497250843228758, "solution_time": 0.00034449994564056396}
{"items_size": 21, "stocks_size": 6, "fill_percentage": 0.5617268493013472, "solution_time": 0.00029390002600848675}
{"items_size": 21, "stocks_size": 5, "fill_percentage": 0.5335385268520484, "solution_time": 0.00037260004319250584}
{"items_size": 21, "stocks_size": 6, "fill_percentage": 0.6138093330662928, "solution_time": 0.00044650002382695675}
{"items_size": 20, "stocks_size": 6, "fill_percentage": 0.5193900666058086, "solution_time": 0.00033050007186830044}
{"items_size": 20, "stocks_size": 6, "fill_percentage": 0.663012486481172, "solution_time": 0.00045789999421685934}
{"items_size": 21, "stocks_size": 6, "fill_percentage": 0.6928553004900696, "solution_time": 0.0003923000767827034}
{"items_size": 20, "stocks_size": 6, "fill_percentage": 0.7315535780496848, "solution_time": 0.0003850000211969018}
{"items_size": 19, "stocks_size": 7, "fill_percentage": 0.5861261836365571, "solution_time": 0.0004547000862658024}
{"items_size": 21, "stocks_size": 5, "fill_percentage": 0.5504506841320278, "solution_time": 0.0003139000618830323}
{"items_size": 18, "stocks_size": 7, "fill_percentage": 0.6253314615504602, "solution_time": 0.000278000021353364}
{"items_size": 20, "stocks_size": 6, "fill_percentage": 0.7018088891115899, "solution_time": 0.0003197999903932214}
{"items_size": 18, "stocks_size": 7, "fill_percentage": 0.5064456721915286, "solution_time": 0.0003082999028265476}
{"items_size": 21, "stocks_size": 5, "fill_percentage": 0.5442741935483871, "solution_time": 0.00046039989683777094}
{"items_size": 19, "stocks_size": 7, "fill_percentage": 0.5380735365691783, "solution_time": 0.0003684000112116337}
{"items_size": 21, "stocks_size": 5, "fill_percentage": 0.6330209388720027, "solution_time": 0.0004120999947190285}
{"items_size": 21, "stocks_size": 6, "fill_percentage": 0.552126414358174, "solution_time": 0.000318199978210032}
{"items_size": 21, "stocks_size": 5, "fill_percentage": 0.6150615435795076, "solution_time": 0.00043400004506111145}
{"items_size": 21, "stocks_size": 5, "fill_percentage": 0.5193726937269373, "solution_time": 0.00043599994387477636}
{"items_size": 21, "stocks_size": 6, "fill_percentage": 0.5514865283369464, "solution_time": 0.00030519999563694}
{"items_size": 19, "stocks_size": 7, "fill_percentage": 0.5368702759393874, "solution_time": 0.000382099999114871}
{"items_size": 21, "stocks_size": 5, "fill_percentage": 0.5562455308418953, "solution_time": 0.000390700064599514}
{"items_size": 21, "stocks_size": 5, "fill_percentage": 0.7113993852829507, "solution_time": 0.00040310004260390997}
{"items_size": 21, "stocks_size": 5, "fill_percentage": 0.5057950208340628, "solution_time": 0.00048719998449087143}
{"items_size": 20, "stocks_size": 6, "fill_percentage": 0.6114110299566, "solution_time": 0.00046220002695918083}
{"items_size": 20, "stocks_size": 6, "fill_percentage": 0.5574074074074075, "solution_time": 0.00036090007051825523}
{"items_size": 19, "stocks_size": 7, "fill_percentage": 0.740807799442897, "solution_time": 0.0002954999217763543}
{"items_size": 18, "stocks_size": 7, "fill_percentage": 0.5218928932300437, "solution_time": 0.00045139994472265244}
{"items_size": 18, "stocks_size": 7, "fill_percentage": 0.4858269657382302, "solution_time": 0.000444800010882318}
{"items_size": 19, "stocks_size": 7, "fill_percentage": 0.6591413612565445, "solution_time": 0.0004330000374466181}
{"items_size": 19, "stocks_size": 7, "fill_percentage": 0.6111188909116371, "solution_time": 0.00046909996308386326}
{"items_size": 21, "stocks_size": 5, "fill_percentage": 0.6491733157851444, "solution_time": 0.0003928999649360776}
{"items_size": 21, "stocks_size": 5, "fill_percentage": null, "solution_time": null}
{"items_size": 21, "stocks_size": 6, "fill_percentage": 0.5464514718740892, "solution_time": 0.0003163999645039439}
{"items_size": 20, "stocks_size": 6, "fill_percentage": 0.4552180003502014, "solution_time": 0.0005465000867843628}
{"items_size": 21, "stocks_size": 6, "fill_percentage": 0.5753650840243634, "solution_time": 0.00041370000690221786}
{"items_size": 21, "stocks_size": 6, "fill_percentage": 0.5860192152965119, "solution_time": 0.0005586999468505383}
{"items_size": 18, "stocks_size": 7, "fill_percentage": 0.5109056524479932, "solution_time": 0.00028680008836090565}
{"items_size": 21, "stocks_size": 6, "fill_percentage": 0.5241331131715992, "solution_time": 0.0003986000083386898}
{"items_size": 19, "stocks_size": 7, "fill_percentage": 0.685236502627807, "solution_time": 0.00034849997609853745}
{"items_size": 21, "stocks_size": 5, "fill_percentage": 0.6413363216136714, "solution_time": 0.0004021000349894166}
{"items_size": 20, "stocks_size": 6, "fill_percentage": 0.6140758985586572, "solution_time": 0.0002671000547707081}
{"items_size": 21, "stocks_size": 6, "fill_percentage": 0.5685108792364313, "solution_time": 0.00027329998556524515}
{"items_size": 21, "stocks_size": 5, "fill_percentage": 0.5281155015197568, "solution_time": 0.0004355000564828515}
{"items_size": 18, "stocks_size": 7, "fill_percentage": 0.5959889659285768, "solution_time": 0.00028169993311166763}
{"items_size": 20, "stocks_size": 6, "fill_percentage": 0.5402652868465361, "solution_time": 0.00026220001745969057}
{"items_size": 19, "stocks_size": 7, "fill_percentage": 0.6258109861591695, "solution_time": 0.0002695999573916197}
{"items_size": 21, "stocks_size": 5, "fill_percentage": 0.5097793828440662, "solution_time": 0.00041009997949004173}
{"items_size": 20, "stocks_size": 6, "fill_percentage": 0.604724299391991, "solution_time": 0.00034799997229129076}
{"items_size": 21, "stocks_size": 5, "fill_percentage": 0.4548079401907708, "solution_time": 0.00029829994309693575}
{"items_size": 19, "stocks_size": 7, "fill_percentage": 0.6213055996239497, "solution_time": 0.00029340002220124006}
{"items_size": 19, "stocks_size": 7, "fill_percentage": 0.5149431099873578, "solution_time": 0.0003085000207647681}
{"items_size": 21, "stocks_size": 5, "fill_percentage": 0.6824904144604711, "solution_time": 0.00036830001045018435}
{"items_size": 20, "stocks_size": 6, "fill_percentage": 0.5251922716188332, "solution_time": 0.0002546000760048628}
{"items_size": 21, "stocks_size": 5, "fill_percentage": 0.5098588696063204, "solution_time": 0.0004026999231427908}
{"items_size": 21, "stocks_size": 6, "fill_percentage": 0.5964407533738691, "solution_time": 0.00041690003126859665}
{"items_size": 21, "stocks_size": 6, "fill_percentage": 0.6315735729602777, "solution_time": 0.00036759988870471716}
{"items_size": 21, "stocks_size": 5, "fill_percentage": 0.5906454354010419, "solution_time": 0.000341300037689507}
{"items_size": 19, "stocks_size": 7, "fill_percentage": 0.5442369443974987, "solution_time": 0.00035200000274926424}
{"items_size": 21, "stocks_size": 6, "fill_percentage": 0.575063777569671, "solution_time": 0.0004876999882981181}
{"items_size": 19, "stocks_size": 7, "fill_percentage": 0.4661957061647994, "solution_time": 0.00035580003168433905}
{"items_size": 21, "stocks_size": 5, "fill_percentage": 0.5101340366342715, "solution_time": 0.0003437000559642911}
{"items_size": 21, "stocks_size": 5, "fill_percentage": 0.4639625138605716, "solution_time": 0.00040369993075728416}
{"items_size": 20, "stocks_size": 6, "fill_percentage": 0.6039736577743051, "solution_time": 0.0002957000397145748}
{"items_size": 19, "stocks_size": 7, "fill_percentage": 0.644864641454846, "solution_time": 0.00040719995740801096}
{"items_size": 19, "stocks_size": 7, "fill_percentage": 0.655035167111935, "solution_time": 0.0004200000548735261}
{"items_size": 20, "stocks_size": 6, "fill_percentage": 0.5958539368581209, "solution_time": 0.0005425999406725168}
{"items_size": 19, "stocks_size": 7, "fill_percentage": 0.47286210892236386, "solution_time": 0.0005816000048071146}
{"items_size": 20, "stocks_size": 6, "fill_percentage": 0.613960358627323,