{"items_size": 21, "stocks_size": 6, "fill_percentage": 0.6497250843228758, "solution_time": 0.0003328999737277627}
{"items_size": 21, "stocks_size": 6, "fill_percentage": 0.7442107358503085, "solution_time": 0.0003229000139981508}
{"items_size": 21, "stocks_size": 5, "fill_percentage": 0.765144596651446, "solution_time": 0.0003247999120503664}
{"items_size": 21, "stocks_size": 6, "fill_percentage": 0.853690807799443, "solution_time": 0.0003434999380260706}
{"items_size": 20, "stocks_size": 6, "fill_percentage": 0.681362547680298, "solution_time": 0.00035370001569390297}
{"items_size": 20, "stocks_size": 6, "fill_percentage": 0.9223772397756805, "solution_time": 0.00023580004926770926}
{"items_size": 21, "stocks_size": 6, "fill_percentage": 0.6928553004900696, "solution_time": 0.00043510005343705416}
{"items_size": 20, "stocks_size": 6, "fill_percentage": 0.7315535780496848, "solution_time": 0.00043779995758086443}
{"items_size": 19, "stocks_size": 7, "fill_percentage": 0.8593043206987989, "solution_time": 0.00035609991755336523}
{"items_size": 21, "stocks_size": 5, "fill_percentage": 0.7743568691844553, "solution_time": 0.00030179996974766254}
{"items_size": 18, "stocks_size": 7, "fill_percentage": 0.6253314615504602, "solution_time": 0.0003591999411582947}
{"items_size": 20, "stocks_size": 6, "fill_percentage": 0.7018088891115899, "solution_time": 0.0002975000534206629}
{"items_size": 18, "stocks_size": 7, "fill_percentage": 0.7033890563624737, "solution_time": 0.00030610000248998404}
{"items_size": 21, "stocks_size": 5, "fill_percentage": 0.8120563109132475, "solution_time": 0.0005541999125853181}
{"items_size": 19, "stocks_size": 7, "fill_percentage": 0.6864028898797765, "solution_time": 0.00027059996500611305}
{"items_size": 21, "stocks_size": 5, "fill_percentage": 0.6330209388720027, "solution_time": 0.0003706000279635191}
{"items_size": 21, "stocks_size": 6, "fill_percentage": 0.7447894736842106, "solution_time": 0.0004553000908344984}
{"items_size": 21, "stocks_size": 5, "fill_percentage": 0.8658822151972837, "solution_time": 0.00048290006816387177}
{"items_size": 21, "stocks_size": 5, "fill_percentage": 0.6738479952124476, "solution_time": 0.0003711000317707658}
{"items_size": 21, "stocks_size": 6, "fill_percentage": 0.7514109393955377, "solution_time": 0.00047800003085285425}
{"items_size": 19, "stocks_size": 7, "fill_percentage": 0.6868869146770312, "solution_time": 0.0004322000313550234}
{"items_size": 21, "stocks_size": 5, "fill_percentage": 0.7535049706856998, "solution_time": 0.0002340000355616212}
{"items_size": 21, "stocks_size": 5, "fill_percentage": 0.7113993852829507, "solution_time": 0.00036090007051825523}
{"items_size": 21, "stocks_size": 5, "fill_percentage": 0.6687809620815779, "solution_time": 0.0004800999304279685}
{"items_size": 20, "stocks_size": 6, "fill_percentage": 0.8296466532605573, "solution_time": 0.0002937000244855881}
{"items_size": 20, "stocks_size": 6, "fill_percentage": 0.8153282345442957, "solution_time": 0.00044440000783652067}
{"items_size": 19, "stocks_size": 7, "fill_percentage": 0.740807799442897, "solution_time": 0.0008586000185459852}
{"items_size": 18, "stocks_size": 7, "fill_percentage": 0.6976979794000112, "solution_time": 0.0006813000654801726}
{"items_size": 18, "stocks_size": 7, "fill_percentage": 0.7015233485193622, "solution_time": 0.000749400001950562}
{"items_size": 19, "stocks_size": 7, "fill_percentage": 0.9038538854746999, "solution_time": 0.0007705999305471778}
{"items_size": 19, "stocks_size": 7, "fill_percentage": 0.8485319852226327, "solution_time": 0.0010304999304935336}
{"items_size": 21, "stocks_size": 5, "fill_percentage": 0.6491733157851444, "solution_time": 0.0008501999545842409}
{"items_size": 21, "stocks_size": 5, "fill_percentage": 0.7492858467816732, "solution_time": 0.0009189000120386481}
{"items_size": 21, "stocks_size": 6, "fill_percentage": 0.7126092740402888, "solution_time": 0.0013083999510854483}
{"items_size": 20, "stocks_size": 6, "fill_percentage": 0.6696503316375813, "solution_time": 0.0005335999885573983}
{"items_size": 21, "stocks_size": 6, "fill_percentage": 0.7532062058696383, "solution_time": 0.00023370003327727318}
{"items_size": 21, "stocks_size": 6, "fill_percentage": 0.5860192152965119, "solution_time": 0.0004459000192582607}
{"items_size": 18, "stocks_size": 7, "fill_percentage": 0.6799977626132677, "solution_time": 0.0005188999930396676}
{"items_size": 21, "stocks_size": 6, "fill_percentage": 0.7439826917876138, "solution_time": 0.0003829000052064657}
{"items_size": 19, "stocks_size": 7, "fill_percentage": 0.8944742422352501, "solution_time": 0.00036069995258003473}
{"items_size": 21, "stocks_size": 5, "fill_percentage": 0.6413363216136714, "solution_time": 0.00034769997000694275}
{"items_size": 20, "stocks_size": 6, "fill_percentage": 0.8115618783531255, "solution_time": 0.00036319997161626816}
{"items_size": 21, "stocks_size": 6, "fill_percentage": 0.7727872457394173, "solution_time": 0.0005004999693483114}
{"items_size": 21, "stocks_size": 5, "fill_percentage": 0.7083232225188061, "solution_time": 0.000358999939635396}
{"items_size": 18, "stocks_size": 7, "fill_percentage": 0.8483497824472036, "solution_time": 0.0003839000128209591}
{"items_size": 20, "stocks_size": 6, "fill_percentage": 0.7369482410934349, "solution_time": 0.0007224000291898847}
{"items_size": 19, "stocks_size": 7, "fill_percentage": 0.8961752864663982, "solution_time": 0.000584700028412044}
{"items_size": 21, "stocks_size": 5, "fill_percentage": 0.6868195394546681, "solution_time": 0.0005441999528557062}
{"items_size": 20, "stocks_size": 6, "fill_percentage": 0.8927981840693355, "solution_time": 0.0005803999956697226}
{"items_size": 21, "stocks_size": 5, "fill_percentage": 0.6915719325754606, "solution_time": 0.000479700043797493}
{"items_size": 19, "stocks_size": 7, "fill_percentage": 0.6213055996239497, "solution_time": 0.00049769994802773}
{"items_size": 19, "stocks_size": 7, "fill_percentage": 0.7524013595389389, "solution_time": 0.0006235000910237432}
{"items_size": 21, "stocks_size": 5, "fill_percentage": 0.6824904144604711, "solution_time": 0.0005550999194383621}
{"items_size": 20, "stocks_size": 6, "fill_percentage": 0.6883851298190401, "solution_time": 0.0004986999556422234}
{"items_size": 21, "stocks_size": 5, "fill_percentage": 0.7150771853395208, "solution_time": 0.00038670003414154053}
{"items_size": 21, "stocks_size": 6, "fill_percentage": 0.5964407533738691, "solution_time": 0.0005314999725669622}
{"items_size": 21, "stocks_size": 6, "fill_percentage": 0.6315735729602777, "solution_time": 0.00040769996121525764}
{"items_size": 21, "stocks_size": 5, "fill_percentage": 0.5906454354010419, "solution_time": 0.0003527000080794096}
{"items_size": 19, "stocks_size": 7, "fill_percentage": 0.7309198206888725, "solution_time": 0.00041500001680105925}
{"items_size": 21, "stocks_size": 6, "fill_percentage": 0.7399343499397515, "solution_time": 0.00046550005208700895}
{"items_size": 19, "stocks_size": 7, "fill_percentage": 0.6782015254917704, "solution_time": 0.0003173999721184373}
{"items_size": 21, "stocks_size": 5, "fill_percentage": 0.73240313294258, "solution_time": 0.0003638999769464135}
{"items_size": 21, "stocks_size": 5, "fill_percentage": 0.8906207085965394, "solution_time": 0.00037350005004554987}
{"items_size": 20, "stocks_size": 6, "fill_percentage": 0.8148687314893831, "solution_time": 0.00025189993903040886}
{"items_size": 19, "stocks_size": 7, "fill_percentage": 0.644864641454846, "solution_time": 0.00021430000197142363}
{"items_size": 19, "stocks_size": 7, "fill_percentage": 0.655035167111935, "solution_time": 0.00034819997381418943}
{"items_size": 20, "stocks_size": 6, "fill_percentage": 0.5958539368581209, "solution_time": 0.0005206000059843063}
{"items_size": 19, "stocks_size": 7, "fill_percentage": 0.6682386847448746, "solution_time": 0.000574599951505661}
{"items_size": 20, "stocks_size": 6, "fill_percentage": 0.613960358627323,