{"items_size": 21, "stocks_size": 6, "fill_percentage": 0.6348246128842941, "solution_time": 0.0005797999911010265}
{"items_size": 21, "stocks_size": 6, "fill_percentage": 0.5820144258211821, "solution_time": 0.000784600037150085}
{"items_size": 21, "stocks_size": 5, "fill_percentage": 0.5335385268520484, "solution_time": 0.0006098999874666333}
{"items_size": 21, "stocks_size": 6, "fill_percentage": 0.5213046436468787, "solution_time": 0.0005316999740898609}
{"items_size": 20, "stocks_size": 6, "fill_percentage": 0.46882534257026887, "solution_time": 0.0005111000500619411}
{"items_size": 20, "stocks_size": 6, "fill_percentage": 0.5041869158878505, "solution_time": 0.0005052000051364303}
{"items_size": 21, "stocks_size": 6, "fill_percentage": 0.5671635488366201, "solution_time": 0.0005423999391496181}
{"items_size": 20, "stocks_size": 6, "fill_percentage": 0.5730705394190871, "solution_time": 0.0003176999744027853}
{"items_size": 19, "stocks_size": 7, "fill_percentage": 0.5740933722384327, "solution_time": 0.0004553000908344984}
{"items_size": 21, "stocks_size": 5, "fill_percentage": 0.5504506841320278, "solution_time": 0.00036860001273453236}
{"items_size": 18, "stocks_size": 7, "fill_percentage": 0.500780713259634, "solution_time": 0.00047119997907429934}
{"items_size": 20, "stocks_size": 6, "fill_percentage": 0.5427209671794474, "solution_time": 0.00038600002881139517}
{"items_size": 18, "stocks_size": 7, "fill_percentage": 0.6527359810113169, "solution_time": 0.0004088999703526497}
{"items_size": 21, "stocks_size": 5, "fill_percentage": 0.5858761230956204, "solution_time": 0.000673400005325675}
{"items_size": 19, "stocks_size": 7, "fill_percentage": 0.5258810810810811, "solution_time": 0.0005283999489620328}
{"items_size": 21, "stocks_size": 5, "fill_percentage": 0.5078402817760016, "solution_time": 0.000561899971216917}
{"items_size": 21, "stocks_size": 6, "fill_percentage": 0.4738639788366875, "solution_time": 0.0006746000144630671}
{"items_size": 21, "stocks_size": 5, "fill_percentage": 0.47535030209538504, "solution_time": 0.0003831000067293644}
{"items_size": 21, "stocks_size": 5, "fill_percentage": 0.5193726937269373, "solution_time": 0.0004264999879524112}
{"items_size": 21, "stocks_size": 6, "fill_percentage": 0.5510172507155566, "solution_time": 0.0005932999774813652}
{"items_size": 19, "stocks_size": 7, "fill_percentage": 0.5666246803313103, "solution_time": 0.0006080000894144177}
{"items_size": 21, "stocks_size": 5, "fill_percentage": 0.6599687430229962, "solution_time": 0.0006735000060871243}
{"items_size": 21, "stocks_size": 5, "fill_percentage": 0.5886819269898265, "solution_time": 0.0004417999880388379}
{"items_size": 21, "stocks_size": 5, "fill_percentage": 0.5057950208340628, "solution_time": 0.0010478999465703964}
{"items_size": 20, "stocks_size": 6, "fill_percentage": 0.5318110671208912, "solution_time": 0.0009082000469788909}
{"items_size": 20, "stocks_size": 6, "fill_percentage": 0.5288615575422458, "solution_time": 0.0008695999858900905}
{"items_size": 19, "stocks_size": 7, "fill_percentage": 0.49680100873301264, "solution_time": 0.0003160999622195959}
{"items_size": 18, "stocks_size": 7, "fill_percentage": 0.578630443915418, "solution_time": 0.0008184999460354447}
{"items_size": 18, "stocks_size": 7, "fill_percentage": 0.4815774042220485, "solution_time": 0.0011786000104621053}
{"items_size": 19, "stocks_size": 7, "fill_percentage": 0.6041538697788698, "solution_time": 0.0009675000328570604}
{"items_size": 19, "stocks_size": 7, "fill_percentage": 0.6889075984003368, "solution_time": 0.0009015999967232347}
{"items_size": 21, "stocks_size": 5, "fill_percentage": 0.5549149205456335, "solution_time": 0.0004217000678181648}
{"items_size": 21, "stocks_size": 5, "fill_percentage": null, "solution_time": null}
{"items_size": 21, "stocks_size": 6, "fill_percentage": 0.5886115689506318, "solution_time": 0.00035009998828172684}
{"items_size": 20, "stocks_size": 6, "fill_percentage": 0.4663228699551569, "solution_time": 0.0004686999600380659}
{"items_size": 21, "stocks_size": 6, "fill_percentage": 0.621965730604474, "solution_time": 0.0004621000261977315}
{"items_size": 21, "stocks_size": 6, "fill_percentage": 0.4950027984328776, "solution_time": 0.0005782999796792865}
{"items_size": 18, "stocks_size": 7, "fill_percentage": 0.5638421223505403, "solution_time": 0.0006083999760448933}
{"items_size": 21, "stocks_size": 6, "fill_percentage": 0.5813609467455622, "solution_time": 0.0005419999361038208}
{"items_size": 19, "stocks_size": 7, "fill_percentage": 0.6690613920507558, "solution_time": 0.00035630003549158573}
{"items_size": 21, "stocks_size": 5, "fill_percentage": 0.5014511801106183, "solution_time": 0.0004966000560671091}
{"items_size": 20, "stocks_size": 6, "fill_percentage": 0.5471874491952528, "solution_time": 0.0010145000414922833}
{"items_size": 21, "stocks_size": 6, "fill_percentage": 0.5558103673243446, "solution_time": 0.0005840999074280262}
{"items_size": 21, "stocks_size": 5, "fill_percentage": 0.625240971597481, "solution_time": 0.0006405999884009361}
{"items_size": 18, "stocks_size": 7, "fill_percentage": 0.573437107707758, "solution_time": 0.0006760000251233578}
{"items_size": 20, "stocks_size": 6, "fill_percentage": 0.5402874743326489, "solution_time": 0.0007366000209003687}
{"items_size": 19, "stocks_size": 7, "fill_percentage": 0.5921927760155531, "solution_time": 0.0010314000537618995}
{"items_size": 21, "stocks_size": 5, "fill_percentage": 0.5097793828440662, "solution_time": 0.00035390001721680164}
{"items_size": 20, "stocks_size": 6, "fill_percentage": 0.46604190229977915, "solution_time": 0.0006559999892488122}
{"items_size": 21, "stocks_size": 5, "fill_percentage": 0.5269414575866189, "solution_time": 0.0005959999980404973}
{"items_size": 19, "stocks_size": 7, "fill_percentage": 0.6664985817838008, "solution_time": 0.0007984000258147717}
{"items_size": 19, "stocks_size": 7, "fill_percentage": 0.5442253220030998, "solution_time": 0.000443600001744926}
{"items_size": 21, "stocks_size": 5, "fill_percentage": null, "solution_time": null}
{"items_size": 20, "stocks_size": 6, "fill_percentage": 0.5674273438450002, "solution_time": 0.0003491999814286828}
{"items_size": 21, "stocks_size": 5, "fill_percentage": 0.5844945037931568, "solution_time": 0.0005204000044614077}
{"items_size": 21, "stocks_size": 6, "fill_percentage": null, "solution_time": null}
{"items_size": 21, "stocks_size": 6, "fill_percentage": 0.6262339897737053, "solution_time": 0.0006370999617502093}
{"items_size": 21, "stocks_size": 5, "fill_percentage": 0.6803847299655276, "solution_time": 0.0003256000345572829}
{"items_size": 19, "stocks_size": 7, "fill_percentage": 0.611314128422951, "solution_time": 0.0005034999921917915}
{"items_size": 21, "stocks_size": 6, "fill_percentage": 0.4664710813076278, "solution_time": 0.00034460006281733513}
{"items_size": 19, "stocks_size": 7, "fill_percentage": 0.544300534828275, "solution_time": 0.0004099999787285924}
{"items_size": 21, "stocks_size": 5, "fill_percentage": 0.5101340366342715, "solution_time": 0.000494500040076673}
{"items_size": 21, "stocks_size": 5, "fill_percentage": 0.5470918216710954, "solution_time": 0.0004075999604538083}
{"items_size": 20, "stocks_size": 6, "fill_percentage": 0.6148863636363636, "solution_time": 0.00055570004042238}
{"items_size": 19, "stocks_size": 7, "fill_percentage": 0.5874435240963856, "solution_time": 0.0006966999499127269}
{"items_size": 19, "stocks_size": 7, "fill_percentage": 0.6319831667543399, "solution_time": 0.0005108000477775931}
{"items_size": 20, "stocks_size": 6, "fill_percentage": 0.585024274866177, "solution_time": 0.0008196999551728368}
{"items_size": 19, "stocks_size": 7, "fill_percentage": 0.6013202876340917, "solution_time": 0.0005522998981177807}
{"items_size": 20, "stocks_size": 6, "fill_percentage": 0.6273869699522606, "solution_time": 0.0006155000301077962}
{"items_size": 19, "stocks_size": 7, "fill_percentage": 0.5760007378712415,