{"items_size": 21, "stocks_size": 6, "fill_percentage": 0.6497250843228758, "solution_time": 0.00036609999369829893}
{"items_size": 21, "stocks_size": 6, "fill_percentage": 0.5617268493013472, "solution_time": 0.00046559993643313646}
{"items_size": 21, "stocks_size": 5, "fill_percentage": 0.5335385268520484, "solution_time": 0.00046690006274729967}
{"items_size": 21, "stocks_size": 6, "fill_percentage": 0.6138093330662928, "solution_time": 0.0004091999726369977}
{"items_size": 20, "stocks_size": 6, "fill_percentage": 0.681362547680298, "solution_time": 0.000304899993352592}
{"items_size": 20, "stocks_size": 6, "fill_percentage": 0.663012486481172, "solution_time": 0.0002921000123023987}
{"items_size": 21, "stocks_size": 6, "fill_percentage": 0.6928553004900696, "solution_time": 0.0004007000243291259}
{"items_size": 20, "stocks_size": 6, "fill_percentage": 0.7315535780496848, "solution_time": 0.0005091999191790819}
{"items_size": 19, "stocks_size": 7, "fill_percentage": 0.4442383678735586, "solution_time": 0.0005731000564992428}
{"items_size": 21, "stocks_size": 5, "fill_percentage": 0.7743568691844553, "solution_time": 0.00027489999774843454}
{"items_size": 18, "stocks_size": 7, "fill_percentage": 0.6253314615504602, "solution_time": 0.0004762000171467662}
{"items_size": 20, "stocks_size": 6, "fill_percentage": 0.7018088891115899, "solution_time": 0.00043400004506111145}
{"items_size": 18, "stocks_size": 7, "fill_percentage": 0.5064456721915286, "solution_time": 0.00044049997813999653}
{"items_size": 21, "stocks_size": 5, "fill_percentage": 0.5442741935483871, "solution_time": 0.0005056998925283551}
{"items_size": 19, "stocks_size": 7, "fill_percentage": 0.5380735365691783, "solution_time": 0.00031699996907263994}
{"items_size": 21, "stocks_size": 5, "fill_percentage": 0.6330209388720027, "solution_time": 0.0003027000930160284}
{"items_size": 21, "stocks_size": 6, "fill_percentage": 0.552126414358174, "solution_time": 0.0006629000417888165}
{"items_size": 21, "stocks_size": 5, "fill_percentage": 0.6150615435795076, "solution_time": 0.00034200004301965237}
{"items_size": 21, "stocks_size": 5, "fill_percentage": 0.5193726937269373, "solution_time": 0.00038350000977516174}
{"items_size": 21, "stocks_size": 6, "fill_percentage": 0.5514865283369464, "solution_time": 0.00048589997459203005}
{"items_size": 19, "stocks_size": 7, "fill_percentage": 0.5368702759393874, "solution_time": 0.0006528999656438828}
{"items_size": 21, "stocks_size": 5, "fill_percentage": 0.5562455308418953, "solution_time": 0.0007890999549999833}
{"items_size": 21, "stocks_size": 5, "fill_percentage": 0.5116044727603692, "solution_time": 0.0007313999813050032}
{"items_size": 21, "stocks_size": 5, "fill_percentage": 0.6687809620815779, "solution_time": 0.0008239999879151583}
{"items_size": 20, "stocks_size": 6, "fill_percentage": 0.6114110299566, "solution_time": 0.0008586999028921127}
{"items_size": 20, "stocks_size": 6, "fill_percentage": 0.5574074074074075, "solution_time": 0.0009068000363186002}
{"items_size": 19, "stocks_size": 7, "fill_percentage": 0.740807799442897, "solution_time": 0.0009096999419853091}
{"items_size": 18, "stocks_size": 7, "fill_percentage": 0.5218928932300437, "solution_time": 0.0008955999510362744}
{"items_size": 18, "stocks_size": 7, "fill_percentage": 0.7015233485193622, "solution_time": 0.000860300031490624}
{"items_size": 19, "stocks_size": 7, "fill_percentage": 0.5136599536508144, "solution_time": 0.00023769994731992483}
{"items_size": 19, "stocks_size": 7, "fill_percentage": 0.6111188909116371, "solution_time": 0.00039430009201169014}
{"items_size": 21, "stocks_size": 5, "fill_percentage": 0.6491733157851444, "solution_time": 0.0003665999975055456}
{"items_size": 21, "stocks_size": 5, "fill_percentage": null, "solution_time": null}
{"items_size": 21, "stocks_size": 6, "fill_percentage": 0.7126092740402888, "solution_time": 0.00041420001070946455}
{"items_size": 20, "stocks_size": 6, "fill_percentage": 0.6696503316375813, "solution_time": 0.0006793000502511859}
{"items_size": 21, "stocks_size": 6, "fill_percentage": 0.5753650840243634, "solution_time": 0.0003770999610424042}
{"items_size": 21, "stocks_size": 6, "fill_percentage": 0.5860192152965119, "solution_time": 0.0004741000011563301}
{"items_size": 18, "stocks_size": 7, "fill_percentage": 0.5109056524479932, "solution_time": 0.00040559994522482157}
{"items_size": 21, "stocks_size": 6, "fill_percentage": 0.5241331131715992, "solution_time": 0.0005065000150352716}
{"items_size": 19, "stocks_size": 7, "fill_percentage": 0.685236502627807, "solution_time": 0.0002615000121295452}
{"items_size": 21, "stocks_size": 5, "fill_percentage": 0.6413363216136714, "solution_time": 0.0006852999795228243}
{"items_size": 20, "stocks_size": 6, "fill_percentage": 0.6140758985586572, "solution_time": 0.0005685000214725733}
{"items_size": 21, "stocks_size": 6, "fill_percentage": 0.5685108792364313, "solution_time": 0.0005791999865323305}
{"items_size": 21, "stocks_size": 5, "fill_percentage": 0.5281155015197568, "solution_time": 0.000548299984075129}
{"items_size": 18, "stocks_size": 7, "fill_percentage": 0.5959889659285768, "solution_time": 0.00022369995713233948}
{"items_size": 20, "stocks_size": 6, "fill_percentage": 0.5402652868465361, "solution_time": 0.0005818000063300133}
{"items_size": 19, "stocks_size": 7, "fill_percentage": 0.6258109861591695, "solution_time": 0.000606000074185431}
{"items_size": 21, "stocks_size": 5, "fill_percentage": 0.5097793828440662, "solution_time": 0.0006062000757083297}
{"items_size": 20, "stocks_size": 6, "fill_percentage": 0.604724299391991, "solution_time": 0.0004686999600380659}
{"items_size": 21, "stocks_size": 5, "fill_percentage": 0.4548079401907708, "solution_time": 0.0005157999694347382}
{"items_size": 19, "stocks_size": 7, "fill_percentage": 0.6213055996239497, "solution_time": 0.00027769990265369415}
{"items_size": 19, "stocks_size": 7, "fill_percentage": 0.5149431099873578, "solution_time": 0.000282399938441813}
{"items_size": 21, "stocks_size": 5, "fill_percentage": 0.6824904144604711, "solution_time": 0.00029120000544935465}
{"items_size": 20, "stocks_size": 6, "fill_percentage": 0.5251922716188332, "solution_time": 0.00038270000368356705}
{"items_size": 21, "stocks_size": 5, "fill_percentage": 0.5098588696063204, "solution_time": 0.0003068000078201294}
{"items_size": 21, "stocks_size": 6, "fill_percentage": 0.5964407533738691, "solution_time": 0.0004882999928668141}
{"items_size": 21, "stocks_size": 6, "fill_percentage": 0.6315735729602777, "solution_time": 0.0005532999057322741}
{"items_size": 21, "stocks_size": 5, "fill_percentage": 0.5906454354010419, "solution_time": 0.0003842998994514346}
{"items_size": 19, "stocks_size": 7, "fill_percentage": 0.5442369443974987, "solution_time": 0.0002759000053629279}
{"items_size": 21, "stocks_size": 6, "fill_percentage": 0.575063777569671, "solution_time": 0.00029039999935775995}
{"items_size": 19, "stocks_size": 7, "fill_percentage": 0.6782015254917704, "solution_time": 0.0002847999567165971}
{"items_size": 21, "stocks_size": 5, "fill_percentage": 0.5101340366342715, "solution_time": 0.00028689997270703316}
{"items_size": 21, "stocks_size": 5, "fill_percentage": 0.4639625138605716, "solution_time": 0.0006153000285848975}
{"items_size": 20, "stocks_size": 6, "fill_percentage": 0.4667740173102913, "solution_time": 0.00039709999691694975}
{"items_size": 19, "stocks_size": 7, "fill_percentage": 0.644864641454846, "solution_time": 0.00026919995434582233}
{"items_size": 19, "stocks_size": 7, "fill_percentage": 0.655035167111935, "solution_time": 0.0003000999568030238}
{"items_size": 20, "stocks_size": 6, "fill_percentage": 0.5958539368581209, "solution_time": 0.0005148999625816941}
{"items_size": 19, "stocks_size": 7, "fill_percentage": 0.6682386847448746, "solution_time": 0.0004067999543622136}
{"items_size": 20, "stocks_size": 6,