{"items_size": 18, "stocks_size": 6, "fill_percentage": 0.4614508723599633, "solution_time": 0.0003322999691590667}
{"items_size": 16, "stocks_size": 7, "fill_percentage": 0.5316256871866127, "solution_time": 0.0002615000121295452}
{"items_size": 17, "stocks_size": 7, "fill_percentage": 0.5629246367722379, "solution_time": 0.00034879997838288546}
{"items_size": 17, "stocks_size": 7, "fill_percentage": 0.5430794886047804, "solution_time": 0.0002882999833673239}
{"items_size": 18, "stocks_size": 6, "fill_percentage": 0.4326123913864753, "solution_time": 0.0006350999465212226}
{"items_size": 18, "stocks_size": 6, "fill_percentage": 0.5223728084328277, "solution_time": 0.0004362999461591244}
{"items_size": 21, "stocks_size": 4, "fill_percentage": null, "solution_time": null}
{"items_size": 18, "stocks_size": 6, "fill_percentage": 0.4823427278082659, "solution_time": 0.0002389999572187662}
{"items_size": 19, "stocks_size": 5, "fill_percentage": 0.6700866393068855, "solution_time": 0.0003501999890431762}
{"items_size": 16, "stocks_size": 7, "fill_percentage": 0.5625828213468257, "solution_time": 0.0002474000211805105}
{"items_size": 20, "stocks_size": 5, "fill_percentage": 0.5785741229724632, "solution_time": 0.0005230999086052179}
{"items_size": 18, "stocks_size": 6, "fill_percentage": 0.5140858603328337, "solution_time": 0.00024369999300688505}
{"items_size": 18, "stocks_size": 6, "fill_percentage": 0.6647798088907354, "solution_time": 0.0003952999832108617}
{"items_size": 16, "stocks_size": 7, "fill_percentage": 0.6626099190995427, "solution_time": 0.0004200000548735261}
{"items_size": 21, "stocks_size": 4, "fill_percentage": 0.6014758367898139, "solution_time": 0.0004946999251842499}
{"items_size": 16, "stocks_size": 7, "fill_percentage": 0.459776279497395, "solution_time": 0.0003869000356644392}
{"items_size": 16, "stocks_size": 7, "fill_percentage": 0.5368406742794998, "solution_time": 0.000494800042361021}
{"items_size": 16, "stocks_size": 7, "fill_percentage": 0.5149559823929571, "solution_time": 0.0005549000343307853}
{"items_size": 21, "stocks_size": 4, "fill_percentage": 0.464366061385184, "solution_time": 0.0005399000365287066}
{"items_size": 19, "stocks_size": 5, "fill_percentage": 0.661988261456017, "solution_time": 0.00024129997473210096}
{"items_size": 19, "stocks_size": 5, "fill_percentage": 0.5715690243479267, "solution_time": 0.00029820005875080824}
{"items_size": 18, "stocks_size": 6, "fill_percentage": 0.4722159645565818, "solution_time": 0.00038709992077201605}
{"items_size": 17, "stocks_size": 7, "fill_percentage": 0.4907954150746787, "solution_time": 0.000737300026230514}
{"items_size": 16, "stocks_size": 7, "fill_percentage": 0.54324773220902, "solution_time": 0.0007221000269055367}
{"items_size": 19, "stocks_size": 5, "fill_percentage": 0.6482328258647587, "solution_time": 0.0015211999416351318}
{"items_size": 19, "stocks_size": 5, "fill_percentage": 0.5421019602052494, "solution_time": 0.0008093999931588769}
{"items_size": 17, "stocks_size": 7, "fill_percentage": 0.5817688305813165, "solution_time": 0.000727499951608479}
{"items_size": 18, "stocks_size": 6, "fill_percentage": 0.6253294918163428, "solution_time": 0.0009266999550163746}
{"items_size": 19, "stocks_size": 5, "fill_percentage": 0.5652973339139691, "solution_time": 0.0009584999643266201}
{"items_size": 16, "stocks_size": 7, "fill_percentage": 0.6231944444444445, "solution_time": 0.0009827000321820378}
{"items_size": 20, "stocks_size": 5, "fill_percentage": 0.43256621476857154, "solution_time": 0.0008559999987483025}
{"items_size": 21, "stocks_size": 4, "fill_percentage": 0.7231883197815894, "solution_time": 0.00031399994622915983}
{"items_size": 17, "stocks_size": 7, "fill_percentage": 0.4099724459516744, "solution_time": 0.0009488000068813562}
{"items_size": 16, "stocks_size": 7, "fill_percentage": 0.43511946416075176, "solution_time": 0.0009474999969825149}
{"items_size": 19, "stocks_size": 5, "fill_percentage": null, "solution_time": null}
{"items_size": 19, "stocks_size": 5, "fill_percentage": 0.6247625079164028, "solution_time": 0.0007524000247940421}
{"items_size": 19, "stocks_size": 5, "fill_percentage": 0.46629644514266927, "solution_time": 0.0008128000190481544}
{"items_size": 19, "stocks_size": 5, "fill_percentage": 0.5436763129689175, "solution_time": 0.0009883000748232007}
{"items_size": 18, "stocks_size": 6, "fill_percentage": 0.6220703710363843, "solution_time": 0.0009386000456288457}
{"items_size": 20, "stocks_size": 5, "fill_percentage": null, "solution_time": null}
{"items_size": 17, "stocks_size": 7, "fill_percentage": 0.5229067052151674, "solution_time": 0.0002410999732092023}
{"items_size": 21, "stocks_size": 4, "fill_percentage": 0.5471989321319818, "solution_time": 0.0008503999561071396}
{"items_size": 18, "stocks_size": 6, "fill_percentage": 0.5459823502090106, "solution_time": 0.0007957000052556396}
{"items_size": 20, "stocks_size": 5, "fill_percentage": 0.5821253688750527, "solution_time": 0.0007884000660851598}
{"items_size": 16, "stocks_size": 7, "fill_percentage": 0.4709431982159255, "solution_time": 0.0009064999176189303}
{"items_size": 18, "stocks_size": 6, "fill_percentage": 0.5033809548019726, "solution_time": 0.0008454000344499946}
{"items_size": 18, "stocks_size": 6, "fill_percentage": 0.5948861797389147, "solution_time": 0.0002837000647559762}
{"items_size": 20, "stocks_size": 5, "fill_percentage": 0.5880111339386308, "solution_time": 0.0008178000571206212}
{"items_size": 16, "stocks_size": 7, "fill_percentage": 0.4757792754844145, "solution_time": 0.0009090999374166131}
{"items_size": 21, "stocks_size": 4, "fill_percentage": 0.7963487566887, "solution_time": 0.0009012999944388866}
{"items_size": 21, "stocks_size": 4, "fill_percentage": 0.458355702124396, "solution_time": 0.0009535999270156026}
{"items_size": 18, "stocks_size": 6, "fill_percentage": 0.5181641573579407, "solution_time": 0.00030700000934302807}
{"items_size": 17, "stocks_size": 7, "fill_percentage": 0.5423273012493697, "solution_time": 0.0007683000294491649}
{"items_size": 19, "stocks_size": 5, "fill_percentage": 0.552164979834107, "solution_time": 0.0008145999163389206}
{"items_size": 20, "stocks_size": 5, "fill_percentage": 0.5836158958361589, "solution_time": 0.0008757000323385}
{"items_size": 20, "stocks_size": 5, "fill_percentage": 0.584386537915365, "solution_time": 0.0009115999564528465}
{"items_size": 21, "stocks_size": 4, "fill_percentage": null, "solution_time": null}
{"items_size": 18, "stocks_size": 6, "fill_percentage": 0.537381404174573, "solution_time": 0.001117900013923645}
{"items_size": 18, "stocks_size": 6, "fill_percentage": 0.4773469868966214, "solution_time": 0.000999000039882958}
{"items_size": 20, "stocks_size": 5, "fill_percentage": 0.5752164318451876, "solution_time": 0.001073199906386435}
{"items_size": 16, "stocks_size": 7, "fill_percentage": 0.4468515309069902, "solution_time": 0.0009204000234603882}
{"items_size": 21, "stocks_size": 4, "fill_percentage": null, "solution_time": null}
{"items_size": 19, "stocks_size": 5, "fill_percentage": null, "solution_time": null}
{"items_size": 19, "stocks_size": 5, "fill_percentage": 0.6217779844000206, "solution_time": 0.0008787999395281076}
{"items_size": 16, "stocks_size": 7, "fill_percentage": 0.5506039578514521, "solution_time": 0.0009599999757483602}
{"items_size": 18, "stocks_size": 6, "fill_percentage": 0.49712410731519013, "solution_time": 0.0009223000379279256}
{"items_size": 18, "stocks_size": 6, "fill_percentage": 0.44741861009803596, "solution_time": 0.00028279994148761034}
{"items_size": 16, "stocks_size": 7, "fill_percentage": 0.6335078534031413, "solution_time": 0.0009092999389395118}
{"items_size": 18, "stocks_size": 6, "fill_percentage": 0.5089189568800038, "solution_time": 0.0008920999243855476}
{"items_size": 20, "stocks_size": 5, "fill_percentage": null, "solution_time": null}
{"items_size": 19, "stocks_size": 5, "fill_percentage": 0.5659832635983264,