{"items_size": 18, "stocks_size": 6, "fill_percentage": 0.6320052319146795, "solution_time": 0.0004600000102072954}
{"items_size": 16, "stocks_size": 7, "fill_percentage": 0.5316256871866127, "solution_time": 0.0005548999179154634}
{"items_size": 17, "stocks_size": 7, "fill_percentage": 0.5629246367722379, "solution_time": 0.0004118999931961298}
{"items_size": 17, "stocks_size": 7, "fill_percentage": 0.5430794886047804, "solution_time": 0.000873900018632412}
{"items_size": 18, "stocks_size": 6, "fill_percentage": 0.6264359956236324, "solution_time": 0.0004821999464184046}
{"items_size": 18, "stocks_size": 6, "fill_percentage": 0.5223728084328277, "solution_time": 0.0004726999904960394}
{"items_size": 21, "stocks_size": 4, "fill_percentage": null, "solution_time": null}
{"items_size": 18, "stocks_size": 6, "fill_percentage": 0.4823427278082659, "solution_time": 0.00023070001043379307}
{"items_size": 19, "stocks_size": 5, "fill_percentage": 0.6700866393068855, "solution_time": 0.0004458000184968114}
{"items_size": 16, "stocks_size": 7, "fill_percentage": 0.5625828213468257, "solution_time": 0.00042580009903758764}
{"items_size": 20, "stocks_size": 5, "fill_percentage": 0.5785741229724632, "solution_time": 0.00042860000394284725}
{"items_size": 18, "stocks_size": 6, "fill_percentage": 0.6706778981147212, "solution_time": 0.00034580007195472717}
{"items_size": 18, "stocks_size": 6, "fill_percentage": 0.6647798088907354, "solution_time": 0.0004287000047042966}
{"items_size": 16, "stocks_size": 7, "fill_percentage": 0.6626099190995427, "solution_time": 0.000458099995739758}
{"items_size": 21, "stocks_size": 4, "fill_percentage": 0.6014758367898139, "solution_time": 0.0006534999702125788}
{"items_size": 16, "stocks_size": 7, "fill_percentage": 0.459776279497395, "solution_time": 0.0004981000674888492}
{"items_size": 16, "stocks_size": 7, "fill_percentage": 0.5368406742794998, "solution_time": 0.0004411999834701419}
{"items_size": 16, "stocks_size": 7, "fill_percentage": 0.5149559823929571, "solution_time": 0.0003858000272884965}
{"items_size": 21, "stocks_size": 4, "fill_percentage": 0.464366061385184, "solution_time": 0.0006362999556586146}
{"items_size": 19, "stocks_size": 5, "fill_percentage": 0.661988261456017, "solution_time": 0.0005593000678345561}
{"items_size": 19, "stocks_size": 5, "fill_percentage": 0.5715690243479267, "solution_time": 0.0006979000754654408}
{"items_size": 18, "stocks_size": 6, "fill_percentage": 0.6542342904702455, "solution_time": 0.0007471999851986766}
{"items_size": 17, "stocks_size": 7, "fill_percentage": 0.4907954150746787, "solution_time": 0.0008160999277606606}
{"items_size": 16, "stocks_size": 7, "fill_percentage": 0.7137821050864529, "solution_time": 0.0014724000357091427}
{"items_size": 19, "stocks_size": 5, "fill_percentage": 0.6482328258647587, "solution_time": 0.0009736999636515975}
{"items_size": 19, "stocks_size": 5, "fill_percentage": 0.783743395420825, "solution_time": 0.0009360000258311629}
{"items_size": 17, "stocks_size": 7, "fill_percentage": 0.5817688305813165, "solution_time": 0.00031210004817694426}
{"items_size": 18, "stocks_size": 6, "fill_percentage": 0.6253294918163428, "solution_time": 0.0009825999150052667}
{"items_size": 19, "stocks_size": 5, "fill_percentage": 0.5652973339139691, "solution_time": 0.0008245999924838543}
{"items_size": 16, "stocks_size": 7, "fill_percentage": 0.6231944444444445, "solution_time": 0.0015904000028967857}
{"items_size": 20, "stocks_size": 5, "fill_percentage": 0.6523313464430951, "solution_time": 0.0009825000306591392}
{"items_size": 21, "stocks_size": 4, "fill_percentage": 0.7231883197815894, "solution_time": 0.0009272000752389431}
{"items_size": 17, "stocks_size": 7, "fill_percentage": 0.5794637507489515, "solution_time": 0.0009099000599235296}
{"items_size": 16, "stocks_size": 7, "fill_percentage": 0.6145428873985175, "solution_time": 0.0008941999403759837}
{"items_size": 19, "stocks_size": 5, "fill_percentage": null, "solution_time": null}
{"items_size": 19, "stocks_size": 5, "fill_percentage": 0.6247625079164028, "solution_time": 0.0008891000179573894}
{"items_size": 19, "stocks_size": 5, "fill_percentage": 0.6513396274559836, "solution_time": 0.0008855999913066626}
{"items_size": 19, "stocks_size": 5, "fill_percentage": 0.5436763129689175, "solution_time": 0.0007538999198004603}
{"items_size": 18, "stocks_size": 6, "fill_percentage": 0.44767492019670435, "solution_time": 0.0008351999567821622}
{"items_size": 20, "stocks_size": 5, "fill_percentage": null, "solution_time": null}
{"items_size": 17, "stocks_size": 7, "fill_percentage": 0.5229067052151674, "solution_time": 0.0010267000179737806}
{"items_size": 21, "stocks_size": 4, "fill_percentage": 0.5471989321319818, "solution_time": 0.00039840000681579113}
{"items_size": 18, "stocks_size": 6, "fill_percentage": 0.5459823502090106, "solution_time": 0.0007984000258147717}
{"items_size": 20, "stocks_size": 5, "fill_percentage": 0.5821253688750527, "solution_time": 0.0012796999653801322}
{"items_size": 16, "stocks_size": 7, "fill_percentage": 0.4709431982159255, "solution_time": 0.000979500007815659}
{"items_size": 18, "stocks_size": 6, "fill_percentage": 0.5033809548019726, "solution_time": 0.0009086000500246882}
{"items_size": 18, "stocks_size": 6, "fill_percentage": 0.5948861797389147, "solution_time": 0.0004694999661296606}
{"items_size": 20, "stocks_size": 5, "fill_percentage": 0.5880111339386308, "solution_time": 0.002132199937477708}
{"items_size": 16, "stocks_size": 7, "fill_percentage": 0.4757792754844145, "solution_time": 0.00029280001763254404}
{"items_size": 21, "stocks_size": 4, "fill_percentage": 0.5482915552987069, "solution_time": 0.0016026000957936049}
{"items_size": 21, "stocks_size": 4, "fill_percentage": 0.458355702124396, "solution_time": 0.0015339000383391976}
{"items_size": 18, "stocks_size": 6, "fill_percentage": 0.5181641573579407, "solution_time": 0.0011739999754354358}
{"items_size": 17, "stocks_size": 7, "fill_percentage": 0.5423273012493697, "solution_time": 0.0008648999501019716}
{"items_size": 19, "stocks_size": 5, "fill_percentage": 0.552164979834107, "solution_time": 0.0008931999327614903}
{"items_size": 20, "stocks_size": 5, "fill_percentage": 0.5836158958361589, "solution_time": 0.00026109989266842604}
{"items_size": 20, "stocks_size": 5, "fill_percentage": 0.584386537915365, "solution_time": 0.0008154999231919646}
{"items_size": 21, "stocks_size": 4, "fill_percentage": null, "solution_time": null}
{"items_size": 18, "stocks_size": 6, "fill_percentage": 0.537381404174573, "solution_time": 0.0009440000867471099}
{"items_size": 18, "stocks_size": 6, "fill_percentage": 0.6317032942540008, "solution_time": 0.0010384999914094806}
{"items_size": 20, "stocks_size": 5, "fill_percentage": 0.5752164318451876, "solution_time": 0.00028169993311166763}
{"items_size": 16, "stocks_size": 7, "fill_percentage": 0.7162037037037037, "solution_time": 0.0010725000174716115}
{"items_size": 21, "stocks_size": 4, "fill_percentage": null, "solution_time": null}
{"items_size": 19, "stocks_size": 5, "fill_percentage": null, "solution_time": null}
{"items_size": 19, "stocks_size": 5, "fill_percentage": 0.6217779844000206, "solution_time": 0.0011567999608814716}
{"items_size": 16, "stocks_size": 7, "fill_percentage": 0.5506039578514521, "solution_time": 0.0002557000843808055}
{"items_size": 18, "stocks_size": 6, "fill_percentage": 0.49712410731519013, "solution_time": 0.0010415000142529607}
{"items_size": 18, "stocks_size": 6, "fill_percentage": 0.6111796700031994, "solution_time": 0.0009636000031605363}
{"items_size": 16, "stocks_size": 7, "fill_percentage": 0.6335078534031413, "solution_time": 0.0009724999545142055}
{"items_size": 18, "stocks_size": 6, "fill_percentage": 0.5089189568800038, "solution_time": 0.0009566000662744045}
{"items_size": 20, "stocks_size": 5, "fill_percentage": 0.6481621070367578, "solution_time": 0.00296920002438128}
{"items_size": 19, "stocks_size": 5,