{"items_size": 18, "stocks_size": 6, "fill_percentage": 0.6320052319146795, "solution_time": 0.0002463000128045678}
{"items_size": 16, "stocks_size": 7, "fill_percentage": 0.7647518901538194, "solution_time": 0.00027570000384002924}
{"items_size": 17, "stocks_size": 7, "fill_percentage": 0.805790379292287, "solution_time": 0.0002308000111952424}
{"items_size": 17, "stocks_size": 7, "fill_percentage": 0.702994409697238, "solution_time": 0.00019269995391368866}
{"items_size": 18, "stocks_size": 6, "fill_percentage": 0.6264359956236324, "solution_time": 0.0004675999516621232}
{"items_size": 18, "stocks_size": 6, "fill_percentage": 0.7306303595607041, "solution_time": 0.0004678000696003437}
{"items_size": 21, "stocks_size": 4, "fill_percentage": null, "solution_time": null}
{"items_size": 18, "stocks_size": 6, "fill_percentage": 0.6512747519571315, "solution_time": 0.000458099995739758}
{"items_size": 19, "stocks_size": 5, "fill_percentage": 0.6700866393068855, "solution_time": 0.00027379998937249184}
{"items_size": 16, "stocks_size": 7, "fill_percentage": 0.7939476368582115, "solution_time": 0.0003844000166282058}
{"items_size": 20, "stocks_size": 5, "fill_percentage": 0.5785741229724632, "solution_time": 0.0003056999994441867}
{"items_size": 18, "stocks_size": 6, "fill_percentage": 0.6706778981147212, "solution_time": 0.0002578999847173691}
{"items_size": 18, "stocks_size": 6, "fill_percentage": 0.6647798088907354, "solution_time": 0.00044450000859797}
{"items_size": 16, "stocks_size": 7, "fill_percentage": 0.6626099190995427, "solution_time": 0.0004579999949783087}
{"items_size": 21, "stocks_size": 4, "fill_percentage": 0.6014758367898139, "solution_time": 0.0005782999796792865}
{"items_size": 16, "stocks_size": 7, "fill_percentage": 0.6192982456140351, "solution_time": 0.00020380003843456507}
{"items_size": 16, "stocks_size": 7, "fill_percentage": 0.7333333333333333, "solution_time": 0.0005131999496370554}
{"items_size": 16, "stocks_size": 7, "fill_percentage": 0.7357775871926815, "solution_time": 0.0005315999733284116}
{"items_size": 21, "stocks_size": 4, "fill_percentage": 0.7814359113034073, "solution_time": 0.0005320999771356583}
{"items_size": 19, "stocks_size": 5, "fill_percentage": 0.661988261456017, "solution_time": 0.0009716000640764832}
{"items_size": 19, "stocks_size": 5, "fill_percentage": 0.9244224113740529, "solution_time": 0.0003173999721184373}
{"items_size": 18, "stocks_size": 6, "fill_percentage": 0.6542342904702455, "solution_time": 0.0004064999520778656}
{"items_size": 17, "stocks_size": 7, "fill_percentage": 0.6863507043230865, "solution_time": 0.0007255000527948141}
{"items_size": 16, "stocks_size": 7, "fill_percentage": 0.7137821050864529, "solution_time": 0.0002194000408053398}
{"items_size": 19, "stocks_size": 5, "fill_percentage": 0.6482328258647587, "solution_time": 0.0007060000207275152}
{"items_size": 19, "stocks_size": 5, "fill_percentage": 0.783743395420825, "solution_time": 0.0007817000150680542}
{"items_size": 17, "stocks_size": 7, "fill_percentage": 0.5817688305813165, "solution_time": 0.0014693000121042132}
{"items_size": 18, "stocks_size": 6, "fill_percentage": 0.6253294918163428, "solution_time": 0.0008254999993368983}
{"items_size": 19, "stocks_size": 5, "fill_percentage": 0.7353348439073515, "solution_time": 0.0008296999149024487}
{"items_size": 16, "stocks_size": 7, "fill_percentage": 0.6231944444444445, "solution_time": 0.0009091999381780624}
{"items_size": 20, "stocks_size": 5, "fill_percentage": 0.6523313464430951, "solution_time": 0.0008870000019669533}
{"items_size": 21, "stocks_size": 4, "fill_percentage": 0.7231883197815894, "solution_time": 0.0015168999088928103}
{"items_size": 17, "stocks_size": 7, "fill_percentage": 0.5794637507489515, "solution_time": 0.0009331000037491322}
{"items_size": 16, "stocks_size": 7, "fill_percentage": 0.6145428873985175, "solution_time": 0.0008704999927431345}
{"items_size": 19, "stocks_size": 5, "fill_percentage": 0.6509124941506785, "solution_time": 0.000901099992915988}
{"items_size": 19, "stocks_size": 5, "fill_percentage": 0.6247625079164028, "solution_time": 0.0008796000620350242}
{"items_size": 19, "stocks_size": 5, "fill_percentage": 0.6513396274559836, "solution_time": 0.0008770999265834689}
{"items_size": 19, "stocks_size": 5, "fill_percentage": 0.5436763129689175, "solution_time": 0.0008691999828442931}
{"items_size": 18, "stocks_size": 6, "fill_percentage": 0.6220703710363843, "solution_time": 0.0008832999737933278}
{"items_size": 20, "stocks_size": 5, "fill_percentage": 0.885158013544018, "solution_time": 0.0008427000138908625}
{"items_size": 17, "stocks_size": 7, "fill_percentage": 0.7291828190417119, "solution_time": 0.0007111999439075589}
{"items_size": 21, "stocks_size": 4, "fill_percentage": 0.8147320042233401, "solution_time": 0.0009001999860629439}
{"items_size": 18, "stocks_size": 6, "fill_percentage": 0.76918043513823, "solution_time": 0.0008014999330043793}
{"items_size": 20, "stocks_size": 5, "fill_percentage": 0.8299121590383727, "solution_time": 0.0008597000269219279}
{"items_size": 16, "stocks_size": 7, "fill_percentage": 0.7488527325823947, "solution_time": 0.0008279999019578099}
{"items_size": 18, "stocks_size": 6, "fill_percentage": 0.7619084263178145, "solution_time": 0.0008612999226897955}
{"items_size": 18, "stocks_size": 6, "fill_percentage": 0.835961188599151, "solution_time": 0.0008254999993368983}
{"items_size": 20, "stocks_size": 5, "fill_percentage": 0.801418119411074, "solution_time": 0.0008740000193938613}
{"items_size": 16, "stocks_size": 7, "fill_percentage": 0.8547752383835326, "solution_time": 0.0008107000030577183}
{"items_size": 21, "stocks_size": 4, "fill_percentage": 0.7963487566887, "solution_time": 0.001510599977336824}
{"items_size": 21, "stocks_size": 4, "fill_percentage": 0.7120814964851662, "solution_time": 0.0008564000017940998}
{"items_size": 18, "stocks_size": 6, "fill_percentage": 0.709375, "solution_time": 0.0007406000513583422}
{"items_size": 17, "stocks_size": 7, "fill_percentage": 0.8180512127102172, "solution_time": 0.0009180000051856041}
{"items_size": 19, "stocks_size": 5, "fill_percentage": 0.8306336214297979, "solution_time": 0.0007874999428167939}
{"items_size": 20, "stocks_size": 5, "fill_percentage": 0.5836158958361589, "solution_time": 0.00021199998445808887}
{"items_size": 20, "stocks_size": 5, "fill_percentage": 0.8302733783920105, "solution_time": 0.000942799961194396}
{"items_size": 21, "stocks_size": 4, "fill_percentage": 0.8135967273118743, "solution_time": 0.0003263000398874283}
{"items_size": 18, "stocks_size": 6, "fill_percentage": 0.537381404174573, "solution_time": 0.00022449996322393417}
{"items_size": 18, "stocks_size": 6, "fill_percentage": 0.6317032942540008, "solution_time": 0.0009408999467268586}
{"items_size": 20, "stocks_size": 5, "fill_percentage": 0.7920620821840961, "solution_time": 0.0009066000347957015}
{"items_size": 16, "stocks_size": 7, "fill_percentage": 0.7162037037037037, "solution_time": 0.0008717000018805265}
{"items_size": 21, "stocks_size": 4, "fill_percentage": 0.6576043068640646, "solution_time": 0.0009184000082314014}
{"items_size": 19, "stocks_size": 5, "fill_percentage": 0.7537369519832985, "solution_time": 0.0008286000229418278}
{"items_size": 19, "stocks_size": 5, "fill_percentage": 0.6217779844000206, "solution_time": 0.0007460999768227339}
{"items_size": 16, "stocks_size": 7, "fill_percentage": 0.7091691492883151, "solution_time": 0.0009197000181302428}
{"items_size": 18, "stocks_size": 6, "fill_percentage": 0.6590246149122359, "solution_time": 0.0002207000507041812}
{"items_size": 18, "stocks_size": 6, "fill_percentage": 0.8516112597121386, "solution_time": 0.00020309991668909788}
{"items_size": 16, "stocks_size": 7, "fill_percentage": 0.6335078534031413, "solution_time": 0.001047199941240251}
{"items_size": 18, "stocks_size": 6, "fill_percentage": 0.7801622048374363, "solution_time": 0.00083430006634444}
{"items_size": 20, "stocks_size": 5,