{"items_size": 18, "stocks_size": 6, "fill_percentage": 0.8276566308715989, "solution_time": 0.0003381000133231282}
{"items_size": 16, "stocks_size": 7, "fill_percentage": 0.6786981335801326, "solution_time": 0.0004070999566465616}
{"items_size": 17, "stocks_size": 7, "fill_percentage": 0.7659105454028301, "solution_time": 0.00048639997839927673}
{"items_size": 17, "stocks_size": 7, "fill_percentage": 0.6811648610962137, "solution_time": 0.00048479996621608734}
{"items_size": 18, "stocks_size": 6, "fill_percentage": 0.6445054171943154, "solution_time": 0.0004898000042885542}
{"items_size": 18, "stocks_size": 6, "fill_percentage": 0.6377544320420223, "solution_time": 0.00033240008633583784}
{"items_size": 21, "stocks_size": 4, "fill_percentage": null, "solution_time": null}
{"items_size": 18, "stocks_size": 6, "fill_percentage": 0.626011025713251, "solution_time": 0.0004862000932916999}
{"items_size": 19, "stocks_size": 5, "fill_percentage": 0.641492960820692, "solution_time": 0.00028389994986355305}
{"items_size": 16, "stocks_size": 7, "fill_percentage": 0.6039834454216244, "solution_time": 0.000408699968829751}
{"items_size": 20, "stocks_size": 5, "fill_percentage": 0.5417108144380872, "solution_time": 0.00041290000081062317}
{"items_size": 18, "stocks_size": 6, "fill_percentage": 0.8533333333333334, "solution_time": 0.0011579999700188637}
{"items_size": 18, "stocks_size": 6, "fill_percentage": 0.6666840268736003, "solution_time": 0.00042360008228570223}
{"items_size": 16, "stocks_size": 7, "fill_percentage": 0.5224070992789794, "solution_time": 0.0004794999258592725}
{"items_size": 21, "stocks_size": 4, "fill_percentage": 0.7895536562203229, "solution_time": 0.0006825999589636922}
{"items_size": 16, "stocks_size": 7, "fill_percentage": 0.7336185819070905, "solution_time": 0.0004716000985354185}
{"items_size": 16, "stocks_size": 7, "fill_percentage": 0.8391415214619634, "solution_time": 0.0005737999454140663}
{"items_size": 16, "stocks_size": 7, "fill_percentage": 0.6378167399789356, "solution_time": 0.0005812000017613173}
{"items_size": 21, "stocks_size": 4, "fill_percentage": 0.68832251533377, "solution_time": 0.0004459000192582607}
{"items_size": 19, "stocks_size": 5, "fill_percentage": 0.7655887684978288, "solution_time": 0.0012882000301033258}
{"items_size": 19, "stocks_size": 5, "fill_percentage": 0.6977056124249912, "solution_time": 0.000750000006519258}
{"items_size": 18, "stocks_size": 6, "fill_percentage": 0.8336868619912502, "solution_time": 0.00029090000316500664}
{"items_size": 17, "stocks_size": 7, "fill_percentage": 0.6830801104972376, "solution_time": 0.0009501000167801976}
{"items_size": 16, "stocks_size": 7, "fill_percentage": 0.6526811297584937, "solution_time": 0.0008518000831827521}
{"items_size": 19, "stocks_size": 5, "fill_percentage": 0.7868616951808802, "solution_time": 0.0008738000178709626}
{"items_size": 19, "stocks_size": 5, "fill_percentage": 0.8745756655351081, "solution_time": 0.0007960998918861151}
{"items_size": 17, "stocks_size": 7, "fill_percentage": 0.5785951296327541, "solution_time": 0.0009797000093385577}
{"items_size": 18, "stocks_size": 6, "fill_percentage": 0.6667320261437909, "solution_time": 0.0016653999919071794}
{"items_size": 19, "stocks_size": 5, "fill_percentage": 0.880075329566855, "solution_time": 0.0008667000802233815}
{"items_size": 16, "stocks_size": 7, "fill_percentage": 0.6603384841795438, "solution_time": 0.000941599952057004}
{"items_size": 20, "stocks_size": 5, "fill_percentage": 0.8019998630230806, "solution_time": 0.0008856999920681119}
{"items_size": 21, "stocks_size": 4, "fill_percentage": 0.7820422309222771, "solution_time": 0.001040400005877018}
{"items_size": 17, "stocks_size": 7, "fill_percentage": 0.7974644403215831, "solution_time": 0.0010059999767690897}
{"items_size": 16, "stocks_size": 7, "fill_percentage": 0.650403466826061, "solution_time": 0.00027029996272176504}
{"items_size": 19, "stocks_size": 5, "fill_percentage": 0.865588052271313, "solution_time": 0.0008601000299677253}
{"items_size": 19, "stocks_size": 5, "fill_percentage": 0.5404739076838789, "solution_time": 0.0010426000226289034}
{"items_size": 19, "stocks_size": 5, "fill_percentage": 0.9128817681138688, "solution_time": 0.0009446999756619334}
{"items_size": 19, "stocks_size": 5, "fill_percentage": 0.7617510136657156, "solution_time": 0.0010818999726325274}
{"items_size": 18, "stocks_size": 6, "fill_percentage": 0.6712373067718777, "solution_time": 0.000880399951711297}
{"items_size": 20, "stocks_size": 5, "fill_percentage": 0.8842016254051769, "solution_time": 0.000714799971319735}
{"items_size": 17, "stocks_size": 7, "fill_percentage": 0.7133646844660194, "solution_time": 0.0009556000586599112}
{"items_size": 21, "stocks_size": 4, "fill_percentage": 0.6852635428093821, "solution_time": 0.0009671000298112631}
{"items_size": 18, "stocks_size": 6, "fill_percentage": 0.7953987989511968, "solution_time": 0.0009150999831035733}
{"items_size": 20, "stocks_size": 5, "fill_percentage": 0.6945637454053009, "solution_time": 0.0008473999332636595}
{"items_size": 16, "stocks_size": 7, "fill_percentage": 0.8058361391694725, "solution_time": 0.0010007000528275967}
{"items_size": 18, "stocks_size": 6, "fill_percentage": 0.7039960182025028, "solution_time": 0.0009125999640673399}
{"items_size": 18, "stocks_size": 6, "fill_percentage": 0.8154392191659272, "solution_time": 0.0007851000409573317}
{"items_size": 20, "stocks_size": 5, "fill_percentage": 0.7920814176672767, "solution_time": 0.0008675999706611037}
{"items_size": 16, "stocks_size": 7, "fill_percentage": 0.6832617506502934, "solution_time": 0.0008209000807255507}
{"items_size": 21, "stocks_size": 4, "fill_percentage": 0.9241446487276269, "solution_time": 0.0008798000635579228}
{"items_size": 21, "stocks_size": 4, "fill_percentage": 0.7634284984352047, "solution_time": 0.00035850005224347115}
{"items_size": 18, "stocks_size": 6, "fill_percentage": 0.7024162222661137, "solution_time": 0.0008564000017940998}
{"items_size": 17, "stocks_size": 7, "fill_percentage": 0.6432321084457439, "solution_time": 0.0008158000418916345}
{"items_size": 19, "stocks_size": 5, "fill_percentage": 0.8147773847622256, "solution_time": 0.001918399939313531}
{"items_size": 20, "stocks_size": 5, "fill_percentage": 0.715556664172279, "solution_time": 0.0010302000446245074}
{"items_size": 20, "stocks_size": 5, "fill_percentage": 0.8282680889604508, "solution_time": 0.0008999999845400453}
{"items_size": 21, "stocks_size": 4, "fill_percentage": 0.8135967273118743, "solution_time": 0.0010353999678045511}
{"items_size": 18, "stocks_size": 6, "fill_percentage": 0.5307677890922722, "solution_time": 0.00038780004251748323}
{"items_size": 18, "stocks_size": 6, "fill_percentage": 0.8062699135184342, "solution_time": 0.001464199973270297}
{"items_size": 20, "stocks_size": 5, "fill_percentage": 0.7733704582800803, "solution_time": 0.0009481000015512109}
{"items_size": 16, "stocks_size": 7, "fill_percentage": 0.7409003831417624, "solution_time": 0.0010598000371828675}
{"items_size": 21, "stocks_size": 4, "fill_percentage": 0.8305286418493966, "solution_time": 0.001056700013577938}
{"items_size": 19, "stocks_size": 5, "fill_percentage": 0.7537369519832985, "solution_time": 0.0008721000049263239}
{"items_size": 19, "stocks_size": 5, "fill_percentage": 0.8214139484099905, "solution_time": 0.0011142999865114689}
{"items_size": 16, "stocks_size": 7, "fill_percentage": 0.6960363872644575, "solution_time": 0.0009413999505341053}
{"items_size": 18, "stocks_size": 6, "fill_percentage": 0.8421396808788909, "solution_time": 0.0016122999368235469}
{"items_size": 18, "stocks_size": 6, "fill_percentage": 0.8051541425818882, "solution_time": 0.0016346999909728765}
{"items_size": 16, "stocks_size": 7, "fill_percentage": 0.7713942848571215, "solution_time": 0.0009355000220239162}
{"items_size": 18, "stocks_size": 6, "fill_percentage": 0.6477563911566653,