{"items_size": 18, "stocks_size": 6, "fill_percentage": 0.5824022993834315, "solution_time": 0.0005676000146195292}
{"items_size": 16, "stocks_size": 7, "fill_percentage": 0.4823503617627713, "solution_time": 0.000354600022546947}
{"items_size": 17, "stocks_size": 7, "fill_percentage": 0.5415011814388417, "solution_time": 0.0003250999143347144}
{"items_size": 17, "stocks_size": 7, "fill_percentage": 0.5632372505543237, "solution_time": 0.0003448999486863613}
{"items_size": 18, "stocks_size": 6, "fill_percentage": 0.6445054171943154, "solution_time": 0.000421399949118495}
{"items_size": 18, "stocks_size": 6, "fill_percentage": 0.6377544320420223, "solution_time": 0.0003720000386238098}
{"items_size": 21, "stocks_size": 4, "fill_percentage": null, "solution_time": null}
{"items_size": 18, "stocks_size": 6, "fill_percentage": 0.626011025713251, "solution_time": 0.0003848000196740031}
{"items_size": 19, "stocks_size": 5, "fill_percentage": 0.641492960820692, "solution_time": 0.00038569991011172533}
{"items_size": 16, "stocks_size": 7, "fill_percentage": 0.6039834454216244, "solution_time": 0.0004197999369353056}
{"items_size": 20, "stocks_size": 5, "fill_percentage": 0.5417108144380872, "solution_time": 0.0007073000306263566}
{"items_size": 18, "stocks_size": 6, "fill_percentage": 0.6157528886433734, "solution_time": 0.0003541000187397003}
{"items_size": 18, "stocks_size": 6, "fill_percentage": 0.6666840268736003, "solution_time": 0.0004506999393925071}
{"items_size": 16, "stocks_size": 7, "fill_percentage": 0.5224070992789794, "solution_time": 0.0005934999790042639}
{"items_size": 21, "stocks_size": 4, "fill_percentage": 0.5317896891390559, "solution_time": 0.0009065000340342522}
{"items_size": 16, "stocks_size": 7, "fill_percentage": 0.519927222318489, "solution_time": 0.0005916000809520483}
{"items_size": 16, "stocks_size": 7, "fill_percentage": 0.5914332784184514, "solution_time": 0.0005740000633522868}
{"items_size": 16, "stocks_size": 7, "fill_percentage": 0.6378167399789356, "solution_time": 0.0005276000592857599}
{"items_size": 21, "stocks_size": 4, "fill_percentage": 0.68832251533377, "solution_time": 0.0008264000061899424}
{"items_size": 19, "stocks_size": 5, "fill_percentage": 0.661988261456017, "solution_time": 0.0015620000194758177}
{"items_size": 19, "stocks_size": 5, "fill_percentage": 0.6977056124249912, "solution_time": 0.0011090999469161034}
{"items_size": 18, "stocks_size": 6, "fill_percentage": 0.6089377360317614, "solution_time": 0.00031969998963177204}
{"items_size": 17, "stocks_size": 7, "fill_percentage": 0.48748151798915723, "solution_time": 0.0010208000894635916}
{"items_size": 16, "stocks_size": 7, "fill_percentage": 0.5156439485811303, "solution_time": 0.0014625000767409801}
{"items_size": 19, "stocks_size": 5, "fill_percentage": 0.5507564331093743, "solution_time": 0.0009618999902158976}
{"items_size": 19, "stocks_size": 5, "fill_percentage": 0.5842915688536984, "solution_time": 0.0011222000466659665}
{"items_size": 17, "stocks_size": 7, "fill_percentage": 0.5785951296327541, "solution_time": 0.001083299983292818}
{"items_size": 18, "stocks_size": 6, "fill_percentage": 0.6667320261437909, "solution_time": 0.0010184000711888075}
{"items_size": 19, "stocks_size": 5, "fill_percentage": 0.6843770136488783, "solution_time": 0.002183399978093803}
{"items_size": 16, "stocks_size": 7, "fill_percentage": 0.47632696390658175, "solution_time": 0.000757400062866509}
{"items_size": 20, "stocks_size": 5, "fill_percentage": 0.6092294885801988, "solution_time": 0.0011163000017404556}
{"items_size": 21, "stocks_size": 4, "fill_percentage": 0.5586630599238916, "solution_time": 0.0006040999433025718}
{"items_size": 17, "stocks_size": 7, "fill_percentage": 0.49548511047070126, "solution_time": 0.0010285999160259962}
{"items_size": 16, "stocks_size": 7, "fill_percentage": 0.650403466826061, "solution_time": 0.0009220000356435776}
{"items_size": 19, "stocks_size": 5, "fill_percentage": 0.6509124941506785, "solution_time": 0.0007150999736040831}
{"items_size": 19, "stocks_size": 5, "fill_percentage": 0.5404739076838789, "solution_time": 0.000496799941174686}
{"items_size": 19, "stocks_size": 5, "fill_percentage": 0.63428088659179, "solution_time": 0.0009126000804826617}
{"items_size": 19, "stocks_size": 5, "fill_percentage": 0.5675842005147141, "solution_time": 0.0016918000765144825}
{"items_size": 18, "stocks_size": 6, "fill_percentage": 0.6712373067718777, "solution_time": 0.00035640003625303507}
{"items_size": 20, "stocks_size": 5, "fill_percentage": 0.6427620120889254, "solution_time": 0.0009965000208467245}
{"items_size": 17, "stocks_size": 7, "fill_percentage": 0.500132943366126, "solution_time": 0.0009437000844627619}
{"items_size": 21, "stocks_size": 4, "fill_percentage": 0.5471989321319818, "solution_time": 0.000990699976682663}
{"items_size": 18, "stocks_size": 6, "fill_percentage": 0.7953987989511968, "solution_time": 0.0009182000067085028}
{"items_size": 20, "stocks_size": 5, "fill_percentage": 0.5821253688750527, "solution_time": 0.0015166000230237842}
{"items_size": 16, "stocks_size": 7, "fill_percentage": 0.4241242837734066, "solution_time": 0.0009027000050991774}
{"items_size": 18, "stocks_size": 6, "fill_percentage": 0.7039960182025028, "solution_time": 0.0010242999996989965}
{"items_size": 18, "stocks_size": 6, "fill_percentage": 0.5844197138314785, "solution_time": 0.001026500016450882}
{"items_size": 20, "stocks_size": 5, "fill_percentage": 0.5880111339386308, "solution_time": 0.0008951999479904771}
{"items_size": 16, "stocks_size": 7, "fill_percentage": 0.5109241416745827, "solution_time": 0.0010230999905616045}
{"items_size": 21, "stocks_size": 4, "fill_percentage": 0.682738148781146, "solution_time": 0.0017071000766009092}
{"items_size": 21, "stocks_size": 4, "fill_percentage": 0.5641667059989617, "solution_time": 0.001182899926789105}
{"items_size": 18, "stocks_size": 6, "fill_percentage": 0.7024162222661137, "solution_time": 0.0009600999765098095}
{"items_size": 17, "stocks_size": 7, "fill_percentage": 0.6432321084457439, "solution_time": 0.0010700999991968274}
{"items_size": 19, "stocks_size": 5, "fill_percentage": 0.6015336787564767, "solution_time": 0.0010871000122278929}
{"items_size": 20, "stocks_size": 5, "fill_percentage": 0.715556664172279, "solution_time": 0.0009670999133959413}
{"items_size": 20, "stocks_size": 5, "fill_percentage": 0.6746864497089925, "solution_time": 0.0010952999582514167}
{"items_size": 21, "stocks_size": 4, "fill_percentage": null, "solution_time": null}
{"items_size": 18, "stocks_size": 6, "fill_percentage": 0.5307677890922722, "solution_time": 0.0011177000124007463}
{"items_size": 18, "stocks_size": 6, "fill_percentage": 0.6389665434214086, "solution_time": 0.0009386000456288457}
{"items_size": 20, "stocks_size": 5, "fill_percentage": 0.5752164318451876, "solution_time": 0.0010047999676316977}
{"items_size": 16, "stocks_size": 7, "fill_percentage": 0.7409003831417624, "solution_time": 0.001120000029914081}
{"items_size": 21, "stocks_size": 4, "fill_percentage": 0.6576043068640646, "solution_time": 0.0009709999430924654}
{"items_size": 19, "stocks_size": 5, "fill_percentage": 0.7537369519832985, "solution_time": 0.0016392000252380967}
{"items_size": 19, "stocks_size": 5, "fill_percentage": 0.620655872950397, "solution_time": 0.0012055999832227826}
{"items_size": 16, "stocks_size": 7, "fill_percentage": 0.5426545086119554, "solution_time": 0.0003527000080794096}
{"items_size": 18, "stocks_size": 6, "fill_percentage": 0.6079690303087527, "solution_time": 0.0010708000045269728}
{"items_size": 18, "stocks_size": 6, "fill_percentage": 0.5868773315777924, "solution_time": 0.0008223999757319689}
{"items_size": 16, "stocks_size": 7, "fill_percentage": 0.5490311215502055, "solution_time": 0.0011777000036090612}
{"items_size": 18, "stocks_size": 6, "fill_percentage": 0.6477563911566653, "solution_time": 0.0009590999688953161}
{"items_size": 20, "stocks_size": 5, "fill_percentage": 0.6481621070367578,