{"items_size": 18, "stocks_size": 6, "fill_percentage": 0.6320052319146795, "solution_time": 0.00046289991587400436}
{"items_size": 16, "stocks_size": 7, "fill_percentage": 0.7647518901538194, "solution_time": 0.0004124999977648258}
{"items_size": 17, "stocks_size": 7, "fill_percentage": 0.805790379292287, "solution_time": 0.00044980004895478487}
{"items_size": 17, "stocks_size": 7, "fill_percentage": 0.702994409697238, "solution_time": 0.00024359999224543571}
{"items_size": 18, "stocks_size": 6, "fill_percentage": 0.6264359956236324, "solution_time": 0.00030610000248998404}
{"items_size": 18, "stocks_size": 6, "fill_percentage": 0.7306303595607041, "solution_time": 0.00041149999015033245}
{"items_size": 21, "stocks_size": 4, "fill_percentage": null, "solution_time": null}
{"items_size": 18, "stocks_size": 6, "fill_percentage": 0.6512747519571315, "solution_time": 0.0004050999414175749}
{"items_size": 19, "stocks_size": 5, "fill_percentage": 0.6700866393068855, "solution_time": 0.00030880002304911613}
{"items_size": 16, "stocks_size": 7, "fill_percentage": 0.7939476368582115, "solution_time": 0.0003796000964939594}
{"items_size": 20, "stocks_size": 5, "fill_percentage": 0.5785741229724632, "solution_time": 0.0003665999975055456}
{"items_size": 18, "stocks_size": 6, "fill_percentage": 0.6706778981147212, "solution_time": 0.00021359999664127827}
{"items_size": 18, "stocks_size": 6, "fill_percentage": 0.6647798088907354, "solution_time": 0.00031999999191612005}
{"items_size": 16, "stocks_size": 7, "fill_percentage": 0.6626099190995427, "solution_time": 0.00057050003670156}
{"items_size": 21, "stocks_size": 4, "fill_percentage": 0.6014758367898139, "solution_time": 0.0005589000647887588}
{"items_size": 16, "stocks_size": 7, "fill_percentage": 0.6192982456140351, "solution_time": 0.0004646000452339649}
{"items_size": 16, "stocks_size": 7, "fill_percentage": 0.7333333333333333, "solution_time": 0.00044159998651593924}
{"items_size": 16, "stocks_size": 7, "fill_percentage": 0.7357775871926815, "solution_time": 0.000407799961976707}
{"items_size": 21, "stocks_size": 4, "fill_percentage": 0.7814359113034073, "solution_time": 0.0005725999362766743}
{"items_size": 19, "stocks_size": 5, "fill_percentage": 0.661988261456017, "solution_time": 0.0013708999613299966}
{"items_size": 19, "stocks_size": 5, "fill_percentage": 0.9244224113740529, "solution_time": 0.0004480000352486968}
{"items_size": 18, "stocks_size": 6, "fill_percentage": 0.6542342904702455, "solution_time": 0.0006287000142037868}
{"items_size": 17, "stocks_size": 7, "fill_percentage": 0.6863507043230865, "solution_time": 0.0007232000352814794}
{"items_size": 16, "stocks_size": 7, "fill_percentage": 0.7137821050864529, "solution_time": 0.0006594998994842172}
{"items_size": 19, "stocks_size": 5, "fill_percentage": 0.6482328258647587, "solution_time": 0.0009543999331071973}
{"items_size": 19, "stocks_size": 5, "fill_percentage": 0.783743395420825, "solution_time": 0.0008607000345364213}
{"items_size": 17, "stocks_size": 7, "fill_percentage": 0.5817688305813165, "solution_time": 0.0008563000010326505}
{"items_size": 18, "stocks_size": 6, "fill_percentage": 0.6253294918163428, "solution_time": 0.0008896999061107635}
{"items_size": 19, "stocks_size": 5, "fill_percentage": 0.7353348439073515, "solution_time": 0.0009193000150844455}
{"items_size": 16, "stocks_size": 7, "fill_percentage": 0.6231944444444445, "solution_time": 0.00021460000425577164}
{"items_size": 20, "stocks_size": 5, "fill_percentage": 0.6523313464430951, "solution_time": 0.0008940000552684069}
{"items_size": 21, "stocks_size": 4, "fill_percentage": 0.7231883197815894, "solution_time": 0.00023129989858716726}
{"items_size": 17, "stocks_size": 7, "fill_percentage": 0.5794637507489515, "solution_time": 0.0009380000410601497}
{"items_size": 16, "stocks_size": 7, "fill_percentage": 0.6145428873985175, "solution_time": 0.0008688000962138176}
{"items_size": 19, "stocks_size": 5, "fill_percentage": 0.6509124941506785, "solution_time": 0.0008355999598279595}
{"items_size": 19, "stocks_size": 5, "fill_percentage": 0.6247625079164028, "solution_time": 0.0008601000299677253}
{"items_size": 19, "stocks_size": 5, "fill_percentage": 0.6513396274559836, "solution_time": 0.0008132000220939517}
{"items_size": 19, "stocks_size": 5, "fill_percentage": 0.8427479647782024, "solution_time": 0.0009739999659359455}
{"items_size": 18, "stocks_size": 6, "fill_percentage": 0.6220703710363843, "solution_time": 0.0007128000725060701}
{"items_size": 20, "stocks_size": 5, "fill_percentage": 0.885158013544018, "solution_time": 0.0008099999977275729}
{"items_size": 17, "stocks_size": 7, "fill_percentage": 0.7291828190417119, "solution_time": 0.0007583999540656805}
{"items_size": 21, "stocks_size": 4, "fill_percentage": 0.8147320042233401, "solution_time": 0.00024860003031790257}
{"items_size": 18, "stocks_size": 6, "fill_percentage": 0.76918043513823, "solution_time": 0.0007782999891787767}
{"items_size": 20, "stocks_size": 5, "fill_percentage": 0.8299121590383727, "solution_time": 0.0007603999692946672}
{"items_size": 16, "stocks_size": 7, "fill_percentage": 0.7488527325823947, "solution_time": 0.0008781000506132841}
{"items_size": 18, "stocks_size": 6, "fill_percentage": 0.7619084263178145, "solution_time": 0.0009252000600099564}
{"items_size": 18, "stocks_size": 6, "fill_percentage": 0.5948861797389147, "solution_time": 0.0009643000084906816}
{"items_size": 20, "stocks_size": 5, "fill_percentage": 0.801418119411074, "solution_time": 0.000838999985717237}
{"items_size": 16, "stocks_size": 7, "fill_percentage": 0.6218343977097556, "solution_time": 0.0008483999408781528}
{"items_size": 21, "stocks_size": 4, "fill_percentage": 0.7963487566887, "solution_time": 0.0009286999702453613}
{"items_size": 21, "stocks_size": 4, "fill_percentage": 0.7120814964851662, "solution_time": 0.000238100066781044}
{"items_size": 18, "stocks_size": 6, "fill_percentage": 0.709375, "solution_time": 0.0009584000799804926}
{"items_size": 17, "stocks_size": 7, "fill_percentage": 0.8180512127102172, "solution_time": 0.0008836000924929976}
{"items_size": 19, "stocks_size": 5, "fill_percentage": 0.8306336214297979, "solution_time": 0.0008217999711632729}
{"items_size": 20, "stocks_size": 5, "fill_percentage": 0.5836158958361589, "solution_time": 0.0009465999901294708}
{"items_size": 20, "stocks_size": 5, "fill_percentage": 0.8302733783920105, "solution_time": 0.0007197000086307526}
{"items_size": 21, "stocks_size": 4, "fill_percentage": 0.8135967273118743, "solution_time": 0.0008272000122815371}
{"items_size": 18, "stocks_size": 6, "fill_percentage": 0.537381404174573, "solution_time": 0.0010248000035062432}
{"items_size": 18, "stocks_size": 6, "fill_percentage": 0.6317032942540008, "solution_time": 0.0008785000536590815}
{"items_size": 20, "stocks_size": 5, "fill_percentage": 0.7920620821840961, "solution_time": 0.0009001999860629439}
{"items_size": 16, "stocks_size": 7, "fill_percentage": 0.7162037037037037, "solution_time": 0.0009658000199124217}
{"items_size": 21, "stocks_size": 4, "fill_percentage": 0.6576043068640646, "solution_time": 0.0008919999236240983}
{"items_size": 19, "stocks_size": 5, "fill_percentage": null, "solution_time": null}
{"items_size": 19, "stocks_size": 5, "fill_percentage": 0.6217779844000206, "solution_time": 0.0008607000345364213}
{"items_size": 16, "stocks_size": 7, "fill_percentage": 0.7091691492883151, "solution_time": 0.0007869999390095472}
{"items_size": 18, "stocks_size": 6, "fill_percentage": 0.6590246149122359, "solution_time": 0.0009876000694930553}
{"items_size": 18, "stocks_size": 6, "fill_percentage": 0.8516112597121386, "solution_time": 0.0010064999805763364}
{"items_size": 16, "stocks_size": 7, "fill_percentage": 0.6335078534031413, "solution_time": 0.0009225000394508243}
{"items_size": 18, "stocks_size": 6, "fill_percentage": 0.7801622048374363,