{"items_size": 18, "stocks_size": 6, "fill_percentage": 0.8276566308715989, "solution_time": 0.0003885000478476286}
{"items_size": 16, "stocks_size": 7, "fill_percentage": 0.6786981335801326, "solution_time": 0.0003560000332072377}
{"items_size": 17, "stocks_size": 7, "fill_percentage": 0.7659105454028301, "solution_time": 0.000367300002835691}
{"items_size": 17, "stocks_size": 7, "fill_percentage": 0.6811648610962137, "solution_time": 0.0004455999005585909}
{"items_size": 18, "stocks_size": 6, "fill_percentage": 0.6445054171943154, "solution_time": 0.0005168000934645534}
{"items_size": 18, "stocks_size": 6, "fill_percentage": 0.6377544320420223, "solution_time": 0.00046630005817860365}
{"items_size": 21, "stocks_size": 4, "fill_percentage": null, "solution_time": null}
{"items_size": 18, "stocks_size": 6, "fill_percentage": 0.626011025713251, "solution_time": 0.0004542000824585557}
{"items_size": 19, "stocks_size": 5, "fill_percentage": 0.641492960820692, "solution_time": 0.0002578999847173691}
{"items_size": 16, "stocks_size": 7, "fill_percentage": 0.6039834454216244, "solution_time": 0.0003801999846473336}
{"items_size": 20, "stocks_size": 5, "fill_percentage": 0.5417108144380872, "solution_time": 0.0005573999369516969}
{"items_size": 18, "stocks_size": 6, "fill_percentage": 0.8533333333333334, "solution_time": 0.00032359990291297436}
{"items_size": 18, "stocks_size": 6, "fill_percentage": 0.6666840268736003, "solution_time": 0.00041990005411207676}
{"items_size": 16, "stocks_size": 7, "fill_percentage": 0.5224070992789794, "solution_time": 0.0003844000166282058}
{"items_size": 21, "stocks_size": 4, "fill_percentage": 0.7895536562203229, "solution_time": 0.0005143000744283199}
{"items_size": 16, "stocks_size": 7, "fill_percentage": 0.7336185819070905, "solution_time": 0.0004357000580057502}
{"items_size": 16, "stocks_size": 7, "fill_percentage": 0.8391415214619634, "solution_time": 0.00043890008237212896}
{"items_size": 16, "stocks_size": 7, "fill_percentage": 0.6378167399789356, "solution_time": 0.0008243999909609556}
{"items_size": 21, "stocks_size": 4, "fill_percentage": 0.68832251533377, "solution_time": 0.0009603999787941575}
{"items_size": 19, "stocks_size": 5, "fill_percentage": 0.7655887684978288, "solution_time": 0.0016081000212579966}
{"items_size": 19, "stocks_size": 5, "fill_percentage": 0.6977056124249912, "solution_time": 0.001212499919347465}
{"items_size": 18, "stocks_size": 6, "fill_percentage": 0.8336868619912502, "solution_time": 0.000864699948579073}
{"items_size": 17, "stocks_size": 7, "fill_percentage": 0.6830801104972376, "solution_time": 0.0009295999770984054}
{"items_size": 16, "stocks_size": 7, "fill_percentage": 0.6526811297584937, "solution_time": 0.00023989996407181025}
{"items_size": 19, "stocks_size": 5, "fill_percentage": 0.7868616951808802, "solution_time": 0.0008507999591529369}
{"items_size": 19, "stocks_size": 5, "fill_percentage": 0.8745756655351081, "solution_time": 0.0009000001009553671}
{"items_size": 17, "stocks_size": 7, "fill_percentage": 0.5785951296327541, "solution_time": 0.0009596999734640121}
{"items_size": 18, "stocks_size": 6, "fill_percentage": 0.6667320261437909, "solution_time": 0.0009837999241426587}
{"items_size": 19, "stocks_size": 5, "fill_percentage": 0.6843770136488783, "solution_time": 0.0015308000147342682}
{"items_size": 16, "stocks_size": 7, "fill_percentage": 0.6603384841795438, "solution_time": 0.0008910999167710543}
{"items_size": 20, "stocks_size": 5, "fill_percentage": 0.8019998630230806, "solution_time": 0.0009005999891087413}
{"items_size": 21, "stocks_size": 4, "fill_percentage": 0.7820422309222771, "solution_time": 0.000978600000962615}
{"items_size": 17, "stocks_size": 7, "fill_percentage": 0.7974644403215831, "solution_time": 0.0015205000527203083}
{"items_size": 16, "stocks_size": 7, "fill_percentage": 0.650403466826061, "solution_time": 0.0008795999456197023}
{"items_size": 19, "stocks_size": 5, "fill_percentage": 0.865588052271313, "solution_time": 0.0008682000916451216}
{"items_size": 19, "stocks_size": 5, "fill_percentage": 0.5404739076838789, "solution_time": 0.0009076999267563224}
{"items_size": 19, "stocks_size": 5, "fill_percentage": 0.9128817681138688, "solution_time": 0.0014058999950066209}
{"items_size": 19, "stocks_size": 5, "fill_percentage": 0.7617510136657156, "solution_time": 0.000785500044003129}
{"items_size": 18, "stocks_size": 6, "fill_percentage": 0.6712373067718777, "solution_time": 0.0008282999042421579}
{"items_size": 20, "stocks_size": 5, "fill_percentage": 0.8842016254051769, "solution_time": 0.001958100008778274}
{"items_size": 17, "stocks_size": 7, "fill_percentage": 0.7133646844660194, "solution_time": 0.000750000006519258}
{"items_size": 21, "stocks_size": 4, "fill_percentage": 0.6852635428093821, "solution_time": 0.0009176000021398067}
{"items_size": 18, "stocks_size": 6, "fill_percentage": 0.7953987989511968, "solution_time": 0.0008999999845400453}
{"items_size": 20, "stocks_size": 5, "fill_percentage": 0.8645667774406396, "solution_time": 0.0013098999625071883}
{"items_size": 16, "stocks_size": 7, "fill_percentage": 0.8058361391694725, "solution_time": 0.001698100008070469}
{"items_size": 18, "stocks_size": 6, "fill_percentage": 0.7039960182025028, "solution_time": 0.0008267998928204179}
{"items_size": 18, "stocks_size": 6, "fill_percentage": 0.8154392191659272, "solution_time": 0.0008355999598279595}
{"items_size": 20, "stocks_size": 5, "fill_percentage": 0.7920814176672767, "solution_time": 0.000763899995945394}
{"items_size": 16, "stocks_size": 7, "fill_percentage": 0.6832617506502934, "solution_time": 0.0009975999128073454}
{"items_size": 21, "stocks_size": 4, "fill_percentage": 0.9241446487276269, "solution_time": 0.001027100021019578}
{"items_size": 21, "stocks_size": 4, "fill_percentage": 0.7634284984352047, "solution_time": 0.0011002999963238835}
{"items_size": 18, "stocks_size": 6, "fill_percentage": 0.7024162222661137, "solution_time": 0.0023165999446064234}
{"items_size": 17, "stocks_size": 7, "fill_percentage": 0.6432321084457439, "solution_time": 0.001719699939712882}
{"items_size": 19, "stocks_size": 5, "fill_percentage": 0.8147773847622256, "solution_time": 0.0007919000927358866}
{"items_size": 20, "stocks_size": 5, "fill_percentage": 0.715556664172279, "solution_time": 0.0010445000370964408}
{"items_size": 20, "stocks_size": 5, "fill_percentage": 0.8282680889604508, "solution_time": 0.0009483000030741096}
{"items_size": 21, "stocks_size": 4, "fill_percentage": 0.8135967273118743, "solution_time": 0.0009419999551028013}
{"items_size": 18, "stocks_size": 6, "fill_percentage": 0.5307677890922722, "solution_time": 0.000993099994957447}
{"items_size": 18, "stocks_size": 6, "fill_percentage": 0.8062699135184342, "solution_time": 0.0009628999978303909}
{"items_size": 20, "stocks_size": 5, "fill_percentage": 0.7733704582800803, "solution_time": 0.000242499983869493}
{"items_size": 16, "stocks_size": 7, "fill_percentage": 0.7409003831417624, "solution_time": 0.0011076000519096851}
{"items_size": 21, "stocks_size": 4, "fill_percentage": 0.8305286418493966, "solution_time": 0.0009759999811649323}
{"items_size": 19, "stocks_size": 5, "fill_percentage": 0.7537369519832985, "solution_time": 0.0008960000704973936}
{"items_size": 19, "stocks_size": 5, "fill_percentage": 0.8214139484099905, "solution_time": 0.00029900006484240294}
{"items_size": 16, "stocks_size": 7, "fill_percentage": 0.6960363872644575, "solution_time": 0.000987800071015954}
{"items_size": 18, "stocks_size": 6, "fill_percentage": 0.8421396808788909, "solution_time": 0.0010001000482589006}
{"items_size": 18, "stocks_size": 6, "fill_percentage": 0.8051541425818882, "solution_time": 0.0010752000380307436}
{"items_size": 16, "stocks_size": 7, "fill_percentage": 0.7713942848571215, "solution_time": 0.0009005999891087413}
{"items_size": 18, "stocks_size": 6, "fill_percentage": 0.6477563911566653,