{"items_size": 2372, "stocks_size": 819, "fill_percentage": 0.6633485016880911, "solution_time": 0.22488759993575513}
{"items_size": 2452, "stocks_size": 777, "fill_percentage": 0.6844743825968809, "solution_time": 0.26951050001662225}
{"items_size": 2352, "stocks_size": 816, "fill_percentage": 0.660517207173085, "solution_time": 0.2519701999844983}
{"items_size": 2439, "stocks_size": 797, "fill_percentage": 0.6703617375878625, "solution_time": 0.27354029996786267}
{"items_size": 2447, "stocks_size": 816, "fill_percentage": 0.6791788296828111, "solution_time": 0.2659394999500364}
{"items_size": 2417, "stocks_size": 794, "fill_percentage": 0.6747567716444909, "solution_time": 0.27003310003783554}
{"items_size": 2424, "stocks_size": 790, "fill_percentage": 0.6727030613762618, "solution_time": 0.2676337000448257}
{"items_size": 2390, "stocks_size": 804, "fill_percentage": 0.6798889246900375, "solution_time": 0.31629119999706745}
{"items_size": 2463, "stocks_size": 764, "fill_percentage": 0.682523515195231, "solution_time": 0.31114300002809614}
{"items_size": 2466, "stocks_size": 764, "fill_percentage": 0.6715934238703315, "solution_time": 0.29503480007406324}
{"items_size": 2429, "stocks_size": 766, "fill_percentage": 0.6740616718334648, "solution_time": 0.3348855000222102}
{"items_size": 2439, "stocks_size": 791, "fill_percentage": 0.6786083633821235, "solution_time": 0.28054720000363886}
{"items_size": 2391, "stocks_size": 788, "fill_percentage": 0.6688827785817656, "solution_time": 0.2625090000219643}
{"items_size": 2465, "stocks_size": 786, "fill_percentage": 0.6813520376971244, "solution_time": 0.3505072999978438}
{"items_size": 2436, "stocks_size": 778, "fill_percentage": 0.6708203577340024, "solution_time": 0.3083970999578014}
{"items_size": 2361, "stocks_size": 818, "fill_percentage": 0.6737476497392478, "solution_time": 0.2637367999413982}
{"items_size": 2430, "stocks_size": 809, "fill_percentage": 0.6723070061831382, "solution_time": 0.2718637000070885}
{"items_size": 2454, "stocks_size": 751, "fill_percentage": 0.6713608665133362, "solution_time": 0.2689964999444783}
{"items_size": 2441, "stocks_size": 790, "fill_percentage": 0.6812033340447481, "solution_time": 0.269331399933435}
{"items_size": 2422, "stocks_size": 823, "fill_percentage": 0.6565465023927993, "solution_time": 0.2947197000030428}
{"items_size": 2366, "stocks_size": 807, "fill_percentage": 0.6853090786794866, "solution_time": 0.26952209998853505}
{"items_size": 2464, "stocks_size": 744, "fill_percentage": 0.6653347678478257, "solution_time": 0.33636979991570115}
{"items_size": 2442, "stocks_size": 806, "fill_percentage": 0.6761020337619441, "solution_time": 0.305975400027819}
{"items_size": 2433, "stocks_size": 765, "fill_percentage": 0.6822800310764039, "solution_time": 0.29043650010135025}
{"items_size": 2408, "stocks_size": 803, "fill_percentage": 0.6599084756011081, "solution_time": 0.2470020999899134}
{"items_size": 2392, "stocks_size": 821, "fill_percentage": 0.6807113133861481, "solution_time": 0.3040671000489965}
{"items_size": 2426, "stocks_size": 794, "fill_percentage": 0.6713559111565961, "solution_time": 0.28593339992221445}
{"items_size": 2454, "stocks_size": 787, "fill_percentage": 0.6809248259058243, "solution_time": 0.27745819999836385}
{"items_size": 2415, "stocks_size": 782, "fill_percentage": 0.6707398968107697, "solution_time": 0.3321620000060648}
{"items_size": 2368, "stocks_size": 817, "fill_percentage": 0.684400943600582, "solution_time": 0.28944660001434386}
{"items_size": 2440, "stocks_size": 795, "fill_percentage": 0.6713177602895675, "solution_time": 0.30081130005419254}
{"items_size": 2437, "stocks_size": 807, "fill_percentage": 0.6806741605579659, "solution_time": 0.30085749994032085}
{"items_size": 2415, "stocks_size": 776, "fill_percentage": 0.6653534632147008, "solution_time": 0.2573821999831125}
{"items_size": 2442, "stocks_size": 790, "fill_percentage": 0.6751550241033811, "solution_time": 0.2638877999270335}
{"items_size": 2369, "stocks_size": 808, "fill_percentage": 0.6780122239706541, "solution_time": 0.22429500008001924}
{"items_size": 2448, "stocks_size": 774, "fill_percentage": 0.6755779963216795, "solution_time": 0.31155979994218796}
{"items_size": 2390, "stocks_size": 821, "fill_percentage": 0.6723543639510472, "solution_time": 0.30875800002831966}
{"items_size": 2412, "stocks_size": 780, "fill_percentage": 0.6667127946735332, "solution_time": 0.24624139990191907}
{"items_size": 2400, "stocks_size": 814, "fill_percentage": 0.6873566581006244, "solution_time": 0.26497299992479384}
{"items_size": 2443, "stocks_size": 819, "fill_percentage": 0.675713897617217, "solution_time": 0.3091731999302283}
{"items_size": 2425, "stocks_size": 791, "fill_percentage": 0.6745403428255236, "solution_time": 0.3014092000667006}
{"items_size": 2466, "stocks_size": 812, "fill_percentage": 0.6762427754209103, "solution_time": 0.3182114000665024}
{"items_size": 2432, "stocks_size": 818, "fill_percentage": 0.6862884911829794, "solution_time": 0.3287585999350995}
{"items_size": 2436, "stocks_size": 763, "fill_percentage": 0.6816559234987499, "solution_time": 0.29888020001817495}
{"items_size": 2443, "stocks_size": 818, "fill_percentage": 0.6664404222321797, "solution_time": 0.3588869000086561}
{"items_size": 2435, "stocks_size": 783, "fill_percentage": 0.676500212702212, "solution_time": 0.2893980999942869}
{"items_size": 2438, "stocks_size": 764, "fill_percentage": 0.6711257491549176, "solution_time": 0.3039064999902621}
{"items_size": 2416, "stocks_size": 805, "fill_percentage": 0.6615113008301508, "solution_time": 0.3146797999506816}
{"items_size": 2458, "stocks_size": 777, "fill_percentage": 0.667334945394336, "solution_time": 0.3342600000323728}
{"items_size": 2466, "stocks_size": 776, "fill_percentage": 0.6686966991870567, "solution_time": 0.3252473999746144}
{"items_size": 2391, "stocks_size": 822, "fill_percentage": 0.6836792652203528, "solution_time": 0.3166917999042198}
{"items_size": 2463, "stocks_size": 746, "fill_percentage": 0.6647831002313629, "solution_time": 0.3398809999926016}
{"items_size": 2414, "stocks_size": 801, "fill_percentage": 0.6738031435292264, "solution_time": 0.2896991000743583}
{"items_size": 2439, "stocks_size": 819, "fill_percentage": 0.6737855484876197, "solution_time": 0.31987759994808584}
{"items_size": 2413, "stocks_size": 804, "fill_percentage": 0.6761378683807308, "solution_time": 0.3079381000716239}
{"items_size": 2458, "stocks_size": 762, "fill_percentage": 0.6753879394043146, "solution_time": 0.32066389999818057}
{"items_size": 2418, "stocks_size": 781, "fill_percentage": 0.6766073692785768, "solution_time": 0.3289367000106722}
{"items_size": 2390, "stocks_size": 802, "fill_percentage": 0.6819058255072632, "solution_time": 0.2941018999554217}
{"items_size": 2460, "stocks_size": 779, "fill_percentage": 0.682973594648129, "solution_time": 0.3087678001029417}
{"items_size": 2443, "stocks_size": 817, "fill_percentage": 0.6790864512166007, "solution_time": 0.3103477000258863}
{"items_size": 2433, "stocks_size": 785, "fill_percentage": 0.6792837662962237, "solution_time": 0.335270999930799}
{"items_size": 2408, "stocks_size": 808, "fill_percentage": 0.6799567744063882, "solution_time": 0.3050015999469906}
{"items_size": 2392, "stocks_size": 808, "fill_percentage": 0.6721669333018314, "solution_time": 0.3048422000138089}
{"items_size": 2406, "stocks_size": 822, "fill_percentage": 0.6702483690167318, "solution_time": 0.3282137999776751}
{"items_size": 2462, "stocks_size": 793, "fill_percentage": 0.6720655102453535, "solution_time": 0.31855450000148267}
{"items_size": 2377, "stocks_size": 819, "fill_percentage": 0.6808949109143284, "solution_time": 0.30772050004452467}
{"items_size": 2433, "stocks_size": 786, "fill_percentage": 0.6737959040033891, "solution_time": 0.30616110004484653}
{"items_size": 2407, "stocks_size": 805, "fill_percentage": 0.6670269847622525, "solution_time": 0.3338392999721691}
{"items_size": 2454,