{"items_size": 2372, "stocks_size": 819, "fill_percentage": 0.6877032960869321, "solution_time": 0.2541842999635264}
{"items_size": 2452, "stocks_size": 777, "fill_percentage": 0.6967736398523349, "solution_time": 0.30647419998422265}
{"items_size": 2352, "stocks_size": 816, "fill_percentage": 0.6898055336875312, "solution_time": 0.20188960002269596}
{"items_size": 2439, "stocks_size": 797, "fill_percentage": 0.6911368080583354, "solution_time": 0.2724286000011489}
{"items_size": 2447, "stocks_size": 816, "fill_percentage": 0.6983065743636121, "solution_time": 0.27702520007733256}
{"items_size": 2417, "stocks_size": 794, "fill_percentage": 0.6978984702615492, "solution_time": 0.2859419999876991}
{"items_size": 2424, "stocks_size": 790, "fill_percentage": 0.6940084612732886, "solution_time": 0.2728978000814095}
{"items_size": 2390, "stocks_size": 804, "fill_percentage": 0.6958226135412211, "solution_time": 0.2857229000655934}
{"items_size": 2463, "stocks_size": 764, "fill_percentage": 0.7076967449313637, "solution_time": 0.25020360003691167}
{"items_size": 2466, "stocks_size": 764, "fill_percentage": 0.6907670341873562, "solution_time": 0.2850239999825135}
{"items_size": 2429, "stocks_size": 766, "fill_percentage": 0.6919490924855973, "solution_time": 0.3140483000315726}
{"items_size": 2439, "stocks_size": 791, "fill_percentage": 0.7001309506465923, "solution_time": 0.27482960000634193}
{"items_size": 2391, "stocks_size": 788, "fill_percentage": 0.695822637367175, "solution_time": 0.3140656999312341}
{"items_size": 2465, "stocks_size": 786, "fill_percentage": 0.6990501087015475, "solution_time": 0.2711874999804422}
{"items_size": 2436, "stocks_size": 778, "fill_percentage": 0.6918743502748614, "solution_time": 0.2867813999764621}
{"items_size": 2361, "stocks_size": 818, "fill_percentage": 0.6911779377668478, "solution_time": 0.26927900000009686}
{"items_size": 2430, "stocks_size": 809, "fill_percentage": 0.7030330091460439, "solution_time": 0.33232299995142967}
{"items_size": 2454, "stocks_size": 751, "fill_percentage": 0.6944379703691215, "solution_time": 0.312037399969995}
{"items_size": 2441, "stocks_size": 790, "fill_percentage": 0.7046772250523016, "solution_time": 0.3118511999491602}
{"items_size": 2422, "stocks_size": 823, "fill_percentage": 0.6961037438652551, "solution_time": 0.29756890004500747}
{"items_size": 2366, "stocks_size": 807, "fill_percentage": 0.6942081136902173, "solution_time": 0.31115399999544024}
{"items_size": 2464, "stocks_size": 744, "fill_percentage": 0.6904014484794202, "solution_time": 0.2746581999817863}
{"items_size": 2442, "stocks_size": 806, "fill_percentage": 0.6915927929954692, "solution_time": 0.23109459993429482}
{"items_size": 2433, "stocks_size": 765, "fill_percentage": 0.7043686147514919, "solution_time": 0.3066174000268802}
{"items_size": 2408, "stocks_size": 803, "fill_percentage": 0.6784002326292785, "solution_time": 0.23566450004000217}
{"items_size": 2392, "stocks_size": 821, "fill_percentage": 0.7064942826300171, "solution_time": 0.20226000004913658}
{"items_size": 2426, "stocks_size": 794, "fill_percentage": 0.6921981354715391, "solution_time": 0.2639917000196874}
{"items_size": 2454, "stocks_size": 787, "fill_percentage": 0.7043980443647387, "solution_time": 0.3107359999557957}
{"items_size": 2415, "stocks_size": 782, "fill_percentage": 0.6971009714872917, "solution_time": 0.2714726999402046}
{"items_size": 2368, "stocks_size": 817, "fill_percentage": 0.7054556726053558, "solution_time": 0.2864324999973178}
{"items_size": 2440, "stocks_size": 795, "fill_percentage": 0.6920048413576313, "solution_time": 0.30105429992545396}
{"items_size": 2437, "stocks_size": 807, "fill_percentage": 0.7022795659628535, "solution_time": 0.2812324999831617}
{"items_size": 2415, "stocks_size": 776, "fill_percentage": 0.6904344764393464, "solution_time": 0.26997030002530664}
{"items_size": 2442, "stocks_size": 790, "fill_percentage": 0.700848621708277, "solution_time": 0.279876499902457}
{"items_size": 2369, "stocks_size": 808, "fill_percentage": 0.7070742153219722, "solution_time": 0.27940839994698763}
{"items_size": 2448, "stocks_size": 774, "fill_percentage": 0.6877574587148452, "solution_time": 0.3157981999684125}
{"items_size": 2390, "stocks_size": 821, "fill_percentage": 0.6898826272053232, "solution_time": 0.30933409999124706}
{"items_size": 2412, "stocks_size": 780, "fill_percentage": 0.6883660408649246, "solution_time": 0.27086920000147074}
{"items_size": 2400, "stocks_size": 814, "fill_percentage": 0.712739900424824, "solution_time": 0.2801169999875128}
{"items_size": 2443, "stocks_size": 819, "fill_percentage": 0.6929282017066579, "solution_time": 0.21772049996070564}
{"items_size": 2425, "stocks_size": 791, "fill_percentage": 0.7055511083363868, "solution_time": 0.260888300021179}
{"items_size": 2466, "stocks_size": 812, "fill_percentage": 0.7007651653404737, "solution_time": 0.30181960004847497}
{"items_size": 2432, "stocks_size": 818, "fill_percentage": 0.7038326056415625, "solution_time": 0.2629022999899462}
{"items_size": 2436, "stocks_size": 763, "fill_percentage": 0.6929491145368395, "solution_time": 0.21948940004222095}
{"items_size": 2443, "stocks_size": 818, "fill_percentage": 0.6940782148067149, "solution_time": 0.2490582000464201}
{"items_size": 2435, "stocks_size": 783, "fill_percentage": 0.6941745573348925, "solution_time": 0.2924098999937996}
{"items_size": 2438, "stocks_size": 764, "fill_percentage": 0.6979008877143685, "solution_time": 0.30161589989438653}
{"items_size": 2416, "stocks_size": 805, "fill_percentage": 0.6925876430607767, "solution_time": 0.3057276998879388}
{"items_size": 2458, "stocks_size": 777, "fill_percentage": 0.6864999935587347, "solution_time": 0.3069334999890998}
{"items_size": 2466, "stocks_size": 776, "fill_percentage": 0.6895324743666696, "solution_time": 0.3295807000249624}
{"items_size": 2391, "stocks_size": 822, "fill_percentage": 0.7015890598007858, "solution_time": 0.27361040003597736}
{"items_size": 2463, "stocks_size": 746, "fill_percentage": 0.6893919763017733, "solution_time": 0.3145693000406027}
{"items_size": 2414, "stocks_size": 801, "fill_percentage": 0.6894848988040382, "solution_time": 0.3188914000056684}
{"items_size": 2439, "stocks_size": 819, "fill_percentage": 0.6966655822182942, "solution_time": 0.27463469991926104}
{"items_size": 2413, "stocks_size": 804, "fill_percentage": 0.6921637975729733, "solution_time": 0.29331599990837276}
{"items_size": 2458, "stocks_size": 762, "fill_percentage": 0.6985371263681136, "solution_time": 0.3167297999607399}
{"items_size": 2418, "stocks_size": 781, "fill_percentage": 0.7041580328538567, "solution_time": 0.29532489995472133}
{"items_size": 2390, "stocks_size": 802, "fill_percentage": 0.7039578660026546, "solution_time": 0.29849720001220703}
{"items_size": 2460, "stocks_size": 779, "fill_percentage": 0.6992152304791637, "solution_time": 0.3030221000080928}
{"items_size": 2443, "stocks_size": 817, "fill_percentage": 0.7058537485264558, "solution_time": 0.2706187000731006}
{"items_size": 2433, "stocks_size": 785, "fill_percentage": 0.7027630916278155, "solution_time": 0.2765453999163583}
{"items_size": 2408, "stocks_size": 808, "fill_percentage": 0.7037443169431917, "solution_time": 0.2966222999384627}
{"items_size": 2392, "stocks_size": 808, "fill_percentage": 0.7030228042257569, "solution_time": 0.31453830003738403}
{"items_size": 2406, "stocks_size": 822, "fill_percentage": 0.6909367286199107, "solution_time": 0.30113289994187653}
{"items_size": 2462, "stocks_size": 793, "fill_percentage": 0.6911414590784635, "solution_time": 0.32148470007814467}
{"items_size": 2377, "stocks_size": 819, "fill_percentage": 0.7006435968350634, "solution_time": 0.296523500001058}
{"items_size": 2433, "stocks_size": 786, "fill_percentage": 0.6879883039093263, "solution_time": 0.3143817000091076}
{"items_size": 2407, "stocks_size": 805,