{"items_size": 2372, "stocks_size": 819, "fill_percentage": 0.9909634742161724, "solution_time": 0.19665479997638613}
{"items_size": 2452, "stocks_size": 777, "fill_percentage": 0.9911856157742385, "solution_time": 0.258016400039196}
{"items_size": 2352, "stocks_size": 816, "fill_percentage": 0.9912134040493142, "solution_time": 0.27290520002134144}
{"items_size": 2439, "stocks_size": 797, "fill_percentage": 0.9908764367816092, "solution_time": 0.21771360002458096}
{"items_size": 2447, "stocks_size": 816, "fill_percentage": 0.9912883890390648, "solution_time": 0.30190620000939816}
{"items_size": 2417, "stocks_size": 794, "fill_percentage": 0.9896757890854876, "solution_time": 0.282491400022991}
{"items_size": 2424, "stocks_size": 790, "fill_percentage": 0.991244856254394, "solution_time": 0.26359740004409105}
{"items_size": 2390, "stocks_size": 804, "fill_percentage": 0.989395150051101, "solution_time": 0.2200151999713853}
{"items_size": 2463, "stocks_size": 764, "fill_percentage": 0.9885476176895296, "solution_time": 0.32761829998344183}
{"items_size": 2466, "stocks_size": 764, "fill_percentage": 0.9894481061409129, "solution_time": 0.28100209997501224}
{"items_size": 2429, "stocks_size": 766, "fill_percentage": 0.9921987638528579, "solution_time": 0.19845010002609342}
{"items_size": 2439, "stocks_size": 791, "fill_percentage": 0.9887565533223642, "solution_time": 0.2379969999892637}
{"items_size": 2391, "stocks_size": 788, "fill_percentage": 0.9896713276103405, "solution_time": 0.3149260999634862}
{"items_size": 2465, "stocks_size": 786, "fill_percentage": 0.9903210556630212, "solution_time": 0.3047655000118539}
{"items_size": 2436, "stocks_size": 778, "fill_percentage": 0.9905352167100882, "solution_time": 0.2643303000368178}
{"items_size": 2361, "stocks_size": 818, "fill_percentage": 0.9892822140774453, "solution_time": 0.26351249997969717}
{"items_size": 2430, "stocks_size": 809, "fill_percentage": 0.9911253192818548, "solution_time": 0.30202209996059537}
{"items_size": 2454, "stocks_size": 751, "fill_percentage": 0.9903783706054095, "solution_time": 0.3048576000146568}
{"items_size": 2441, "stocks_size": 790, "fill_percentage": 0.9897370536089152, "solution_time": 0.2757426999742165}
{"items_size": 2422, "stocks_size": 823, "fill_percentage": 0.9900647655420208, "solution_time": 0.23915739997755736}
{"items_size": 2366, "stocks_size": 807, "fill_percentage": 0.9867066810616373, "solution_time": 0.24884320003911853}
{"items_size": 2464, "stocks_size": 744, "fill_percentage": 0.9917572025200805, "solution_time": 0.2731710000662133}
{"items_size": 2442, "stocks_size": 806, "fill_percentage": 0.9887358718022546, "solution_time": 0.2851248000515625}
{"items_size": 2433, "stocks_size": 765, "fill_percentage": 0.9885746413685066, "solution_time": 0.23252339998725802}
{"items_size": 2408, "stocks_size": 803, "fill_percentage": 0.9896535494057017, "solution_time": 0.3047952000051737}
{"items_size": 2392, "stocks_size": 821, "fill_percentage": 0.9881930184804928, "solution_time": 0.2809247000841424}
{"items_size": 2426, "stocks_size": 794, "fill_percentage": 0.9919242677692891, "solution_time": 0.2525893999263644}
{"items_size": 2454, "stocks_size": 787, "fill_percentage": 0.9903823351954301, "solution_time": 0.25556479999795556}
{"items_size": 2415, "stocks_size": 782, "fill_percentage": 0.9936496917729533, "solution_time": 0.25421839999035}
{"items_size": 2368, "stocks_size": 817, "fill_percentage": 0.9894608988478404, "solution_time": 0.26055170001927763}
{"items_size": 2440, "stocks_size": 795, "fill_percentage": 0.9898578988118455, "solution_time": 0.21212029992602766}
{"items_size": 2437, "stocks_size": 807, "fill_percentage": 0.9888737196030657, "solution_time": 0.25797010003589094}
{"items_size": 2415, "stocks_size": 776, "fill_percentage": 0.9896118346649155, "solution_time": 0.2691855999873951}
{"items_size": 2442, "stocks_size": 790, "fill_percentage": 0.9908245641379888, "solution_time": 0.30018140003085136}
{"items_size": 2369, "stocks_size": 808, "fill_percentage": 0.9876439587908473, "solution_time": 0.30867279996164143}
{"items_size": 2448, "stocks_size": 774, "fill_percentage": 0.9908092048570537, "solution_time": 0.2991474000737071}
{"items_size": 2390, "stocks_size": 821, "fill_percentage": 0.9885163489019312, "solution_time": 0.25995590002276003}
{"items_size": 2412, "stocks_size": 780, "fill_percentage": 0.9922285048805529, "solution_time": 0.26750379998702556}
{"items_size": 2400, "stocks_size": 814, "fill_percentage": 0.989959720958, "solution_time": 0.21706359996460378}
{"items_size": 2443, "stocks_size": 819, "fill_percentage": 0.9900606210169073, "solution_time": 0.27555020002182573}
{"items_size": 2425, "stocks_size": 791, "fill_percentage": 0.9904195458708225, "solution_time": 0.3003091999562457}
{"items_size": 2466, "stocks_size": 812, "fill_percentage": 0.9916827185642227, "solution_time": 0.298041999922134}
{"items_size": 2432, "stocks_size": 818, "fill_percentage": 0.9876163982465825, "solution_time": 0.30929360003210604}
{"items_size": 2436, "stocks_size": 763, "fill_percentage": 0.9924407817774036, "solution_time": 0.24253719998523593}
{"items_size": 2443, "stocks_size": 818, "fill_percentage": 0.9888606927071047, "solution_time": 0.280641199904494}
{"items_size": 2435, "stocks_size": 783, "fill_percentage": 0.991799409814742, "solution_time": 0.3042536999564618}
{"items_size": 2438, "stocks_size": 764, "fill_percentage": 0.990659682574206, "solution_time": 0.2600617000134662}
{"items_size": 2416, "stocks_size": 805, "fill_percentage": 0.9883165030824507, "solution_time": 0.2748025000328198}
{"items_size": 2458, "stocks_size": 777, "fill_percentage": 0.9890472867906822, "solution_time": 0.2974095999961719}
{"items_size": 2466, "stocks_size": 776, "fill_percentage": 0.9913127407422293, "solution_time": 0.31562610005494207}
{"items_size": 2391, "stocks_size": 822, "fill_percentage": 0.9889918679222585, "solution_time": 0.2798075000755489}
{"items_size": 2463, "stocks_size": 746, "fill_percentage": 0.9916992318936753, "solution_time": 0.2720970999216661}
{"items_size": 2414, "stocks_size": 801, "fill_percentage": 0.990134177120552, "solution_time": 0.276215499965474}
{"items_size": 2439, "stocks_size": 819, "fill_percentage": 0.9911690722606395, "solution_time": 0.28633480006828904}
{"items_size": 2413, "stocks_size": 804, "fill_percentage": 0.9902751086242626, "solution_time": 0.27989420003723353}
{"items_size": 2458, "stocks_size": 762, "fill_percentage": 0.9913935236295442, "solution_time": 0.3032664000056684}
{"items_size": 2418, "stocks_size": 781, "fill_percentage": 0.9921115865512846, "solution_time": 0.27137560001574457}
{"items_size": 2390, "stocks_size": 802, "fill_percentage": 0.9870799202622141, "solution_time": 0.298986200010404}
{"items_size": 2460, "stocks_size": 779, "fill_percentage": 0.9900020406434112, "solution_time": 0.3028626999584958}
{"items_size": 2443, "stocks_size": 817, "fill_percentage": 0.9936311089691838, "solution_time": 0.29182959999889135}
{"items_size": 2433, "stocks_size": 785, "fill_percentage": 0.9901812582463165, "solution_time": 0.28911909996531904}
{"items_size": 2408, "stocks_size": 808, "fill_percentage": 0.987277430258308, "solution_time": 0.27065540000330657}
{"items_size": 2392, "stocks_size": 808, "fill_percentage": 0.9913424165982425, "solution_time": 0.2600447000004351}
{"items_size": 2406, "stocks_size": 822, "fill_percentage": 0.9922816609449596, "solution_time": 0.251579099916853}
{"items_size": 2462, "stocks_size": 793, "fill_percentage": 0.9891859063914774, "solution_time": 0.2762475999770686}
{"items_size": 2377, "stocks_size": 819, "fill_percentage": 0.9901654136831509, "solution_time": 0.25726209999993443}
{"items_size": 2433, "stocks_size": 786, "fill_percentage": 0.9914029250791271, "solution_time": 0.27335250005126}
{"items_size": 2407, "stocks_size": 805, "fill_percentage": 0.9874088057218816, "solution_time": 0.27118040004279464}
{"items_size": 2454,