{"items_size": 2372, "stocks_size": 819, "fill_percentage": 0.9894985176181041, "solution_time": 0.196745999972336}
{"items_size": 2452, "stocks_size": 777, "fill_percentage": 0.9919631447383566, "solution_time": 0.1887137999292463}
{"items_size": 2352, "stocks_size": 816, "fill_percentage": 0.9881159267430893, "solution_time": 0.1612595000769943}
{"items_size": 2439, "stocks_size": 797, "fill_percentage": 0.9903067021427447, "solution_time": 0.1799399999435991}
{"items_size": 2447, "stocks_size": 816, "fill_percentage": 0.9872605997596543, "solution_time": 0.18177360005211085}
{"items_size": 2417, "stocks_size": 794, "fill_percentage": 0.9870200261934504, "solution_time": 0.18289430008735508}
{"items_size": 2424, "stocks_size": 790, "fill_percentage": 0.9898572558814881, "solution_time": 0.15111679991241544}
{"items_size": 2390, "stocks_size": 804, "fill_percentage": 0.9881881092932415, "solution_time": 0.17571819992735982}
{"items_size": 2463, "stocks_size": 764, "fill_percentage": 0.9863469247031998, "solution_time": 0.2299167999299243}
{"items_size": 2466, "stocks_size": 764, "fill_percentage": 0.9904806629121655, "solution_time": 0.14452760003041476}
{"items_size": 2429, "stocks_size": 766, "fill_percentage": 0.991830000920193, "solution_time": 0.1813827999867499}
{"items_size": 2439, "stocks_size": 791, "fill_percentage": 0.9872084721210969, "solution_time": 0.1832488999934867}
{"items_size": 2391, "stocks_size": 788, "fill_percentage": 0.9885047708378526, "solution_time": 0.17954310006462038}
{"items_size": 2465, "stocks_size": 786, "fill_percentage": 0.9879030677352144, "solution_time": 0.19423040002584457}
{"items_size": 2436, "stocks_size": 778, "fill_percentage": 0.9904640525874747, "solution_time": 0.19435030000749975}
{"items_size": 2361, "stocks_size": 818, "fill_percentage": 0.9884449772143317, "solution_time": 0.2196865000296384}
{"items_size": 2430, "stocks_size": 809, "fill_percentage": 0.9882514806637839, "solution_time": 0.1788414999609813}
{"items_size": 2454, "stocks_size": 751, "fill_percentage": 0.9881624619915125, "solution_time": 0.1978063000133261}
{"items_size": 2441, "stocks_size": 790, "fill_percentage": 0.9875815354488812, "solution_time": 0.2184564999770373}
{"items_size": 2422, "stocks_size": 823, "fill_percentage": 0.9859392394539817, "solution_time": 0.181181599968113}
{"items_size": 2366, "stocks_size": 807, "fill_percentage": 0.9890848822213596, "solution_time": 0.15397119999397546}
{"items_size": 2464, "stocks_size": 744, "fill_percentage": 0.9911566029737473, "solution_time": 0.2058013000059873}
{"items_size": 2442, "stocks_size": 806, "fill_percentage": 0.986404268057108, "solution_time": 0.1977335000410676}
{"items_size": 2433, "stocks_size": 765, "fill_percentage": 0.9867279654871647, "solution_time": 0.22686509997583926}
{"items_size": 2408, "stocks_size": 803, "fill_percentage": 0.986976842570597, "solution_time": 0.1693811999866739}
{"items_size": 2392, "stocks_size": 821, "fill_percentage": 0.9885938004216427, "solution_time": 0.18943669996224344}
{"items_size": 2426, "stocks_size": 794, "fill_percentage": 0.9898120985553368, "solution_time": 0.15863249998074025}
{"items_size": 2454, "stocks_size": 787, "fill_percentage": 0.9904673673795077, "solution_time": 0.16779520001728088}
{"items_size": 2415, "stocks_size": 782, "fill_percentage": 0.9912564381888154, "solution_time": 0.1613959000678733}
{"items_size": 2368, "stocks_size": 817, "fill_percentage": 0.9881714574471738, "solution_time": 0.18190700002014637}
{"items_size": 2440, "stocks_size": 795, "fill_percentage": 0.9886682439295825, "solution_time": 0.20483949990011752}
{"items_size": 2437, "stocks_size": 807, "fill_percentage": 0.9885450858833102, "solution_time": 0.19136789999902248}
{"items_size": 2415, "stocks_size": 776, "fill_percentage": 0.9911069377942355, "solution_time": 0.2032912999857217}
{"items_size": 2442, "stocks_size": 790, "fill_percentage": 0.988902366978519, "solution_time": 0.20167490001767874}
{"items_size": 2369, "stocks_size": 808, "fill_percentage": 0.989514074599815, "solution_time": 0.18278880009893328}
{"items_size": 2448, "stocks_size": 774, "fill_percentage": 0.9900578713985695, "solution_time": 0.21356109995394945}
{"items_size": 2390, "stocks_size": 821, "fill_percentage": 0.9867324950821904, "solution_time": 0.19419179996475577}
{"items_size": 2412, "stocks_size": 780, "fill_percentage": 0.9883393013593668, "solution_time": 0.1877864000853151}
{"items_size": 2400, "stocks_size": 814, "fill_percentage": 0.9899718817140238, "solution_time": 0.18738939997274429}
{"items_size": 2443, "stocks_size": 819, "fill_percentage": 0.9888235057126674, "solution_time": 0.17279139999300241}
{"items_size": 2425, "stocks_size": 791, "fill_percentage": 0.9896586470043266, "solution_time": 0.21925060008652508}
{"items_size": 2466, "stocks_size": 812, "fill_percentage": 0.9880150504762065, "solution_time": 0.2229131000349298}
{"items_size": 2432, "stocks_size": 818, "fill_percentage": 0.9880156053916785, "solution_time": 0.15419519995339215}
{"items_size": 2436, "stocks_size": 763, "fill_percentage": 0.9909941190512359, "solution_time": 0.19237810000777245}
{"items_size": 2443, "stocks_size": 818, "fill_percentage": 0.9871187691241914, "solution_time": 0.22008970007300377}
{"items_size": 2435, "stocks_size": 783, "fill_percentage": 0.9882715303050454, "solution_time": 0.16443380003329366}
{"items_size": 2438, "stocks_size": 764, "fill_percentage": 0.9886712181168862, "solution_time": 0.15845720004290342}
{"items_size": 2416, "stocks_size": 805, "fill_percentage": 0.9885439592052887, "solution_time": 0.19023740000557154}
{"items_size": 2458, "stocks_size": 777, "fill_percentage": 0.9903080471838805, "solution_time": 0.1844273000024259}
{"items_size": 2466, "stocks_size": 776, "fill_percentage": 0.9874147965773804, "solution_time": 0.16947590000927448}
{"items_size": 2391, "stocks_size": 822, "fill_percentage": 0.9890955231674395, "solution_time": 0.18982799991499633}
{"items_size": 2463, "stocks_size": 746, "fill_percentage": 0.9887766646109611, "solution_time": 0.22022859996650368}
{"items_size": 2414, "stocks_size": 801, "fill_percentage": 0.9900691098794632, "solution_time": 0.18085699994117022}
{"items_size": 2439, "stocks_size": 819, "fill_percentage": 0.9911850192976605, "solution_time": 0.2079599000280723}
{"items_size": 2413, "stocks_size": 804, "fill_percentage": 0.9864089210879393, "solution_time": 0.21796909999102354}
{"items_size": 2458, "stocks_size": 762, "fill_percentage": 0.9883221545051228, "solution_time": 0.21215359994675964}
{"items_size": 2418, "stocks_size": 781, "fill_percentage": 0.9881463100465224, "solution_time": 0.19648329995106906}
{"items_size": 2390, "stocks_size": 802, "fill_percentage": 0.9840618197594676, "solution_time": 0.19964770006481558}
{"items_size": 2460, "stocks_size": 779, "fill_percentage": 0.9879012042826879, "solution_time": 0.22033909999299794}
{"items_size": 2443, "stocks_size": 817, "fill_percentage": 0.99054973248417, "solution_time": 0.2135430999333039}
{"items_size": 2433, "stocks_size": 785, "fill_percentage": 0.9881478566793713, "solution_time": 0.18802940007299185}
{"items_size": 2408, "stocks_size": 808, "fill_percentage": 0.9884799724542467, "solution_time": 0.21033310005441308}
{"items_size": 2392, "stocks_size": 808, "fill_percentage": 0.9881099295759036, "solution_time": 0.20688900002278388}
{"items_size": 2406, "stocks_size": 822, "fill_percentage": 0.9902568201343175, "solution_time": 0.19439730001613498}
{"items_size": 2462, "stocks_size": 793, "fill_percentage": 0.9874780287390683, "solution_time": 0.2303859000094235}
{"items_size": 2377, "stocks_size": 819, "fill_percentage": 0.9896175893753186, "solution_time": 0.2066130000166595}
{"items_size": 2433, "stocks_size": 786, "fill_percentage": 0.9908564252743318, "solution_time": 0.19104549998883158}
{"items_size": 2407, "stocks_size": 805, "fill_percentage": 0.9879805769370827,