{"items_size": 2372, "stocks_size": 819, "fill_percentage": 0.6877032960869321, "solution_time": 0.24351920001208782}
{"items_size": 2452, "stocks_size": 777, "fill_percentage": 0.6897105198789811, "solution_time": 0.2654577000066638}
{"items_size": 2352, "stocks_size": 816, "fill_percentage": 0.6827242637525781, "solution_time": 0.23242430004756898}
{"items_size": 2439, "stocks_size": 797, "fill_percentage": 0.6788907136728087, "solution_time": 0.27668150002136827}
{"items_size": 2447, "stocks_size": 816, "fill_percentage": 0.6983065743636121, "solution_time": 0.22955990000627935}
{"items_size": 2417, "stocks_size": 794, "fill_percentage": 0.6888467924802323, "solution_time": 0.2878238999983296}
{"items_size": 2424, "stocks_size": 790, "fill_percentage": 0.6904006308948177, "solution_time": 0.2641949000535533}
{"items_size": 2390, "stocks_size": 804, "fill_percentage": 0.6976308148676128, "solution_time": 0.2232559999683872}
{"items_size": 2463, "stocks_size": 764, "fill_percentage": 0.6967398066058695, "solution_time": 0.32495849998667836}
{"items_size": 2466, "stocks_size": 764, "fill_percentage": 0.6819399729395467, "solution_time": 0.247190700029023}
{"items_size": 2429, "stocks_size": 766, "fill_percentage": 0.6865093545222485, "solution_time": 0.27455720002762973}
{"items_size": 2439, "stocks_size": 791, "fill_percentage": 0.7001309506465923, "solution_time": 0.2825098999310285}
{"items_size": 2391, "stocks_size": 788, "fill_percentage": 0.6939743189352808, "solution_time": 0.30098109995014966}
{"items_size": 2465, "stocks_size": 786, "fill_percentage": 0.695452102190232, "solution_time": 0.3419552999548614}
{"items_size": 2436, "stocks_size": 778, "fill_percentage": 0.6918743502748614, "solution_time": 0.29000579996500164}
{"items_size": 2361, "stocks_size": 818, "fill_percentage": 0.6911779377668478, "solution_time": 0.27918399998452514}
{"items_size": 2430, "stocks_size": 809, "fill_percentage": 0.6960025761501193, "solution_time": 0.2766251000575721}
{"items_size": 2454, "stocks_size": 751, "fill_percentage": 0.6854181477497937, "solution_time": 0.23336240008939058}
{"items_size": 2441, "stocks_size": 790, "fill_percentage": 0.6954994710466532, "solution_time": 0.30883890006225556}
{"items_size": 2422, "stocks_size": 823, "fill_percentage": 0.6854283779446612, "solution_time": 0.2798311999067664}
{"items_size": 2366, "stocks_size": 807, "fill_percentage": 0.6942081136902173, "solution_time": 0.27049920009449124}
{"items_size": 2464, "stocks_size": 744, "fill_percentage": 0.6867210983783326, "solution_time": 0.2783643000293523}
{"items_size": 2442, "stocks_size": 806, "fill_percentage": 0.6915927929954692, "solution_time": 0.28064399992581457}
{"items_size": 2433, "stocks_size": 765, "fill_percentage": 0.6968878940261121, "solution_time": 0.30798309994861484}
{"items_size": 2408, "stocks_size": 803, "fill_percentage": 0.6784002326292785, "solution_time": 0.2588658999884501}
{"items_size": 2392, "stocks_size": 821, "fill_percentage": 0.7008383890219417, "solution_time": 0.25549670006148517}
{"items_size": 2426, "stocks_size": 794, "fill_percentage": 0.6816536383190809, "solution_time": 0.25964760000351816}
{"items_size": 2454, "stocks_size": 787, "fill_percentage": 0.6988687465552542, "solution_time": 0.2923058000160381}
{"items_size": 2415, "stocks_size": 782, "fill_percentage": 0.6881421190303587, "solution_time": 0.27905310003552586}
{"items_size": 2368, "stocks_size": 817, "fill_percentage": 0.6930490961962695, "solution_time": 0.21180250006727874}
{"items_size": 2440, "stocks_size": 795, "fill_percentage": 0.6849997381450194, "solution_time": 0.28516279999166727}
{"items_size": 2437, "stocks_size": 807, "fill_percentage": 0.694957595504118, "solution_time": 0.30413730000145733}
{"items_size": 2415, "stocks_size": 776, "fill_percentage": 0.6886029302882479, "solution_time": 0.298033699975349}
{"items_size": 2442, "stocks_size": 790, "fill_percentage": 0.6878046480375803, "solution_time": 0.296915499959141}
{"items_size": 2369, "stocks_size": 808, "fill_percentage": 0.7070742153219722, "solution_time": 0.2865310999331996}
{"items_size": 2448, "stocks_size": 774, "fill_percentage": 0.6842452689739635, "solution_time": 0.25167870009317994}
{"items_size": 2390, "stocks_size": 821, "fill_percentage": 0.6898826272053232, "solution_time": 0.26608229998964816}
{"items_size": 2412, "stocks_size": 780, "fill_percentage": 0.6865163745671093, "solution_time": 0.2923896999564022}
{"items_size": 2400, "stocks_size": 814, "fill_percentage": 0.6962674110591004, "solution_time": 0.2952703000046313}
{"items_size": 2443, "stocks_size": 819, "fill_percentage": 0.6929282017066579, "solution_time": 0.25493159994948655}
{"items_size": 2425, "stocks_size": 791, "fill_percentage": 0.7002161604199205, "solution_time": 0.3042000000132248}
{"items_size": 2466, "stocks_size": 812, "fill_percentage": 0.6953980619418583, "solution_time": 0.360359700047411}
{"items_size": 2432, "stocks_size": 818, "fill_percentage": 0.6984916874297604, "solution_time": 0.3002126000355929}
{"items_size": 2436, "stocks_size": 763, "fill_percentage": 0.6910424459022603, "solution_time": 0.2834700000239536}
{"items_size": 2443, "stocks_size": 818, "fill_percentage": 0.6940782148067149, "solution_time": 0.27909920003730804}
{"items_size": 2435, "stocks_size": 783, "fill_percentage": 0.6870242449381322, "solution_time": 0.3128565000370145}
{"items_size": 2438, "stocks_size": 764, "fill_percentage": 0.6869791819412033, "solution_time": 0.3042430999921635}
{"items_size": 2416, "stocks_size": 805, "fill_percentage": 0.6925876430607767, "solution_time": 0.32327659998554736}
{"items_size": 2458, "stocks_size": 777, "fill_percentage": 0.6829521388224061, "solution_time": 0.3067267999285832}
{"items_size": 2466, "stocks_size": 776, "fill_percentage": 0.6895324743666696, "solution_time": 0.29372270009480417}
{"items_size": 2391, "stocks_size": 822, "fill_percentage": 0.692533121547645, "solution_time": 0.26762290007900447}
{"items_size": 2463, "stocks_size": 746, "fill_percentage": 0.6786851067510765, "solution_time": 0.3261292000534013}
{"items_size": 2414, "stocks_size": 801, "fill_percentage": 0.6859465399859903, "solution_time": 0.3024081999901682}
{"items_size": 2439, "stocks_size": 819, "fill_percentage": 0.694864630253118, "solution_time": 0.30223060003481805}
{"items_size": 2413, "stocks_size": 804, "fill_percentage": 0.6831980045973661, "solution_time": 0.3212020000210032}
{"items_size": 2458, "stocks_size": 762, "fill_percentage": 0.691277877852389, "solution_time": 0.33441570005379617}
{"items_size": 2418, "stocks_size": 781, "fill_percentage": 0.6948159142514394, "solution_time": 0.3244252000004053}
{"items_size": 2390, "stocks_size": 802, "fill_percentage": 0.6964871737351936, "solution_time": 0.2972039000596851}
{"items_size": 2460, "stocks_size": 779, "fill_percentage": 0.6901146235491125, "solution_time": 0.3035777999320999}
{"items_size": 2443, "stocks_size": 817, "fill_percentage": 0.6985560415987777, "solution_time": 0.330969600006938}
{"items_size": 2433, "stocks_size": 785, "fill_percentage": 0.6990695314114196, "solution_time": 0.32511849992442876}
{"items_size": 2408, "stocks_size": 808, "fill_percentage": 0.6925933201849731, "solution_time": 0.2942610998870805}
{"items_size": 2392, "stocks_size": 808, "fill_percentage": 0.7030228042257569, "solution_time": 0.3025903000961989}
{"items_size": 2406, "stocks_size": 822, "fill_percentage": 0.6856606051791811, "solution_time": 0.31447330000810325}
{"items_size": 2462, "stocks_size": 793, "fill_percentage": 0.6893753345824412, "solution_time": 0.31679069995880127}
{"items_size": 2377, "stocks_size": 819, "fill_percentage": 0.6933399675819902, "solution_time": 0.29593780008144677}
{"items_size": 2433, "stocks_size": 786, "fill_percentage": 0.6879883039093263, "solution_time": 0.33090209995862097}
{"items_size": 2407, "stocks_size": 805,