{"items_size": 2372, "stocks_size": 819, "fill_percentage": 0.6707364910624587, "solution_time": 0.31233500002417713}
{"items_size": 2452, "stocks_size": 777, "fill_percentage": 0.6825564955976059, "solution_time": 0.3180485999910161}
{"items_size": 2352, "stocks_size": 816, "fill_percentage": 0.678890888247465, "solution_time": 0.2926883000181988}
{"items_size": 2439, "stocks_size": 797, "fill_percentage": 0.6779119545076991, "solution_time": 0.3282941000070423}
{"items_size": 2447, "stocks_size": 816, "fill_percentage": 0.6745572978187259, "solution_time": 0.333049500011839}
{"items_size": 2417, "stocks_size": 794, "fill_percentage": 0.6891942065764625, "solution_time": 0.347078499966301}
{"items_size": 2424, "stocks_size": 790, "fill_percentage": 0.6894924430217778, "solution_time": 0.30921209999360144}
{"items_size": 2390, "stocks_size": 804, "fill_percentage": 0.6824489101865175, "solution_time": 0.3588653999613598}
{"items_size": 2463, "stocks_size": 764, "fill_percentage": 0.6960270052040398, "solution_time": 0.4046373999444768}
{"items_size": 2466, "stocks_size": 764, "fill_percentage": 0.6809142380865632, "solution_time": 0.3850006000138819}
{"items_size": 2429, "stocks_size": 766, "fill_percentage": 0.6833324482351347, "solution_time": 0.3996733999811113}
{"items_size": 2439, "stocks_size": 791, "fill_percentage": 0.6845449699645157, "solution_time": 0.33871310006361455}
{"items_size": 2391, "stocks_size": 788, "fill_percentage": 0.6773909886551069, "solution_time": 0.3263904999475926}
{"items_size": 2465, "stocks_size": 786, "fill_percentage": 0.6775028429313531, "solution_time": 0.38754280004650354}
{"items_size": 2436, "stocks_size": 778, "fill_percentage": 0.6828249993756815, "solution_time": 0.38563429994974285}
{"items_size": 2361, "stocks_size": 818, "fill_percentage": 0.6786843751229793, "solution_time": 0.362878100015223}
{"items_size": 2430, "stocks_size": 809, "fill_percentage": 0.6864112791633344, "solution_time": 0.3918812000192702}
{"items_size": 2454, "stocks_size": 751, "fill_percentage": 0.6827473120376509, "solution_time": 0.42701859993394464}
{"items_size": 2441, "stocks_size": 790, "fill_percentage": 0.6931022808986499, "solution_time": 0.43029619997832924}
{"items_size": 2422, "stocks_size": 823, "fill_percentage": 0.6962986989158827, "solution_time": 0.3854289000155404}
{"items_size": 2366, "stocks_size": 807, "fill_percentage": 0.6930182863082167, "solution_time": 0.3812916000606492}
{"items_size": 2464, "stocks_size": 744, "fill_percentage": 0.6837594080111882, "solution_time": 0.3706135000102222}
{"items_size": 2442, "stocks_size": 806, "fill_percentage": 0.6882883943332945, "solution_time": 0.36239310004748404}
{"items_size": 2433, "stocks_size": 765, "fill_percentage": 0.6866487722437618, "solution_time": 0.3715949000325054}
{"items_size": 2408, "stocks_size": 803, "fill_percentage": 0.672474512237729, "solution_time": 0.3823122000321746}
{"items_size": 2392, "stocks_size": 821, "fill_percentage": 0.6842989960514777, "solution_time": 0.38377450010739267}
{"items_size": 2426, "stocks_size": 794, "fill_percentage": 0.6760971200454555, "solution_time": 0.3718451000750065}
{"items_size": 2454, "stocks_size": 787, "fill_percentage": 0.7087145774816707, "solution_time": 0.42620450002141297}
{"items_size": 2415, "stocks_size": 782, "fill_percentage": 0.6835786160137753, "solution_time": 0.3889351000543684}
{"items_size": 2368, "stocks_size": 817, "fill_percentage": 0.6965991946940071, "solution_time": 0.3590560000156984}
{"items_size": 2440, "stocks_size": 795, "fill_percentage": 0.6746986039539098, "solution_time": 0.35863479995168746}
{"items_size": 2437, "stocks_size": 807, "fill_percentage": 0.6895416877483959, "solution_time": 0.40319950005505234}
{"items_size": 2415, "stocks_size": 776, "fill_percentage": 0.6861695669257478, "solution_time": 0.3671256999950856}
{"items_size": 2442, "stocks_size": 790, "fill_percentage": 0.6743805323615806, "solution_time": 0.418355300091207}
{"items_size": 2369, "stocks_size": 808, "fill_percentage": 0.69303899859792, "solution_time": 0.35781929991208017}
{"items_size": 2448, "stocks_size": 774, "fill_percentage": 0.6846529825261601, "solution_time": 0.4198852999834344}
{"items_size": 2390, "stocks_size": 821, "fill_percentage": 0.6933980867930271, "solution_time": 0.4071570999221876}
{"items_size": 2412, "stocks_size": 780, "fill_percentage": 0.6853499937976265, "solution_time": 0.3616391000105068}
{"items_size": 2400, "stocks_size": 814, "fill_percentage": 0.6889797101300593, "solution_time": 0.408356299973093}
{"items_size": 2443, "stocks_size": 819, "fill_percentage": 0.6838982137537397, "solution_time": 0.403266099980101}
{"items_size": 2425, "stocks_size": 791, "fill_percentage": 0.6806310493075011, "solution_time": 0.3865303999045864}
{"items_size": 2466, "stocks_size": 812, "fill_percentage": 0.690562795684407, "solution_time": 0.4279386999551207}
{"items_size": 2432, "stocks_size": 818, "fill_percentage": 0.6880890524917883, "solution_time": 0.3946581999771297}
{"items_size": 2436, "stocks_size": 763, "fill_percentage": 0.6950926755442677, "solution_time": 0.42682369996327907}
{"items_size": 2443, "stocks_size": 818, "fill_percentage": 0.7018653421354271, "solution_time": 0.4149963000090793}
{"items_size": 2435, "stocks_size": 783, "fill_percentage": 0.6874674355007395, "solution_time": 0.40307330002542585}
{"items_size": 2438, "stocks_size": 764, "fill_percentage": 0.6857544101478253, "solution_time": 0.3576250000623986}
{"items_size": 2416, "stocks_size": 805, "fill_percentage": 0.6808761382460636, "solution_time": 0.42325270001310855}
{"items_size": 2458, "stocks_size": 777, "fill_percentage": 0.6837418865406791, "solution_time": 0.41744779993314296}
{"items_size": 2466, "stocks_size": 776, "fill_percentage": 0.6939968130529934, "solution_time": 0.37276280007790774}
{"items_size": 2391, "stocks_size": 822, "fill_percentage": 0.6829473626514325, "solution_time": 0.366150000016205}
{"items_size": 2463, "stocks_size": 746, "fill_percentage": 0.6823408005810812, "solution_time": 0.40888539992738515}
{"items_size": 2414, "stocks_size": 801, "fill_percentage": 0.6919490848752551, "solution_time": 0.3556307000108063}
{"items_size": 2439, "stocks_size": 819, "fill_percentage": 0.6897630674624706, "solution_time": 0.39512030000332743}
{"items_size": 2413, "stocks_size": 804, "fill_percentage": 0.692613107845747, "solution_time": 0.3889857999747619}
{"items_size": 2458, "stocks_size": 762, "fill_percentage": 0.6960306984143101, "solution_time": 0.41097970004193485}
{"items_size": 2418, "stocks_size": 781, "fill_percentage": 0.6901634798866798, "solution_time": 0.40977939998265356}
{"items_size": 2390, "stocks_size": 802, "fill_percentage": 0.6930710201393167, "solution_time": 0.3819863999960944}
{"items_size": 2460, "stocks_size": 779, "fill_percentage": 0.6832613154785608, "solution_time": 0.4604553999379277}
{"items_size": 2443, "stocks_size": 817, "fill_percentage": 0.6885316130547297, "solution_time": 0.40404900000430644}
{"items_size": 2433, "stocks_size": 785, "fill_percentage": 0.6897562369519277, "solution_time": 0.40250839991495013}
{"items_size": 2408, "stocks_size": 808, "fill_percentage": 0.6923830282608218, "solution_time": 0.43085609993431717}
{"items_size": 2392, "stocks_size": 808, "fill_percentage": 0.6767168246730325, "solution_time": 0.34978149994276464}
{"items_size": 2406, "stocks_size": 822, "fill_percentage": 0.6915000029846393, "solution_time": 0.3614632999524474}
{"items_size": 2462, "stocks_size": 793, "fill_percentage": 0.6785960269590094, "solution_time": 0.41308399999979883}
{"items_size": 2377, "stocks_size": 819, "fill_percentage": 0.6955318757525268, "solution_time": 0.42458029999397695}
{"items_size": 2433, "stocks_size": 786, "fill_percentage": 0.6930435744778671, "solution_time": 0.3576091000577435}
{"items_size": 2407, "stocks_size": 805, "fill_percentage": 0.6979646696578852,