{"items_size": 2372, "stocks_size": 819, "fill_percentage": 0.9894985176181041, "solution_time": 0.18008439999539405}
{"items_size": 2452, "stocks_size": 777, "fill_percentage": 0.9881120509313863, "solution_time": 0.17591460002586246}
{"items_size": 2352, "stocks_size": 816, "fill_percentage": 0.9840680272275021, "solution_time": 0.1577591000823304}
{"items_size": 2439, "stocks_size": 797, "fill_percentage": 0.9864138353962587, "solution_time": 0.20742069999687374}
{"items_size": 2447, "stocks_size": 816, "fill_percentage": 0.9833394815305962, "solution_time": 0.20168390008620918}
{"items_size": 2417, "stocks_size": 794, "fill_percentage": 0.9870200261934504, "solution_time": 0.19976800004951656}
{"items_size": 2424, "stocks_size": 790, "fill_percentage": 0.9898572558814881, "solution_time": 0.2463690999429673}
{"items_size": 2390, "stocks_size": 804, "fill_percentage": 0.9840683986892469, "solution_time": 0.17889389989431947}
{"items_size": 2463, "stocks_size": 764, "fill_percentage": 0.9863469247031998, "solution_time": 0.19273869995959103}
{"items_size": 2466, "stocks_size": 764, "fill_percentage": 0.9867435370581714, "solution_time": 0.1514445999637246}
{"items_size": 2429, "stocks_size": 766, "fill_percentage": 0.9878756931214853, "solution_time": 0.17290250002406538}
{"items_size": 2439, "stocks_size": 791, "fill_percentage": 0.9872084721210969, "solution_time": 0.15604320005513728}
{"items_size": 2391, "stocks_size": 788, "fill_percentage": 0.9844227224514709, "solution_time": 0.17578789999242872}
{"items_size": 2465, "stocks_size": 786, "fill_percentage": 0.9879030677352144, "solution_time": 0.22428299998864532}
{"items_size": 2436, "stocks_size": 778, "fill_percentage": 0.9825519763406884, "solution_time": 0.16967710002791137}
{"items_size": 2361, "stocks_size": 818, "fill_percentage": 0.9884449772143317, "solution_time": 0.14815580006688833}
{"items_size": 2430, "stocks_size": 809, "fill_percentage": 0.9882514806637839, "solution_time": 0.17526110005564988}
{"items_size": 2454, "stocks_size": 751, "fill_percentage": 0.9881624619915125, "solution_time": 0.16706989996600896}
{"items_size": 2441, "stocks_size": 790, "fill_percentage": 0.9875815354488812, "solution_time": 0.15250510000623763}
{"items_size": 2422, "stocks_size": 823, "fill_percentage": 0.9859392394539817, "solution_time": 0.1536848999094218}
{"items_size": 2366, "stocks_size": 807, "fill_percentage": 0.9849892749707597, "solution_time": 0.16694030002690852}
{"items_size": 2464, "stocks_size": 744, "fill_percentage": 0.9873021692493574, "solution_time": 0.17282159999012947}
{"items_size": 2442, "stocks_size": 806, "fill_percentage": 0.9826051447172051, "solution_time": 0.2089523000176996}
{"items_size": 2433, "stocks_size": 765, "fill_percentage": 0.9867279654871647, "solution_time": 0.15299950004555285}
{"items_size": 2408, "stocks_size": 803, "fill_percentage": 0.986976842570597, "solution_time": 0.22006959991995245}
{"items_size": 2392, "stocks_size": 821, "fill_percentage": 0.9885938004216427, "solution_time": 0.1921298000961542}
{"items_size": 2426, "stocks_size": 794, "fill_percentage": 0.98582329693245, "solution_time": 0.20142260007560253}
{"items_size": 2454, "stocks_size": 787, "fill_percentage": 0.9904673673795077, "solution_time": 0.17480019992217422}
{"items_size": 2415, "stocks_size": 782, "fill_percentage": 0.9912564381888154, "solution_time": 0.21591140003874898}
{"items_size": 2368, "stocks_size": 817, "fill_percentage": 0.9881714574471738, "solution_time": 0.1414807999972254}
{"items_size": 2440, "stocks_size": 795, "fill_percentage": 0.9848134095607003, "solution_time": 0.15136110002640635}
{"items_size": 2437, "stocks_size": 807, "fill_percentage": 0.9844699531387464, "solution_time": 0.17964500002563}
{"items_size": 2415, "stocks_size": 776, "fill_percentage": 0.9869528121856223, "solution_time": 0.1572535999584943}
{"items_size": 2442, "stocks_size": 790, "fill_percentage": 0.988902366978519, "solution_time": 0.17110749997664243}
{"items_size": 2369, "stocks_size": 808, "fill_percentage": 0.9853305315765561, "solution_time": 0.2068112000124529}
{"items_size": 2448, "stocks_size": 774, "fill_percentage": 0.9861927326336294, "solution_time": 0.20961449993774295}
{"items_size": 2390, "stocks_size": 821, "fill_percentage": 0.9867324950821904, "solution_time": 0.1790169000159949}
{"items_size": 2412, "stocks_size": 780, "fill_percentage": 0.9883393013593668, "solution_time": 0.18849979992955923}
{"items_size": 2400, "stocks_size": 814, "fill_percentage": 0.9899718817140238, "solution_time": 0.17933389998506755}
{"items_size": 2443, "stocks_size": 819, "fill_percentage": 0.9888235057126674, "solution_time": 0.19893149996642023}
{"items_size": 2425, "stocks_size": 791, "fill_percentage": 0.9858716225899429, "solution_time": 0.21866790007334203}
{"items_size": 2466, "stocks_size": 812, "fill_percentage": 0.9880150504762065, "solution_time": 0.21831879997625947}
{"items_size": 2432, "stocks_size": 818, "fill_percentage": 0.9880156053916785, "solution_time": 0.20573190005961806}
{"items_size": 2436, "stocks_size": 763, "fill_percentage": 0.9868011617052173, "solution_time": 0.20709469995927066}
{"items_size": 2443, "stocks_size": 818, "fill_percentage": 0.9871187691241914, "solution_time": 0.1829836000688374}
{"items_size": 2435, "stocks_size": 783, "fill_percentage": 0.9882715303050454, "solution_time": 0.22640459996182472}
{"items_size": 2438, "stocks_size": 764, "fill_percentage": 0.9886712181168862, "solution_time": 0.19836720009334385}
{"items_size": 2416, "stocks_size": 805, "fill_percentage": 0.9885439592052887, "solution_time": 0.223312700050883}
{"items_size": 2458, "stocks_size": 777, "fill_percentage": 0.9864309381782507, "solution_time": 0.21184359991457313}
{"items_size": 2466, "stocks_size": 776, "fill_percentage": 0.9874147965773804, "solution_time": 0.22252710000611842}
{"items_size": 2391, "stocks_size": 822, "fill_percentage": 0.9890955231674395, "solution_time": 0.20721439993940294}
{"items_size": 2463, "stocks_size": 746, "fill_percentage": 0.9887766646109611, "solution_time": 0.15438019996508956}
{"items_size": 2414, "stocks_size": 801, "fill_percentage": 0.9860480225191497, "solution_time": 0.17078260006383061}
{"items_size": 2439, "stocks_size": 819, "fill_percentage": 0.9911850192976605, "solution_time": 0.19265490001998842}
{"items_size": 2413, "stocks_size": 804, "fill_percentage": 0.9864089210879393, "solution_time": 0.14664209994953126}
{"items_size": 2458, "stocks_size": 762, "fill_percentage": 0.9883221545051228, "solution_time": 0.21452599996700883}
{"items_size": 2418, "stocks_size": 781, "fill_percentage": 0.9881463100465224, "solution_time": 0.21457539999391884}
{"items_size": 2390, "stocks_size": 802, "fill_percentage": 0.9840618197594676, "solution_time": 0.1851019999012351}
{"items_size": 2460, "stocks_size": 779, "fill_percentage": 0.9879012042826879, "solution_time": 0.16888120002113283}
{"items_size": 2443, "stocks_size": 817, "fill_percentage": 0.99054973248417, "solution_time": 0.1704417000291869}
{"items_size": 2433, "stocks_size": 785, "fill_percentage": 0.9881478566793713, "solution_time": 0.18911639996804297}
{"items_size": 2408, "stocks_size": 808, "fill_percentage": 0.9884799724542467, "solution_time": 0.17100920004304498}
{"items_size": 2392, "stocks_size": 808, "fill_percentage": 0.9839357602106986, "solution_time": 0.1824429000262171}
{"items_size": 2406, "stocks_size": 822, "fill_percentage": 0.9902568201343175, "solution_time": 0.1863020999589935}
{"items_size": 2462, "stocks_size": 793, "fill_percentage": 0.9874780287390683, "solution_time": 0.21554570004809648}
{"items_size": 2377, "stocks_size": 819, "fill_percentage": 0.9896175893753186, "solution_time": 0.20729890000075102}
{"items_size": 2433, "stocks_size": 786, "fill_percentage": 0.9908564252743318, "solution_time": 0.19958790007513016}
{"items_size": 2407, "stocks_size": 805,