{"items_size": 2372, "stocks_size": 819, "fill_percentage": 0.7171227041513777, "solution_time": 0.40891710005234927}
{"items_size": 2452, "stocks_size": 777, "fill_percentage": 0.7058676030190645, "solution_time": 0.5196461000014096}
{"items_size": 2352, "stocks_size": 816, "fill_percentage": 0.7039460319720898, "solution_time": 0.47354699997231364}
{"items_size": 2439, "stocks_size": 797, "fill_percentage": 0.7050656733940327, "solution_time": 0.5789496999932453}
{"items_size": 2447, "stocks_size": 816, "fill_percentage": 0.7035305903509117, "solution_time": 0.4476416000397876}
{"items_size": 2417, "stocks_size": 794, "fill_percentage": 0.7105780947461848, "solution_time": 0.36988670006394386}
{"items_size": 2424, "stocks_size": 790, "fill_percentage": 0.7167072269249881, "solution_time": 0.42711659998167306}
{"items_size": 2390, "stocks_size": 804, "fill_percentage": 0.7113862940488782, "solution_time": 0.3507359999930486}
{"items_size": 2463, "stocks_size": 764, "fill_percentage": 0.715118228569443, "solution_time": 0.44850260007660836}
{"items_size": 2466, "stocks_size": 764, "fill_percentage": 0.7068741454075015, "solution_time": 0.5143148000352085}
{"items_size": 2429, "stocks_size": 766, "fill_percentage": 0.7068509939372828, "solution_time": 0.45418800006154925}
{"items_size": 2439, "stocks_size": 791, "fill_percentage": 0.7087023247834644, "solution_time": 0.48477860004641116}
{"items_size": 2391, "stocks_size": 788, "fill_percentage": 0.7021112037502805, "solution_time": 0.4592697999905795}
{"items_size": 2465, "stocks_size": 786, "fill_percentage": 0.7188749616812562, "solution_time": 0.5031829999061301}
{"items_size": 2436, "stocks_size": 778, "fill_percentage": 0.7031068257422705, "solution_time": 0.5019129998981953}
{"items_size": 2361, "stocks_size": 818, "fill_percentage": 0.7131225027636485, "solution_time": 0.4867761000059545}
{"items_size": 2430, "stocks_size": 809, "fill_percentage": 0.7081875368879368, "solution_time": 0.5266840000404045}
{"items_size": 2454, "stocks_size": 751, "fill_percentage": 0.7075071772691812, "solution_time": 0.5404622000642121}
{"items_size": 2441, "stocks_size": 790, "fill_percentage": 0.7128855606619473, "solution_time": 0.48212910001166165}
{"items_size": 2422, "stocks_size": 823, "fill_percentage": 0.7090859811847702, "solution_time": 0.5380879000294954}
{"items_size": 2366, "stocks_size": 807, "fill_percentage": 0.7056966428675236, "solution_time": 0.40018450003117323}
{"items_size": 2464, "stocks_size": 744, "fill_percentage": 0.7101371007896796, "solution_time": 0.5184114000294358}
{"items_size": 2442, "stocks_size": 806, "fill_percentage": 0.7069121482527296, "solution_time": 0.4479827999603003}
{"items_size": 2433, "stocks_size": 765, "fill_percentage": 0.7075314874525636, "solution_time": 0.42808599991258234}
{"items_size": 2408, "stocks_size": 803, "fill_percentage": 0.6943335466528002, "solution_time": 0.4490778000326827}
{"items_size": 2392, "stocks_size": 821, "fill_percentage": 0.7209866571795784, "solution_time": 0.5199439999414608}
{"items_size": 2426, "stocks_size": 794, "fill_percentage": 0.6911659413093325, "solution_time": 0.4836976000806317}
{"items_size": 2454, "stocks_size": 787, "fill_percentage": 0.7217140032199356, "solution_time": 0.49350119999144226}
{"items_size": 2415, "stocks_size": 782, "fill_percentage": 0.712922058676525, "solution_time": 0.5224698999663815}
{"items_size": 2368, "stocks_size": 817, "fill_percentage": 0.7129162491178936, "solution_time": 0.45920849998947233}
{"items_size": 2440, "stocks_size": 795, "fill_percentage": 0.7099684299439956, "solution_time": 0.4962890000315383}
{"items_size": 2437, "stocks_size": 807, "fill_percentage": 0.7135211689153872, "solution_time": 0.4989057999337092}
{"items_size": 2415, "stocks_size": 776, "fill_percentage": 0.7061001639899003, "solution_time": 0.5310291000641882}
{"items_size": 2442, "stocks_size": 790, "fill_percentage": 0.70312140230915, "solution_time": 0.530779599910602}
{"items_size": 2369, "stocks_size": 808, "fill_percentage": 0.7119104240260131, "solution_time": 0.5313923999201506}
{"items_size": 2448, "stocks_size": 774, "fill_percentage": 0.7057335491053875, "solution_time": 0.4967410999815911}
{"items_size": 2390, "stocks_size": 821, "fill_percentage": 0.7121104941266463, "solution_time": 0.5208427999168634}
{"items_size": 2412, "stocks_size": 780, "fill_percentage": 0.7210553768156159, "solution_time": 0.5691948999883607}
{"items_size": 2400, "stocks_size": 814, "fill_percentage": 0.7014724526065061, "solution_time": 0.4920646999962628}
{"items_size": 2443, "stocks_size": 819, "fill_percentage": 0.7062185812697822, "solution_time": 0.5029878999339417}
{"items_size": 2425, "stocks_size": 791, "fill_percentage": 0.7085293169896568, "solution_time": 0.46121810004115105}
{"items_size": 2466, "stocks_size": 812, "fill_percentage": 0.7084598558514379, "solution_time": 0.6007519999984652}
{"items_size": 2432, "stocks_size": 818, "fill_percentage": 0.7146651912144161, "solution_time": 0.4797923000296578}
{"items_size": 2436, "stocks_size": 763, "fill_percentage": 0.7120270927665308, "solution_time": 0.5462764999829233}
{"items_size": 2443, "stocks_size": 818, "fill_percentage": 0.722527224451734, "solution_time": 0.563956500031054}
{"items_size": 2435, "stocks_size": 783, "fill_percentage": 0.7135868720677873, "solution_time": 0.4894162999698892}
{"items_size": 2438, "stocks_size": 764, "fill_percentage": 0.7133447893328693, "solution_time": 0.4456293999683112}
{"items_size": 2416, "stocks_size": 805, "fill_percentage": 0.6944501816531965, "solution_time": 0.5137998000718653}
{"items_size": 2458, "stocks_size": 777, "fill_percentage": 0.7088515038914492, "solution_time": 0.5390722999582067}
{"items_size": 2466, "stocks_size": 776, "fill_percentage": 0.712970957104969, "solution_time": 0.48395110003184527}
{"items_size": 2391, "stocks_size": 822, "fill_percentage": 0.6991188652952334, "solution_time": 0.46146350004710257}
{"items_size": 2463, "stocks_size": 746, "fill_percentage": 0.7025263194549232, "solution_time": 0.5069330000551417}
{"items_size": 2414, "stocks_size": 801, "fill_percentage": 0.7024799964067322, "solution_time": 0.5145963999675587}
{"items_size": 2439, "stocks_size": 819, "fill_percentage": 0.719415109229106, "solution_time": 0.5155122999567538}
{"items_size": 2413, "stocks_size": 804, "fill_percentage": 0.7226668934689363, "solution_time": 0.5308302999474108}
{"items_size": 2458, "stocks_size": 762, "fill_percentage": 0.7203180112997517, "solution_time": 0.5321849000174552}
{"items_size": 2418, "stocks_size": 781, "fill_percentage": 0.7116620296910401, "solution_time": 0.4992807999951765}
{"items_size": 2390, "stocks_size": 802, "fill_percentage": 0.7082664979678299, "solution_time": 0.5136610999470577}
{"items_size": 2460, "stocks_size": 779, "fill_percentage": 0.7104988307416665, "solution_time": 0.5277104000560939}
{"items_size": 2443, "stocks_size": 817, "fill_percentage": 0.699180111515893, "solution_time": 0.48461090005002916}
{"items_size": 2433, "stocks_size": 785, "fill_percentage": 0.7058693105537254, "solution_time": 0.5020766999805346}
{"items_size": 2408, "stocks_size": 808, "fill_percentage": 0.7132933127462464, "solution_time": 0.4513837000122294}
{"items_size": 2392, "stocks_size": 808, "fill_percentage": 0.7022609700375515, "solution_time": 0.45774290000554174}
{"items_size": 2406, "stocks_size": 822, "fill_percentage": 0.7173051542525148, "solution_time": 0.4858021999243647}
{"items_size": 2462, "stocks_size": 793, "fill_percentage": 0.7042280840344679, "solution_time": 0.4521573999663815}
{"items_size": 2377, "stocks_size": 819, "fill_percentage": 0.7105995331575288, "solution_time": 0.48655729996971786}
{"items_size": 2433, "stocks_size": 786, "fill_percentage": 0.714450562422684, "solution_time": 0.496421099989675}
{"items_size": 2407, "stocks_size": 805, "fill_percentage": 0.7148948449012509, "solution_time": 0.4814372999826446}
{"items_size": 2454,