{"items_size": 2372, "stocks_size": 819, "fill_percentage": 0.9894985176181041, "solution_time": 0.16895869991276413}
{"items_size": 2452, "stocks_size": 777, "fill_percentage": 0.9881120509313863, "solution_time": 0.2498428999679163}
{"items_size": 2352, "stocks_size": 816, "fill_percentage": 0.9881159267430893, "solution_time": 0.1610203000018373}
{"items_size": 2439, "stocks_size": 797, "fill_percentage": 0.9864138353962587, "solution_time": 0.2323481000494212}
{"items_size": 2447, "stocks_size": 816, "fill_percentage": 0.9872605997596543, "solution_time": 0.1940904000075534}
{"items_size": 2417, "stocks_size": 794, "fill_percentage": 0.9870200261934504, "solution_time": 0.18580789992120117}
{"items_size": 2424, "stocks_size": 790, "fill_percentage": 0.9857908696647082, "solution_time": 0.17838709999341518}
{"items_size": 2390, "stocks_size": 804, "fill_percentage": 0.9881881092932415, "solution_time": 0.21618420002050698}
{"items_size": 2463, "stocks_size": 764, "fill_percentage": 0.9863469247031998, "solution_time": 0.2069035000167787}
{"items_size": 2466, "stocks_size": 764, "fill_percentage": 0.9904806629121655, "solution_time": 0.1527936999918893}
{"items_size": 2429, "stocks_size": 766, "fill_percentage": 0.9878756931214853, "solution_time": 0.16444600000977516}
{"items_size": 2439, "stocks_size": 791, "fill_percentage": 0.9872084721210969, "solution_time": 0.17374569992534816}
{"items_size": 2391, "stocks_size": 788, "fill_percentage": 0.9885047708378526, "solution_time": 0.22456300002522767}
{"items_size": 2465, "stocks_size": 786, "fill_percentage": 0.9879030677352144, "solution_time": 0.20876770000904799}
{"items_size": 2436, "stocks_size": 778, "fill_percentage": 0.9864891842519533, "solution_time": 0.20540740003343672}
{"items_size": 2361, "stocks_size": 818, "fill_percentage": 0.9884449772143317, "solution_time": 0.16601630009245127}
{"items_size": 2430, "stocks_size": 809, "fill_percentage": 0.9882514806637839, "solution_time": 0.17119090002961457}
{"items_size": 2454, "stocks_size": 751, "fill_percentage": 0.9881624619915125, "solution_time": 0.20474259997718036}
{"items_size": 2441, "stocks_size": 790, "fill_percentage": 0.9875815354488812, "solution_time": 0.18420669995248318}
{"items_size": 2422, "stocks_size": 823, "fill_percentage": 0.9899620526130206, "solution_time": 0.1909544001100585}
{"items_size": 2366, "stocks_size": 807, "fill_percentage": 0.9890848822213596, "solution_time": 0.1995689000468701}
{"items_size": 2464, "stocks_size": 744, "fill_percentage": 0.9911566029737473, "solution_time": 0.19970940006896853}
{"items_size": 2442, "stocks_size": 806, "fill_percentage": 0.986404268057108, "solution_time": 0.18070980010088533}
{"items_size": 2433, "stocks_size": 765, "fill_percentage": 0.9867279654871647, "solution_time": 0.2162108999909833}
{"items_size": 2408, "stocks_size": 803, "fill_percentage": 0.986976842570597, "solution_time": 0.18535000004339963}
{"items_size": 2392, "stocks_size": 821, "fill_percentage": 0.9885938004216427, "solution_time": 0.1878132000565529}
{"items_size": 2426, "stocks_size": 794, "fill_percentage": 0.9898120985553368, "solution_time": 0.2189185000024736}
{"items_size": 2454, "stocks_size": 787, "fill_percentage": 0.9904673673795077, "solution_time": 0.18485010007862002}
{"items_size": 2415, "stocks_size": 782, "fill_percentage": 0.9912564381888154, "solution_time": 0.20832249999511987}
{"items_size": 2368, "stocks_size": 817, "fill_percentage": 0.9881714574471738, "solution_time": 0.20109780004713684}
{"items_size": 2440, "stocks_size": 795, "fill_percentage": 0.9886682439295825, "solution_time": 0.21587900002487004}
{"items_size": 2437, "stocks_size": 807, "fill_percentage": 0.9885450858833102, "solution_time": 0.19395590003114194}
{"items_size": 2415, "stocks_size": 776, "fill_percentage": 0.9869528121856223, "solution_time": 0.20477430010214448}
{"items_size": 2442, "stocks_size": 790, "fill_percentage": 0.988902366978519, "solution_time": 0.20908189995680004}
{"items_size": 2369, "stocks_size": 808, "fill_percentage": 0.989514074599815, "solution_time": 0.19220090005546808}
{"items_size": 2448, "stocks_size": 774, "fill_percentage": 0.9900578713985695, "solution_time": 0.21452279994264245}
{"items_size": 2390, "stocks_size": 821, "fill_percentage": 0.9867324950821904, "solution_time": 0.21889200003352016}
{"items_size": 2412, "stocks_size": 780, "fill_percentage": 0.9883393013593668, "solution_time": 0.21226930001284927}
{"items_size": 2400, "stocks_size": 814, "fill_percentage": 0.9899718817140238, "solution_time": 0.20504119992256165}
{"items_size": 2443, "stocks_size": 819, "fill_percentage": 0.9888235057126674, "solution_time": 0.18556689994875342}
{"items_size": 2425, "stocks_size": 791, "fill_percentage": 0.9896586470043266, "solution_time": 0.2205134000396356}
{"items_size": 2466, "stocks_size": 812, "fill_percentage": 0.9880150504762065, "solution_time": 0.2273548999801278}
{"items_size": 2432, "stocks_size": 818, "fill_percentage": 0.9880156053916785, "solution_time": 0.20260550000239164}
{"items_size": 2436, "stocks_size": 763, "fill_percentage": 0.9909941190512359, "solution_time": 0.21117360005155206}
{"items_size": 2443, "stocks_size": 818, "fill_percentage": 0.9871187691241914, "solution_time": 0.21525210002437234}
{"items_size": 2435, "stocks_size": 783, "fill_percentage": 0.9882715303050454, "solution_time": 0.22905849991366267}
{"items_size": 2438, "stocks_size": 764, "fill_percentage": 0.9886712181168862, "solution_time": 0.231787099968642}
{"items_size": 2416, "stocks_size": 805, "fill_percentage": 0.9845294976391928, "solution_time": 0.20962440001312643}
{"items_size": 2458, "stocks_size": 777, "fill_percentage": 0.9903080471838805, "solution_time": 0.21904450003057718}
{"items_size": 2466, "stocks_size": 776, "fill_percentage": 0.9874147965773804, "solution_time": 0.22841360000893474}
{"items_size": 2391, "stocks_size": 822, "fill_percentage": 0.9890955231674395, "solution_time": 0.22423160006292164}
{"items_size": 2463, "stocks_size": 746, "fill_percentage": 0.9887766646109611, "solution_time": 0.19072140008211136}
{"items_size": 2414, "stocks_size": 801, "fill_percentage": 0.9900691098794632, "solution_time": 0.22183519997633994}
{"items_size": 2439, "stocks_size": 819, "fill_percentage": 0.9871083083282953, "solution_time": 0.2098812999902293}
{"items_size": 2413, "stocks_size": 804, "fill_percentage": 0.9864089210879393, "solution_time": 0.19640270003583282}
{"items_size": 2458, "stocks_size": 762, "fill_percentage": 0.9883221545051228, "solution_time": 0.2006668000249192}
{"items_size": 2418, "stocks_size": 781, "fill_percentage": 0.9881463100465224, "solution_time": 0.2314341999590397}
{"items_size": 2390, "stocks_size": 802, "fill_percentage": 0.9883082351537754, "solution_time": 0.21107009996194392}
{"items_size": 2460, "stocks_size": 779, "fill_percentage": 0.9918182671368359, "solution_time": 0.2035086000105366}
{"items_size": 2443, "stocks_size": 817, "fill_percentage": 0.99054973248417, "solution_time": 0.17984699993394315}
{"items_size": 2433, "stocks_size": 785, "fill_percentage": 0.9881478566793713, "solution_time": 0.2205138000426814}
{"items_size": 2408, "stocks_size": 808, "fill_percentage": 0.9884799724542467, "solution_time": 0.20591529994271696}
{"items_size": 2392, "stocks_size": 808, "fill_percentage": 0.9881099295759036, "solution_time": 0.1871474999934435}
{"items_size": 2406, "stocks_size": 822, "fill_percentage": 0.9902568201343175, "solution_time": 0.22433290001936257}
{"items_size": 2462, "stocks_size": 793, "fill_percentage": 0.9874780287390683, "solution_time": 0.19769709999673069}
{"items_size": 2377, "stocks_size": 819, "fill_percentage": 0.9855123220927977, "solution_time": 0.2166804000735283}
{"items_size": 2433, "stocks_size": 786, "fill_percentage": 0.9868747297630709, "solution_time": 0.19256430002860725}
{"items_size": 2407, "stocks_size": 805, "fill_percentage": 0.9879805769370827,