{"items_size": 2372, "stocks_size": 819, "fill_percentage": 0.9853216107230361, "solution_time": 0.17228820000309497}
{"items_size": 2452, "stocks_size": 777, "fill_percentage": 0.9881120509313863, "solution_time": 0.1917929999763146}
{"items_size": 2352, "stocks_size": 816, "fill_percentage": 0.9881159267430893, "solution_time": 0.18955719994846731}
{"items_size": 2439, "stocks_size": 797, "fill_percentage": 0.9864138353962587, "solution_time": 0.17785650002770126}
{"items_size": 2447, "stocks_size": 816, "fill_percentage": 0.9872605997596543, "solution_time": 0.1560152000747621}
{"items_size": 2417, "stocks_size": 794, "fill_percentage": 0.9870200261934504, "solution_time": 0.19807709997985512}
{"items_size": 2424, "stocks_size": 790, "fill_percentage": 0.9898572558814881, "solution_time": 0.14401799999177456}
{"items_size": 2390, "stocks_size": 804, "fill_percentage": 0.9881881092932415, "solution_time": 0.17099130002316087}
{"items_size": 2463, "stocks_size": 764, "fill_percentage": 0.9863469247031998, "solution_time": 0.1959786000661552}
{"items_size": 2466, "stocks_size": 764, "fill_percentage": 0.9867435370581714, "solution_time": 0.19836059992667288}
{"items_size": 2429, "stocks_size": 766, "fill_percentage": 0.9878756931214853, "solution_time": 0.1697735000634566}
{"items_size": 2439, "stocks_size": 791, "fill_percentage": 0.9872084721210969, "solution_time": 0.21543159999419004}
{"items_size": 2391, "stocks_size": 788, "fill_percentage": 0.9885047708378526, "solution_time": 0.15351640002336353}
{"items_size": 2465, "stocks_size": 786, "fill_percentage": 0.9879030677352144, "solution_time": 0.18644570000469685}
{"items_size": 2436, "stocks_size": 778, "fill_percentage": 0.9864891842519533, "solution_time": 0.19198470003902912}
{"items_size": 2361, "stocks_size": 818, "fill_percentage": 0.9884449772143317, "solution_time": 0.1603338000131771}
{"items_size": 2430, "stocks_size": 809, "fill_percentage": 0.9882514806637839, "solution_time": 0.17204930004663765}
{"items_size": 2454, "stocks_size": 751, "fill_percentage": 0.9844016533263351, "solution_time": 0.16393779998179525}
{"items_size": 2441, "stocks_size": 790, "fill_percentage": 0.9875815354488812, "solution_time": 0.18647739989683032}
{"items_size": 2422, "stocks_size": 823, "fill_percentage": 0.9819513245490061, "solution_time": 0.14044340001419187}
{"items_size": 2366, "stocks_size": 807, "fill_percentage": 0.9849892749707597, "solution_time": 0.17691709997598082}
{"items_size": 2464, "stocks_size": 744, "fill_percentage": 0.9873021692493574, "solution_time": 0.2112796000437811}
{"items_size": 2442, "stocks_size": 806, "fill_percentage": 0.986404268057108, "solution_time": 0.16106149996630847}
{"items_size": 2433, "stocks_size": 765, "fill_percentage": 0.9867279654871647, "solution_time": 0.1961160000646487}
{"items_size": 2408, "stocks_size": 803, "fill_percentage": 0.986976842570597, "solution_time": 0.15168770006857812}
{"items_size": 2392, "stocks_size": 821, "fill_percentage": 0.9885938004216427, "solution_time": 0.18916920002084225}
{"items_size": 2426, "stocks_size": 794, "fill_percentage": 0.98582329693245, "solution_time": 0.15359050000552088}
{"items_size": 2454, "stocks_size": 787, "fill_percentage": 0.98646946825076, "solution_time": 0.20986429997719824}
{"items_size": 2415, "stocks_size": 782, "fill_percentage": 0.9872662241346126, "solution_time": 0.20866679993923753}
{"items_size": 2368, "stocks_size": 817, "fill_percentage": 0.9840821591197796, "solution_time": 0.19738280004821718}
{"items_size": 2440, "stocks_size": 795, "fill_percentage": 0.9886682439295825, "solution_time": 0.18208360008429736}
{"items_size": 2437, "stocks_size": 807, "fill_percentage": 0.9844699531387464, "solution_time": 0.21286079997662455}
{"items_size": 2415, "stocks_size": 776, "fill_percentage": 0.9869528121856223, "solution_time": 0.1771174999885261}
{"items_size": 2442, "stocks_size": 790, "fill_percentage": 0.988902366978519, "solution_time": 0.1751392000587657}
{"items_size": 2369, "stocks_size": 808, "fill_percentage": 0.989514074599815, "solution_time": 0.20962039998266846}
{"items_size": 2448, "stocks_size": 774, "fill_percentage": 0.9900578713985695, "solution_time": 0.2416898999363184}
{"items_size": 2390, "stocks_size": 821, "fill_percentage": 0.9867324950821904, "solution_time": 0.14830829994753003}
{"items_size": 2412, "stocks_size": 780, "fill_percentage": 0.9883393013593668, "solution_time": 0.18155019998084754}
{"items_size": 2400, "stocks_size": 814, "fill_percentage": 0.9899718817140238, "solution_time": 0.15678550000302494}
{"items_size": 2443, "stocks_size": 819, "fill_percentage": 0.9888235057126674, "solution_time": 0.21239260002039373}
{"items_size": 2425, "stocks_size": 791, "fill_percentage": 0.9896586470043266, "solution_time": 0.1875697000650689}
{"items_size": 2466, "stocks_size": 812, "fill_percentage": 0.9880150504762065, "solution_time": 0.1986584000987932}
{"items_size": 2432, "stocks_size": 818, "fill_percentage": 0.9880156053916785, "solution_time": 0.23025310004595667}
{"items_size": 2436, "stocks_size": 763, "fill_percentage": 0.9909941190512359, "solution_time": 0.14375230006407946}
{"items_size": 2443, "stocks_size": 818, "fill_percentage": 0.9871187691241914, "solution_time": 0.21677309996448457}
{"items_size": 2435, "stocks_size": 783, "fill_percentage": 0.9882715303050454, "solution_time": 0.19450430001597852}
{"items_size": 2438, "stocks_size": 764, "fill_percentage": 0.9886712181168862, "solution_time": 0.22542709996923804}
{"items_size": 2416, "stocks_size": 805, "fill_percentage": 0.9845294976391928, "solution_time": 0.19154400005936623}
{"items_size": 2458, "stocks_size": 777, "fill_percentage": 0.9864309381782507, "solution_time": 0.1734011999797076}
{"items_size": 2466, "stocks_size": 776, "fill_percentage": 0.9874147965773804, "solution_time": 0.1998971999855712}
{"items_size": 2391, "stocks_size": 822, "fill_percentage": 0.9890955231674395, "solution_time": 0.1654295000480488}
{"items_size": 2463, "stocks_size": 746, "fill_percentage": 0.9887766646109611, "solution_time": 0.1677349000237882}
{"items_size": 2414, "stocks_size": 801, "fill_percentage": 0.9860480225191497, "solution_time": 0.21270040003582835}
{"items_size": 2439, "stocks_size": 819, "fill_percentage": 0.9911850192976605, "solution_time": 0.23065899999346584}
{"items_size": 2413, "stocks_size": 804, "fill_percentage": 0.9864089210879393, "solution_time": 0.19777359999716282}
{"items_size": 2458, "stocks_size": 762, "fill_percentage": 0.9883221545051228, "solution_time": 0.22131100005935878}
{"items_size": 2418, "stocks_size": 781, "fill_percentage": 0.9881463100465224, "solution_time": 0.1886084999423474}
{"items_size": 2390, "stocks_size": 802, "fill_percentage": 0.9883082351537754, "solution_time": 0.20412800007034093}
{"items_size": 2460, "stocks_size": 779, "fill_percentage": 0.9879012042826879, "solution_time": 0.20349730004090816}
{"items_size": 2443, "stocks_size": 817, "fill_percentage": 0.99054973248417, "solution_time": 0.18430500000249594}
{"items_size": 2433, "stocks_size": 785, "fill_percentage": 0.9881478566793713, "solution_time": 0.142199800000526}
{"items_size": 2408, "stocks_size": 808, "fill_percentage": 0.9884799724542467, "solution_time": 0.20933749992400408}
{"items_size": 2392, "stocks_size": 808, "fill_percentage": 0.9839357602106986, "solution_time": 0.196272199973464}
{"items_size": 2406, "stocks_size": 822, "fill_percentage": 0.9862132375297663, "solution_time": 0.2174671000102535}
{"items_size": 2462, "stocks_size": 793, "fill_percentage": 0.9874780287390683, "solution_time": 0.1867893000598997}
{"items_size": 2377, "stocks_size": 819, "fill_percentage": 0.9896175893753186, "solution_time": 0.15058689995203167}
{"items_size": 2433, "stocks_size": 786, "fill_percentage": 0.9868747297630709, "solution_time": 0.20917769998777658}
{"items_size": 2407, "stocks_size": 805,