{"items_size": 5217, "stocks_size": 1730, "fill_percentage": 0.7040545677063101, "solution_time": 1.3512114000041038}
{"items_size": 5252, "stocks_size": 1652, "fill_percentage": 0.7124861539888503, "solution_time": 1.3480952000245452}
{"items_size": 5293, "stocks_size": 1641, "fill_percentage": 0.7075992404831001, "solution_time": 1.4362881999695674}
{"items_size": 5235, "stocks_size": 1719, "fill_percentage": 0.7129068569776862, "solution_time": 1.4061061999527737}
{"items_size": 5310, "stocks_size": 1709, "fill_percentage": 0.7202107893780447, "solution_time": 1.2835435000015423}
{"items_size": 5131, "stocks_size": 1736, "fill_percentage": 0.7228673908446891, "solution_time": 1.4066212000325322}
{"items_size": 5276, "stocks_size": 1755, "fill_percentage": 0.7145979324015609, "solution_time": 1.5047136000357568}
{"items_size": 5236, "stocks_size": 1764, "fill_percentage": 0.7193684655841263, "solution_time": 1.530374399968423}
{"items_size": 5309, "stocks_size": 1725, "fill_percentage": 0.711809630132381, "solution_time": 1.5330444000428542}
{"items_size": 5179, "stocks_size": 1769, "fill_percentage": 0.7195322252016882, "solution_time": 1.3498871999327093}
{"items_size": 5288, "stocks_size": 1759, "fill_percentage": 0.7119084231043565, "solution_time": 1.4329824999440461}
{"items_size": 5093, "stocks_size": 1749, "fill_percentage": 0.720891651259567, "solution_time": 1.4448123999172822}
{"items_size": 5299, "stocks_size": 1695, "fill_percentage": 0.7117740056647867, "solution_time": 1.599216900067404}
{"items_size": 5255, "stocks_size": 1727, "fill_percentage": 0.7144957872312078, "solution_time": 1.5717828999040648}
{"items_size": 5293, "stocks_size": 1614, "fill_percentage": 0.7066461761401476, "solution_time": 1.4703536999877542}
{"items_size": 5210, "stocks_size": 1691, "fill_percentage": 0.7149824478875606, "solution_time": 1.4801318000536412}
{"items_size": 5286, "stocks_size": 1707, "fill_percentage": 0.708839118615902, "solution_time": 1.5867519000312313}
{"items_size": 5159, "stocks_size": 1731, "fill_percentage": 0.721204812982304, "solution_time": 1.539776899968274}
{"items_size": 5170, "stocks_size": 1716, "fill_percentage": 0.7012908888988603, "solution_time": 1.6711878000060096}
{"items_size": 5134, "stocks_size": 1743, "fill_percentage": 0.7165594487763148, "solution_time": 1.6937983999960124}
{"items_size": 5185, "stocks_size": 1772, "fill_percentage": 0.7194186752112633, "solution_time": 1.6785028000595048}
{"items_size": 5308, "stocks_size": 1684, "fill_percentage": 0.7156765795047262, "solution_time": 1.4642175999470055}
{"items_size": 5261, "stocks_size": 1633, "fill_percentage": 0.71113001904462, "solution_time": 1.7797183999791741}
{"items_size": 5119, "stocks_size": 1729, "fill_percentage": 0.7192423792401043, "solution_time": 1.6102037000237033}
{"items_size": 5230, "stocks_size": 1767, "fill_percentage": 0.7115531239416775, "solution_time": 1.595478200004436}
{"items_size": 5230, "stocks_size": 1748, "fill_percentage": 0.713546009179996, "solution_time": 1.605439499951899}
{"items_size": 5198, "stocks_size": 1715, "fill_percentage": 0.7130091331435493, "solution_time": 1.520638499991037}
{"items_size": 5295, "stocks_size": 1723, "fill_percentage": 0.7097311747660969, "solution_time": 1.4934537000954151}
{"items_size": 5107, "stocks_size": 1768, "fill_percentage": 0.7075503952803867, "solution_time": 1.377204000018537}
{"items_size": 5314, "stocks_size": 1630, "fill_percentage": 0.7090391208652191, "solution_time": 1.5551100000739098}
{"items_size": 5303, "stocks_size": 1610, "fill_percentage": 0.7204052311254368, "solution_time": 1.6202109000878409}
{"items_size": 5198, "stocks_size": 1728, "fill_percentage": 0.7081161560455654, "solution_time": 1.5646010999334976}
{"items_size": 5082, "stocks_size": 1750, "fill_percentage": 0.7197068259342387, "solution_time": 1.5180088001070544}
{"items_size": 5290, "stocks_size": 1722, "fill_percentage": 0.7065019613961926, "solution_time": 1.6609047000529245}
{"items_size": 5310, "stocks_size": 1643, "fill_percentage": 0.7119408489197279, "solution_time": 1.5187176999170333}
{"items_size": 5307, "stocks_size": 1771, "fill_percentage": 0.7158976597946223, "solution_time": 1.685695099993609}
{"items_size": 5181, "stocks_size": 1761, "fill_percentage": 0.7118195070956437, "solution_time": 1.413323299959302}
{"items_size": 5272, "stocks_size": 1691, "fill_percentage": 0.7101388949138907, "solution_time": 1.4355443000094965}
{"items_size": 5082, "stocks_size": 1750, "fill_percentage": 0.7181778225976958, "solution_time": 1.5539439000422135}
{"items_size": 5064, "stocks_size": 1766, "fill_percentage": 0.7236799553685187, "solution_time": 1.5756751999724656}
{"items_size": 5183, "stocks_size": 1732, "fill_percentage": 0.7156019497693087, "solution_time": 1.4533104000147432}
{"items_size": 5274, "stocks_size": 1716, "fill_percentage": 0.7111003106328723, "solution_time": 1.523080600076355}
{"items_size": 5297, "stocks_size": 1751, "fill_percentage": 0.7104388755647142, "solution_time": 1.6055723000317812}
{"items_size": 5297, "stocks_size": 1720, "fill_percentage": 0.7229862191644001, "solution_time": 1.6194549000356346}
{"items_size": 5292, "stocks_size": 1676, "fill_percentage": 0.7249471495096195, "solution_time": 1.7050358999986202}
{"items_size": 5257, "stocks_size": 1705, "fill_percentage": 0.7162053732607445, "solution_time": 1.5372754000127316}
{"items_size": 5298, "stocks_size": 1673, "fill_percentage": 0.7171672290545433, "solution_time": 1.47950639994815}
{"items_size": 5145, "stocks_size": 1771, "fill_percentage": 0.7185873954676829, "solution_time": 1.4720439999364316}
{"items_size": 5257, "stocks_size": 1697, "fill_percentage": 0.7061196406324104, "solution_time": 1.5594925000332296}
{"items_size": 5297, "stocks_size": 1764, "fill_percentage": 0.71306402389391, "solution_time": 1.6375132000539452}
{"items_size": 5141, "stocks_size": 1730, "fill_percentage": 0.7085296242406975, "solution_time": 1.585774900042452}
{"items_size": 5289, "stocks_size": 1627, "fill_percentage": 0.7170920832735895, "solution_time": 1.5477532000513747}
{"items_size": 5154, "stocks_size": 1705, "fill_percentage": 0.7307339379126493, "solution_time": 1.6183367000194266}
{"items_size": 5180, "stocks_size": 1684, "fill_percentage": 0.7197138885690453, "solution_time": 1.5497018001042306}
{"items_size": 5202, "stocks_size": 1738, "fill_percentage": 0.7013354279979523, "solution_time": 1.658790300018154}
{"items_size": 5183, "stocks_size": 1736, "fill_percentage": 0.7132521079027673, "solution_time": 1.6171497000614181}
{"items_size": 5278, "stocks_size": 1658, "fill_percentage": 0.7126553753426292, "solution_time": 1.6555809000274166}
{"items_size": 5154, "stocks_size": 1747, "fill_percentage": 0.7119882555310494, "solution_time": 1.6014677999773994}
{"items_size": 5149, "stocks_size": 1727, "fill_percentage": 0.71480382452878, "solution_time": 1.636220500105992}
{"items_size": 5292, "stocks_size": 1620, "fill_percentage": 0.714533394779089, "solution_time": 1.602221200009808}
{"items_size": 5154, "stocks_size": 1737, "fill_percentage": 0.7252643374756197, "solution_time": 1.4745938000269234}
{"items_size": 5175, "stocks_size": 1760, "fill_percentage": 0.7124268847213925, "solution_time": 1.4854601999977604}
{"items_size": 5305, "stocks_size": 1765, "fill_percentage": 0.7064420096611866, "solution_time": 1.7963691999902949}
{"items_size": 5184, "stocks_size": 1692, "fill_percentage": 0.7133144633589088, "solution_time": 1.5126248000888154}
{"items_size": 5187, "stocks_size": 1707, "fill_percentage": 0.7135048790688919, "solution_time": 1.6082462000194937}
{"items_size": 5257, "stocks_size": 1726, "fill_percentage": 0.7052051387086108, "solution_time": 1.6297179000684991}
{"items_size": 5263, "stocks_size": 1696, "fill_percentage": 0.7207370814200826, "solution_time": 1.3941164000425488}
{"items_size": 5249, "stocks_size": 1699, "fill_percentage": 0.7167905606585836,