{"items_size": 5217, "stocks_size": 1730, "fill_percentage": 0.6957521872370436, "solution_time": 0.9592443000292405}
{"items_size": 5252, "stocks_size": 1652, "fill_percentage": 0.6854177550172166, "solution_time": 1.0080281000118703}
{"items_size": 5293, "stocks_size": 1641, "fill_percentage": 0.6842886289521922, "solution_time": 1.300960100023076}
{"items_size": 5235, "stocks_size": 1719, "fill_percentage": 0.6892750001918879, "solution_time": 1.1637412999989465}
{"items_size": 5310, "stocks_size": 1709, "fill_percentage": 0.7006092981878757, "solution_time": 0.9826210000319406}
{"items_size": 5131, "stocks_size": 1736, "fill_percentage": 0.696999946958923, "solution_time": 1.1498695000773296}
{"items_size": 5276, "stocks_size": 1755, "fill_percentage": 0.6956783859297305, "solution_time": 1.0049315999494866}
{"items_size": 5236, "stocks_size": 1764, "fill_percentage": 0.7053231571673187, "solution_time": 1.157509500044398}
{"items_size": 5309, "stocks_size": 1725, "fill_percentage": 0.6868412677039086, "solution_time": 1.212246699957177}
{"items_size": 5179, "stocks_size": 1769, "fill_percentage": 0.6906939194509016, "solution_time": 1.1808832000242546}
{"items_size": 5288, "stocks_size": 1759, "fill_percentage": 0.6867833373634147, "solution_time": 1.2142032000701874}
{"items_size": 5093, "stocks_size": 1749, "fill_percentage": 0.693432632275143, "solution_time": 1.2043123999610543}
{"items_size": 5299, "stocks_size": 1695, "fill_percentage": 0.6944336899645822, "solution_time": 1.2318207999924198}
{"items_size": 5255, "stocks_size": 1727, "fill_percentage": 0.6917601378436307, "solution_time": 1.2530940000433475}
{"items_size": 5293, "stocks_size": 1614, "fill_percentage": 0.6863919367195385, "solution_time": 1.3039585000369698}
{"items_size": 5210, "stocks_size": 1691, "fill_percentage": 0.6842252008172193, "solution_time": 1.345680300029926}
{"items_size": 5286, "stocks_size": 1707, "fill_percentage": 0.6886085754982169, "solution_time": 1.425897300010547}
{"items_size": 5159, "stocks_size": 1731, "fill_percentage": 0.6892783119272945, "solution_time": 1.1274225999368355}
{"items_size": 5170, "stocks_size": 1716, "fill_percentage": 0.6853921101642703, "solution_time": 1.1528425000142306}
{"items_size": 5134, "stocks_size": 1743, "fill_percentage": 0.6863417829981048, "solution_time": 1.1277207999955863}
{"items_size": 5185, "stocks_size": 1772, "fill_percentage": 0.6912671673112583, "solution_time": 1.291291500092484}
{"items_size": 5308, "stocks_size": 1684, "fill_percentage": 0.6941500282359964, "solution_time": 1.320535600068979}
{"items_size": 5261, "stocks_size": 1633, "fill_percentage": 0.6947652380744436, "solution_time": 1.2489054999314249}
{"items_size": 5119, "stocks_size": 1729, "fill_percentage": 0.6881003530777416, "solution_time": 1.2134999999543652}
{"items_size": 5230, "stocks_size": 1767, "fill_percentage": 0.6875401143861539, "solution_time": 1.343636800069362}
{"items_size": 5230, "stocks_size": 1748, "fill_percentage": 0.6857208869880347, "solution_time": 1.3109168000519276}
{"items_size": 5198, "stocks_size": 1715, "fill_percentage": 0.6855888046048456, "solution_time": 1.3495031000347808}
{"items_size": 5295, "stocks_size": 1723, "fill_percentage": 0.697530292440994, "solution_time": 1.2512371999910101}
{"items_size": 5107, "stocks_size": 1768, "fill_percentage": 0.6779276018809107, "solution_time": 1.2425502999685705}
{"items_size": 5314, "stocks_size": 1630, "fill_percentage": 0.6903632539659933, "solution_time": 1.329850200098008}
{"items_size": 5303, "stocks_size": 1610, "fill_percentage": 0.6979188560072546, "solution_time": 1.3514708000002429}
{"items_size": 5198, "stocks_size": 1728, "fill_percentage": 0.6979106668372989, "solution_time": 1.2844097000779584}
{"items_size": 5082, "stocks_size": 1750, "fill_percentage": 0.6971433648398923, "solution_time": 1.2131482999539003}
{"items_size": 5290, "stocks_size": 1722, "fill_percentage": 0.6849663083291647, "solution_time": 1.2331256000325084}
{"items_size": 5310, "stocks_size": 1643, "fill_percentage": 0.6954069172886427, "solution_time": 1.2742371000349522}
{"items_size": 5307, "stocks_size": 1771, "fill_percentage": 0.6928744523330203, "solution_time": 1.305947000044398}
{"items_size": 5181, "stocks_size": 1761, "fill_percentage": 0.687679985601152, "solution_time": 1.186433400027454}
{"items_size": 5272, "stocks_size": 1691, "fill_percentage": 0.6841441788853102, "solution_time": 1.31351090001408}
{"items_size": 5082, "stocks_size": 1750, "fill_percentage": 0.7024101874172464, "solution_time": 1.1862003999995068}
{"items_size": 5064, "stocks_size": 1766, "fill_percentage": 0.6920502786455408, "solution_time": 1.2731719999574125}
{"items_size": 5183, "stocks_size": 1732, "fill_percentage": 0.6928974725253346, "solution_time": 1.2587794000282884}
{"items_size": 5274, "stocks_size": 1716, "fill_percentage": 0.6906542962554593, "solution_time": 1.3527686999877915}
{"items_size": 5297, "stocks_size": 1751, "fill_percentage": 0.6931350585801741, "solution_time": 1.37203710002359}
{"items_size": 5297, "stocks_size": 1720, "fill_percentage": 0.7087111130710492, "solution_time": 1.4529947000555694}
{"items_size": 5292, "stocks_size": 1676, "fill_percentage": 0.6947456068016685, "solution_time": 1.390790400095284}
{"items_size": 5257, "stocks_size": 1705, "fill_percentage": 0.6880762202125508, "solution_time": 1.2495024000527337}
{"items_size": 5298, "stocks_size": 1673, "fill_percentage": 0.6875791389832755, "solution_time": 1.2820634000236169}
{"items_size": 5145, "stocks_size": 1771, "fill_percentage": 0.6922909953780966, "solution_time": 1.2562248000176623}
{"items_size": 5257, "stocks_size": 1697, "fill_percentage": 0.6871438914415834, "solution_time": 1.3466700999997556}
{"items_size": 5297, "stocks_size": 1764, "fill_percentage": 0.6896066752350974, "solution_time": 1.2659477000124753}
{"items_size": 5141, "stocks_size": 1730, "fill_percentage": 0.6868767334673648, "solution_time": 1.2430048000533134}
{"items_size": 5289, "stocks_size": 1627, "fill_percentage": 0.6988613172340343, "solution_time": 1.2901007999898866}
{"items_size": 5154, "stocks_size": 1705, "fill_percentage": 0.7031306832064192, "solution_time": 1.2291037000250071}
{"items_size": 5180, "stocks_size": 1684, "fill_percentage": 0.7029135383968156, "solution_time": 1.2222548000281677}
{"items_size": 5202, "stocks_size": 1738, "fill_percentage": 0.6861590379337588, "solution_time": 1.357421400025487}
{"items_size": 5183, "stocks_size": 1736, "fill_percentage": 0.6867938133123722, "solution_time": 1.2548084000591189}
{"items_size": 5278, "stocks_size": 1658, "fill_percentage": 0.6912128233631093, "solution_time": 1.1789071999955922}
{"items_size": 5154, "stocks_size": 1747, "fill_percentage": 0.6898273477458658, "solution_time": 1.1419369000941515}
{"items_size": 5149, "stocks_size": 1727, "fill_percentage": 0.6953656329555873, "solution_time": 1.1943343000020832}
{"items_size": 5292, "stocks_size": 1620, "fill_percentage": 0.6980523872760123, "solution_time": 1.2658945999573916}
{"items_size": 5154, "stocks_size": 1737, "fill_percentage": 0.694719058789212, "solution_time": 1.2764649000018835}
{"items_size": 5175, "stocks_size": 1760, "fill_percentage": 0.6879835494820455, "solution_time": 1.3100238000042737}
{"items_size": 5305, "stocks_size": 1765, "fill_percentage": 0.6956239676071134, "solution_time": 1.2193158000009134}
{"items_size": 5184, "stocks_size": 1692, "fill_percentage": 0.6921300797530578, "solution_time": 1.2501155000645667}
{"items_size": 5187, "stocks_size": 1707, "fill_percentage": 0.6794699607541153, "solution_time": 1.388006699969992}
{"items_size": 5257, "stocks_size": 1726, "fill_percentage": 0.6873704637664149, "solution_time": 1.4414099000860006}
{"items_size": 5263, "stocks_size": 1696, "fill_percentage": 0.6938187369967731, "solution_time": 1.2691637000534683}
{"items_size": 5249, "stocks_size": 1699, "fill_percentage": 0.6878729293700522,