{"items_size": 5217, "stocks_size": 1730, "fill_percentage": 0.992159864651083, "solution_time": 0.8963738000020385}
{"items_size": 5252, "stocks_size": 1652, "fill_percentage": 0.9921806239438171, "solution_time": 1.0015433999942616}
{"items_size": 5293, "stocks_size": 1641, "fill_percentage": 0.9924503896802229, "solution_time": 1.088342700037174}
{"items_size": 5235, "stocks_size": 1719, "fill_percentage": 0.9936287246157574, "solution_time": 1.1020263000391424}
{"items_size": 5310, "stocks_size": 1709, "fill_percentage": 0.9917071767768337, "solution_time": 1.111626400030218}
{"items_size": 5131, "stocks_size": 1736, "fill_percentage": 0.9919471454385046, "solution_time": 1.2802164999302477}
{"items_size": 5276, "stocks_size": 1755, "fill_percentage": 0.9926336761676677, "solution_time": 1.3323978000553325}
{"items_size": 5236, "stocks_size": 1764, "fill_percentage": 0.9933503462079335, "solution_time": 1.1131714000366628}
{"items_size": 5309, "stocks_size": 1725, "fill_percentage": 0.9912087554160322, "solution_time": 1.4202371999854222}
{"items_size": 5179, "stocks_size": 1769, "fill_percentage": 0.9900373901247062, "solution_time": 1.3672842000378296}
{"items_size": 5288, "stocks_size": 1759, "fill_percentage": 0.990330214702335, "solution_time": 1.1692441999912262}
{"items_size": 5093, "stocks_size": 1749, "fill_percentage": 0.9937876592207451, "solution_time": 0.9232865000376478}
{"items_size": 5299, "stocks_size": 1695, "fill_percentage": 0.9918980370437891, "solution_time": 1.1749183000065386}
{"items_size": 5255, "stocks_size": 1727, "fill_percentage": 0.9930318461363052, "solution_time": 1.2761178000364453}
{"items_size": 5293, "stocks_size": 1614, "fill_percentage": 0.9915727792212441, "solution_time": 1.2147391999606043}
{"items_size": 5210, "stocks_size": 1691, "fill_percentage": 0.9893507542094362, "solution_time": 1.1082356999395415}
{"items_size": 5286, "stocks_size": 1707, "fill_percentage": 0.9912984714615959, "solution_time": 1.1434153999434784}
{"items_size": 5159, "stocks_size": 1731, "fill_percentage": 0.9927974331289883, "solution_time": 1.2157174999592826}
{"items_size": 5170, "stocks_size": 1716, "fill_percentage": 0.9915765717666739, "solution_time": 1.1958472999976948}
{"items_size": 5134, "stocks_size": 1743, "fill_percentage": 0.9893395420347356, "solution_time": 1.2089339999947697}
{"items_size": 5185, "stocks_size": 1772, "fill_percentage": 0.9942174417260797, "solution_time": 1.1247979999752715}
{"items_size": 5308, "stocks_size": 1684, "fill_percentage": 0.9919515257340438, "solution_time": 1.4029659000225365}
{"items_size": 5261, "stocks_size": 1633, "fill_percentage": 0.9929797207238386, "solution_time": 1.2918196999235079}
{"items_size": 5119, "stocks_size": 1729, "fill_percentage": 0.9919266724556017, "solution_time": 1.325616899994202}
{"items_size": 5230, "stocks_size": 1767, "fill_percentage": 0.9918396918644311, "solution_time": 1.3023674000287428}
{"items_size": 5230, "stocks_size": 1748, "fill_percentage": 0.9915732876668506, "solution_time": 1.2565448000095785}
{"items_size": 5198, "stocks_size": 1715, "fill_percentage": 0.9920845482998434, "solution_time": 1.3708078999770805}
{"items_size": 5295, "stocks_size": 1723, "fill_percentage": 0.989912317032929, "solution_time": 1.4156018999638036}
{"items_size": 5107, "stocks_size": 1768, "fill_percentage": 0.989277564651209, "solution_time": 1.3225466000149027}
{"items_size": 5314, "stocks_size": 1630, "fill_percentage": 0.9926986836432027, "solution_time": 1.478390899952501}
{"items_size": 5303, "stocks_size": 1610, "fill_percentage": 0.9921193661715987, "solution_time": 1.2314332999521866}
{"items_size": 5198, "stocks_size": 1728, "fill_percentage": 0.9943392501789162, "solution_time": 1.2856638999655843}
{"items_size": 5082, "stocks_size": 1750, "fill_percentage": 0.9899531071355585, "solution_time": 1.1808384000323713}
{"items_size": 5290, "stocks_size": 1722, "fill_percentage": 0.9910070660148727, "solution_time": 1.2163060000166297}
{"items_size": 5310, "stocks_size": 1643, "fill_percentage": 0.9915156606231605, "solution_time": 1.332737599965185}
{"items_size": 5307, "stocks_size": 1771, "fill_percentage": 0.9932188478864161, "solution_time": 1.2634581999154761}
{"items_size": 5181, "stocks_size": 1761, "fill_percentage": 0.9928649763091227, "solution_time": 1.2627446000697091}
{"items_size": 5272, "stocks_size": 1691, "fill_percentage": 0.9934157372981243, "solution_time": 1.183420900022611}
{"items_size": 5082, "stocks_size": 1750, "fill_percentage": 0.9912106925422495, "solution_time": 1.300925699993968}
{"items_size": 5064, "stocks_size": 1766, "fill_percentage": 0.9904492629404348, "solution_time": 1.2083244000095874}
{"items_size": 5183, "stocks_size": 1732, "fill_percentage": 0.9938470081362458, "solution_time": 1.1963805000996217}
{"items_size": 5274, "stocks_size": 1716, "fill_percentage": 0.9914704332991096, "solution_time": 1.2717721000080928}
{"items_size": 5297, "stocks_size": 1751, "fill_percentage": 0.9923723236021432, "solution_time": 1.4233421999961138}
{"items_size": 5297, "stocks_size": 1720, "fill_percentage": 0.9919387581180092, "solution_time": 1.2053094999864697}
{"items_size": 5292, "stocks_size": 1676, "fill_percentage": 0.9936798465490067, "solution_time": 1.1548581999959424}
{"items_size": 5257, "stocks_size": 1705, "fill_percentage": 0.9905286785722903, "solution_time": 1.1400868999771774}
{"items_size": 5298, "stocks_size": 1673, "fill_percentage": 0.9936644009163982, "solution_time": 1.3019396999152377}
{"items_size": 5145, "stocks_size": 1771, "fill_percentage": 0.9913978562208622, "solution_time": 1.217679399996996}
{"items_size": 5257, "stocks_size": 1697, "fill_percentage": 0.9928833441383934, "solution_time": 1.3446832000045106}
{"items_size": 5297, "stocks_size": 1764, "fill_percentage": 0.9911975849104925, "solution_time": 1.2711546999635175}
{"items_size": 5141, "stocks_size": 1730, "fill_percentage": 0.9906112783587107, "solution_time": 1.1737582000205293}
{"items_size": 5289, "stocks_size": 1627, "fill_percentage": 0.9923770024767244, "solution_time": 1.2477766000665724}
{"items_size": 5154, "stocks_size": 1705, "fill_percentage": 0.9946198366101836, "solution_time": 1.1906309999758378}
{"items_size": 5180, "stocks_size": 1684, "fill_percentage": 0.9904009689370191, "solution_time": 1.2479297999525443}
{"items_size": 5202, "stocks_size": 1738, "fill_percentage": 0.9929704392415833, "solution_time": 1.2979775000130758}
{"items_size": 5183, "stocks_size": 1736, "fill_percentage": 0.9928401408429045, "solution_time": 1.3060375000350177}
{"items_size": 5278, "stocks_size": 1658, "fill_percentage": 0.9934948974213742, "solution_time": 1.34571650007274}
{"items_size": 5154, "stocks_size": 1747, "fill_percentage": 0.9919346985406199, "solution_time": 1.1764993000542745}
{"items_size": 5149, "stocks_size": 1727, "fill_percentage": 0.9911524045462924, "solution_time": 1.3006306999595836}
{"items_size": 5292, "stocks_size": 1620, "fill_percentage": 0.9939921379705023, "solution_time": 1.3423120999941602}
{"items_size": 5154, "stocks_size": 1737, "fill_percentage": 0.9928933957246886, "solution_time": 1.2648011000128463}
{"items_size": 5175, "stocks_size": 1760, "fill_percentage": 0.9919540675316915, "solution_time": 1.2977183000184596}
{"items_size": 5305, "stocks_size": 1765, "fill_percentage": 0.9935864262141627, "solution_time": 1.3465720999520272}
{"items_size": 5184, "stocks_size": 1692, "fill_percentage": 0.9934364302656963, "solution_time": 1.323608799953945}
{"items_size": 5187, "stocks_size": 1707, "fill_percentage": 0.992047902919347, "solution_time": 1.1883157999254763}
{"items_size": 5257, "stocks_size": 1726, "fill_percentage": 0.9909982863786662, "solution_time": 1.3120857999892905}
{"items_size": 5263, "stocks_size": 1696, "fill_percentage": 0.9928152520906544, "solution_time": 1.1660600999603048}
{"items_size": 5249, "stocks_size": 1699, "fill_percentage": 0.9914358076795043,