{"items_size": 5217, "stocks_size": 1730, "fill_percentage": 0.9942251359943959, "solution_time": 0.5687634999630973}
{"items_size": 5252, "stocks_size": 1652, "fill_percentage": 0.9942413802544778, "solution_time": 0.7966215999331325}
{"items_size": 5293, "stocks_size": 1641, "fill_percentage": 0.9931988321011406, "solution_time": 0.6298135000979528}
{"items_size": 5235, "stocks_size": 1719, "fill_percentage": 0.9937197874363403, "solution_time": 0.6219912000233307}
{"items_size": 5310, "stocks_size": 1709, "fill_percentage": 0.9929256768206417, "solution_time": 0.6010199999436736}
{"items_size": 5131, "stocks_size": 1736, "fill_percentage": 0.9947998281296622, "solution_time": 0.625851699966006}
{"items_size": 5276, "stocks_size": 1755, "fill_percentage": 0.9946456621037209, "solution_time": 0.9194847999606282}
{"items_size": 5236, "stocks_size": 1764, "fill_percentage": 0.9938593457364543, "solution_time": 0.797597200027667}
{"items_size": 5309, "stocks_size": 1725, "fill_percentage": 0.9919414562945615, "solution_time": 0.8296761000528932}
{"items_size": 5179, "stocks_size": 1769, "fill_percentage": 0.9935931785945721, "solution_time": 0.6851966000394896}
{"items_size": 5288, "stocks_size": 1759, "fill_percentage": 0.9933917006018648, "solution_time": 0.6388302999548614}
{"items_size": 5093, "stocks_size": 1749, "fill_percentage": 0.9943717270322182, "solution_time": 0.7242122000316158}
{"items_size": 5299, "stocks_size": 1695, "fill_percentage": 0.992865687512461, "solution_time": 0.8284789000172168}
{"items_size": 5255, "stocks_size": 1727, "fill_percentage": 0.9937018043977125, "solution_time": 0.6600084999809042}
{"items_size": 5293, "stocks_size": 1614, "fill_percentage": 0.99377414634119, "solution_time": 0.8035430000163615}
{"items_size": 5210, "stocks_size": 1691, "fill_percentage": 0.9932326263454316, "solution_time": 0.7302474000025541}
{"items_size": 5286, "stocks_size": 1707, "fill_percentage": 0.9937572682116476, "solution_time": 0.75652140006423}
{"items_size": 5159, "stocks_size": 1731, "fill_percentage": 0.9915431648268292, "solution_time": 0.7037354999920353}
{"items_size": 5170, "stocks_size": 1716, "fill_percentage": 0.9942893999311558, "solution_time": 0.6708443000679836}
{"items_size": 5134, "stocks_size": 1743, "fill_percentage": 0.9916472357549565, "solution_time": 0.7693933000555262}
{"items_size": 5185, "stocks_size": 1772, "fill_percentage": 0.9933682804315496, "solution_time": 0.805147200007923}
{"items_size": 5308, "stocks_size": 1684, "fill_percentage": 0.9941399489480488, "solution_time": 0.7328279000939801}
{"items_size": 5261, "stocks_size": 1633, "fill_percentage": 0.9934140100229902, "solution_time": 0.7382285000057891}
{"items_size": 5119, "stocks_size": 1729, "fill_percentage": 0.9937309896043277, "solution_time": 0.7910421000560746}
{"items_size": 5230, "stocks_size": 1767, "fill_percentage": 0.992616203424943, "solution_time": 0.6648604999063537}
{"items_size": 5230, "stocks_size": 1748, "fill_percentage": 0.9934503299500803, "solution_time": 0.8187819999875501}
{"items_size": 5198, "stocks_size": 1715, "fill_percentage": 0.9939743704837347, "solution_time": 0.8523793999338523}
{"items_size": 5295, "stocks_size": 1723, "fill_percentage": 0.9931620638550701, "solution_time": 0.760741800069809}
{"items_size": 5107, "stocks_size": 1768, "fill_percentage": 0.9939962034651092, "solution_time": 0.7495880000060424}
{"items_size": 5314, "stocks_size": 1630, "fill_percentage": 0.9953513319725581, "solution_time": 0.9176880000159144}
{"items_size": 5303, "stocks_size": 1610, "fill_percentage": 0.9944625694779934, "solution_time": 0.8725391000043601}
{"items_size": 5198, "stocks_size": 1728, "fill_percentage": 0.9953409296045584, "solution_time": 0.8830808999482542}
{"items_size": 5082, "stocks_size": 1750, "fill_percentage": 0.9948792498603538, "solution_time": 0.7518467000918463}
{"items_size": 5290, "stocks_size": 1722, "fill_percentage": 0.9928890040646524, "solution_time": 0.8063171000685543}
{"items_size": 5310, "stocks_size": 1643, "fill_percentage": 0.9941112279962001, "solution_time": 0.8390131000196561}
{"items_size": 5307, "stocks_size": 1771, "fill_percentage": 0.9951262563318514, "solution_time": 0.8214152000145987}
{"items_size": 5181, "stocks_size": 1761, "fill_percentage": 0.9939726864163829, "solution_time": 0.9080828999867663}
{"items_size": 5272, "stocks_size": 1691, "fill_percentage": 0.9931250847954926, "solution_time": 0.8974937999155372}
{"items_size": 5082, "stocks_size": 1750, "fill_percentage": 0.9927029751634295, "solution_time": 0.8064909999957308}
{"items_size": 5064, "stocks_size": 1766, "fill_percentage": 0.9951507411694275, "solution_time": 0.7060601999983191}
{"items_size": 5183, "stocks_size": 1732, "fill_percentage": 0.995310078504103, "solution_time": 0.7863058000802994}
{"items_size": 5274, "stocks_size": 1716, "fill_percentage": 0.9937961270674374, "solution_time": 0.8852719999849796}
{"items_size": 5297, "stocks_size": 1751, "fill_percentage": 0.9939705095233562, "solution_time": 0.8166351999389008}
{"items_size": 5297, "stocks_size": 1720, "fill_percentage": 0.9925586924421972, "solution_time": 0.765456399996765}
{"items_size": 5292, "stocks_size": 1676, "fill_percentage": 0.9944897683761132, "solution_time": 0.8022117000073195}
{"items_size": 5257, "stocks_size": 1705, "fill_percentage": 0.9933095828244004, "solution_time": 0.7992228999501094}
{"items_size": 5298, "stocks_size": 1673, "fill_percentage": 0.9935601054504544, "solution_time": 0.8421066999435425}
{"items_size": 5145, "stocks_size": 1771, "fill_percentage": 0.9945013987242535, "solution_time": 0.7528414000989869}
{"items_size": 5257, "stocks_size": 1697, "fill_percentage": 0.9937869820844349, "solution_time": 0.8918781999964267}
{"items_size": 5297, "stocks_size": 1764, "fill_percentage": 0.9948540717455079, "solution_time": 0.7201769000384957}
{"items_size": 5141, "stocks_size": 1730, "fill_percentage": 0.9922843073019072, "solution_time": 0.7778983999742195}
{"items_size": 5289, "stocks_size": 1627, "fill_percentage": 0.9930806163863547, "solution_time": 0.9294783999212086}
{"items_size": 5154, "stocks_size": 1705, "fill_percentage": 0.9937244443980555, "solution_time": 0.7537978000473231}
{"items_size": 5180, "stocks_size": 1684, "fill_percentage": 0.9928577897373295, "solution_time": 0.7849331999896094}
{"items_size": 5202, "stocks_size": 1738, "fill_percentage": 0.9927814986788579, "solution_time": 0.7587565999710932}
{"items_size": 5183, "stocks_size": 1736, "fill_percentage": 0.9946718111892245, "solution_time": 0.902237799949944}
{"items_size": 5278, "stocks_size": 1658, "fill_percentage": 0.994512748623052, "solution_time": 0.8076405000174418}
{"items_size": 5154, "stocks_size": 1747, "fill_percentage": 0.9936716672942574, "solution_time": 0.8206285000778735}
{"items_size": 5149, "stocks_size": 1727, "fill_percentage": 0.9931234203755803, "solution_time": 0.666446499992162}
{"items_size": 5292, "stocks_size": 1620, "fill_percentage": 0.9937571746730567, "solution_time": 0.8951891999458894}
{"items_size": 5154, "stocks_size": 1737, "fill_percentage": 0.994004780524536, "solution_time": 0.7798302000155672}
{"items_size": 5175, "stocks_size": 1760, "fill_percentage": 0.9929830065183096, "solution_time": 0.9038865000475198}
{"items_size": 5305, "stocks_size": 1765, "fill_percentage": 0.9941998579443536, "solution_time": 0.7829005001112819}
{"items_size": 5184, "stocks_size": 1692, "fill_percentage": 0.992494152988355, "solution_time": 0.824627700028941}
{"items_size": 5187, "stocks_size": 1707, "fill_percentage": 0.9928988859618568, "solution_time": 0.7640494999941438}
{"items_size": 5257, "stocks_size": 1726, "fill_percentage": 0.9933102667579097, "solution_time": 0.6943710999330506}
{"items_size": 5263, "stocks_size": 1696, "fill_percentage": 0.9943522808434789, "solution_time": 0.8591286999871954}
{"items_size": 5249, "stocks_size": 1699,