{"items_size": 5217, "stocks_size": 1730, "fill_percentage": 0.7240809010792184, "solution_time": 0.7988020000047982}
{"items_size": 5252, "stocks_size": 1652, "fill_percentage": 0.7158420023165963, "solution_time": 0.7931151000084355}
{"items_size": 5293, "stocks_size": 1641, "fill_percentage": 0.7155403134649018, "solution_time": 0.8197556000668555}
{"items_size": 5235, "stocks_size": 1719, "fill_percentage": 0.7227314177675506, "solution_time": 0.8720233000349253}
{"items_size": 5310, "stocks_size": 1709, "fill_percentage": 0.7309813839233722, "solution_time": 0.9971926999278367}
{"items_size": 5131, "stocks_size": 1736, "fill_percentage": 0.7257722038959161, "solution_time": 0.9226442000363022}
{"items_size": 5276, "stocks_size": 1755, "fill_percentage": 0.7375687397395005, "solution_time": 1.1072021001018584}
{"items_size": 5236, "stocks_size": 1764, "fill_percentage": 0.7331641614606269, "solution_time": 1.0872416999191046}
{"items_size": 5309, "stocks_size": 1725, "fill_percentage": 0.722941290513902, "solution_time": 1.1062016999348998}
{"items_size": 5179, "stocks_size": 1769, "fill_percentage": 0.7240267325555669, "solution_time": 1.0504258000291884}
{"items_size": 5288, "stocks_size": 1759, "fill_percentage": 0.7253160845700014, "solution_time": 1.1132272999966517}
{"items_size": 5093, "stocks_size": 1749, "fill_percentage": 0.7218204917732803, "solution_time": 1.081785500049591}
{"items_size": 5299, "stocks_size": 1695, "fill_percentage": 0.7284187482020702, "solution_time": 1.0124959000386298}
{"items_size": 5255, "stocks_size": 1727, "fill_percentage": 0.7248016135213021, "solution_time": 1.0209356000414118}
{"items_size": 5293, "stocks_size": 1614, "fill_percentage": 0.7207055420143124, "solution_time": 0.8101222000550479}
{"items_size": 5210, "stocks_size": 1691, "fill_percentage": 0.7251618928231074, "solution_time": 0.876804200001061}
{"items_size": 5286, "stocks_size": 1707, "fill_percentage": 0.7252295671846299, "solution_time": 0.8545983999501914}
{"items_size": 5159, "stocks_size": 1731, "fill_percentage": 0.7323182014956412, "solution_time": 0.8951918999664485}
{"items_size": 5170, "stocks_size": 1716, "fill_percentage": 0.7163779714462863, "solution_time": 1.0805931000504643}
{"items_size": 5134, "stocks_size": 1743, "fill_percentage": 0.7219187734036019, "solution_time": 0.7873008999740705}
{"items_size": 5185, "stocks_size": 1772, "fill_percentage": 0.7231339620145266, "solution_time": 1.0150246999692172}
{"items_size": 5308, "stocks_size": 1684, "fill_percentage": 0.7279484806530377, "solution_time": 1.0609071000944823}
{"items_size": 5261, "stocks_size": 1633, "fill_percentage": 0.7196715926947428, "solution_time": 0.9438109000911936}
{"items_size": 5119, "stocks_size": 1729, "fill_percentage": 0.7278266999400371, "solution_time": 0.9304733999306336}
{"items_size": 5230, "stocks_size": 1767, "fill_percentage": 0.7256535741828296, "solution_time": 1.0558440999593586}
{"items_size": 5230, "stocks_size": 1748, "fill_percentage": 0.7178611426795711, "solution_time": 1.0048562999581918}
{"items_size": 5198, "stocks_size": 1715, "fill_percentage": 0.7227499171087534, "solution_time": 1.0919896999839693}
{"items_size": 5295, "stocks_size": 1723, "fill_percentage": 0.7320488587971764, "solution_time": 1.0887287999503314}
{"items_size": 5107, "stocks_size": 1768, "fill_percentage": 0.7135109872703127, "solution_time": 1.0540541000664234}
{"items_size": 5314, "stocks_size": 1630, "fill_percentage": 0.7180189975807649, "solution_time": 1.1741721999133006}
{"items_size": 5303, "stocks_size": 1610, "fill_percentage": 0.7364282810849712, "solution_time": 1.1032479000277817}
{"items_size": 5198, "stocks_size": 1728, "fill_percentage": 0.7278358169799646, "solution_time": 0.9901573000242934}
{"items_size": 5082, "stocks_size": 1750, "fill_percentage": 0.7331360167130679, "solution_time": 0.9750589999603108}
{"items_size": 5290, "stocks_size": 1722, "fill_percentage": 0.7140461847909324, "solution_time": 1.094262499944307}
{"items_size": 5310, "stocks_size": 1643, "fill_percentage": 0.7303397285449763, "solution_time": 1.0666581999976188}
{"items_size": 5307, "stocks_size": 1771, "fill_percentage": 0.7332400624654098, "solution_time": 1.1177494999719784}
{"items_size": 5181, "stocks_size": 1761, "fill_percentage": 0.7284516951860855, "solution_time": 1.0011138999834657}
{"items_size": 5272, "stocks_size": 1691, "fill_percentage": 0.7253653220350521, "solution_time": 0.9974667000351474}
{"items_size": 5082, "stocks_size": 1750, "fill_percentage": 0.7278601535792962, "solution_time": 0.9435517999809235}
{"items_size": 5064, "stocks_size": 1766, "fill_percentage": 0.7302415824160804, "solution_time": 1.0052047000499442}
{"items_size": 5183, "stocks_size": 1732, "fill_percentage": 0.7226599576759701, "solution_time": 1.0138483999762684}
{"items_size": 5274, "stocks_size": 1716, "fill_percentage": 0.722726638024064, "solution_time": 1.0770536999916658}
{"items_size": 5297, "stocks_size": 1751, "fill_percentage": 0.7360799009508749, "solution_time": 0.953880799934268}
{"items_size": 5297, "stocks_size": 1720, "fill_percentage": 0.7322698129869315, "solution_time": 1.085013100062497}
{"items_size": 5292, "stocks_size": 1676, "fill_percentage": 0.7329886002326483, "solution_time": 1.0895016000140458}
{"items_size": 5257, "stocks_size": 1705, "fill_percentage": 0.7282841619555731, "solution_time": 1.0003126000519842}
{"items_size": 5298, "stocks_size": 1673, "fill_percentage": 0.730975565243093, "solution_time": 1.0961809000000358}
{"items_size": 5145, "stocks_size": 1771, "fill_percentage": 0.7204253793425318, "solution_time": 0.9599877999862656}
{"items_size": 5257, "stocks_size": 1697, "fill_percentage": 0.7203147511513031, "solution_time": 0.9704347000224516}
{"items_size": 5297, "stocks_size": 1764, "fill_percentage": 0.7251121033682795, "solution_time": 0.9205556999659166}
{"items_size": 5141, "stocks_size": 1730, "fill_percentage": 0.7281410762748037, "solution_time": 0.899560600053519}
{"items_size": 5289, "stocks_size": 1627, "fill_percentage": 0.7364853987103258, "solution_time": 1.0279495000140741}
{"items_size": 5154, "stocks_size": 1705, "fill_percentage": 0.7326677560108456, "solution_time": 1.0519000999629498}
{"items_size": 5180, "stocks_size": 1684, "fill_percentage": 0.7346091749495544, "solution_time": 0.9989939000224695}
{"items_size": 5202, "stocks_size": 1738, "fill_percentage": 0.7279951037348839, "solution_time": 1.0500524999806657}
{"items_size": 5183, "stocks_size": 1736, "fill_percentage": 0.711523325099028, "solution_time": 1.0517027999740094}
{"items_size": 5278, "stocks_size": 1658, "fill_percentage": 0.7284510280710533, "solution_time": 1.1020434000529349}
{"items_size": 5154, "stocks_size": 1747, "fill_percentage": 0.7228547316553816, "solution_time": 0.9299354999093339}
{"items_size": 5149, "stocks_size": 1727, "fill_percentage": 0.7319307258322354, "solution_time": 1.0193103000055999}
{"items_size": 5292, "stocks_size": 1620, "fill_percentage": 0.7239974597097074, "solution_time": 0.9403429999947548}
{"items_size": 5154, "stocks_size": 1737, "fill_percentage": 0.7281147688727244, "solution_time": 0.9837455999804661}
{"items_size": 5175, "stocks_size": 1760, "fill_percentage": 0.7277478109274185, "solution_time": 1.0601794000249356}
{"items_size": 5305, "stocks_size": 1765, "fill_percentage": 0.724725358265809, "solution_time": 1.0008873000042513}
{"items_size": 5184, "stocks_size": 1692, "fill_percentage": 0.7210205403217647, "solution_time": 1.1678635999560356}
{"items_size": 5187, "stocks_size": 1707, "fill_percentage": 0.7220143190747972, "solution_time": 1.0823075000662357}
{"items_size": 5257, "stocks_size": 1726, "fill_percentage": 0.7206333554366358, "solution_time": 1.1073989000869915}
{"items_size": 5263, "stocks_size": 1696, "fill_percentage": 0.7296811355405518, "solution_time": 1.1297916000476107}
{"items_size": 5249,