{"items_size": 5217, "stocks_size": 1730, "fill_percentage": 0.649352838822883, "solution_time": 1.0293228999944404}
{"items_size": 5252, "stocks_size": 1652, "fill_percentage": 0.6488177087497512, "solution_time": 1.0531285000033677}
{"items_size": 5293, "stocks_size": 1641, "fill_percentage": 0.6429293477289273, "solution_time": 1.4026321000419557}
{"items_size": 5235, "stocks_size": 1719, "fill_percentage": 0.657932417383411, "solution_time": 1.199247800046578}
{"items_size": 5310, "stocks_size": 1709, "fill_percentage": 0.6572767346141727, "solution_time": 1.269520099973306}
{"items_size": 5131, "stocks_size": 1736, "fill_percentage": 0.6585535928786097, "solution_time": 1.2518177999882028}
{"items_size": 5276, "stocks_size": 1755, "fill_percentage": 0.6518029919417784, "solution_time": 1.0488302999874577}
{"items_size": 5236, "stocks_size": 1764, "fill_percentage": 0.6492825251082848, "solution_time": 1.2460501999594271}
{"items_size": 5309, "stocks_size": 1725, "fill_percentage": 0.6515696544065814, "solution_time": 1.159860400017351}
{"items_size": 5179, "stocks_size": 1769, "fill_percentage": 0.6615928443849094, "solution_time": 1.304880499956198}
{"items_size": 5288, "stocks_size": 1759, "fill_percentage": 0.6471374221695613, "solution_time": 1.518451499985531}
{"items_size": 5093, "stocks_size": 1749, "fill_percentage": 0.6538077002636059, "solution_time": 1.2121676999377087}
{"items_size": 5299, "stocks_size": 1695, "fill_percentage": 0.6480730509093406, "solution_time": 1.4022631000261754}
{"items_size": 5255, "stocks_size": 1727, "fill_percentage": 0.6500685682323605, "solution_time": 1.3076683999970555}
{"items_size": 5293, "stocks_size": 1614, "fill_percentage": 0.6528507692347345, "solution_time": 1.3855354000115767}
{"items_size": 5210, "stocks_size": 1691, "fill_percentage": 0.655155541665036, "solution_time": 1.4635122999316081}
{"items_size": 5286, "stocks_size": 1707, "fill_percentage": 0.6496580188571517, "solution_time": 1.4884526000823826}
{"items_size": 5159, "stocks_size": 1731, "fill_percentage": 0.6511099132299227, "solution_time": 1.1448859999654815}
{"items_size": 5170, "stocks_size": 1716, "fill_percentage": 0.6503586374396644, "solution_time": 1.3699829999823123}
{"items_size": 5134, "stocks_size": 1743, "fill_percentage": 0.651605621482103, "solution_time": 1.3243403000524268}
{"items_size": 5185, "stocks_size": 1772, "fill_percentage": 0.6421426572665441, "solution_time": 1.2937201999593526}
{"items_size": 5308, "stocks_size": 1684, "fill_percentage": 0.6518047506355916, "solution_time": 1.2292330000782385}
{"items_size": 5261, "stocks_size": 1633, "fill_percentage": 0.6508284126704803, "solution_time": 1.248584600049071}
{"items_size": 5119, "stocks_size": 1729, "fill_percentage": 0.6478108740263131, "solution_time": 1.2349868000019342}
{"items_size": 5230, "stocks_size": 1767, "fill_percentage": 0.6473847045019357, "solution_time": 1.3181327999336645}
{"items_size": 5230, "stocks_size": 1748, "fill_percentage": 0.6476986451716068, "solution_time": 1.339805499999784}
{"items_size": 5198, "stocks_size": 1715, "fill_percentage": 0.6469145493460096, "solution_time": 1.2419336000457406}
{"items_size": 5295, "stocks_size": 1723, "fill_percentage": 0.6542390976963154, "solution_time": 1.3394399000098929}
{"items_size": 5107, "stocks_size": 1768, "fill_percentage": 0.6422907670967208, "solution_time": 1.21757500001695}
{"items_size": 5314, "stocks_size": 1630, "fill_percentage": 0.647941073457135, "solution_time": 1.5130139000248164}
{"items_size": 5303, "stocks_size": 1610, "fill_percentage": 0.6572527475590934, "solution_time": 1.424432500032708}
{"items_size": 5198, "stocks_size": 1728, "fill_percentage": 0.6516099881280116, "solution_time": 1.2634828999871388}
{"items_size": 5082, "stocks_size": 1750, "fill_percentage": 0.6535620622450478, "solution_time": 1.2826301000313833}
{"items_size": 5290, "stocks_size": 1722, "fill_percentage": 0.654415955091815, "solution_time": 1.312557699973695}
{"items_size": 5310, "stocks_size": 1643, "fill_percentage": 0.651511297619786, "solution_time": 1.494180600042455}
{"items_size": 5307, "stocks_size": 1771, "fill_percentage": 0.650952762675479, "solution_time": 1.4523128001019359}
{"items_size": 5181, "stocks_size": 1761, "fill_percentage": 0.6512550760201599, "solution_time": 1.2346559000434354}
{"items_size": 5272, "stocks_size": 1691, "fill_percentage": 0.6504611911319818, "solution_time": 1.2091268999502063}
{"items_size": 5082, "stocks_size": 1750, "fill_percentage": 0.6586882200551658, "solution_time": 1.2122260000323877}
{"items_size": 5064, "stocks_size": 1766, "fill_percentage": 0.6617590734478453, "solution_time": 1.3963470000308007}
{"items_size": 5183, "stocks_size": 1732, "fill_percentage": 0.6515913266189592, "solution_time": 1.4158779000863433}
{"items_size": 5274, "stocks_size": 1716, "fill_percentage": 0.6476819702285607, "solution_time": 1.3708814999554306}
{"items_size": 5297, "stocks_size": 1751, "fill_percentage": 0.6520551277270253, "solution_time": 1.3361607999540865}
{"items_size": 5297, "stocks_size": 1720, "fill_percentage": 0.6675283812309575, "solution_time": 1.2928086000028998}
{"items_size": 5292, "stocks_size": 1676, "fill_percentage": 0.6598783441353351, "solution_time": 1.342850299901329}
{"items_size": 5257, "stocks_size": 1705, "fill_percentage": 0.652223792834673, "solution_time": 1.2375173000618815}
{"items_size": 5298, "stocks_size": 1673, "fill_percentage": 0.6435465608100176, "solution_time": 1.421853700070642}
{"items_size": 5145, "stocks_size": 1771, "fill_percentage": 0.6523197239178979, "solution_time": 1.3434788999147713}
{"items_size": 5257, "stocks_size": 1697, "fill_percentage": 0.6463380257050325, "solution_time": 1.4618281000293791}
{"items_size": 5297, "stocks_size": 1764, "fill_percentage": 0.6655678430176394, "solution_time": 1.4236365999095142}
{"items_size": 5141, "stocks_size": 1730, "fill_percentage": 0.6446540327375194, "solution_time": 1.3287791999755427}
{"items_size": 5289, "stocks_size": 1627, "fill_percentage": 0.6594397140705813, "solution_time": 1.383613899932243}
{"items_size": 5154, "stocks_size": 1705, "fill_percentage": 0.655483668618005, "solution_time": 1.139759000041522}
{"items_size": 5180, "stocks_size": 1684, "fill_percentage": 0.6637441034819227, "solution_time": 1.2831672000465915}
{"items_size": 5202, "stocks_size": 1738, "fill_percentage": 0.6565658084222323, "solution_time": 1.4041963999625295}
{"items_size": 5183, "stocks_size": 1736, "fill_percentage": 0.6497731194127327, "solution_time": 1.3151127999881282}
{"items_size": 5278, "stocks_size": 1658, "fill_percentage": 0.6516097523923021, "solution_time": 1.2204701999435201}
{"items_size": 5154, "stocks_size": 1747, "fill_percentage": 0.6514657901498514, "solution_time": 1.2167215999215841}
{"items_size": 5149, "stocks_size": 1727, "fill_percentage": 0.648507898348149, "solution_time": 1.4053353000199422}
{"items_size": 5292, "stocks_size": 1620, "fill_percentage": 0.6519722787106841, "solution_time": 1.4208359000040218}
{"items_size": 5154, "stocks_size": 1737, "fill_percentage": 0.6568234050376908, "solution_time": 1.2528422999894246}
{"items_size": 5175, "stocks_size": 1760, "fill_percentage": 0.6468273907183875, "solution_time": 1.4462965000420809}
{"items_size": 5305, "stocks_size": 1765, "fill_percentage": 0.6563055520317208, "solution_time": 1.42176409997046}
{"items_size": 5184, "stocks_size": 1692, "fill_percentage": 0.6479869141279659, "solution_time": 1.2835061999503523}
{"items_size": 5187, "stocks_size": 1707, "fill_percentage": 0.6460323302618017, "solution_time": 1.3459351999918}
{"items_size": 5257, "stocks_size": 1726, "fill_percentage": 0.6481448250823154, "solution_time": 1.3301384000806138}
{"items_size": 5263, "stocks_size": 1696, "fill_percentage": 0.6495593829230054, "solution_time": 1.3152715000323951}
{"items_size": 5249, "stocks_size": 1699, "fill_percentage": 0.6483687429997874,