{"items_size": 5217, "stocks_size": 1730, "fill_percentage": 0.6749675072574752, "solution_time": 0.9999467999441549}
{"items_size": 5252, "stocks_size": 1652, "fill_percentage": 0.6652131796393391, "solution_time": 1.094883499899879}
{"items_size": 5293, "stocks_size": 1641, "fill_percentage": 0.6703033966988375, "solution_time": 0.9445370999164879}
{"items_size": 5235, "stocks_size": 1719, "fill_percentage": 0.6818073242130276, "solution_time": 0.8913679000688717}
{"items_size": 5310, "stocks_size": 1709, "fill_percentage": 0.6793427036554425, "solution_time": 1.0536674000322819}
{"items_size": 5131, "stocks_size": 1736, "fill_percentage": 0.6770521880398853, "solution_time": 1.2618461000965908}
{"items_size": 5276, "stocks_size": 1755, "fill_percentage": 0.6661242649311775, "solution_time": 1.2910304999677464}
{"items_size": 5236, "stocks_size": 1764, "fill_percentage": 0.6784747498694533, "solution_time": 1.3150864999042824}
{"items_size": 5309, "stocks_size": 1725, "fill_percentage": 0.6722877865609467, "solution_time": 1.2827731999568641}
{"items_size": 5179, "stocks_size": 1769, "fill_percentage": 0.6892621078512466, "solution_time": 1.0142306999769062}
{"items_size": 5288, "stocks_size": 1759, "fill_percentage": 0.670744176723312, "solution_time": 1.1071409999858588}
{"items_size": 5093, "stocks_size": 1749, "fill_percentage": 0.6758449307483889, "solution_time": 0.9211578000104055}
{"items_size": 5299, "stocks_size": 1695, "fill_percentage": 0.6843717522071868, "solution_time": 1.10741090006195}
{"items_size": 5255, "stocks_size": 1727, "fill_percentage": 0.6784149055695053, "solution_time": 1.2411454999819398}
{"items_size": 5293, "stocks_size": 1614, "fill_percentage": 0.6767570897534794, "solution_time": 0.9724858000408858}
{"items_size": 5210, "stocks_size": 1691, "fill_percentage": 0.6824700898591373, "solution_time": 1.1770703999791294}
{"items_size": 5286, "stocks_size": 1707, "fill_percentage": 0.6769503513693811, "solution_time": 1.1935814000898972}
{"items_size": 5159, "stocks_size": 1731, "fill_percentage": 0.6809580601533373, "solution_time": 1.1808901000767946}
{"items_size": 5170, "stocks_size": 1716, "fill_percentage": 0.6789480451552583, "solution_time": 1.0735386000014842}
{"items_size": 5134, "stocks_size": 1743, "fill_percentage": 0.6804431801249389, "solution_time": 1.1066944999620318}
{"items_size": 5185, "stocks_size": 1772, "fill_percentage": 0.672883166573389, "solution_time": 1.1438795999856666}
{"items_size": 5308, "stocks_size": 1684, "fill_percentage": 0.6751293526070868, "solution_time": 1.360270900069736}
{"items_size": 5261, "stocks_size": 1633, "fill_percentage": 0.6780066737013819, "solution_time": 1.2098726000403985}
{"items_size": 5119, "stocks_size": 1729, "fill_percentage": 0.6772965417977193, "solution_time": 1.0620438000187278}
{"items_size": 5230, "stocks_size": 1767, "fill_percentage": 0.6825616171661373, "solution_time": 1.1106360999401659}
{"items_size": 5230, "stocks_size": 1748, "fill_percentage": 0.6681371631096398, "solution_time": 1.3022475000470877}
{"items_size": 5198, "stocks_size": 1715, "fill_percentage": 0.6716233935169325, "solution_time": 1.3675558000104502}
{"items_size": 5295, "stocks_size": 1723, "fill_percentage": 0.677985169367387, "solution_time": 1.2699018999701366}
{"items_size": 5107, "stocks_size": 1768, "fill_percentage": 0.668545257899258, "solution_time": 1.160428399918601}
{"items_size": 5314, "stocks_size": 1630, "fill_percentage": 0.6783808312913305, "solution_time": 1.235457400092855}
{"items_size": 5303, "stocks_size": 1610, "fill_percentage": 0.6808642129805221, "solution_time": 1.2480512999463826}
{"items_size": 5198, "stocks_size": 1728, "fill_percentage": 0.677533357612327, "solution_time": 1.1423895999323577}
{"items_size": 5082, "stocks_size": 1750, "fill_percentage": 0.681403904046614, "solution_time": 1.1847629999974743}
{"items_size": 5290, "stocks_size": 1722, "fill_percentage": 0.6720960676184096, "solution_time": 1.2243040000321344}
{"items_size": 5310, "stocks_size": 1643, "fill_percentage": 0.6797453172931691, "solution_time": 1.335542699904181}
{"items_size": 5307, "stocks_size": 1771, "fill_percentage": 0.6787205726439257, "solution_time": 1.3199565999675542}
{"items_size": 5181, "stocks_size": 1761, "fill_percentage": 0.6747484990854866, "solution_time": 1.296265700017102}
{"items_size": 5272, "stocks_size": 1691, "fill_percentage": 0.6751595879200039, "solution_time": 1.0781411998905241}
{"items_size": 5082, "stocks_size": 1750, "fill_percentage": 0.6854039119164542, "solution_time": 1.1216474000830203}
{"items_size": 5064, "stocks_size": 1766, "fill_percentage": 0.6830514758613636, "solution_time": 1.1499090999132022}
{"items_size": 5183, "stocks_size": 1732, "fill_percentage": 0.6796286390854183, "solution_time": 1.3111057999776676}
{"items_size": 5274, "stocks_size": 1716, "fill_percentage": 0.6763863239915571, "solution_time": 1.202638900023885}
{"items_size": 5297, "stocks_size": 1751, "fill_percentage": 0.6812209426039407, "solution_time": 1.2992253999691457}
{"items_size": 5297, "stocks_size": 1720, "fill_percentage": 0.6886519621477196, "solution_time": 1.2312659999588504}
{"items_size": 5292, "stocks_size": 1676, "fill_percentage": 0.6804992652555939, "solution_time": 1.2454142000060529}
{"items_size": 5257, "stocks_size": 1705, "fill_percentage": 0.6730344506097877, "solution_time": 1.1807113999966532}
{"items_size": 5298, "stocks_size": 1673, "fill_percentage": 0.6733583025934696, "solution_time": 1.3133772000437602}
{"items_size": 5145, "stocks_size": 1771, "fill_percentage": 0.6757271476572473, "solution_time": 1.1642198000336066}
{"items_size": 5257, "stocks_size": 1697, "fill_percentage": 0.6675037782709098, "solution_time": 1.2810184999834746}
{"items_size": 5297, "stocks_size": 1764, "fill_percentage": 0.6826132611122989, "solution_time": 1.091682399972342}
{"items_size": 5141, "stocks_size": 1730, "fill_percentage": 0.6756451253904595, "solution_time": 1.2412392999976873}
{"items_size": 5289, "stocks_size": 1627, "fill_percentage": 0.6827992373703199, "solution_time": 1.326356399920769}
{"items_size": 5154, "stocks_size": 1705, "fill_percentage": 0.6780641062950356, "solution_time": 1.1252362000523135}
{"items_size": 5180, "stocks_size": 1684, "fill_percentage": 0.6808215659896881, "solution_time": 1.2183907000580803}
{"items_size": 5202, "stocks_size": 1738, "fill_percentage": 0.6838026286361792, "solution_time": 1.2646850999444723}
{"items_size": 5183, "stocks_size": 1736, "fill_percentage": 0.6801719288049707, "solution_time": 1.2629207000136375}
{"items_size": 5278, "stocks_size": 1658, "fill_percentage": 0.6739260841742856, "solution_time": 1.2195131001062691}
{"items_size": 5154, "stocks_size": 1747, "fill_percentage": 0.6765962753752095, "solution_time": 1.3164257999742404}
{"items_size": 5149, "stocks_size": 1727, "fill_percentage": 0.6814653139122625, "solution_time": 1.3341340000042692}
{"items_size": 5292, "stocks_size": 1620, "fill_percentage": 0.680704701664834, "solution_time": 1.3484497999306768}
{"items_size": 5154, "stocks_size": 1737, "fill_percentage": 0.6866416013957214, "solution_time": 1.2856492000864819}
{"items_size": 5175, "stocks_size": 1760, "fill_percentage": 0.6713636500996952, "solution_time": 1.1999086999567226}
{"items_size": 5305, "stocks_size": 1765, "fill_percentage": 0.6859961468199751, "solution_time": 1.1806487999856472}
{"items_size": 5184, "stocks_size": 1692, "fill_percentage": 0.6717934368718299, "solution_time": 1.2210638000397012}
{"items_size": 5187, "stocks_size": 1707, "fill_percentage": 0.6748389826170481, "solution_time": 1.2180090999463573}
{"items_size": 5257, "stocks_size": 1726, "fill_percentage": 0.6704373853497698, "solution_time": 1.220839299960062}
{"items_size": 5263, "stocks_size": 1696, "fill_percentage": 0.6722304540511497, "solution_time": 1.2354027000255883}
{"items_size": 5249, "stocks_size": 1699, "fill_percentage": 0.675636770884795,