{"items_size": 5217, "stocks_size": 1730, "fill_percentage": 0.6988534663137616, "solution_time": 0.8925889000529423}
{"items_size": 5252, "stocks_size": 1652, "fill_percentage": 0.6847652296084259, "solution_time": 0.8984538000077009}
{"items_size": 5293, "stocks_size": 1641, "fill_percentage": 0.6986873162895848, "solution_time": 0.8615606999956071}
{"items_size": 5235, "stocks_size": 1719, "fill_percentage": 0.6967782944965308, "solution_time": 0.9147771999705583}
{"items_size": 5310, "stocks_size": 1709, "fill_percentage": 0.7000356226067611, "solution_time": 0.8863851999631152}
{"items_size": 5131, "stocks_size": 1736, "fill_percentage": 0.7016064832455604, "solution_time": 1.0602543998975307}
{"items_size": 5276, "stocks_size": 1755, "fill_percentage": 0.6921941676683416, "solution_time": 1.1460611999500543}
{"items_size": 5236, "stocks_size": 1764, "fill_percentage": 0.7013738148836853, "solution_time": 1.202796999947168}
{"items_size": 5309, "stocks_size": 1725, "fill_percentage": 0.690784170920875, "solution_time": 1.2671156999422237}
{"items_size": 5179, "stocks_size": 1769, "fill_percentage": 0.7092769661039258, "solution_time": 1.1286442000418901}
{"items_size": 5288, "stocks_size": 1759, "fill_percentage": 0.6933370650999843, "solution_time": 1.4172702999785542}
{"items_size": 5093, "stocks_size": 1749, "fill_percentage": 0.6991066088100317, "solution_time": 1.2310308999149129}
{"items_size": 5299, "stocks_size": 1695, "fill_percentage": 0.6994733928180565, "solution_time": 1.1920404999982566}
{"items_size": 5255, "stocks_size": 1727, "fill_percentage": 0.6920955194227154, "solution_time": 1.1882493000011891}
{"items_size": 5293, "stocks_size": 1614, "fill_percentage": 0.7028812316977111, "solution_time": 1.0970059999963269}
{"items_size": 5210, "stocks_size": 1691, "fill_percentage": 0.7039442486698846, "solution_time": 0.9725919000338763}
{"items_size": 5286, "stocks_size": 1707, "fill_percentage": 0.6991910940709793, "solution_time": 1.12196179991588}
{"items_size": 5159, "stocks_size": 1731, "fill_percentage": 0.7000910680113112, "solution_time": 1.200888599967584}
{"items_size": 5170, "stocks_size": 1716, "fill_percentage": 0.6993802267893694, "solution_time": 0.9633844000054523}
{"items_size": 5134, "stocks_size": 1743, "fill_percentage": 0.701959732933535, "solution_time": 1.1477934999857098}
{"items_size": 5185, "stocks_size": 1772, "fill_percentage": 0.6975541315534305, "solution_time": 1.1364069000119343}
{"items_size": 5308, "stocks_size": 1684, "fill_percentage": 0.701567731608544, "solution_time": 1.0590341000352055}
{"items_size": 5261, "stocks_size": 1633, "fill_percentage": 0.7008755959261225, "solution_time": 1.2220384000102058}
{"items_size": 5119, "stocks_size": 1729, "fill_percentage": 0.6958205837549228, "solution_time": 1.031296300003305}
{"items_size": 5230, "stocks_size": 1767, "fill_percentage": 0.7013583509775823, "solution_time": 1.1726357000879943}
{"items_size": 5230, "stocks_size": 1748, "fill_percentage": 0.6895883480254704, "solution_time": 1.2353117000311613}
{"items_size": 5198, "stocks_size": 1715, "fill_percentage": 0.6970351888950889, "solution_time": 1.1785454000346363}
{"items_size": 5295, "stocks_size": 1723, "fill_percentage": 0.7006668968343738, "solution_time": 1.3499332000501454}
{"items_size": 5107, "stocks_size": 1768, "fill_percentage": 0.6988391772026507, "solution_time": 1.1944265000056475}
{"items_size": 5314, "stocks_size": 1630, "fill_percentage": 0.6873890226249165, "solution_time": 1.2112817999441177}
{"items_size": 5303, "stocks_size": 1610, "fill_percentage": 0.7005528600488935, "solution_time": 1.2909729999955744}
{"items_size": 5198, "stocks_size": 1728, "fill_percentage": 0.696575319945999, "solution_time": 1.2174784999806434}
{"items_size": 5082, "stocks_size": 1750, "fill_percentage": 0.7076435674178843, "solution_time": 1.1769143999554217}
{"items_size": 5290, "stocks_size": 1722, "fill_percentage": 0.6980414010786182, "solution_time": 1.1289239999605343}
{"items_size": 5310, "stocks_size": 1643, "fill_percentage": 0.6929133409198319, "solution_time": 1.2802031999453902}
{"items_size": 5307, "stocks_size": 1771, "fill_percentage": 0.6966166415406312, "solution_time": 1.194230799912475}
{"items_size": 5181, "stocks_size": 1761, "fill_percentage": 0.701314534800392, "solution_time": 1.3002312000608072}
{"items_size": 5272, "stocks_size": 1691, "fill_percentage": 0.6920954163757665, "solution_time": 1.099547000019811}
{"items_size": 5082, "stocks_size": 1750, "fill_percentage": 0.7058925027314604, "solution_time": 1.0071205000858754}
{"items_size": 5064, "stocks_size": 1766, "fill_percentage": 0.7080694806716967, "solution_time": 1.1603154999902472}
{"items_size": 5183, "stocks_size": 1732, "fill_percentage": 0.7018707923098054, "solution_time": 1.2877436999697238}
{"items_size": 5274, "stocks_size": 1716, "fill_percentage": 0.6980613132677022, "solution_time": 1.0570754999062046}
{"items_size": 5297, "stocks_size": 1751, "fill_percentage": 0.70074385810203, "solution_time": 1.097300999914296}
{"items_size": 5297, "stocks_size": 1720, "fill_percentage": 0.7082752704988508, "solution_time": 1.1842986999545246}
{"items_size": 5292, "stocks_size": 1676, "fill_percentage": 0.7004132378386112, "solution_time": 1.1591948999557644}
{"items_size": 5257, "stocks_size": 1705, "fill_percentage": 0.6948222860895246, "solution_time": 1.226495899958536}
{"items_size": 5298, "stocks_size": 1673, "fill_percentage": 0.6960549323341854, "solution_time": 1.0867758999811485}
{"items_size": 5145, "stocks_size": 1771, "fill_percentage": 0.7022212643590935, "solution_time": 1.127245399984531}
{"items_size": 5257, "stocks_size": 1697, "fill_percentage": 0.6947094438479225, "solution_time": 1.3317952000070363}
{"items_size": 5297, "stocks_size": 1764, "fill_percentage": 0.7003788883342174, "solution_time": 1.2684006000636145}
{"items_size": 5141, "stocks_size": 1730, "fill_percentage": 0.7029309804249343, "solution_time": 1.1335249000694603}
{"items_size": 5289, "stocks_size": 1627, "fill_percentage": 0.7048135980801661, "solution_time": 1.0194177000084892}
{"items_size": 5154, "stocks_size": 1705, "fill_percentage": 0.6975706494794249, "solution_time": 1.2511087000602856}
{"items_size": 5180, "stocks_size": 1684, "fill_percentage": 0.7038457051708397, "solution_time": 1.131969299982302}
{"items_size": 5202, "stocks_size": 1738, "fill_percentage": 0.7044203147175028, "solution_time": 1.2917671999894083}
{"items_size": 5183, "stocks_size": 1736, "fill_percentage": 0.6908032582453177, "solution_time": 1.2102693000342697}
{"items_size": 5278, "stocks_size": 1658, "fill_percentage": 0.6973888562549909, "solution_time": 1.222743200021796}
{"items_size": 5154, "stocks_size": 1747, "fill_percentage": 0.6948011632781471, "solution_time": 1.1458166000666097}
{"items_size": 5149, "stocks_size": 1727, "fill_percentage": 0.6997789709755464, "solution_time": 1.2190094999969006}
{"items_size": 5292, "stocks_size": 1620, "fill_percentage": 0.6992598036020126, "solution_time": 1.1590482000028715}
{"items_size": 5154, "stocks_size": 1737, "fill_percentage": 0.7028290518839853, "solution_time": 1.1916879999917}
{"items_size": 5175, "stocks_size": 1760, "fill_percentage": 0.6965697449823403, "solution_time": 1.2529028999852017}
{"items_size": 5305, "stocks_size": 1765, "fill_percentage": 0.7083580438724435, "solution_time": 1.2096780000720173}
{"items_size": 5184, "stocks_size": 1692, "fill_percentage": 0.6945477505562545, "solution_time": 1.163834400009364}
{"items_size": 5187, "stocks_size": 1707, "fill_percentage": 0.698239553861941, "solution_time": 1.2422843999229372}
{"items_size": 5257, "stocks_size": 1726, "fill_percentage": 0.6905773152189967, "solution_time": 1.2436190999578685}
{"items_size": 5263, "stocks_size": 1696, "fill_percentage": 0.6994847021897912, "solution_time": 1.2121427999809384}
{"items_size": 5249, "stocks_size": 1699,