{"items_size": 5217, "stocks_size": 1730, "fill_percentage": 0.9923337060977397, "solution_time": 0.5958027999149635}
{"items_size": 5252, "stocks_size": 1652, "fill_percentage": 0.9923969991031097, "solution_time": 0.6843338999897242}
{"items_size": 5293, "stocks_size": 1641, "fill_percentage": 0.9931988321011406, "solution_time": 0.7749153000768274}
{"items_size": 5235, "stocks_size": 1719, "fill_percentage": 0.9937197874363403, "solution_time": 0.6688789998879656}
{"items_size": 5310, "stocks_size": 1709, "fill_percentage": 0.9929256768206417, "solution_time": 0.7149366999510676}
{"items_size": 5131, "stocks_size": 1736, "fill_percentage": 0.9927858487539689, "solution_time": 0.7301265000132844}
{"items_size": 5276, "stocks_size": 1755, "fill_percentage": 0.9909386173502468, "solution_time": 0.7573281999211758}
{"items_size": 5236, "stocks_size": 1764, "fill_percentage": 0.9938593457364543, "solution_time": 0.844996599946171}
{"items_size": 5309, "stocks_size": 1725, "fill_percentage": 0.9919414562945615, "solution_time": 0.927841900032945}
{"items_size": 5179, "stocks_size": 1769, "fill_percentage": 0.9898368220233414, "solution_time": 0.880954600055702}
{"items_size": 5288, "stocks_size": 1759, "fill_percentage": 0.9898169611741257, "solution_time": 0.865256299963221}
{"items_size": 5093, "stocks_size": 1749, "fill_percentage": 0.9943717270322182, "solution_time": 0.8183424000162631}
{"items_size": 5299, "stocks_size": 1695, "fill_percentage": 0.9909996462212002, "solution_time": 0.9451988999499008}
{"items_size": 5255, "stocks_size": 1727, "fill_percentage": 0.9918922115560614, "solution_time": 0.8494920000666752}
{"items_size": 5293, "stocks_size": 1614, "fill_percentage": 0.99377414634119, "solution_time": 0.7446767000947148}
{"items_size": 5210, "stocks_size": 1691, "fill_percentage": 0.9896456622216129, "solution_time": 0.6477306999731809}
{"items_size": 5286, "stocks_size": 1707, "fill_percentage": 0.9918943896746291, "solution_time": 0.8031910000136122}
{"items_size": 5159, "stocks_size": 1731, "fill_percentage": 0.9915431648268292, "solution_time": 0.680011700023897}
{"items_size": 5170, "stocks_size": 1716, "fill_percentage": 0.9906169948407619, "solution_time": 0.8128293000627309}
{"items_size": 5134, "stocks_size": 1743, "fill_percentage": 0.9916472357549565, "solution_time": 0.681681300047785}
{"items_size": 5185, "stocks_size": 1772, "fill_percentage": 0.9933682804315496, "solution_time": 0.7852945999475196}
{"items_size": 5308, "stocks_size": 1684, "fill_percentage": 0.9923042023494519, "solution_time": 0.9247402000473812}
{"items_size": 5261, "stocks_size": 1633, "fill_percentage": 0.9915699944806877, "solution_time": 0.8101541999494657}
{"items_size": 5119, "stocks_size": 1729, "fill_percentage": 0.9917670538664842, "solution_time": 0.8001184000167996}
{"items_size": 5230, "stocks_size": 1767, "fill_percentage": 0.9888820746525229, "solution_time": 0.8073776999954134}
{"items_size": 5230, "stocks_size": 1748, "fill_percentage": 0.9934503299500803, "solution_time": 0.8237840000074357}
{"items_size": 5198, "stocks_size": 1715, "fill_percentage": 0.9920834194985512, "solution_time": 0.7788579999469221}
{"items_size": 5295, "stocks_size": 1723, "fill_percentage": 0.9913592325168544, "solution_time": 0.9300747000379488}
{"items_size": 5107, "stocks_size": 1768, "fill_percentage": 0.9921267907968644, "solution_time": 0.7722172000212595}
{"items_size": 5314, "stocks_size": 1630, "fill_percentage": 0.9935681174064398, "solution_time": 0.8288495000451803}
{"items_size": 5303, "stocks_size": 1610, "fill_percentage": 0.9926064019095029, "solution_time": 0.7924902000231668}
{"items_size": 5198, "stocks_size": 1728, "fill_percentage": 0.9953409296045584, "solution_time": 0.8145503000123426}
{"items_size": 5082, "stocks_size": 1750, "fill_percentage": 0.9928951628327914, "solution_time": 0.7750841000815853}
{"items_size": 5290, "stocks_size": 1722, "fill_percentage": 0.9910462288180442, "solution_time": 0.8006374000106007}
{"items_size": 5310, "stocks_size": 1643, "fill_percentage": 0.9923354832386341, "solution_time": 0.9103874999564141}
{"items_size": 5307, "stocks_size": 1771, "fill_percentage": 0.9913338305044959, "solution_time": 0.841462800046429}
{"items_size": 5181, "stocks_size": 1761, "fill_percentage": 0.9920427626800509, "solution_time": 0.8536187000572681}
{"items_size": 5272, "stocks_size": 1691, "fill_percentage": 0.9894857007838537, "solution_time": 0.8561664000153542}
{"items_size": 5082, "stocks_size": 1750, "fill_percentage": 0.9906850751742922, "solution_time": 0.7009118000278249}
{"items_size": 5064, "stocks_size": 1766, "fill_percentage": 0.9931880611564088, "solution_time": 0.8343461999902502}
{"items_size": 5183, "stocks_size": 1732, "fill_percentage": 0.9915228284647363, "solution_time": 0.8636011999333277}
{"items_size": 5274, "stocks_size": 1716, "fill_percentage": 0.992004263063595, "solution_time": 0.9218893999932334}
{"items_size": 5297, "stocks_size": 1751, "fill_percentage": 0.9939705095233562, "solution_time": 0.8653481000801548}
{"items_size": 5297, "stocks_size": 1720, "fill_percentage": 0.9925586924421972, "solution_time": 0.8785106000723317}
{"items_size": 5292, "stocks_size": 1676, "fill_percentage": 0.9907788964529444, "solution_time": 0.8178163000848144}
{"items_size": 5257, "stocks_size": 1705, "fill_percentage": 0.9914788594966967, "solution_time": 0.8685586999636143}
{"items_size": 5298, "stocks_size": 1673, "fill_percentage": 0.9935601054504544, "solution_time": 0.8554882999742404}
{"items_size": 5145, "stocks_size": 1771, "fill_percentage": 0.9906039973405493, "solution_time": 0.8292594000231475}
{"items_size": 5257, "stocks_size": 1697, "fill_percentage": 0.9901871880567454, "solution_time": 0.7296823000069708}
{"items_size": 5297, "stocks_size": 1764, "fill_percentage": 0.9930131277222702, "solution_time": 0.8012113000731915}
{"items_size": 5141, "stocks_size": 1730, "fill_percentage": 0.9903889532697414, "solution_time": 0.8260164000093937}
{"items_size": 5289, "stocks_size": 1627, "fill_percentage": 0.9912468537300463, "solution_time": 0.8219102999428287}
{"items_size": 5154, "stocks_size": 1705, "fill_percentage": 0.9917834904149403, "solution_time": 0.801750099984929}
{"items_size": 5180, "stocks_size": 1684, "fill_percentage": 0.9909344186710942, "solution_time": 0.9073887000558898}
{"items_size": 5202, "stocks_size": 1738, "fill_percentage": 0.9909393419124557, "solution_time": 0.7365584999788553}
{"items_size": 5183, "stocks_size": 1736, "fill_percentage": 0.99278351293703, "solution_time": 0.8232132999692112}
{"items_size": 5278, "stocks_size": 1658, "fill_percentage": 0.9907214460427742, "solution_time": 0.7467487999238074}
{"items_size": 5154, "stocks_size": 1747, "fill_percentage": 0.9917637848382108, "solution_time": 0.7776450999081135}
{"items_size": 5149, "stocks_size": 1727, "fill_percentage": 0.9912178012475689, "solution_time": 0.8987319000298157}
{"items_size": 5292, "stocks_size": 1620, "fill_percentage": 0.9919317686329852, "solution_time": 0.9269477999769151}
{"items_size": 5154, "stocks_size": 1737, "fill_percentage": 0.9920380991059241, "solution_time": 0.8343028000090271}
{"items_size": 5175, "stocks_size": 1760, "fill_percentage": 0.9910798932157191, "solution_time": 0.8570593000622466}
{"items_size": 5305, "stocks_size": 1765, "fill_percentage": 0.9923262965838487, "solution_time": 0.8899870000313967}
{"items_size": 5184, "stocks_size": 1692, "fill_percentage": 0.9906727934184316, "solution_time": 0.8581494999816641}
{"items_size": 5187, "stocks_size": 1707, "fill_percentage": 0.9910767439816527, "solution_time": 0.8939854999771342}
{"items_size": 5257, "stocks_size": 1726, "fill_percentage": 0.9914455119745347, "solution_time": 0.8857956000138074}
{"items_size": 5263, "stocks_size": 1696, "fill_percentage": 0.9924605360830346, "solution_time": 0.7145783000160009}
{"items_size": 5249, "stocks_size": 1699, "fill_percentage": 0.9917751350308047,