{"items_size": 5217, "stocks_size": 1730, "fill_percentage": 0.9936549420318334, "solution_time": 1.0255515000317246}
{"items_size": 5252, "stocks_size": 1652, "fill_percentage": 0.9921806239438171, "solution_time": 1.0007777999853715}
{"items_size": 5293, "stocks_size": 1641, "fill_percentage": 0.9924503896802229, "solution_time": 1.0912796000484377}
{"items_size": 5235, "stocks_size": 1719, "fill_percentage": 0.9936287246157574, "solution_time": 0.9776767999865115}
{"items_size": 5310, "stocks_size": 1709, "fill_percentage": 0.9917071767768337, "solution_time": 0.9911734000779688}
{"items_size": 5131, "stocks_size": 1736, "fill_percentage": 0.9935132861862292, "solution_time": 1.278678800095804}
{"items_size": 5276, "stocks_size": 1755, "fill_percentage": 0.9926336761676677, "solution_time": 1.397612000000663}
{"items_size": 5236, "stocks_size": 1764, "fill_percentage": 0.9948512210493012, "solution_time": 1.2494479999877512}
{"items_size": 5309, "stocks_size": 1725, "fill_percentage": 0.9912087554160322, "solution_time": 1.4256604000693187}
{"items_size": 5179, "stocks_size": 1769, "fill_percentage": 0.9900373901247062, "solution_time": 1.3890804999973625}
{"items_size": 5288, "stocks_size": 1759, "fill_percentage": 0.990330214702335, "solution_time": 1.3610300000291318}
{"items_size": 5093, "stocks_size": 1749, "fill_percentage": 0.9922540323218211, "solution_time": 1.234081199974753}
{"items_size": 5299, "stocks_size": 1695, "fill_percentage": 0.9918980370437891, "solution_time": 1.4580758000956848}
{"items_size": 5255, "stocks_size": 1727, "fill_percentage": 0.9930318461363052, "solution_time": 1.3906159000471234}
{"items_size": 5293, "stocks_size": 1614, "fill_percentage": 0.9930889591375397, "solution_time": 1.1980230000335723}
{"items_size": 5210, "stocks_size": 1691, "fill_percentage": 0.9893507542094362, "solution_time": 1.0777899000095204}
{"items_size": 5286, "stocks_size": 1707, "fill_percentage": 0.9912984714615959, "solution_time": 1.1106721999822184}
{"items_size": 5159, "stocks_size": 1731, "fill_percentage": 0.9927974331289883, "solution_time": 0.9976582999806851}
{"items_size": 5170, "stocks_size": 1716, "fill_percentage": 0.9915765717666739, "solution_time": 1.1268656000029296}
{"items_size": 5134, "stocks_size": 1743, "fill_percentage": 0.9893395420347356, "solution_time": 1.0565531000029296}
{"items_size": 5185, "stocks_size": 1772, "fill_percentage": 0.9942174417260797, "solution_time": 1.158525099977851}
{"items_size": 5308, "stocks_size": 1684, "fill_percentage": 0.9919515257340438, "solution_time": 1.2612592000514269}
{"items_size": 5261, "stocks_size": 1633, "fill_percentage": 0.9929797207238386, "solution_time": 1.236867200001143}
{"items_size": 5119, "stocks_size": 1729, "fill_percentage": 0.9903885228474175, "solution_time": 1.1503484999993816}
{"items_size": 5230, "stocks_size": 1767, "fill_percentage": 0.9918396918644311, "solution_time": 1.284710800042376}
{"items_size": 5230, "stocks_size": 1748, "fill_percentage": 0.9915732876668506, "solution_time": 1.1725817999104038}
{"items_size": 5198, "stocks_size": 1715, "fill_percentage": 0.9905762249345477, "solution_time": 1.368065300048329}
{"items_size": 5295, "stocks_size": 1723, "fill_percentage": 0.989912317032929, "solution_time": 1.3891782000428066}
{"items_size": 5107, "stocks_size": 1768, "fill_percentage": 0.9907595203100227, "solution_time": 1.1272336000110954}
{"items_size": 5314, "stocks_size": 1630, "fill_percentage": 0.9926986836432027, "solution_time": 1.080596800078638}
{"items_size": 5303, "stocks_size": 1610, "fill_percentage": 0.9921193661715987, "solution_time": 1.2282997000729665}
{"items_size": 5198, "stocks_size": 1728, "fill_percentage": 0.9943392501789162, "solution_time": 1.2250027999980375}
{"items_size": 5082, "stocks_size": 1750, "fill_percentage": 0.9899531071355585, "solution_time": 1.1962839999468997}
{"items_size": 5290, "stocks_size": 1722, "fill_percentage": 0.9925023759588938, "solution_time": 1.400200300035067}
{"items_size": 5310, "stocks_size": 1643, "fill_percentage": 0.9915156606231605, "solution_time": 1.3684513999614865}
{"items_size": 5307, "stocks_size": 1771, "fill_percentage": 0.9932188478864161, "solution_time": 1.1960731000872329}
{"items_size": 5181, "stocks_size": 1761, "fill_percentage": 0.9913408718393025, "solution_time": 1.2217691999394447}
{"items_size": 5272, "stocks_size": 1691, "fill_percentage": 0.9919185475970335, "solution_time": 1.253604800091125}
{"items_size": 5082, "stocks_size": 1750, "fill_percentage": 0.9896704606487783, "solution_time": 1.2788940999889746}
{"items_size": 5064, "stocks_size": 1766, "fill_percentage": 0.9919663918301582, "solution_time": 1.2448113999562338}
{"items_size": 5183, "stocks_size": 1732, "fill_percentage": 0.9923482921636909, "solution_time": 1.3125984000507742}
{"items_size": 5274, "stocks_size": 1716, "fill_percentage": 0.9929417765875458, "solution_time": 1.2049981000600383}
{"items_size": 5297, "stocks_size": 1751, "fill_percentage": 0.9938597896906779, "solution_time": 1.3062764999922365}
{"items_size": 5297, "stocks_size": 1720, "fill_percentage": 0.9919387581180092, "solution_time": 1.3598805000074208}
{"items_size": 5292, "stocks_size": 1676, "fill_percentage": 0.9936798465490067, "solution_time": 1.3154045999981463}
{"items_size": 5257, "stocks_size": 1705, "fill_percentage": 0.9920179687699526, "solution_time": 1.2771442000521347}
{"items_size": 5298, "stocks_size": 1673, "fill_percentage": 0.9936644009163982, "solution_time": 1.2100574999349192}
{"items_size": 5145, "stocks_size": 1771, "fill_percentage": 0.9913978562208622, "solution_time": 1.3243162999860942}
{"items_size": 5257, "stocks_size": 1697, "fill_percentage": 0.9913836697207099, "solution_time": 1.2982902999501675}
{"items_size": 5297, "stocks_size": 1764, "fill_percentage": 0.9911975849104925, "solution_time": 1.412516999989748}
{"items_size": 5141, "stocks_size": 1730, "fill_percentage": 0.992124270065245, "solution_time": 1.3431005999445915}
{"items_size": 5289, "stocks_size": 1627, "fill_percentage": 0.9923770024767244, "solution_time": 1.238563199993223}
{"items_size": 5154, "stocks_size": 1705, "fill_percentage": 0.993066545517129, "solution_time": 1.164815199910663}
{"items_size": 5180, "stocks_size": 1684, "fill_percentage": 0.9919353733846485, "solution_time": 1.3177475000265986}
{"items_size": 5202, "stocks_size": 1738, "fill_percentage": 0.9914742637341878, "solution_time": 1.2326877999585122}
{"items_size": 5183, "stocks_size": 1736, "fill_percentage": 0.9928401408429045, "solution_time": 1.2163533000275493}
{"items_size": 5278, "stocks_size": 1658, "fill_percentage": 0.9934948974213742, "solution_time": 1.2453376998892054}
{"items_size": 5154, "stocks_size": 1747, "fill_percentage": 0.9904162800777515, "solution_time": 1.2949786999961361}
{"items_size": 5149, "stocks_size": 1727, "fill_percentage": 0.9911524045462924, "solution_time": 1.2640770999714732}
{"items_size": 5292, "stocks_size": 1620, "fill_percentage": 0.9924571204272887, "solution_time": 1.177768599940464}
{"items_size": 5154, "stocks_size": 1737, "fill_percentage": 0.9913464398478278, "solution_time": 1.3578130000969395}
{"items_size": 5175, "stocks_size": 1760, "fill_percentage": 0.9919540675316915, "solution_time": 1.338716399972327}
{"items_size": 5305, "stocks_size": 1765, "fill_percentage": 0.9921059854363826, "solution_time": 1.3126602999400347}
{"items_size": 5184, "stocks_size": 1692, "fill_percentage": 0.9919318533935911, "solution_time": 1.1728934000711888}
{"items_size": 5187, "stocks_size": 1707, "fill_percentage": 0.992047902919347, "solution_time": 1.2523709000088274}
{"items_size": 5257, "stocks_size": 1726, "fill_percentage": 0.9924930915548877, "solution_time": 1.3144992999732494}
{"items_size": 5263, "stocks_size": 1696, "fill_percentage": 0.9928152520906544, "solution_time": 1.1998555000172928}
{"items_size": 5249, "stocks_size": 1699,