{"items_size": 12, "stocks_size": 5, "fill_percentage": 0.7057018665302992, "solution_time": 0.00013703800505027175}
{"items_size": 15, "stocks_size": 3, "fill_percentage": 0.5253726958948374, "solution_time": 0.00024075400142464787}
{"items_size": 12, "stocks_size": 5, "fill_percentage": 0.7267257039055404, "solution_time": 9.676700574345887e-05}
{"items_size": 12, "stocks_size": 5, "fill_percentage": 0.8268099258122282, "solution_time": 0.000107893007225357}
{"items_size": 13, "stocks_size": 4, "fill_percentage": 0.8948863636363636, "solution_time": 0.0002069830079562962}
{"items_size": 15, "stocks_size": 3, "fill_percentage": 0.7083279283953821, "solution_time": 0.00013896099699195474}
{"items_size": 15, "stocks_size": 3, "fill_percentage": 0.7358841902931283, "solution_time": 0.00014937599189579487}
{"items_size": 13, "stocks_size": 4, "fill_percentage": 0.5173327603495201, "solution_time": 0.00011060999531764537}
{"items_size": 12, "stocks_size": 5, "fill_percentage": 0.7532240235814296, "solution_time": 0.00010453899449203163}
{"items_size": 13, "stocks_size": 4, "fill_percentage": 0.6882857142857143, "solution_time": 0.00011378500494174659}
{"items_size": 12, "stocks_size": 5, "fill_percentage": 0.8399041342121031, "solution_time": 0.00010895301238633692}
{"items_size": 14, "stocks_size": 4, "fill_percentage": 0.5311483311242319, "solution_time": 0.00010903300426434726}
{"items_size": 13, "stocks_size": 4, "fill_percentage": 0.5826962084568575, "solution_time": 0.00010550300066825002}
{"items_size": 14, "stocks_size": 4, "fill_percentage": 0.6572826549425613, "solution_time": 0.00011325899686198682}
{"items_size": 13, "stocks_size": 4, "fill_percentage": 0.6420534932291315, "solution_time": 0.00010725599713623524}
{"items_size": 13, "stocks_size": 4, "fill_percentage": 0.7306001758171502, "solution_time": 9.229900024365634e-05}
{"items_size": 13, "stocks_size": 4, "fill_percentage": 0.6510147712261318, "solution_time": 0.00010594399645924568}
{"items_size": 13, "stocks_size": 4, "fill_percentage": 0.7573040380047505, "solution_time": 0.00010441400809213519}
{"items_size": 15, "stocks_size": 3, "fill_percentage": 0.7074353448275862, "solution_time": 0.00011485499271657318}
{"items_size": 14, "stocks_size": 4, "fill_percentage": 0.8196560196560196, "solution_time": 0.000118242998723872}
{"items_size": 14, "stocks_size": 4, "fill_percentage": 0.6403857679943333, "solution_time": 0.0001242930011358112}
{"items_size": 12, "stocks_size": 5, "fill_percentage": 0.462678221973721, "solution_time": 0.00012626999523490667}
{"items_size": 13, "stocks_size": 4, "fill_percentage": 0.6760707002039429, "solution_time": 0.00010815898713190109}
{"items_size": 15, "stocks_size": 3, "fill_percentage": 0.6149063495764359, "solution_time": 0.0001129300071625039}
{"items_size": 15, "stocks_size": 3, "fill_percentage": 0.702036884117809, "solution_time": 0.00010729899804573506}
{"items_size": 13, "stocks_size": 4, "fill_percentage": 0.6880368740833858, "solution_time": 0.00011222499597351998}
{"items_size": 12, "stocks_size": 5, "fill_percentage": 0.6352053646269907, "solution_time": 0.00010061499779112637}
{"items_size": 15, "stocks_size": 3, "fill_percentage": 0.7370063107140324, "solution_time": 0.00012094700650777668}
{"items_size": 12, "stocks_size": 5, "fill_percentage": 0.8451351848445834, "solution_time": 0.00011638901196420193}
{"items_size": 14, "stocks_size": 4, "fill_percentage": 0.5599710546945668, "solution_time": 0.00010859299800358713}
{"items_size": 13, "stocks_size": 4, "fill_percentage": 0.6376930063578565, "solution_time": 0.00010589300654828548}
{"items_size": 15, "stocks_size": 3, "fill_percentage": 0.5230752224617256, "solution_time": 0.00013480799680110067}
{"items_size": 12, "stocks_size": 5, "fill_percentage": 0.7058760683760684, "solution_time": 8.993200026452541e-05}
{"items_size": 12, "stocks_size": 5, "fill_percentage": 0.7542278238672623, "solution_time": 0.00011070699838455766}
{"items_size": 13, "stocks_size": 4, "fill_percentage": 0.6757738700770237, "solution_time": 0.00010807900980580598}
{"items_size": 13, "stocks_size": 4, "fill_percentage": 0.7025943203208118, "solution_time": 0.0001105599949369207}
{"items_size": 13, "stocks_size": 4, "fill_percentage": 0.5253576993908485, "solution_time": 9.630899876356125e-05}
{"items_size": 15, "stocks_size": 3, "fill_percentage": 0.7081162599396764, "solution_time": 0.00012077100109308958}
{"items_size": 12, "stocks_size": 5, "fill_percentage": 0.6474952582840566, "solution_time": 9.019600111059844e-05}
{"items_size": 14, "stocks_size": 4, "fill_percentage": 0.8746376811594203, "solution_time": 0.00011874998745042831}
{"items_size": 12, "stocks_size": 5, "fill_percentage": 0.6037833635656906, "solution_time": 9.18729929253459e-05}
{"items_size": 12, "stocks_size": 5, "fill_percentage": 0.8079548827545265, "solution_time": 0.00010547500278335065}
{"items_size": 12, "stocks_size": 5, "fill_percentage": 0.7331495642895252, "solution_time": 0.00011066399747505784}
{"items_size": 13, "stocks_size": 4, "fill_percentage": 0.5477829520145778, "solution_time": 0.00010490899148862809}
{"items_size": 14, "stocks_size": 4, "fill_percentage": 0.7576367426148207, "solution_time": 9.475099795963615e-05}
{"items_size": 13, "stocks_size": 4, "fill_percentage": 0.7587986137851367, "solution_time": 0.00010586199641693383}
{"items_size": 13, "stocks_size": 4, "fill_percentage": 0.4998741082668905, "solution_time": 9.99790063360706e-05}
{"items_size": 13, "stocks_size": 4, "fill_percentage": 0.605532398635847, "solution_time": 0.00010189400927629322}
{"items_size": 15, "stocks_size": 3, "fill_percentage": 0.6907227223060513, "solution_time": 0.00014905499119777232}
{"items_size": 15, "stocks_size": 3, "fill_percentage": 0.7043466737344288, "solution_time": 0.000110752007458359}
