{"items_size": 519, "stocks_size": 167, "fill_percentage": 0.9701439876342008, "solution_time": 0.014333699946291745}
{"items_size": 513, "stocks_size": 171, "fill_percentage": 0.96728488461156, "solution_time": 0.01653169991914183}
{"items_size": 515, "stocks_size": 178, "fill_percentage": 0.9711220729656604, "solution_time": 0.01791569998022169}
{"items_size": 526, "stocks_size": 177, "fill_percentage": 0.9690543166517117, "solution_time": 0.012718999991193414}
{"items_size": 529, "stocks_size": 166, "fill_percentage": 0.9647880984918538, "solution_time": 0.01241289998870343}
{"items_size": 516, "stocks_size": 175, "fill_percentage": 0.9627627660238746, "solution_time": 0.019019700004719198}
{"items_size": 532, "stocks_size": 169, "fill_percentage": 0.9743590453896976, "solution_time": 0.02020889997947961}
{"items_size": 534, "stocks_size": 165, "fill_percentage": 0.9725879907968206, "solution_time": 0.0197943999664858}
{"items_size": 519, "stocks_size": 177, "fill_percentage": 0.9728222427004163, "solution_time": 0.015043699997477233}
{"items_size": 522, "stocks_size": 171, "fill_percentage": 0.9659751979341071, "solution_time": 0.014760499936528504}
{"items_size": 520, "stocks_size": 178, "fill_percentage": 0.9661013152331269, "solution_time": 0.012763599981553853}
{"items_size": 525, "stocks_size": 166, "fill_percentage": 0.9676815882409087, "solution_time": 0.015714999986812472}
{"items_size": 520, "stocks_size": 171, "fill_percentage": 0.9655854793263875, "solution_time": 0.01951689994893968}
{"items_size": 517, "stocks_size": 171, "fill_percentage": 0.9653312073738758, "solution_time": 0.012064400012604892}
{"items_size": 520, "stocks_size": 172, "fill_percentage": 0.9571597335547598, "solution_time": 0.011742900009267032}
{"items_size": 533, "stocks_size": 161, "fill_percentage": 0.9719231372160755, "solution_time": 0.01953200006391853}
{"items_size": 516, "stocks_size": 175, "fill_percentage": 0.9763271701298551, "solution_time": 0.012040499947033823}
{"items_size": 534, "stocks_size": 163, "fill_percentage": 0.9569914942688864, "solution_time": 0.013101099990308285}
{"items_size": 509, "stocks_size": 177, "fill_percentage": 0.9591930002630481, "solution_time": 0.012607299955561757}
{"items_size": 532, "stocks_size": 174, "fill_percentage": 0.9699184105946125, "solution_time": 0.013799500069580972}
{"items_size": 527, "stocks_size": 162, "fill_percentage": 0.9660597716553158, "solution_time": 0.012931099976412952}
{"items_size": 521, "stocks_size": 170, "fill_percentage": 0.969957126922284, "solution_time": 0.017759099951945245}
{"items_size": 531, "stocks_size": 173, "fill_percentage": 0.9694702370524103, "solution_time": 0.012025399948470294}
{"items_size": 527, "stocks_size": 175, "fill_percentage": 0.9521174021350493, "solution_time": 0.012897599954158068}
{"items_size": 532, "stocks_size": 160, "fill_percentage": 0.96476564006944, "solution_time": 0.01299810002092272}
{"items_size": 526, "stocks_size": 169, "fill_percentage": 0.9761675161868026, "solution_time": 0.013037399970926344}
{"items_size": 534, "stocks_size": 166, "fill_percentage": 0.9589947812959565, "solution_time": 0.012866000062786043}
{"items_size": 522, "stocks_size": 166, "fill_percentage": 0.9612470773220613, "solution_time": 0.01267369999550283}
{"items_size": 527, "stocks_size": 175, "fill_percentage": 0.9631967272240141, "solution_time": 0.01233269996009767}
{"items_size": 518, "stocks_size": 176, "fill_percentage": 0.9624654644379151, "solution_time": 0.012094800011254847}
{"items_size": 533, "stocks_size": 161, "fill_percentage": 0.9802089818824146, "solution_time": 0.01196529995650053}
{"items_size": 523, "stocks_size": 173, "fill_percentage": 0.9665757723728897, "solution_time": 0.011916900053620338}
{"items_size": 523, "stocks_size": 178, "fill_percentage": 0.9740074401446287, "solution_time": 0.01228829997126013}
{"items_size": 513, "stocks_size": 175, "fill_percentage": 0.9681141614298404, "solution_time": 0.01310490001924336}
{"items_size": 521, "stocks_size": 177, "fill_percentage": 0.9658662979720932, "solution_time": 0.012465400039218366}
{"items_size": 533, "stocks_size": 162, "fill_percentage": 0.9640684117359439, "solution_time": 0.018059899914078414}
{"items_size": 531, "stocks_size": 165, "fill_percentage": 0.9753419866837043, "solution_time": 0.019977499963715672}
{"items_size": 532, "stocks_size": 171, "fill_percentage": 0.9621189186912468, "solution_time": 0.01612109993584454}
{"items_size": 525, "stocks_size": 164, "fill_percentage": 0.9593542604782394, "solution_time": 0.0240095000481233}
{"items_size": 507, "stocks_size": 175, "fill_percentage": 0.9693287786556145, "solution_time": 0.012118299957364798}
{"items_size": 534, "stocks_size": 173, "fill_percentage": 0.9661351817976281, "solution_time": 0.013664599973708391}
{"items_size": 533, "stocks_size": 160, "fill_percentage": 0.9629306340791518, "solution_time": 0.01262200006749481}
{"items_size": 523, "stocks_size": 167, "fill_percentage": 0.9745258706138902, "solution_time": 0.018012400018051267}
{"items_size": 523, "stocks_size": 175, "fill_percentage": 0.9700527278596793, "solution_time": 0.013874399941414595}
{"items_size": 531, "stocks_size": 170, "fill_percentage": 0.9574267905445137, "solution_time": 0.012177799944765866}
{"items_size": 532, "stocks_size": 172, "fill_percentage": 0.9713475558264274, "solution_time": 0.01418779999949038}
{"items_size": 514, "stocks_size": 176, "fill_percentage": 0.9726688811400682, "solution_time": 0.012351699988357723}
{"items_size": 523, "stocks_size": 165, "fill_percentage": 0.9744866001809498, "solution_time": 0.011873099952936172}
{"items_size": 517, "stocks_size": 174, "fill_percentage": 0.9678403296538864, "solution_time": 0.012238799943588674}
{"items_size": 516, "stocks_size": 177, "fill_percentage": 0.973897196467505, "solution_time": 0.011930099921301007}
{"items_size": 528, "stocks_size": 170, "fill_percentage": 0.9645895742619464, "solution_time": 0.012428400106728077}
{"items_size": 526, "stocks_size": 178, "fill_percentage": 0.9698156817950244, "solution_time": 0.01708559994585812}
{"items_size": 516, "stocks_size": 172, "fill_percentage": 0.9761391678133209, "solution_time": 0.011261000065132976}
{"items_size": 528, "stocks_size": 174, "fill_percentage": 0.9523457273791052, "solution_time": 0.013394300010986626}
{"items_size": 518, "stocks_size": 176, "fill_percentage": 0.9651344400538643, "solution_time": 0.018768400070257485}
{"items_size": 534, "stocks_size": 175, "fill_percentage": 0.960702640747979, "solution_time": 0.015417000045999885}
{"items_size": 517, "stocks_size": 174, "fill_percentage": 0.9667691683658927, "solution_time": 0.01201119995675981}
{"items_size": 524, "stocks_size": 166, "fill_percentage": 0.9719682059258719, "solution_time": 0.013623900013044477}
{"items_size": 515, "stocks_size": 176, "fill_percentage": 0.9705159431275394, "solution_time": 0.014514900045469403}
{"items_size": 518, "stocks_size": 173, "fill_percentage": 0.9661975107595673, "solution_time": 0.012135099968872964}
{"items_size": 531, "stocks_size": 161, "fill_percentage": 0.974821133736929, "solution_time": 0.013055299990810454}
{"items_size": 518, "stocks_size": 174, "fill_percentage": 0.9731309361885165, "solution_time": 0.014256400056183338}
{"items_size": 525, "stocks_size": 177, "fill_percentage": 0.9636465985532945, "solution_time": 0.012538100010715425}
{"items_size": 513, "stocks_size": 176, "fill_percentage": 0.9483941980515529, "solution_time": 0.01179660006891936}
{"items_size": 527, "stocks_size": 173, "fill_percentage": 0.9695995707290899, "solution_time": 0.018168099923059344}
{"items_size": 522, "stocks_size": 167, "fill_percentage": 0.9629505224994669, "solution_time": 0.021215499960817397}
{"items_size": 514, "stocks_size": 176, "fill_percentage": 0.9737795550307292, "solution_time": 0.01621279993560165}
{"items_size": 528, "stocks_size": 171,