{"items_size": 519, "stocks_size": 167, "fill_percentage": 0.7044026691715565, "solution_time": 0.03774209995754063}
{"items_size": 513, "stocks_size": 171, "fill_percentage": 0.7065167462987755, "solution_time": 0.03650479996576905}
{"items_size": 515, "stocks_size": 178, "fill_percentage": 0.7179603868231887, "solution_time": 0.035867500002495944}
{"items_size": 526, "stocks_size": 177, "fill_percentage": 0.7057058441506379, "solution_time": 0.04033079999499023}
{"items_size": 529, "stocks_size": 166, "fill_percentage": 0.7029978276035466, "solution_time": 0.03244959993753582}
{"items_size": 516, "stocks_size": 175, "fill_percentage": 0.6967215530333543, "solution_time": 0.03411719994619489}
{"items_size": 532, "stocks_size": 169, "fill_percentage": 0.6946306339043437, "solution_time": 0.026152900070883334}
{"items_size": 534, "stocks_size": 165, "fill_percentage": 0.6994613802431392, "solution_time": 0.03983559994958341}
{"items_size": 519, "stocks_size": 177, "fill_percentage": 0.69574917920119, "solution_time": 0.03248819999862462}
{"items_size": 522, "stocks_size": 171, "fill_percentage": 0.7143576657041166, "solution_time": 0.036055399919860065}
{"items_size": 520, "stocks_size": 178, "fill_percentage": 0.7087972816395625, "solution_time": 0.032623100094497204}
{"items_size": 525, "stocks_size": 166, "fill_percentage": 0.7193955231899248, "solution_time": 0.029757800046354532}
{"items_size": 520, "stocks_size": 171, "fill_percentage": 0.7057456599117997, "solution_time": 0.03205269994214177}
{"items_size": 517, "stocks_size": 171, "fill_percentage": 0.7129738297177287, "solution_time": 0.02977249992545694}
{"items_size": 520, "stocks_size": 172, "fill_percentage": 0.7243081241154573, "solution_time": 0.041770000010728836}
{"items_size": 533, "stocks_size": 161, "fill_percentage": 0.706244891515269, "solution_time": 0.04008209996391088}
{"items_size": 516, "stocks_size": 175, "fill_percentage": 0.6910617348619554, "solution_time": 0.04182579996995628}
{"items_size": 534, "stocks_size": 163, "fill_percentage": 0.7264925460826785, "solution_time": 0.03620129998307675}
{"items_size": 509, "stocks_size": 177, "fill_percentage": 0.6953279992603693, "solution_time": 0.033332600025460124}
{"items_size": 532, "stocks_size": 174, "fill_percentage": 0.7198775013767229, "solution_time": 0.026058599934913218}
{"items_size": 527, "stocks_size": 162, "fill_percentage": 0.7137329295601424, "solution_time": 0.03072369995061308}
{"items_size": 521, "stocks_size": 170, "fill_percentage": 0.6919621811818569, "solution_time": 0.03500940010417253}
{"items_size": 531, "stocks_size": 173, "fill_percentage": 0.6983324499531129, "solution_time": 0.05277269997168332}
{"items_size": 527, "stocks_size": 175, "fill_percentage": 0.6918316601685183, "solution_time": 0.031696700025349855}
{"items_size": 532, "stocks_size": 160, "fill_percentage": 0.7154762966018945, "solution_time": 0.04818879999220371}
{"items_size": 526, "stocks_size": 169, "fill_percentage": 0.7206140779068633, "solution_time": 0.03356100001838058}
{"items_size": 534, "stocks_size": 166, "fill_percentage": 0.7271211260045154, "solution_time": 0.0351659000152722}
{"items_size": 522, "stocks_size": 166, "fill_percentage": 0.6766108906141355, "solution_time": 0.02924709999933839}
{"items_size": 527, "stocks_size": 175, "fill_percentage": 0.7239833549239102, "solution_time": 0.034584200009703636}
{"items_size": 518, "stocks_size": 176, "fill_percentage": 0.7067540207448632, "solution_time": 0.02572809997946024}
{"items_size": 533, "stocks_size": 161, "fill_percentage": 0.7187620074616691, "solution_time": 0.03800880000926554}
{"items_size": 523, "stocks_size": 173, "fill_percentage": 0.7221129173737324, "solution_time": 0.040857400046661496}
{"items_size": 523, "stocks_size": 178, "fill_percentage": 0.7171630539969183, "solution_time": 0.030323300044983625}
{"items_size": 513, "stocks_size": 175, "fill_percentage": 0.7112435682934911, "solution_time": 0.03826690011192113}
{"items_size": 521, "stocks_size": 177, "fill_percentage": 0.7171509782392658, "solution_time": 0.025850399979390204}
{"items_size": 533, "stocks_size": 162, "fill_percentage": 0.7138567279767667, "solution_time": 0.027592799975536764}
{"items_size": 531, "stocks_size": 165, "fill_percentage": 0.7255852769183354, "solution_time": 0.026002999977208674}
{"items_size": 532, "stocks_size": 171, "fill_percentage": 0.6912927112985748, "solution_time": 0.04307099990546703}
{"items_size": 525, "stocks_size": 164, "fill_percentage": 0.6980439905115414, "solution_time": 0.038999599986709654}
{"items_size": 507, "stocks_size": 175, "fill_percentage": 0.724697001484733, "solution_time": 0.02392940002027899}
{"items_size": 534, "stocks_size": 173, "fill_percentage": 0.7045856535783612, "solution_time": 0.04358749999664724}
{"items_size": 533, "stocks_size": 160, "fill_percentage": 0.7174565480700958, "solution_time": 0.03643839992582798}
{"items_size": 523, "stocks_size": 167, "fill_percentage": 0.7188423457730388, "solution_time": 0.05723909998778254}
{"items_size": 523, "stocks_size": 175, "fill_percentage": 0.7399727887806049, "solution_time": 0.027355400030501187}
{"items_size": 531, "stocks_size": 170, "fill_percentage": 0.7144191760836458, "solution_time": 0.0430952999740839}
{"items_size": 532, "stocks_size": 172, "fill_percentage": 0.7115289666587846, "solution_time": 0.032957700081169605}
{"items_size": 514, "stocks_size": 176, "fill_percentage": 0.7276512973940851, "solution_time": 0.03177340002730489}
{"items_size": 523, "stocks_size": 165, "fill_percentage": 0.6840804347078696, "solution_time": 0.040617299964651465}
{"items_size": 517, "stocks_size": 174, "fill_percentage": 0.7120190526594337, "solution_time": 0.03756189998239279}
{"items_size": 516, "stocks_size": 177, "fill_percentage": 0.69023416617565, "solution_time": 0.030334800016134977}
{"items_size": 528, "stocks_size": 170, "fill_percentage": 0.711805106143438, "solution_time": 0.04260330006945878}
{"items_size": 526, "stocks_size": 178, "fill_percentage": 0.7185485393012884, "solution_time": 0.03840179997496307}
{"items_size": 516, "stocks_size": 172, "fill_percentage": 0.7190545099673514, "solution_time": 0.030392399989068508}
{"items_size": 528, "stocks_size": 174, "fill_percentage": 0.7398249615063482, "solution_time": 0.03782420000061393}
{"items_size": 518, "stocks_size": 176, "fill_percentage": 0.6977946340217703, "solution_time": 0.02902320004068315}
{"items_size": 534, "stocks_size": 175, "fill_percentage": 0.7401597312098493, "solution_time": 0.03197630005888641}
{"items_size": 517, "stocks_size": 174, "fill_percentage": 0.7124546822455389, "solution_time": 0.030850599985569715}
{"items_size": 524, "stocks_size": 166, "fill_percentage": 0.7109151993822825, "solution_time": 0.037078999914228916}
{"items_size": 515, "stocks_size": 176, "fill_percentage": 0.6805689093168867, "solution_time": 0.027320499997586012}
{"items_size": 518, "stocks_size": 173, "fill_percentage": 0.7154439799715191, "solution_time": 0.02905720006674528}
{"items_size": 531, "stocks_size": 161, "fill_percentage": 0.701487872210725, "solution_time": 0.0383498000446707}
{"items_size": 518, "stocks_size": 174, "fill_percentage": 0.7127688335132121, "solution_time": 0.03730059997178614}
{"items_size": 525, "stocks_size": 177, "fill_percentage": 0.7250721632891636, "solution_time": 0.03576769994106144}
{"items_size": 513, "stocks_size": 176, "fill_percentage": 0.7088363778029588, "solution_time": 0.03496190009173006}
{"items_size": 527, "stocks_size": 173, "fill_percentage": 0.6940474933023497, "solution_time": 0.030896899988874793}
{"items_size": 522, "stocks_size": 167, "fill_percentage": 0.7182622770231711, "solution_time": 0.02618290006648749}
{"items_size": 514, "stocks_size": 176, "fill_percentage": 0.7217163338942527, "solution_time": 0.034901199978776276}
{"items_size": 528, "stocks_size": 171, "fill_percentage": 0.7265761154633593,