{"items_size": 519, "stocks_size": 167, "fill_percentage": 0.6440945174663965, "solution_time": 0.02591179998125881}
{"items_size": 513, "stocks_size": 171, "fill_percentage": 0.666155830839307, "solution_time": 0.016906199976801872}
{"items_size": 515, "stocks_size": 178, "fill_percentage": 0.6637763034843093, "solution_time": 0.01684130006469786}
{"items_size": 526, "stocks_size": 177, "fill_percentage": 0.6655117074304898, "solution_time": 0.01666079997085035}
{"items_size": 529, "stocks_size": 166, "fill_percentage": 0.626716515760937, "solution_time": 0.015927499975077808}
{"items_size": 516, "stocks_size": 175, "fill_percentage": 0.6407384052773175, "solution_time": 0.022969599929638207}
{"items_size": 532, "stocks_size": 169, "fill_percentage": 0.656545217993493, "solution_time": 0.016132100019603968}
{"items_size": 534, "stocks_size": 165, "fill_percentage": 0.6622690693057303, "solution_time": 0.018958200002089143}
{"items_size": 519, "stocks_size": 177, "fill_percentage": 0.6706069759987567, "solution_time": 0.017150399973616004}
{"items_size": 522, "stocks_size": 171, "fill_percentage": 0.6467486818980668, "solution_time": 0.016679499996826053}
{"items_size": 520, "stocks_size": 178, "fill_percentage": 0.6588417941001238, "solution_time": 0.015281599946320057}
{"items_size": 525, "stocks_size": 166, "fill_percentage": 0.6568460490463215, "solution_time": 0.017400800017639995}
{"items_size": 520, "stocks_size": 171, "fill_percentage": 0.6845607528040614, "solution_time": 0.0169093000004068}
{"items_size": 517, "stocks_size": 171, "fill_percentage": 0.6658493454839238, "solution_time": 0.01685010001529008}
{"items_size": 520, "stocks_size": 172, "fill_percentage": 0.645911219289733, "solution_time": 0.01722529996186495}
{"items_size": 533, "stocks_size": 161, "fill_percentage": 0.6509042485592251, "solution_time": 0.01720699993893504}
{"items_size": 516, "stocks_size": 175, "fill_percentage": 0.6659902941530258, "solution_time": 0.024674999993294477}
{"items_size": 534, "stocks_size": 163, "fill_percentage": 0.6548703499703415, "solution_time": 0.023181700031273067}
{"items_size": 509, "stocks_size": 177, "fill_percentage": 0.6576699835673139, "solution_time": 0.01661159994546324}
{"items_size": 532, "stocks_size": 174, "fill_percentage": 0.6674870739927816, "solution_time": 0.02081639994867146}
{"items_size": 527, "stocks_size": 162, "fill_percentage": 0.6412837246153205, "solution_time": 0.025096500059589744}
{"items_size": 521, "stocks_size": 170, "fill_percentage": 0.6387978845999854, "solution_time": 0.022231100010685623}
{"items_size": 531, "stocks_size": 173, "fill_percentage": 0.6340539025495211, "solution_time": 0.02624969999305904}
{"items_size": 527, "stocks_size": 175, "fill_percentage": 0.6171050057852144, "solution_time": 0.01673599996138364}
{"items_size": 532, "stocks_size": 160, "fill_percentage": 0.6574170025678343, "solution_time": 0.01668140001129359}
{"items_size": 526, "stocks_size": 169, "fill_percentage": 0.660573653123322, "solution_time": 0.022267800057306886}
{"items_size": 534, "stocks_size": 166, "fill_percentage": 0.686923432594283, "solution_time": 0.017422399949282408}
{"items_size": 522, "stocks_size": 166, "fill_percentage": 0.6442254725857497, "solution_time": 0.023871899931691587}
{"items_size": 527, "stocks_size": 175, "fill_percentage": 0.6654409801695078, "solution_time": 0.025061100022867322}
{"items_size": 518, "stocks_size": 176, "fill_percentage": 0.660035566691425, "solution_time": 0.015963399899192154}
{"items_size": 533, "stocks_size": 161, "fill_percentage": 0.6601599483915036, "solution_time": 0.017378599965013564}
{"items_size": 523, "stocks_size": 173, "fill_percentage": 0.6565815243621781, "solution_time": 0.01677460002247244}
{"items_size": 523, "stocks_size": 178, "fill_percentage": 0.6562525534878506, "solution_time": 0.02235460001975298}
{"items_size": 513, "stocks_size": 175, "fill_percentage": 0.650590042361062, "solution_time": 0.01962819998152554}
{"items_size": 521, "stocks_size": 177, "fill_percentage": 0.6719236172255378, "solution_time": 0.016492299968376756}
{"items_size": 533, "stocks_size": 162, "fill_percentage": 0.6531394205645554, "solution_time": 0.01692139997612685}
{"items_size": 531, "stocks_size": 165, "fill_percentage": 0.6651726415440502, "solution_time": 0.017859899904578924}
{"items_size": 532, "stocks_size": 171, "fill_percentage": 0.6442999280748022, "solution_time": 0.01841899997089058}
{"items_size": 525, "stocks_size": 164, "fill_percentage": 0.6334026383582754, "solution_time": 0.018098699976690114}
{"items_size": 507, "stocks_size": 175, "fill_percentage": 0.6703795833745431, "solution_time": 0.016824399936012924}
{"items_size": 534, "stocks_size": 173, "fill_percentage": 0.6367339958447699, "solution_time": 0.022768800030462444}
{"items_size": 533, "stocks_size": 160, "fill_percentage": 0.6436156736523206, "solution_time": 0.01611229998525232}
{"items_size": 523, "stocks_size": 167, "fill_percentage": 0.6458735552060029, "solution_time": 0.022915900102816522}
{"items_size": 523, "stocks_size": 175, "fill_percentage": 0.6256102765893216, "solution_time": 0.01952600001823157}
{"items_size": 531, "stocks_size": 170, "fill_percentage": 0.6576216649220651, "solution_time": 0.019626400084234774}
{"items_size": 532, "stocks_size": 172, "fill_percentage": 0.6439888642721884, "solution_time": 0.026042699930258095}
{"items_size": 514, "stocks_size": 176, "fill_percentage": 0.7040204621527923, "solution_time": 0.026860399986617267}
{"items_size": 523, "stocks_size": 165, "fill_percentage": 0.653982746362534, "solution_time": 0.022987299947999418}
{"items_size": 517, "stocks_size": 174, "fill_percentage": 0.6757954168717789, "solution_time": 0.01636120001785457}
{"items_size": 516, "stocks_size": 177, "fill_percentage": 0.6695611194491707, "solution_time": 0.016185799962840974}
{"items_size": 528, "stocks_size": 170, "fill_percentage": 0.6858517794150834, "solution_time": 0.017285199952311814}
{"items_size": 526, "stocks_size": 178, "fill_percentage": 0.6351724888835815, "solution_time": 0.016815300099551678}
{"items_size": 516, "stocks_size": 172, "fill_percentage": 0.6524709352042232, "solution_time": 0.02501830004621297}
{"items_size": 528, "stocks_size": 174, "fill_percentage": 0.6641806605622005, "solution_time": 0.01716559997294098}
{"items_size": 518, "stocks_size": 176, "fill_percentage": 0.6683348429086268, "solution_time": 0.02128330001141876}
{"items_size": 534, "stocks_size": 175, "fill_percentage": 0.6567466005097281, "solution_time": 0.01664259994868189}
{"items_size": 517, "stocks_size": 174, "fill_percentage": 0.6745097214361108, "solution_time": 0.02034110005479306}
{"items_size": 524, "stocks_size": 166, "fill_percentage": 0.6497587215904292, "solution_time": 0.025719600031152368}
{"items_size": 515, "stocks_size": 176, "fill_percentage": 0.6247475055521869, "solution_time": 0.023373700096271932}
{"items_size": 518, "stocks_size": 173, "fill_percentage": 0.6502391071015418, "solution_time": 0.02227149996906519}
{"items_size": 531, "stocks_size": 161, "fill_percentage": 0.6576159952826583, "solution_time": 0.03354149998631328}
{"items_size": 518, "stocks_size": 174, "fill_percentage": 0.6820327092809376, "solution_time": 0.019991899956949055}
{"items_size": 525, "stocks_size": 177, "fill_percentage": 0.6589932267135798, "solution_time": 0.018610000028274953}
{"items_size": 513, "stocks_size": 176, "fill_percentage": 0.6774062475785861, "solution_time": 0.020408799988217652}
{"items_size": 527, "stocks_size": 173, "fill_percentage": 0.6468711963914943, "solution_time": 0.017716699978336692}
{"items_size": 522, "stocks_size": 167, "fill_percentage": 0.6681056326826543, "solution_time": 0.017396399984136224}
{"items_size": 514, "stocks_size": 176, "fill_percentage": 0.6656368899765549, "solution_time": 0.01724590000230819}
{"items_size": 528, "stocks_size": 171, "fill_percentage": 0.6807055713745048,