{"items_size": 519, "stocks_size": 167, "fill_percentage": 0.9736009397323562, "solution_time": 0.01277879998087883}
{"items_size": 513, "stocks_size": 171, "fill_percentage": 0.9636307168368576, "solution_time": 0.01108850003220141}
{"items_size": 515, "stocks_size": 178, "fill_percentage": 0.9742705883013423, "solution_time": 0.016730800038203597}
{"items_size": 526, "stocks_size": 177, "fill_percentage": 0.9742296283178005, "solution_time": 0.013069599983282387}
{"items_size": 529, "stocks_size": 166, "fill_percentage": 0.9710603693708286, "solution_time": 0.012983799912035465}
{"items_size": 516, "stocks_size": 175, "fill_percentage": 0.9586221251473244, "solution_time": 0.01139370002783835}
{"items_size": 532, "stocks_size": 169, "fill_percentage": 0.9620912064947427, "solution_time": 0.014051400008611381}
{"items_size": 534, "stocks_size": 165, "fill_percentage": 0.9769885585570479, "solution_time": 0.017061399994418025}
{"items_size": 519, "stocks_size": 177, "fill_percentage": 0.9762943773385334, "solution_time": 0.012069899938069284}
{"items_size": 522, "stocks_size": 171, "fill_percentage": 0.9688096789892958, "solution_time": 0.014436699915677309}
{"items_size": 520, "stocks_size": 178, "fill_percentage": 0.9651959111280206, "solution_time": 0.01596280001103878}
{"items_size": 525, "stocks_size": 166, "fill_percentage": 0.9668879224841688, "solution_time": 0.014149900060147047}
{"items_size": 520, "stocks_size": 171, "fill_percentage": 0.9637540876389797, "solution_time": 0.01366479997523129}
{"items_size": 517, "stocks_size": 171, "fill_percentage": 0.9710258762269374, "solution_time": 0.010127499932423234}
{"items_size": 520, "stocks_size": 172, "fill_percentage": 0.9759310300621755, "solution_time": 0.012663000030443072}
{"items_size": 533, "stocks_size": 161, "fill_percentage": 0.9733740604351263, "solution_time": 0.015632899943739176}
{"items_size": 516, "stocks_size": 175, "fill_percentage": 0.9752107877107877, "solution_time": 0.013294800068251789}
{"items_size": 534, "stocks_size": 163, "fill_percentage": 0.9600701903317477, "solution_time": 0.010582300019450486}
{"items_size": 509, "stocks_size": 177, "fill_percentage": 0.9698929353447697, "solution_time": 0.014992200070992112}
{"items_size": 532, "stocks_size": 174, "fill_percentage": 0.9694294021927602, "solution_time": 0.012070999946445227}
{"items_size": 527, "stocks_size": 162, "fill_percentage": 0.9687983956910445, "solution_time": 0.016674900078214705}
{"items_size": 521, "stocks_size": 170, "fill_percentage": 0.959382581778633, "solution_time": 0.013634700095281005}
{"items_size": 531, "stocks_size": 173, "fill_percentage": 0.9607898132046895, "solution_time": 0.010501799988560379}
{"items_size": 527, "stocks_size": 175, "fill_percentage": 0.9636217741309243, "solution_time": 0.010849400074221194}
{"items_size": 532, "stocks_size": 160, "fill_percentage": 0.97508568005809, "solution_time": 0.011705299955792725}
{"items_size": 526, "stocks_size": 169, "fill_percentage": 0.9603239568708022, "solution_time": 0.011653600027784705}
{"items_size": 534, "stocks_size": 166, "fill_percentage": 0.9725914936751632, "solution_time": 0.010659100022166967}
{"items_size": 522, "stocks_size": 166, "fill_percentage": 0.9731354237191778, "solution_time": 0.0120438999729231}
{"items_size": 527, "stocks_size": 175, "fill_percentage": 0.9739708970037355, "solution_time": 0.017019900027662516}
{"items_size": 518, "stocks_size": 176, "fill_percentage": 0.9672467054874913, "solution_time": 0.013948699925094843}
{"items_size": 533, "stocks_size": 161, "fill_percentage": 0.9679406217138025, "solution_time": 0.011618999997153878}
{"items_size": 523, "stocks_size": 173, "fill_percentage": 0.963061969736727, "solution_time": 0.010499799973331392}
{"items_size": 523, "stocks_size": 178, "fill_percentage": 0.9699505120124927, "solution_time": 0.01049099990632385}
{"items_size": 513, "stocks_size": 175, "fill_percentage": 0.955337833409791, "solution_time": 0.011265199980698526}
{"items_size": 521, "stocks_size": 177, "fill_percentage": 0.9616824727329184, "solution_time": 0.01591229997575283}
{"items_size": 533, "stocks_size": 162, "fill_percentage": 0.9780934569522369, "solution_time": 0.014381999964825809}
{"items_size": 531, "stocks_size": 165, "fill_percentage": 0.9632765734720934, "solution_time": 0.01387380005326122}
{"items_size": 532, "stocks_size": 171, "fill_percentage": 0.9644088861680709, "solution_time": 0.013988399994559586}
{"items_size": 525, "stocks_size": 164, "fill_percentage": 0.9595881079997725, "solution_time": 0.016427400056272745}
{"items_size": 507, "stocks_size": 175, "fill_percentage": 0.9673789231328513, "solution_time": 0.014086000039242208}
{"items_size": 534, "stocks_size": 173, "fill_percentage": 0.9713986799788177, "solution_time": 0.01115629996638745}
{"items_size": 533, "stocks_size": 160, "fill_percentage": 0.97352285546194, "solution_time": 0.011357599985785782}
{"items_size": 523, "stocks_size": 167, "fill_percentage": 0.9710740967342785, "solution_time": 0.01444099994841963}
{"items_size": 523, "stocks_size": 175, "fill_percentage": 0.973231202733559, "solution_time": 0.014162999927066267}
{"items_size": 531, "stocks_size": 170, "fill_percentage": 0.9592835715372869, "solution_time": 0.011045799939893186}
{"items_size": 532, "stocks_size": 172, "fill_percentage": 0.9693299281246698, "solution_time": 0.011050599976442754}
{"items_size": 514, "stocks_size": 176, "fill_percentage": 0.971954102710186, "solution_time": 0.010638399980962276}
{"items_size": 523, "stocks_size": 165, "fill_percentage": 0.9608351441678421, "solution_time": 0.015421599964611232}
{"items_size": 517, "stocks_size": 174, "fill_percentage": 0.9733102212910526, "solution_time": 0.016494400100782514}
{"items_size": 516, "stocks_size": 177, "fill_percentage": 0.9662920120727094, "solution_time": 0.015909999958239496}
{"items_size": 528, "stocks_size": 170, "fill_percentage": 0.9688378218912623, "solution_time": 0.012158600031398237}
{"items_size": 526, "stocks_size": 178, "fill_percentage": 0.9719449109842123, "solution_time": 0.015263300039805472}
{"items_size": 516, "stocks_size": 172, "fill_percentage": 0.9708041992643088, "solution_time": 0.011732100043445826}
{"items_size": 528, "stocks_size": 174, "fill_percentage": 0.9647236060197805, "solution_time": 0.011067200102843344}
{"items_size": 518, "stocks_size": 176, "fill_percentage": 0.9709889036026507, "solution_time": 0.01740770007018}
{"items_size": 534, "stocks_size": 175, "fill_percentage": 0.9567829835053999, "solution_time": 0.01832909998483956}
{"items_size": 517, "stocks_size": 174, "fill_percentage": 0.9657554311371508, "solution_time": 0.010239699971862137}
{"items_size": 524, "stocks_size": 166, "fill_percentage": 0.975963395346608, "solution_time": 0.01249269989784807}
{"items_size": 515, "stocks_size": 176, "fill_percentage": 0.9722499846453637, "solution_time": 0.016970800003036857}
{"items_size": 518, "stocks_size": 173, "fill_percentage": 0.9648606998949409, "solution_time": 0.015357599942944944}
{"items_size": 531, "stocks_size": 161, "fill_percentage": 0.9754211208292841, "solution_time": 0.011015200056135654}
{"items_size": 518, "stocks_size": 174, "fill_percentage": 0.9643999988478964, "solution_time": 0.014400299987755716}
{"items_size": 525, "stocks_size": 177, "fill_percentage": 0.9736491866681833, "solution_time": 0.01533019996713847}
{"items_size": 513, "stocks_size": 176, "fill_percentage": 0.9632970074846477, "solution_time": 0.01388720003888011}
{"items_size": 527, "stocks_size": 173, "fill_percentage": 0.9649060976456327, "solution_time": 0.012694700038991868}
{"items_size": 522, "stocks_size": 167, "fill_percentage": 0.9641559744935954, "solution_time": 0.014744499931111932}
{"items_size": 514, "stocks_size": 176, "fill_percentage": 0.9757986655514886, "solution_time": 0.014567799982614815}
{"items_size": 528, "stocks_size": 171,