{"items_size": 519, "stocks_size": 167, "fill_percentage": 0.6720633165536707, "solution_time": 0.05431669997051358}
{"items_size": 513, "stocks_size": 171, "fill_percentage": 0.6907737661121305, "solution_time": 0.0327095000538975}
{"items_size": 515, "stocks_size": 178, "fill_percentage": 0.7095109795536222, "solution_time": 0.032467099954374135}
{"items_size": 526, "stocks_size": 177, "fill_percentage": 0.6973857270760869, "solution_time": 0.04588939994573593}
{"items_size": 529, "stocks_size": 166, "fill_percentage": 0.6699548817492698, "solution_time": 0.050702900043688715}
{"items_size": 516, "stocks_size": 175, "fill_percentage": 0.6886336847460721, "solution_time": 0.04409590002615005}
{"items_size": 532, "stocks_size": 169, "fill_percentage": 0.6794542405884898, "solution_time": 0.036320499959401786}
{"items_size": 534, "stocks_size": 165, "fill_percentage": 0.6838361866608244, "solution_time": 0.0416556999552995}
{"items_size": 519, "stocks_size": 177, "fill_percentage": 0.6872171889401839, "solution_time": 0.04933009995147586}
{"items_size": 522, "stocks_size": 171, "fill_percentage": 0.7143576657041166, "solution_time": 0.045714400010183454}
{"items_size": 520, "stocks_size": 178, "fill_percentage": 0.6761830660745294, "solution_time": 0.05359440005850047}
{"items_size": 525, "stocks_size": 166, "fill_percentage": 0.6813820278010873, "solution_time": 0.03499730001203716}
{"items_size": 520, "stocks_size": 171, "fill_percentage": 0.7057456599117997, "solution_time": 0.03566659998614341}
{"items_size": 517, "stocks_size": 171, "fill_percentage": 0.7129738297177287, "solution_time": 0.06595680001191795}
{"items_size": 520, "stocks_size": 172, "fill_percentage": 0.7074115087078064, "solution_time": 0.04242860001977533}
{"items_size": 533, "stocks_size": 161, "fill_percentage": 0.706244891515269, "solution_time": 0.05660189990885556}
{"items_size": 516, "stocks_size": 175, "fill_percentage": 0.6824597527880553, "solution_time": 0.037315300083719194}
{"items_size": 534, "stocks_size": 163, "fill_percentage": 0.6931183318073955, "solution_time": 0.04658279998693615}
{"items_size": 509, "stocks_size": 177, "fill_percentage": 0.6659539771029261, "solution_time": 0.032392799970693886}
{"items_size": 532, "stocks_size": 174, "fill_percentage": 0.6954669585735856, "solution_time": 0.048901100060902536}
{"items_size": 527, "stocks_size": 162, "fill_percentage": 0.6709745562431373, "solution_time": 0.034502999973483384}
{"items_size": 521, "stocks_size": 170, "fill_percentage": 0.6764775825549306, "solution_time": 0.05640309990849346}
{"items_size": 531, "stocks_size": 173, "fill_percentage": 0.6621917677078232, "solution_time": 0.037067499943077564}
{"items_size": 527, "stocks_size": 175, "fill_percentage": 0.6698792232282954, "solution_time": 0.03362490003928542}
{"items_size": 532, "stocks_size": 160, "fill_percentage": 0.6838944022574867, "solution_time": 0.04621069994755089}
{"items_size": 526, "stocks_size": 169, "fill_percentage": 0.6947113310692633, "solution_time": 0.04323800001293421}
{"items_size": 534, "stocks_size": 166, "fill_percentage": 0.7103463034869418, "solution_time": 0.037251500063575804}
{"items_size": 522, "stocks_size": 166, "fill_percentage": 0.6695636249197676, "solution_time": 0.03619809995871037}
{"items_size": 527, "stocks_size": 175, "fill_percentage": 0.7074635564099847, "solution_time": 0.03823119995649904}
{"items_size": 518, "stocks_size": 176, "fill_percentage": 0.6982858198007816, "solution_time": 0.041281200014054775}
{"items_size": 533, "stocks_size": 161, "fill_percentage": 0.6756577260969869, "solution_time": 0.05603239999618381}
{"items_size": 523, "stocks_size": 173, "fill_percentage": 0.7314142657563308, "solution_time": 0.05229919997509569}
{"items_size": 523, "stocks_size": 178, "fill_percentage": 0.6812921680804892, "solution_time": 0.06464369990862906}
{"items_size": 513, "stocks_size": 175, "fill_percentage": 0.6867325146823278, "solution_time": 0.06554839992895722}
{"items_size": 521, "stocks_size": 177, "fill_percentage": 0.7011149260488982, "solution_time": 0.04054999991785735}
{"items_size": 533, "stocks_size": 162, "fill_percentage": 0.6908856172225314, "solution_time": 0.04102600004989654}
{"items_size": 531, "stocks_size": 165, "fill_percentage": 0.7170937212591105, "solution_time": 0.04799830005504191}
{"items_size": 532, "stocks_size": 171, "fill_percentage": 0.676727633620578, "solution_time": 0.03961769992019981}
{"items_size": 525, "stocks_size": 164, "fill_percentage": 0.6835109461451203, "solution_time": 0.039552300004288554}
{"items_size": 507, "stocks_size": 175, "fill_percentage": 0.691972532288045, "solution_time": 0.041174099897034466}
{"items_size": 534, "stocks_size": 173, "fill_percentage": 0.6688728646541113, "solution_time": 0.04695059999357909}
{"items_size": 533, "stocks_size": 160, "fill_percentage": 0.7007842504939205, "solution_time": 0.05371349991764873}
{"items_size": 523, "stocks_size": 167, "fill_percentage": 0.6795991605335566, "solution_time": 0.05214499996509403}
{"items_size": 523, "stocks_size": 175, "fill_percentage": 0.6958605916748682, "solution_time": 0.05013620003592223}
{"items_size": 531, "stocks_size": 170, "fill_percentage": 0.6991608666869442, "solution_time": 0.04072640009690076}
{"items_size": 532, "stocks_size": 172, "fill_percentage": 0.6822488899207708, "solution_time": 0.03906109998933971}
{"items_size": 514, "stocks_size": 176, "fill_percentage": 0.7109569874072658, "solution_time": 0.04885920009110123}
{"items_size": 523, "stocks_size": 165, "fill_percentage": 0.6770689686050468, "solution_time": 0.03476319997571409}
{"items_size": 517, "stocks_size": 174, "fill_percentage": 0.7120190526594337, "solution_time": 0.05942529998719692}
{"items_size": 516, "stocks_size": 177, "fill_percentage": 0.666159509664542, "solution_time": 0.030383900040760636}
{"items_size": 528, "stocks_size": 170, "fill_percentage": 0.711805106143438, "solution_time": 0.040671899914741516}
{"items_size": 526, "stocks_size": 178, "fill_percentage": 0.6937470029730507, "solution_time": 0.05745810002554208}
{"items_size": 516, "stocks_size": 172, "fill_percentage": 0.7286094128981192, "solution_time": 0.04941760003566742}
{"items_size": 528, "stocks_size": 174, "fill_percentage": 0.7220185637518319, "solution_time": 0.0458195999963209}
{"items_size": 518, "stocks_size": 176, "fill_percentage": 0.6894589309510105, "solution_time": 0.0405069999396801}
{"items_size": 534, "stocks_size": 175, "fill_percentage": 0.6987517537000992, "solution_time": 0.049144400050863624}
{"items_size": 517, "stocks_size": 174, "fill_percentage": 0.703722027933663, "solution_time": 0.04409109998960048}
{"items_size": 524, "stocks_size": 166, "fill_percentage": 0.6928080115113442, "solution_time": 0.055137300048954785}
{"items_size": 515, "stocks_size": 176, "fill_percentage": 0.6582406241848966, "solution_time": 0.038467600010335445}
{"items_size": 518, "stocks_size": 173, "fill_percentage": 0.6995687912680232, "solution_time": 0.05307389993686229}
{"items_size": 531, "stocks_size": 161, "fill_percentage": 0.7092788159547738, "solution_time": 0.05662339995615184}
{"items_size": 518, "stocks_size": 174, "fill_percentage": 0.6756632409057246, "solution_time": 0.07096129993442446}
{"items_size": 525, "stocks_size": 177, "fill_percentage": 0.7152864392367748, "solution_time": 0.03958260000217706}
{"items_size": 513, "stocks_size": 176, "fill_percentage": 0.7005051936249841, "solution_time": 0.04549099993892014}
{"items_size": 527, "stocks_size": 173, "fill_percentage": 0.6718209736546626, "solution_time": 0.04363670002203435}
{"items_size": 522, "stocks_size": 167, "fill_percentage": 0.6930423704749699, "solution_time": 0.03847610007505864}
{"items_size": 514, "stocks_size": 176, "fill_percentage": 0.7040638322230868, "solution_time": 0.03931909997481853}
{"items_size": 528, "stocks_size": 171, "fill_percentage": 0.7169681765815704,