{"items_size": 519, "stocks_size": 167, "fill_percentage": 0.9736009397323562, "solution_time": 0.013131699990481138}
{"items_size": 513, "stocks_size": 171, "fill_percentage": 0.9636307168368576, "solution_time": 0.011543900007382035}
{"items_size": 515, "stocks_size": 178, "fill_percentage": 0.9742705883013423, "solution_time": 0.01630469993688166}
{"items_size": 526, "stocks_size": 177, "fill_percentage": 0.9742296283178005, "solution_time": 0.017694200039841235}
{"items_size": 529, "stocks_size": 166, "fill_percentage": 0.9710603693708286, "solution_time": 0.011037199990823865}
{"items_size": 516, "stocks_size": 175, "fill_percentage": 0.9586221251473244, "solution_time": 0.010949899908155203}
{"items_size": 532, "stocks_size": 169, "fill_percentage": 0.9620912064947427, "solution_time": 0.011518800049088895}
{"items_size": 534, "stocks_size": 165, "fill_percentage": 0.9594919129291581, "solution_time": 0.010548299993388355}
{"items_size": 519, "stocks_size": 177, "fill_percentage": 0.9762943773385334, "solution_time": 0.016704699955880642}
{"items_size": 522, "stocks_size": 171, "fill_percentage": 0.9688096789892958, "solution_time": 0.011292899958789349}
{"items_size": 520, "stocks_size": 178, "fill_percentage": 0.9651959111280206, "solution_time": 0.010680200066417456}
{"items_size": 525, "stocks_size": 166, "fill_percentage": 0.9668879224841688, "solution_time": 0.010933500016108155}
{"items_size": 520, "stocks_size": 171, "fill_percentage": 0.9637540876389797, "solution_time": 0.017334500094875693}
{"items_size": 517, "stocks_size": 171, "fill_percentage": 0.9710258762269374, "solution_time": 0.010093300021253526}
{"items_size": 520, "stocks_size": 172, "fill_percentage": 0.9759310300621755, "solution_time": 0.011075499933212996}
{"items_size": 533, "stocks_size": 161, "fill_percentage": 0.9733740604351263, "solution_time": 0.012077799998223782}
{"items_size": 516, "stocks_size": 175, "fill_percentage": 0.9752107877107877, "solution_time": 0.012126800022087991}
{"items_size": 534, "stocks_size": 163, "fill_percentage": 0.9600701903317477, "solution_time": 0.017610599985346198}
{"items_size": 509, "stocks_size": 177, "fill_percentage": 0.9698929353447697, "solution_time": 0.01126759999897331}
{"items_size": 532, "stocks_size": 174, "fill_percentage": 0.9694294021927602, "solution_time": 0.012591500068083405}
{"items_size": 527, "stocks_size": 162, "fill_percentage": 0.9687983956910445, "solution_time": 0.011404299992136657}
{"items_size": 521, "stocks_size": 170, "fill_percentage": 0.9767575567219957, "solution_time": 0.011067999992519617}
{"items_size": 531, "stocks_size": 173, "fill_percentage": 0.9607898132046895, "solution_time": 0.015440599992871284}
{"items_size": 527, "stocks_size": 175, "fill_percentage": 0.9636217741309243, "solution_time": 0.01202909997664392}
{"items_size": 532, "stocks_size": 160, "fill_percentage": 0.97508568005809, "solution_time": 0.012074799975380301}
{"items_size": 526, "stocks_size": 169, "fill_percentage": 0.9780835304867781, "solution_time": 0.015101599972695112}
{"items_size": 534, "stocks_size": 166, "fill_percentage": 0.9725914936751632, "solution_time": 0.01358040003105998}
{"items_size": 522, "stocks_size": 166, "fill_percentage": 0.9731354237191778, "solution_time": 0.0177036999957636}
{"items_size": 527, "stocks_size": 175, "fill_percentage": 0.9739708970037355, "solution_time": 0.013855400029569864}
{"items_size": 518, "stocks_size": 176, "fill_percentage": 0.9672467054874913, "solution_time": 0.01553770003374666}
{"items_size": 533, "stocks_size": 161, "fill_percentage": 0.9679406217138025, "solution_time": 0.020877999952062964}
{"items_size": 523, "stocks_size": 173, "fill_percentage": 0.963061969736727, "solution_time": 0.012621700065210462}
{"items_size": 523, "stocks_size": 178, "fill_percentage": 0.9699505120124927, "solution_time": 0.011081799981184304}
{"items_size": 513, "stocks_size": 175, "fill_percentage": 0.9732066360308436, "solution_time": 0.015654999995604157}
{"items_size": 521, "stocks_size": 177, "fill_percentage": 0.9616824727329184, "solution_time": 0.01336099999025464}
{"items_size": 533, "stocks_size": 162, "fill_percentage": 0.9616143965573449, "solution_time": 0.01709179999306798}
{"items_size": 531, "stocks_size": 165, "fill_percentage": 0.9632765734720934, "solution_time": 0.015904099913313985}
{"items_size": 532, "stocks_size": 171, "fill_percentage": 0.9644088861680709, "solution_time": 0.011802099994383752}
{"items_size": 525, "stocks_size": 164, "fill_percentage": 0.9758261976043782, "solution_time": 0.016108500072732568}
{"items_size": 507, "stocks_size": 175, "fill_percentage": 0.9673789231328513, "solution_time": 0.010588199947960675}
{"items_size": 534, "stocks_size": 173, "fill_percentage": 0.9713986799788177, "solution_time": 0.01458800002001226}
{"items_size": 533, "stocks_size": 160, "fill_percentage": 0.97352285546194, "solution_time": 0.01085570000577718}
{"items_size": 523, "stocks_size": 167, "fill_percentage": 0.9710740967342785, "solution_time": 0.010979000013321638}
{"items_size": 523, "stocks_size": 175, "fill_percentage": 0.973231202733559, "solution_time": 0.012767200008966029}
{"items_size": 531, "stocks_size": 170, "fill_percentage": 0.9592835715372869, "solution_time": 0.0110201999777928}
{"items_size": 532, "stocks_size": 172, "fill_percentage": 0.9693299281246698, "solution_time": 0.014046799973584712}
{"items_size": 514, "stocks_size": 176, "fill_percentage": 0.971954102710186, "solution_time": 0.01575209992006421}
{"items_size": 523, "stocks_size": 165, "fill_percentage": 0.9770377836357058, "solution_time": 0.013664599973708391}
{"items_size": 517, "stocks_size": 174, "fill_percentage": 0.9733102212910526, "solution_time": 0.010938399937003851}
{"items_size": 516, "stocks_size": 177, "fill_percentage": 0.9662920120727094, "solution_time": 0.01721479999832809}
{"items_size": 528, "stocks_size": 170, "fill_percentage": 0.9688378218912623, "solution_time": 0.011275799944996834}
{"items_size": 526, "stocks_size": 178, "fill_percentage": 0.9719449109842123, "solution_time": 0.011825900059193373}
{"items_size": 516, "stocks_size": 172, "fill_percentage": 0.9708041992643088, "solution_time": 0.011398999951779842}
{"items_size": 528, "stocks_size": 174, "fill_percentage": 0.9647236060197805, "solution_time": 0.015990100102499127}
{"items_size": 518, "stocks_size": 176, "fill_percentage": 0.9709889036026507, "solution_time": 0.0159169000107795}
{"items_size": 534, "stocks_size": 175, "fill_percentage": 0.9567829835053999, "solution_time": 0.014785100007429719}
{"items_size": 517, "stocks_size": 174, "fill_percentage": 0.9657554311371508, "solution_time": 0.009983199997805059}
{"items_size": 524, "stocks_size": 166, "fill_percentage": 0.975963395346608, "solution_time": 0.016792000038549304}
{"items_size": 515, "stocks_size": 176, "fill_percentage": 0.9722499846453637, "solution_time": 0.016361700021661818}
{"items_size": 518, "stocks_size": 173, "fill_percentage": 0.9648606998949409, "solution_time": 0.010810200008563697}
{"items_size": 531, "stocks_size": 161, "fill_percentage": 0.9586008383297077, "solution_time": 0.01198469998780638}
{"items_size": 518, "stocks_size": 174, "fill_percentage": 0.9643999988478964, "solution_time": 0.01616440003272146}
{"items_size": 525, "stocks_size": 177, "fill_percentage": 0.9549435469475187, "solution_time": 0.018595300032757223}
{"items_size": 513, "stocks_size": 176, "fill_percentage": 0.9632970074846477, "solution_time": 0.013913100003264844}
{"items_size": 527, "stocks_size": 173, "fill_percentage": 0.9649060976456327, "solution_time": 0.013060200028121471}
{"items_size": 522, "stocks_size": 167, "fill_percentage": 0.9641559744935954, "solution_time": 0.01733770000282675}
{"items_size": 514, "stocks_size": 176, "fill_percentage": 0.9757986655514886, "solution_time": 0.011172399972565472}
{"items_size": 528, "stocks_size": 171,