{"items_size": 519, "stocks_size": 167, "fill_percentage": 0.6287911924367628, "solution_time": 0.02714259992353618}
{"items_size": 513, "stocks_size": 171, "fill_percentage": 0.6436647173489278, "solution_time": 0.02405529993120581}
{"items_size": 515, "stocks_size": 178, "fill_percentage": 0.649239143650801, "solution_time": 0.016010800027288496}
{"items_size": 526, "stocks_size": 177, "fill_percentage": 0.658040966003712, "solution_time": 0.01689610001631081}
{"items_size": 529, "stocks_size": 166, "fill_percentage": 0.6192942461839078, "solution_time": 0.02222120005171746}
{"items_size": 516, "stocks_size": 175, "fill_percentage": 0.6265105153065551, "solution_time": 0.025854600011371076}
{"items_size": 532, "stocks_size": 169, "fill_percentage": 0.6267310748879211, "solution_time": 0.018242500023916364}
{"items_size": 534, "stocks_size": 165, "fill_percentage": 0.6247484657752616, "solution_time": 0.03147209994494915}
{"items_size": 519, "stocks_size": 177, "fill_percentage": 0.6475791171891121, "solution_time": 0.022348899976350367}
{"items_size": 522, "stocks_size": 171, "fill_percentage": 0.6237733892115057, "solution_time": 0.019455600064247847}
{"items_size": 520, "stocks_size": 178, "fill_percentage": 0.6367824323152084, "solution_time": 0.016378300031647086}
{"items_size": 525, "stocks_size": 166, "fill_percentage": 0.6345065838882491, "solution_time": 0.01668010000139475}
{"items_size": 520, "stocks_size": 171, "fill_percentage": 0.6530517821783933, "solution_time": 0.01765910000540316}
{"items_size": 517, "stocks_size": 171, "fill_percentage": 0.6365731405196751, "solution_time": 0.01727249997202307}
{"items_size": 520, "stocks_size": 172, "fill_percentage": 0.6236359478306579, "solution_time": 0.021487400052137673}
{"items_size": 533, "stocks_size": 161, "fill_percentage": 0.6509042485592251, "solution_time": 0.01825919991824776}
{"items_size": 516, "stocks_size": 175, "fill_percentage": 0.6424017286176765, "solution_time": 0.016725199995562434}
{"items_size": 534, "stocks_size": 163, "fill_percentage": 0.6318904075986972, "solution_time": 0.018978499923832715}
{"items_size": 509, "stocks_size": 177, "fill_percentage": 0.6293325569800321, "solution_time": 0.01796760002616793}
{"items_size": 532, "stocks_size": 174, "fill_percentage": 0.6382332279592554, "solution_time": 0.021548900054767728}
{"items_size": 527, "stocks_size": 162, "fill_percentage": 0.6123049256531786, "solution_time": 0.023203699965961277}
{"items_size": 521, "stocks_size": 170, "fill_percentage": 0.6243237173597925, "solution_time": 0.02789560006931424}
{"items_size": 531, "stocks_size": 173, "fill_percentage": 0.6066894934808643, "solution_time": 0.023292499943636358}
{"items_size": 527, "stocks_size": 175, "fill_percentage": 0.5780566541358637, "solution_time": 0.016824000049382448}
{"items_size": 532, "stocks_size": 160, "fill_percentage": 0.6209818319877213, "solution_time": 0.0216937999939546}
{"items_size": 526, "stocks_size": 169, "fill_percentage": 0.6301870817873622, "solution_time": 0.02523769997060299}
{"items_size": 534, "stocks_size": 166, "fill_percentage": 0.6250897066782487, "solution_time": 0.023490200052037835}
{"items_size": 522, "stocks_size": 166, "fill_percentage": 0.5953846786255221, "solution_time": 0.016305500059388578}
{"items_size": 527, "stocks_size": 175, "fill_percentage": 0.6296412308355562, "solution_time": 0.016792300040833652}
{"items_size": 518, "stocks_size": 176, "fill_percentage": 0.6304643809149799, "solution_time": 0.01614800002425909}
{"items_size": 533, "stocks_size": 161, "fill_percentage": 0.6210744841694141, "solution_time": 0.020341599942184985}
{"items_size": 523, "stocks_size": 173, "fill_percentage": 0.6339571990456689, "solution_time": 0.026347200036980212}
{"items_size": 523, "stocks_size": 178, "fill_percentage": 0.6409356052240371, "solution_time": 0.017729099956341088}
{"items_size": 513, "stocks_size": 175, "fill_percentage": 0.650590042361062, "solution_time": 0.021352299954742193}
{"items_size": 521, "stocks_size": 177, "fill_percentage": 0.6355754085997048, "solution_time": 0.017303099972195923}
{"items_size": 533, "stocks_size": 162, "fill_percentage": 0.6307438599012247, "solution_time": 0.01807860005646944}
{"items_size": 531, "stocks_size": 165, "fill_percentage": 0.6426527935337493, "solution_time": 0.017879499937407672}
{"items_size": 532, "stocks_size": 171, "fill_percentage": 0.6234357942139738, "solution_time": 0.021027900045737624}
{"items_size": 525, "stocks_size": 164, "fill_percentage": 0.6262651616119123, "solution_time": 0.017704800004139543}
{"items_size": 507, "stocks_size": 175, "fill_percentage": 0.6552802225363674, "solution_time": 0.017509200028143823}
{"items_size": 534, "stocks_size": 173, "fill_percentage": 0.6154217529986106, "solution_time": 0.026826400076970458}
{"items_size": 533, "stocks_size": 160, "fill_percentage": 0.6285928866290164, "solution_time": 0.022094299900345504}
{"items_size": 523, "stocks_size": 167, "fill_percentage": 0.6241711576987106, "solution_time": 0.01941970002371818}
{"items_size": 523, "stocks_size": 175, "fill_percentage": 0.6256102765893216, "solution_time": 0.0175439000595361}
{"items_size": 531, "stocks_size": 170, "fill_percentage": 0.6357724503160412, "solution_time": 0.01847849995829165}
{"items_size": 532, "stocks_size": 172, "fill_percentage": 0.6161270348808638, "solution_time": 0.020253400085493922}
{"items_size": 514, "stocks_size": 176, "fill_percentage": 0.6642121458342738, "solution_time": 0.018652300001122057}
{"items_size": 523, "stocks_size": 165, "fill_percentage": 0.6114179436380545, "solution_time": 0.02404789999127388}
{"items_size": 517, "stocks_size": 174, "fill_percentage": 0.6515981920930224, "solution_time": 0.018206899985671043}
{"items_size": 516, "stocks_size": 177, "fill_percentage": 0.6242835563837597, "solution_time": 0.025735899922437966}
{"items_size": 528, "stocks_size": 170, "fill_percentage": 0.6548654334311782, "solution_time": 0.027446000021882355}
{"items_size": 526, "stocks_size": 178, "fill_percentage": 0.6282525620983151, "solution_time": 0.017258399981074035}
{"items_size": 516, "stocks_size": 172, "fill_percentage": 0.6297457210561453, "solution_time": 0.017463899916037917}
{"items_size": 528, "stocks_size": 174, "fill_percentage": 0.6341017636772077, "solution_time": 0.022455699974671006}
{"items_size": 518, "stocks_size": 176, "fill_percentage": 0.6308748196248196, "solution_time": 0.02555200003553182}
{"items_size": 534, "stocks_size": 175, "fill_percentage": 0.6420560795283735, "solution_time": 0.03024870005901903}
{"items_size": 517, "stocks_size": 174, "fill_percentage": 0.6361900055548743, "solution_time": 0.017316099954769015}
{"items_size": 524, "stocks_size": 166, "fill_percentage": 0.6265698952950652, "solution_time": 0.027310200035572052}
{"items_size": 515, "stocks_size": 176, "fill_percentage": 0.6109607257327413, "solution_time": 0.024011499946936965}
{"items_size": 518, "stocks_size": 173, "fill_percentage": 0.6282288520589525, "solution_time": 0.026038699899800122}
{"items_size": 531, "stocks_size": 161, "fill_percentage": 0.6655032691776407, "solution_time": 0.042902300017885864}
{"items_size": 518, "stocks_size": 174, "fill_percentage": 0.6652950035963933, "solution_time": 0.022036400041542947}
{"items_size": 525, "stocks_size": 177, "fill_percentage": 0.6435746670977541, "solution_time": 0.018397799925878644}
{"items_size": 513, "stocks_size": 176, "fill_percentage": 0.6325651822491096, "solution_time": 0.01803979999385774}
{"items_size": 527, "stocks_size": 173, "fill_percentage": 0.6254785492256676, "solution_time": 0.02119889995083213}
{"items_size": 522, "stocks_size": 167, "fill_percentage": 0.6601025910920816, "solution_time": 0.017922399914823472}
{"items_size": 514, "stocks_size": 176, "fill_percentage": 0.6579565339595441, "solution_time": 0.021876199985854328}
{"items_size": 528, "stocks_size": 171, "fill_percentage": 0.6482879006614393,