{"items_size": 519, "stocks_size": 167, "fill_percentage": 0.6930218137083304, "solution_time": 0.01794059993699193}
{"items_size": 513, "stocks_size": 171, "fill_percentage": 0.698060694689845, "solution_time": 0.021704499959014356}
{"items_size": 515, "stocks_size": 178, "fill_percentage": 0.702599626716114, "solution_time": 0.020418999949470162}
{"items_size": 526, "stocks_size": 177, "fill_percentage": 0.6970488310947796, "solution_time": 0.015206400072202086}
{"items_size": 529, "stocks_size": 166, "fill_percentage": 0.6742151312403499, "solution_time": 0.014768299995921552}
{"items_size": 516, "stocks_size": 175, "fill_percentage": 0.6787925770670036, "solution_time": 0.023427800042554736}
{"items_size": 532, "stocks_size": 169, "fill_percentage": 0.6801900584795322, "solution_time": 0.018018199945800006}
{"items_size": 534, "stocks_size": 165, "fill_percentage": 0.6783058845443397, "solution_time": 0.020235299947671592}
{"items_size": 519, "stocks_size": 177, "fill_percentage": 0.703634099261521, "solution_time": 0.019809999968856573}
{"items_size": 522, "stocks_size": 171, "fill_percentage": 0.6885238606689846, "solution_time": 0.01838809996843338}
{"items_size": 520, "stocks_size": 178, "fill_percentage": 0.6984573961981497, "solution_time": 0.019056800054386258}
{"items_size": 525, "stocks_size": 166, "fill_percentage": 0.672482247191863, "solution_time": 0.019838899956084788}
{"items_size": 520, "stocks_size": 171, "fill_percentage": 0.7012973415444361, "solution_time": 0.021340100094676018}
{"items_size": 517, "stocks_size": 171, "fill_percentage": 0.6893184955276025, "solution_time": 0.017231800011359155}
{"items_size": 520, "stocks_size": 172, "fill_percentage": 0.6851093907901373, "solution_time": 0.018953299964778125}
{"items_size": 533, "stocks_size": 161, "fill_percentage": 0.6842061446900454, "solution_time": 0.014729400048963726}
{"items_size": 516, "stocks_size": 175, "fill_percentage": 0.6741796202069239, "solution_time": 0.01876140001695603}
{"items_size": 534, "stocks_size": 163, "fill_percentage": 0.6708162818748497, "solution_time": 0.0157298999838531}
{"items_size": 509, "stocks_size": 177, "fill_percentage": 0.6882844510201319, "solution_time": 0.013865199987776577}
{"items_size": 532, "stocks_size": 174, "fill_percentage": 0.6828897052605865, "solution_time": 0.02300609997473657}
{"items_size": 527, "stocks_size": 162, "fill_percentage": 0.6645378859352832, "solution_time": 0.02301379991695285}
{"items_size": 521, "stocks_size": 170, "fill_percentage": 0.6537470738511859, "solution_time": 0.01606230007018894}
{"items_size": 531, "stocks_size": 173, "fill_percentage": 0.663373969495214, "solution_time": 0.02507460000924766}
{"items_size": 527, "stocks_size": 175, "fill_percentage": 0.6380182625863771, "solution_time": 0.01438629999756813}
{"items_size": 532, "stocks_size": 160, "fill_percentage": 0.6893063295184453, "solution_time": 0.020558200078085065}
{"items_size": 526, "stocks_size": 169, "fill_percentage": 0.6767274887355338, "solution_time": 0.02404950000345707}
{"items_size": 534, "stocks_size": 166, "fill_percentage": 0.686923432594283, "solution_time": 0.024945200071670115}
{"items_size": 522, "stocks_size": 166, "fill_percentage": 0.6593768713295676, "solution_time": 0.01899419992696494}
{"items_size": 527, "stocks_size": 175, "fill_percentage": 0.6730100100262266, "solution_time": 0.024039599928073585}
{"items_size": 518, "stocks_size": 176, "fill_percentage": 0.6919076719157223, "solution_time": 0.018327899975702167}
{"items_size": 533, "stocks_size": 161, "fill_percentage": 0.6684700850924028, "solution_time": 0.024069599923677742}
{"items_size": 523, "stocks_size": 173, "fill_percentage": 0.6724391956883521, "solution_time": 0.022372700041159987}
{"items_size": 523, "stocks_size": 178, "fill_percentage": 0.6888176606922742, "solution_time": 0.016001000069081783}
{"items_size": 513, "stocks_size": 175, "fill_percentage": 0.680979445655559, "solution_time": 0.015107800019904971}
{"items_size": 521, "stocks_size": 177, "fill_percentage": 0.6874115642924126, "solution_time": 0.02280949999112636}
{"items_size": 533, "stocks_size": 162, "fill_percentage": 0.6931012638001981, "solution_time": 0.026995400083251297}
{"items_size": 531, "stocks_size": 165, "fill_percentage": 0.6729958197518581, "solution_time": 0.017757299938239157}
{"items_size": 532, "stocks_size": 171, "fill_percentage": 0.6741773454807726, "solution_time": 0.024012800073251128}
{"items_size": 525, "stocks_size": 164, "fill_percentage": 0.6786198601012848, "solution_time": 0.01918239996302873}
{"items_size": 507, "stocks_size": 175, "fill_percentage": 0.6859841852098677, "solution_time": 0.02369699999690056}
{"items_size": 534, "stocks_size": 173, "fill_percentage": 0.6749924161785797, "solution_time": 0.021420500008389354}
{"items_size": 533, "stocks_size": 160, "fill_percentage": 0.6591138729369289, "solution_time": 0.020590399974025786}
{"items_size": 523, "stocks_size": 167, "fill_percentage": 0.6841958755712264, "solution_time": 0.02165240002796054}
{"items_size": 523, "stocks_size": 175, "fill_percentage": 0.6783580404846113, "solution_time": 0.016607900033704937}
{"items_size": 531, "stocks_size": 170, "fill_percentage": 0.6804521163132078, "solution_time": 0.022232199902646244}
{"items_size": 532, "stocks_size": 172, "fill_percentage": 0.6740692685689299, "solution_time": 0.02505860000383109}
{"items_size": 514, "stocks_size": 176, "fill_percentage": 0.7040204621527923, "solution_time": 0.02289710007607937}
{"items_size": 523, "stocks_size": 165, "fill_percentage": 0.6849194702610649, "solution_time": 0.016065299976617098}
{"items_size": 517, "stocks_size": 174, "fill_percentage": 0.6757954168717789, "solution_time": 0.015785700059495866}
{"items_size": 516, "stocks_size": 177, "fill_percentage": 0.6856404173837543, "solution_time": 0.019372300012037158}
{"items_size": 528, "stocks_size": 170, "fill_percentage": 0.7107158461762528, "solution_time": 0.01607849996071309}
{"items_size": 526, "stocks_size": 178, "fill_percentage": 0.6878285244829186, "solution_time": 0.02277499996125698}
{"items_size": 516, "stocks_size": 172, "fill_percentage": 0.668369929144281, "solution_time": 0.019108999986201525}
{"items_size": 528, "stocks_size": 174, "fill_percentage": 0.6795898473422843, "solution_time": 0.022953700041398406}
{"items_size": 518, "stocks_size": 176, "fill_percentage": 0.6925744044672383, "solution_time": 0.014688500086776912}
{"items_size": 534, "stocks_size": 175, "fill_percentage": 0.7041480628775475, "solution_time": 0.015378399984911084}
{"items_size": 517, "stocks_size": 174, "fill_percentage": 0.6907641453642527, "solution_time": 0.01518950005993247}
{"items_size": 524, "stocks_size": 166, "fill_percentage": 0.6830842511947656, "solution_time": 0.020258500007912517}
{"items_size": 515, "stocks_size": 176, "fill_percentage": 0.676752130772908, "solution_time": 0.0154381999745965}
{"items_size": 518, "stocks_size": 173, "fill_percentage": 0.6896152199902588, "solution_time": 0.022075599990785122}
{"items_size": 531, "stocks_size": 161, "fill_percentage": 0.6901527624446575, "solution_time": 0.016577300033532083}
{"items_size": 518, "stocks_size": 174, "fill_percentage": 0.6995670941403099, "solution_time": 0.022451900062151253}
{"items_size": 525, "stocks_size": 177, "fill_percentage": 0.6750595454043566, "solution_time": 0.02006090001668781}
{"items_size": 513, "stocks_size": 176, "fill_percentage": 0.7018301649243518, "solution_time": 0.01475659990683198}
{"items_size": 527, "stocks_size": 173, "fill_percentage": 0.6770847775175644, "solution_time": 0.02424319996498525}
{"items_size": 522, "stocks_size": 167, "fill_percentage": 0.6846746098236862, "solution_time": 0.02252340002451092}
{"items_size": 514, "stocks_size": 176, "fill_percentage": 0.6896237137502803, "solution_time": 0.01740719994995743}
{"items_size": 528, "stocks_size": 171,