{"items_size": 51, "stocks_size": 19, "fill_percentage": 0.8218889319635588, "solution_time": 0.00063699996098876}
{"items_size": 54, "stocks_size": 18, "fill_percentage": 0.8619711360552609, "solution_time": 0.0004314000252634287}
{"items_size": 54, "stocks_size": 17, "fill_percentage": 0.8427210506844247, "solution_time": 0.0004168000305071473}
{"items_size": 50, "stocks_size": 19, "fill_percentage": 0.8717144924041476, "solution_time": 0.0005083999130874872}
{"items_size": 53, "stocks_size": 18, "fill_percentage": 0.8878217821782178, "solution_time": 0.0005529000191017985}
{"items_size": 50, "stocks_size": 19, "fill_percentage": 0.8029846384276764, "solution_time": 0.000615399912931025}
{"items_size": 52, "stocks_size": 18, "fill_percentage": 0.8183273646513588, "solution_time": 0.0009165999945253134}
{"items_size": 52, "stocks_size": 18, "fill_percentage": 0.8534798534798534, "solution_time": 0.0009028000058606267}
{"items_size": 53, "stocks_size": 17, "fill_percentage": 0.8757126298109905, "solution_time": 0.000672199996188283}
{"items_size": 53, "stocks_size": 17, "fill_percentage": 0.8723133484162896, "solution_time": 0.0004401999758556485}
{"items_size": 52, "stocks_size": 19, "fill_percentage": 0.7764659336998168, "solution_time": 0.0006409999914467335}
{"items_size": 54, "stocks_size": 18, "fill_percentage": 0.8306247742867461, "solution_time": 0.0006206999532878399}
{"items_size": 54, "stocks_size": 19, "fill_percentage": 0.824213761174968, "solution_time": 0.000775399967096746}
{"items_size": 54, "stocks_size": 18, "fill_percentage": 0.8679314960993398, "solution_time": 0.0006318000378087163}
{"items_size": 53, "stocks_size": 17, "fill_percentage": 0.8531746031746031, "solution_time": 0.0006396999815478921}
{"items_size": 52, "stocks_size": 19, "fill_percentage": 0.7988576180680177, "solution_time": 0.00039820000529289246}
{"items_size": 54, "stocks_size": 17, "fill_percentage": 0.9197744607177951, "solution_time": 0.0007191000040620565}
{"items_size": 54, "stocks_size": 19, "fill_percentage": 0.7642189218921892, "solution_time": 0.0009766999864950776}
{"items_size": 53, "stocks_size": 18, "fill_percentage": 0.7773363935969868, "solution_time": 0.0007697000401094556}
{"items_size": 54, "stocks_size": 18, "fill_percentage": 0.862020466559969, "solution_time": 0.0007516000187024474}
{"items_size": 54, "stocks_size": 18, "fill_percentage": 0.8981047589295011, "solution_time": 0.0007507000118494034}
{"items_size": 50, "stocks_size": 19, "fill_percentage": 0.8036232954265741, "solution_time": 0.00044789991807192564}
{"items_size": 51, "stocks_size": 19, "fill_percentage": 0.8768065142364107, "solution_time": 0.00045549997594207525}
{"items_size": 53, "stocks_size": 17, "fill_percentage": 0.8799718867138692, "solution_time": 0.0007668000180274248}
{"items_size": 54, "stocks_size": 17, "fill_percentage": 0.8322197802197803, "solution_time": 0.0008391999872401357}
{"items_size": 53, "stocks_size": 18, "fill_percentage": 0.8779987373737373, "solution_time": 0.0005836000200361013}
{"items_size": 53, "stocks_size": 18, "fill_percentage": 0.8141435678749112, "solution_time": 0.00045590009540319443}
{"items_size": 50, "stocks_size": 19, "fill_percentage": 0.8092333605553287, "solution_time": 0.0005570999346673489}
{"items_size": 52, "stocks_size": 18, "fill_percentage": 0.9354222186330722, "solution_time": 0.00055720005184412}
{"items_size": 52, "stocks_size": 19, "fill_percentage": 0.853312702922078, "solution_time": 0.0005508000031113625}
{"items_size": 53, "stocks_size": 17, "fill_percentage": 0.8586358635863587, "solution_time": 0.000712999957613647}
{"items_size": 52, "stocks_size": 18, "fill_percentage": 0.880066170388751, "solution_time": 0.000522000016644597}
{"items_size": 53, "stocks_size": 19, "fill_percentage": 0.8506016565088295, "solution_time": 0.0005774999735876918}
{"items_size": 52, "stocks_size": 19, "fill_percentage": 0.8928305301256121, "solution_time": 0.0004325000336393714}
{"items_size": 54, "stocks_size": 18, "fill_percentage": 0.8878649508786495, "solution_time": 0.0006983999628573656}
{"items_size": 52, "stocks_size": 19, "fill_percentage": 0.8489339019189766, "solution_time": 0.0008245999924838543}
{"items_size": 51, "stocks_size": 19, "fill_percentage": 0.8291203703703703, "solution_time": 0.0007374000269919634}
{"items_size": 53, "stocks_size": 18, "fill_percentage": 0.9053504380475594, "solution_time": 0.0013741999864578247}
{"items_size": 54, "stocks_size": 19, "fill_percentage": 0.8056841118065607, "solution_time": 0.0008988999761641026}
{"items_size": 52, "stocks_size": 18, "fill_percentage": 0.8238897700237906, "solution_time": 0.0007634001085534692}
{"items_size": 50, "stocks_size": 19, "fill_percentage": 0.801364522417154, "solution_time": 0.0009195000166073442}
{"items_size": 52, "stocks_size": 18, "fill_percentage": 0.8800319914689416, "solution_time": 0.00046739995013922453}
{"items_size": 50, "stocks_size": 19, "fill_percentage": 0.9186918445539135, "solution_time": 0.0004921000218018889}
{"items_size": 51, "stocks_size": 19, "fill_percentage": 0.8330087633885103, "solution_time": 0.0008588000200688839}
{"items_size": 54, "stocks_size": 18, "fill_percentage": 0.7951839826839827, "solution_time": 0.0004965000553056598}
{"items_size": 54, "stocks_size": 19, "fill_percentage": 0.757838143746463, "solution_time": 0.0004771000239998102}
{"items_size": 51, "stocks_size": 19, "fill_percentage": 0.8303171223666517, "solution_time": 0.0006861999863758683}
{"items_size": 52, "stocks_size": 18, "fill_percentage": 0.8246278575225944, "solution_time": 0.0008955999510362744}
{"items_size": 54, "stocks_size": 17, "fill_percentage": 0.8915018315018315, "solution_time": 0.0006250999867916107}
{"items_size": 53, "stocks_size": 17, "fill_percentage": 0.8600384305460856, "solution_time": 0.0006286000134423375}
{"items_size": 54, "stocks_size": 18, "fill_percentage": 0.9005594405594406, "solution_time": 0.0006615000311285257}
{"items_size": 53, "stocks_size": 17, "fill_percentage": 0.8554607660179507, "solution_time": 0.0004746000049635768}
{"items_size": 52, "stocks_size": 18, "fill_percentage": 0.733058608058608, "solution_time": 0.000508100027218461}
{"items_size": 51, "stocks_size": 19, "fill_percentage": 0.8816125958983102, "solution_time": 0.0004718999844044447}
{"items_size": 53, "stocks_size": 17, "fill_percentage": 0.9171470805617147, "solution_time": 0.000721900025382638}
{"items_size": 53, "stocks_size": 17, "fill_percentage": 0.8380601092896175, "solution_time": 0.0007454999722540379}
{"items_size": 54, "stocks_size": 17, "fill_percentage": 0.8552642210730446, "solution_time": 0.0004904000088572502}
{"items_size": 54, "stocks_size": 18, "fill_percentage": 0.8239756289466782, "solution_time": 0.0006801000563427806}
{"items_size": 53, "stocks_size": 18, "fill_percentage": 0.8880854399372918, "solution_time": 0.0005345999961718917}
{"items_size": 50, "stocks_size": 19, "fill_percentage": 0.8256028368794326, "solution_time": 0.0006632000440731645}
{"items_size": 54, "stocks_size": 18, "fill_percentage": 0.8970602047525125, "solution_time": 0.000714499969035387}
{"items_size": 52, "stocks_size": 19, "fill_percentage": 0.8773115773115773, "solution_time": 0.0004960999358445406}
{"items_size": 53, "stocks_size": 17, "fill_percentage": 0.8194330694330695, "solution_time": 0.00053060008212924}
{"items_size": 53, "stocks_size": 19, "fill_percentage": 0.8057190916736754, "solution_time": 0.0007539999205619097}
{"items_size": 51, "stocks_size": 19, "fill_percentage": 0.9033003872608519, "solution_time": 0.0006011000368744135}
{"items_size": 52, "stocks_size": 18, "fill_percentage": 0.9014273769708552, "solution_time": 0.0009658000199124217}
{"items_size": 52, "stocks_size": 18, "fill_percentage": 0.8509005225830534, "solution_time": 0.0006567999953404069}
{"items_size": 53, "stocks_size": 19, "fill_percentage": 0.8890833333333333,