{"items_size": 51, "stocks_size": 19, "fill_percentage": 0.639246947082768, "solution_time": 0.0010885000228881836}
{"items_size": 54, "stocks_size": 18, "fill_percentage": 0.5267601387004373, "solution_time": 0.0007085000397637486}
{"items_size": 54, "stocks_size": 17, "fill_percentage": 0.6320407880133185, "solution_time": 0.0008874998893588781}
{"items_size": 50, "stocks_size": 19, "fill_percentage": null, "solution_time": null}
{"items_size": 53, "stocks_size": 18, "fill_percentage": 0.6456885688568856, "solution_time": 0.0008774999296292663}
{"items_size": 50, "stocks_size": 19, "fill_percentage": 0.5520519389190275, "solution_time": 0.0007378000300377607}
{"items_size": 52, "stocks_size": 18, "fill_percentage": 0.6819394705427989, "solution_time": 0.0015110999811440706}
{"items_size": 52, "stocks_size": 18, "fill_percentage": 0.6401098901098901, "solution_time": 0.0009485000045970082}
{"items_size": 53, "stocks_size": 17, "fill_percentage": 0.6062625898691473, "solution_time": 0.001005799975246191}
{"items_size": 53, "stocks_size": 17, "fill_percentage": 0.6710102680125305, "solution_time": 0.0016070000128820539}
{"items_size": 52, "stocks_size": 19, "fill_percentage": 0.5823494502748626, "solution_time": 0.0011614999966695905}
{"items_size": 54, "stocks_size": 18, "fill_percentage": 0.6229685807150596, "solution_time": 0.0015495000407099724}
{"items_size": 54, "stocks_size": 19, "fill_percentage": 0.6181603208812261, "solution_time": 0.0008538999827578664}
{"items_size": 54, "stocks_size": 18, "fill_percentage": 0.6509486220745049, "solution_time": 0.0010185000719502568}
{"items_size": 53, "stocks_size": 17, "fill_percentage": 0.5520541549953315, "solution_time": 0.0008277000160887837}
{"items_size": 52, "stocks_size": 19, "fill_percentage": 0.5492146124217622, "solution_time": 0.0009082999313250184}
{"items_size": 54, "stocks_size": 17, "fill_percentage": 0.5365351020853805, "solution_time": 0.0009622999932616949}
{"items_size": 54, "stocks_size": 19, "fill_percentage": 0.6368491015768244, "solution_time": 0.002166299964301288}
{"items_size": 53, "stocks_size": 18, "fill_percentage": 0.5830022951977402, "solution_time": 0.0012728999136015773}
{"items_size": 54, "stocks_size": 18, "fill_percentage": 0.6465153499199767, "solution_time": 0.0011764999944716692}
{"items_size": 54, "stocks_size": 18, "fill_percentage": 0.5987365059530008, "solution_time": 0.0011826999252662063}
{"items_size": 50, "stocks_size": 19, "fill_percentage": 0.5563545891414744, "solution_time": 0.000963800004683435}
{"items_size": 51, "stocks_size": 19, "fill_percentage": 0.5845376761576071, "solution_time": 0.001133000012487173}
{"items_size": 53, "stocks_size": 17, "fill_percentage": 0.7039775093710954, "solution_time": 0.001326099969446659}
{"items_size": 54, "stocks_size": 17, "fill_percentage": 0.6935164835164835, "solution_time": 0.0017649000510573387}
{"items_size": 53, "stocks_size": 18, "fill_percentage": 0.6036241319444444, "solution_time": 0.0005622000899165869}
{"items_size": 53, "stocks_size": 18, "fill_percentage": 0.5746895773234667, "solution_time": 0.0007402000483125448}
{"items_size": 50, "stocks_size": 19, "fill_percentage": 0.5394889070368858, "solution_time": 0.0008514999644830823}
{"items_size": 52, "stocks_size": 18, "fill_percentage": 0.5952686845846823, "solution_time": 0.0010113000171259046}
{"items_size": 52, "stocks_size": 19, "fill_percentage": 0.6636876578282829, "solution_time": 0.0007951000006869435}
{"items_size": 53, "stocks_size": 17, "fill_percentage": 0.6133113311331133, "solution_time": 0.0010456000454723835}
{"items_size": 52, "stocks_size": 18, "fill_percentage": 0.5867107802591673, "solution_time": 0.0008387999841943383}
{"items_size": 53, "stocks_size": 19, "fill_percentage": 0.6379512423816222, "solution_time": 0.0010537999914959073}
{"items_size": 52, "stocks_size": 19, "fill_percentage": 0.6547423887587822, "solution_time": 0.0009454999817535281}
{"items_size": 54, "stocks_size": 18, "fill_percentage": 0.6658987131589871, "solution_time": 0.0011449999874457717}
{"items_size": 52, "stocks_size": 19, "fill_percentage": 0.565955934612651, "solution_time": 0.0008365999674424529}
{"items_size": 51, "stocks_size": 19, "fill_percentage": 0.5330059523809524, "solution_time": 0.0009359000250697136}
{"items_size": 53, "stocks_size": 18, "fill_percentage": 0.603566958698373, "solution_time": 0.0013863000785931945}
{"items_size": 54, "stocks_size": 19, "fill_percentage": 0.6266431980717695, "solution_time": 0.0009049999061971903}
{"items_size": 52, "stocks_size": 18, "fill_percentage": 0.6865748083531589, "solution_time": 0.0008493000641465187}
{"items_size": 50, "stocks_size": 19, "fill_percentage": 0.6010233918128655, "solution_time": 0.001456200028769672}
{"items_size": 52, "stocks_size": 18, "fill_percentage": 0.6453567937438905, "solution_time": 0.0006247999845072627}
{"items_size": 50, "stocks_size": 19, "fill_percentage": 0.6430842911877395, "solution_time": 0.0008829999715089798}
{"items_size": 51, "stocks_size": 19, "fill_percentage": 0.6058245551916438, "solution_time": 0.0009680000366643071}
{"items_size": 54, "stocks_size": 18, "fill_percentage": 0.5679885590599877, "solution_time": 0.0014700000174343586}
{"items_size": 54, "stocks_size": 19, "fill_percentage": 0.6315317864553858, "solution_time": 0.0009113000705838203}
{"items_size": 51, "stocks_size": 19, "fill_percentage": 0.6642536978933213, "solution_time": 0.0012270999141037464}
{"items_size": 52, "stocks_size": 18, "fill_percentage": 0.7068238778765095, "solution_time": 0.001151000033132732}
{"items_size": 54, "stocks_size": 17, "fill_percentage": 0.624051282051282, "solution_time": 0.0009787000017240644}
{"items_size": 53, "stocks_size": 17, "fill_percentage": 0.6576764468881832, "solution_time": 0.0008752000285312533}
{"items_size": 54, "stocks_size": 18, "fill_percentage": 0.6604102564102564, "solution_time": 0.000723400036804378}
{"items_size": 53, "stocks_size": 17, "fill_percentage": 0.5535334368351447, "solution_time": 0.0008540999842807651}
{"items_size": 52, "stocks_size": 18, "fill_percentage": null, "solution_time": null}
{"items_size": 51, "stocks_size": 19, "fill_percentage": 0.5610261973898337, "solution_time": 0.0010216000955551863}
{"items_size": 53, "stocks_size": 17, "fill_percentage": 0.5732169253510717, "solution_time": 0.0012823999859392643}
{"items_size": 53, "stocks_size": 17, "fill_percentage": 0.6285450819672131, "solution_time": 0.0013209000462666154}
{"items_size": 54, "stocks_size": 17, "fill_percentage": null, "solution_time": null}
{"items_size": 54, "stocks_size": 18, "fill_percentage": 0.6408699336251942, "solution_time": 0.0011116999667137861}
{"items_size": 53, "stocks_size": 18, "fill_percentage": 0.6148283814950481, "solution_time": 0.0006321000400930643}
{"items_size": 50, "stocks_size": 19, "fill_percentage": 0.6192021276595745, "solution_time": 0.001115199993364513}
{"items_size": 54, "stocks_size": 18, "fill_percentage": 0.7339583493429648, "solution_time": 0.0006713999900966883}
{"items_size": 52, "stocks_size": 19, "fill_percentage": 0.657983682983683, "solution_time": 0.0008639000589028001}
{"items_size": 53, "stocks_size": 17, "fill_percentage": 0.5267784017784017, "solution_time": 0.0008449000306427479}
{"items_size": 53, "stocks_size": 19, "fill_percentage": 0.6042893187552565, "solution_time": 0.001141499960795045}
{"items_size": 51, "stocks_size": 19, "fill_percentage": 0.6022002581739013, "solution_time": 0.0012981999898329377}
{"items_size": 52, "stocks_size": 18, "fill_percentage": 0.7211419015766842, "solution_time": 0.0011234000558033586}
{"items_size": 52, "stocks_size": 18, "fill_percentage": 0.6807204180664427, "solution_time": 0.001078300061635673}
{"items_size": 53, "stocks_size": 19, "fill_percentage": 0.7112666666666667, "solution_time": 0.0008349999552592635}
{"items_size": 52, "stocks_size": 19, "fill_percentage": 0.6537046861184792, "solution_time": 0.0012952000834047794}
{"items_size": 54,