{"items_size": 51, "stocks_size": 19, "fill_percentage": 0.8218889319635588, "solution_time": 0.0007956000044941902}
{"items_size": 54, "stocks_size": 18, "fill_percentage": 0.8619711360552609, "solution_time": 0.0006404999876394868}
{"items_size": 54, "stocks_size": 17, "fill_percentage": 0.8427210506844247, "solution_time": 0.000512199942022562}
{"items_size": 50, "stocks_size": 19, "fill_percentage": 0.8717144924041476, "solution_time": 0.00043699995148926973}
{"items_size": 53, "stocks_size": 18, "fill_percentage": 0.8878217821782178, "solution_time": 0.0004833000712096691}
{"items_size": 50, "stocks_size": 19, "fill_percentage": 0.8029846384276764, "solution_time": 0.00042669998947530985}
{"items_size": 52, "stocks_size": 18, "fill_percentage": 0.8183273646513588, "solution_time": 0.0005339999916031957}
{"items_size": 52, "stocks_size": 18, "fill_percentage": 0.8534798534798534, "solution_time": 0.000712099950760603}
{"items_size": 53, "stocks_size": 17, "fill_percentage": 0.8757126298109905, "solution_time": 0.00044870004057884216}
{"items_size": 53, "stocks_size": 17, "fill_percentage": 0.8723133484162896, "solution_time": 0.0005572999361902475}
{"items_size": 52, "stocks_size": 19, "fill_percentage": 0.8470537458543456, "solution_time": 0.0006336999358609319}
{"items_size": 54, "stocks_size": 18, "fill_percentage": 0.8306247742867461, "solution_time": 0.0004996999632567167}
{"items_size": 54, "stocks_size": 19, "fill_percentage": 0.9272404813218391, "solution_time": 0.0007283999584615231}
{"items_size": 54, "stocks_size": 18, "fill_percentage": 0.8679314960993398, "solution_time": 0.0005131999496370554}
{"items_size": 53, "stocks_size": 17, "fill_percentage": 0.8531746031746031, "solution_time": 0.0004983999533578753}
{"items_size": 52, "stocks_size": 19, "fill_percentage": 0.8787433798748194, "solution_time": 0.00041009997949004173}
{"items_size": 54, "stocks_size": 17, "fill_percentage": 0.9197744607177951, "solution_time": 0.0006240999791771173}
{"items_size": 54, "stocks_size": 19, "fill_percentage": 0.7642189218921892, "solution_time": 0.0010215999791398644}
{"items_size": 53, "stocks_size": 18, "fill_percentage": 0.9328036723163842, "solution_time": 0.0008737000171095133}
{"items_size": 54, "stocks_size": 18, "fill_percentage": 0.862020466559969, "solution_time": 0.0007684999145567417}
{"items_size": 54, "stocks_size": 18, "fill_percentage": 0.8981047589295011, "solution_time": 0.0006148000247776508}
{"items_size": 50, "stocks_size": 19, "fill_percentage": 0.8036232954265741, "solution_time": 0.0003925999626517296}
{"items_size": 51, "stocks_size": 19, "fill_percentage": 0.8768065142364107, "solution_time": 0.0004211999475955963}
{"items_size": 53, "stocks_size": 17, "fill_percentage": 0.8799718867138692, "solution_time": 0.000764199998229742}
{"items_size": 54, "stocks_size": 17, "fill_percentage": 0.8322197802197803, "solution_time": 0.0005903999553993344}
{"items_size": 53, "stocks_size": 18, "fill_percentage": 0.8779987373737373, "solution_time": 0.0005722999339923263}
{"items_size": 53, "stocks_size": 18, "fill_percentage": 0.8141435678749112, "solution_time": 0.0004035000456497073}
{"items_size": 50, "stocks_size": 19, "fill_percentage": 0.8092333605553287, "solution_time": 0.0004523000679910183}
{"items_size": 52, "stocks_size": 18, "fill_percentage": 0.9354222186330722, "solution_time": 0.0005757000762969255}
{"items_size": 52, "stocks_size": 19, "fill_percentage": 0.853312702922078, "solution_time": 0.0004208000609651208}
{"items_size": 53, "stocks_size": 17, "fill_percentage": 0.8586358635863587, "solution_time": 0.0006950999377295375}
{"items_size": 52, "stocks_size": 18, "fill_percentage": 0.880066170388751, "solution_time": 0.0006040000589564443}
{"items_size": 53, "stocks_size": 19, "fill_percentage": 0.8506016565088295, "solution_time": 0.0005797999911010265}
{"items_size": 52, "stocks_size": 19, "fill_percentage": 0.8928305301256121, "solution_time": 0.00048079993575811386}
{"items_size": 54, "stocks_size": 18, "fill_percentage": 0.8878649508786495, "solution_time": 0.0005372000159695745}
{"items_size": 52, "stocks_size": 19, "fill_percentage": 0.8489339019189766, "solution_time": 0.0006504000630229712}
{"items_size": 51, "stocks_size": 19, "fill_percentage": 0.9327604166666666, "solution_time": 0.0004664999432861805}
{"items_size": 53, "stocks_size": 18, "fill_percentage": 0.9053504380475594, "solution_time": 0.0009354000212624669}
{"items_size": 54, "stocks_size": 19, "fill_percentage": 0.8056841118065607, "solution_time": 0.0005612000823020935}
{"items_size": 52, "stocks_size": 18, "fill_percentage": 0.9154330778042118, "solution_time": 0.00047640001866966486}
{"items_size": 50, "stocks_size": 19, "fill_percentage": 0.801364522417154, "solution_time": 0.00047209998592734337}
{"items_size": 52, "stocks_size": 18, "fill_percentage": 0.8800319914689416, "solution_time": 0.00037519994657486677}
{"items_size": 50, "stocks_size": 19, "fill_percentage": 0.9186918445539135, "solution_time": 0.0005204000044614077}
{"items_size": 51, "stocks_size": 19, "fill_percentage": 0.8330087633885103, "solution_time": 0.0007186000002548099}
{"items_size": 54, "stocks_size": 18, "fill_percentage": 0.8835377585377585, "solution_time": 0.00040719995740801096}
{"items_size": 54, "stocks_size": 19, "fill_percentage": 0.8119694397283531, "solution_time": 0.0004928000271320343}
{"items_size": 51, "stocks_size": 19, "fill_percentage": 0.8303171223666517, "solution_time": 0.0007316999835893512}
{"items_size": 52, "stocks_size": 18, "fill_percentage": 0.8246278575225944, "solution_time": 0.0006351000629365444}
{"items_size": 54, "stocks_size": 17, "fill_percentage": 0.8915018315018315, "solution_time": 0.0004955999320372939}
{"items_size": 53, "stocks_size": 17, "fill_percentage": 0.8600384305460856, "solution_time": 0.00039739999920129776}
{"items_size": 54, "stocks_size": 18, "fill_percentage": 0.8255128205128205, "solution_time": 0.000425900099799037}
{"items_size": 53, "stocks_size": 17, "fill_percentage": 0.8554607660179507, "solution_time": 0.00042669998947530985}
{"items_size": 52, "stocks_size": 18, "fill_percentage": 0.8458368554522401, "solution_time": 0.0005308999679982662}
{"items_size": 51, "stocks_size": 19, "fill_percentage": 0.8816125958983102, "solution_time": 0.0004333999240770936}
{"items_size": 53, "stocks_size": 17, "fill_percentage": 0.9171470805617147, "solution_time": 0.0007249999325722456}
{"items_size": 53, "stocks_size": 17, "fill_percentage": 0.8380601092896175, "solution_time": 0.000520800007507205}
{"items_size": 54, "stocks_size": 17, "fill_percentage": 0.8552642210730446, "solution_time": 0.0004770000232383609}
{"items_size": 54, "stocks_size": 18, "fill_percentage": 0.8239756289466782, "solution_time": 0.0006438000127673149}
{"items_size": 53, "stocks_size": 18, "fill_percentage": 0.8880854399372918, "solution_time": 0.0006625999230891466}
{"items_size": 50, "stocks_size": 19, "fill_percentage": 0.8256028368794326, "solution_time": 0.000506300013512373}
{"items_size": 54, "stocks_size": 18, "fill_percentage": 0.8970602047525125, "solution_time": 0.0004759000148624182}
{"items_size": 52, "stocks_size": 19, "fill_percentage": 0.8773115773115773, "solution_time": 0.0004778000293299556}
{"items_size": 53, "stocks_size": 17, "fill_percentage": 0.8194330694330695, "solution_time": 0.0004680999554693699}
{"items_size": 53, "stocks_size": 19, "fill_percentage": 0.8057190916736754, "solution_time": 0.0005830000154674053}
{"items_size": 51, "stocks_size": 19, "fill_percentage": 0.9033003872608519, "solution_time": 0.0004944000393152237}
{"items_size": 52, "stocks_size": 18, "fill_percentage": 0.9014273769708552, "solution_time": 0.0009413999505341053}
{"items_size": 52, "stocks_size": 18, "fill_percentage": 0.8509005225830534, "solution_time": 0.0005011999746784568}
{"items_size": 53, "stocks_size": 19, "fill_percentage": 0.8890833333333333, "solution_time": 0.0004833999555557966}
{"items_size": 52, "stocks_size": 19,