{"items_size": 51, "stocks_size": 19, "fill_percentage": 0.5753222523744912, "solution_time": 0.0009356000227853656}
{"items_size": 54, "stocks_size": 18, "fill_percentage": null, "solution_time": null}
{"items_size": 54, "stocks_size": 17, "fill_percentage": 0.5948619181301822, "solution_time": 0.0007696999236941338}
{"items_size": 50, "stocks_size": 19, "fill_percentage": 0.5964362316449431, "solution_time": 0.0009568999521434307}
{"items_size": 53, "stocks_size": 18, "fill_percentage": 0.6456885688568856, "solution_time": 0.0009028000058606267}
{"items_size": 50, "stocks_size": 19, "fill_percentage": 0.4907128345946911, "solution_time": 0.0007785999914631248}
{"items_size": 52, "stocks_size": 18, "fill_percentage": 0.6819394705427989, "solution_time": 0.0011867000721395016}
{"items_size": 52, "stocks_size": 18, "fill_percentage": 0.6401098901098901, "solution_time": 0.0009562999475747347}
{"items_size": 53, "stocks_size": 17, "fill_percentage": 0.5629581191642081, "solution_time": 0.001002799952402711}
{"items_size": 53, "stocks_size": 17, "fill_percentage": 0.545195842760181, "solution_time": 0.0008354999590665102}
{"items_size": 52, "stocks_size": 19, "fill_percentage": 0.5480936002586941, "solution_time": 0.000707700033672154}
{"items_size": 54, "stocks_size": 18, "fill_percentage": 0.6229685807150596, "solution_time": 0.001179700018838048}
{"items_size": 54, "stocks_size": 19, "fill_percentage": 0.6181603208812261, "solution_time": 0.0008679999737069011}
{"items_size": 54, "stocks_size": 18, "fill_percentage": 0.6509486220745049, "solution_time": 0.0007541000377386808}
{"items_size": 53, "stocks_size": 17, "fill_percentage": 0.5520541549953315, "solution_time": 0.0009308999869972467}
{"items_size": 52, "stocks_size": 19, "fill_percentage": 0.5492146124217622, "solution_time": 0.0009249999420717359}
{"items_size": 54, "stocks_size": 17, "fill_percentage": 0.5365351020853805, "solution_time": 0.001087700016796589}
{"items_size": 54, "stocks_size": 19, "fill_percentage": 0.6368491015768244, "solution_time": 0.0014581000432372093}
{"items_size": 53, "stocks_size": 18, "fill_percentage": 0.5830022951977402, "solution_time": 0.0010200000833719969}
{"items_size": 54, "stocks_size": 18, "fill_percentage": 0.5746803110399793, "solution_time": 0.0015975000569596887}
{"items_size": 54, "stocks_size": 18, "fill_percentage": 0.5987365059530008, "solution_time": 0.0011479000095278025}
{"items_size": 50, "stocks_size": 19, "fill_percentage": 0.516614975631369, "solution_time": 0.0010734000243246555}
{"items_size": 51, "stocks_size": 19, "fill_percentage": 0.5845376761576071, "solution_time": 0.0008969999616965652}
{"items_size": 53, "stocks_size": 17, "fill_percentage": 0.7039775093710954, "solution_time": 0.0014832000015303493}
{"items_size": 54, "stocks_size": 17, "fill_percentage": 0.6935164835164835, "solution_time": 0.0017483000410720706}
{"items_size": 53, "stocks_size": 18, "fill_percentage": 0.5681168300653595, "solution_time": 0.0007701999275013804}
{"items_size": 53, "stocks_size": 18, "fill_percentage": 0.6106076759061834, "solution_time": 0.0007634999928995967}
{"items_size": 50, "stocks_size": 19, "fill_percentage": 0.5394889070368858, "solution_time": 0.000879499944858253}
{"items_size": 52, "stocks_size": 18, "fill_percentage": 0.5952686845846823, "solution_time": 0.0008351999567821622}
{"items_size": 52, "stocks_size": 19, "fill_percentage": 0.5973188920454545, "solution_time": 0.00101350003387779}
{"items_size": 53, "stocks_size": 17, "fill_percentage": 0.6133113311331133, "solution_time": 0.0012321999529376626}
{"items_size": 52, "stocks_size": 18, "fill_percentage": 0.5867107802591673, "solution_time": 0.001049000071361661}
{"items_size": 53, "stocks_size": 19, "fill_percentage": 0.6379512423816222, "solution_time": 0.0012259999057278037}
{"items_size": 52, "stocks_size": 19, "fill_percentage": 0.5777138724342196, "solution_time": 0.0007726999465376139}
{"items_size": 54, "stocks_size": 18, "fill_percentage": 0.5327189705271898, "solution_time": 0.001168699935078621}
{"items_size": 52, "stocks_size": 19, "fill_percentage": 0.5224208627193702, "solution_time": 0.0014779999619349837}
{"items_size": 51, "stocks_size": 19, "fill_percentage": 0.4974722222222222, "solution_time": 0.001450299983844161}
{"items_size": 53, "stocks_size": 18, "fill_percentage": 0.7242803504380475, "solution_time": 0.001419300097040832}
{"items_size": 54, "stocks_size": 19, "fill_percentage": 0.5639788782645926, "solution_time": 0.0010081999935209751}
{"items_size": 52, "stocks_size": 18, "fill_percentage": 0.633761361556762, "solution_time": 0.0007935999892652035}
{"items_size": 50, "stocks_size": 19, "fill_percentage": 0.6010233918128655, "solution_time": 0.001942700007930398}
{"items_size": 52, "stocks_size": 18, "fill_percentage": 0.5694324650681387, "solution_time": 0.0006560999900102615}
{"items_size": 50, "stocks_size": 19, "fill_percentage": 0.5846220828979449, "solution_time": 0.0009298999793827534}
{"items_size": 51, "stocks_size": 19, "fill_percentage": 0.5553391755923401, "solution_time": 0.0013435999862849712}
{"items_size": 54, "stocks_size": 18, "fill_percentage": 0.5301226551226551, "solution_time": 0.001630999962799251}
{"items_size": 54, "stocks_size": 19, "fill_percentage": null, "solution_time": null}
{"items_size": 51, "stocks_size": 19, "fill_percentage": 0.6642536978933213, "solution_time": 0.000992499990388751}
{"items_size": 52, "stocks_size": 18, "fill_percentage": 0.5497519050150629, "solution_time": 0.0010813999688252807}
{"items_size": 54, "stocks_size": 17, "fill_percentage": 0.624051282051282, "solution_time": 0.0010858000023290515}
{"items_size": 53, "stocks_size": 17, "fill_percentage": null, "solution_time": null}
{"items_size": 54, "stocks_size": 18, "fill_percentage": 0.6191346153846153, "solution_time": 0.0008185999467968941}
{"items_size": 53, "stocks_size": 17, "fill_percentage": 0.5535334368351447, "solution_time": 0.000789299956522882}
{"items_size": 52, "stocks_size": 18, "fill_percentage": null, "solution_time": null}
{"items_size": 51, "stocks_size": 19, "fill_percentage": 0.5610261973898337, "solution_time": 0.00077479996252805}
{"items_size": 53, "stocks_size": 17, "fill_percentage": 0.6551050575440819, "solution_time": 0.0011858000652864575}
{"items_size": 53, "stocks_size": 17, "fill_percentage": 0.6285450819672131, "solution_time": 0.001235899981111288}
{"items_size": 54, "stocks_size": 17, "fill_percentage": null, "solution_time": null}
{"items_size": 54, "stocks_size": 18, "fill_percentage": 0.5767829402626747, "solution_time": 0.001124100061133504}
{"items_size": 53, "stocks_size": 18, "fill_percentage": 0.6148283814950481, "solution_time": 0.0007891000714153051}
{"items_size": 50, "stocks_size": 19, "fill_percentage": 0.6192021276595745, "solution_time": 0.0009534999262541533}
{"items_size": 54, "stocks_size": 18, "fill_percentage": 0.6727951535643844, "solution_time": 0.0006754000205546618}
{"items_size": 52, "stocks_size": 19, "fill_percentage": 0.6073695535233997, "solution_time": 0.0010105000110343099}
{"items_size": 53, "stocks_size": 17, "fill_percentage": 0.49165984165984167, "solution_time": 0.0008046999573707581}
{"items_size": 53, "stocks_size": 19, "fill_percentage": 0.6042893187552565, "solution_time": 0.0014067000010982156}
{"items_size": 51, "stocks_size": 19, "fill_percentage": 0.6022002581739013, "solution_time": 0.0010999999940395355}
{"items_size": 52, "stocks_size": 18, "fill_percentage": 0.6009515846472369, "solution_time": 0.0014017000794410706}
{"items_size": 52, "stocks_size": 18, "fill_percentage": 0.5672670150553689, "solution_time": 0.0010619000531733036}
{"items_size": 53, "stocks_size": 19, "fill_percentage": 0.5927222222222223, "solution_time": 0.000879799947142601}
{"items_size": 52, "stocks_size": 19, "fill_percentage": 0.6537046861184792, "solution_time": 0.0008006999269127846}
{"items_size": 54,