{"items_size": 51, "stocks_size": 19, "fill_percentage": 0.8218889319635588, "solution_time": 0.0006254999898374081}
{"items_size": 54, "stocks_size": 18, "fill_percentage": 0.8619711360552609, "solution_time": 0.00043699995148926973}
{"items_size": 54, "stocks_size": 17, "fill_percentage": 0.8427210506844247, "solution_time": 0.0005483999848365784}
{"items_size": 50, "stocks_size": 19, "fill_percentage": 0.8717144924041476, "solution_time": 0.0005786999827250838}
{"items_size": 53, "stocks_size": 18, "fill_percentage": 0.8878217821782178, "solution_time": 0.00052429991774261}
{"items_size": 50, "stocks_size": 19, "fill_percentage": 0.883283102270444, "solution_time": 0.0004390999674797058}
{"items_size": 52, "stocks_size": 18, "fill_percentage": 0.8183273646513588, "solution_time": 0.0007390000391751528}
{"items_size": 52, "stocks_size": 18, "fill_percentage": 0.8534798534798534, "solution_time": 0.0006117000011727214}
{"items_size": 53, "stocks_size": 17, "fill_percentage": 0.8757126298109905, "solution_time": 0.00043510005343705416}
{"items_size": 53, "stocks_size": 17, "fill_percentage": 0.8723133484162896, "solution_time": 0.0005512000061571598}
{"items_size": 52, "stocks_size": 19, "fill_percentage": 0.8470537458543456, "solution_time": 0.0005919000832363963}
{"items_size": 54, "stocks_size": 18, "fill_percentage": 0.8306247742867461, "solution_time": 0.0007415000582113862}
{"items_size": 54, "stocks_size": 19, "fill_percentage": 0.824213761174968, "solution_time": 0.0006253999890759587}
{"items_size": 54, "stocks_size": 18, "fill_percentage": 0.8679314960993398, "solution_time": 0.0007609000895172358}
{"items_size": 53, "stocks_size": 17, "fill_percentage": 0.8531746031746031, "solution_time": 0.0004414999857544899}
{"items_size": 52, "stocks_size": 19, "fill_percentage": 0.8787433798748194, "solution_time": 0.0004241000860929489}
{"items_size": 54, "stocks_size": 17, "fill_percentage": 0.9197744607177951, "solution_time": 0.0006497999420389533}
{"items_size": 54, "stocks_size": 19, "fill_percentage": 0.7642189218921892, "solution_time": 0.0009065000340342522}
{"items_size": 53, "stocks_size": 18, "fill_percentage": 0.9328036723163842, "solution_time": 0.0007920999778434634}
{"items_size": 54, "stocks_size": 18, "fill_percentage": 0.862020466559969, "solution_time": 0.000672800000756979}
{"items_size": 54, "stocks_size": 18, "fill_percentage": 0.8981047589295011, "solution_time": 0.0005918999668210745}
{"items_size": 50, "stocks_size": 19, "fill_percentage": 0.9040762073548959, "solution_time": 0.00041830004192888737}
{"items_size": 51, "stocks_size": 19, "fill_percentage": 0.8768065142364107, "solution_time": 0.00044450000859797}
{"items_size": 53, "stocks_size": 17, "fill_percentage": 0.8799718867138692, "solution_time": 0.0007587999571114779}
{"items_size": 54, "stocks_size": 17, "fill_percentage": 0.8322197802197803, "solution_time": 0.0005621000891551375}
{"items_size": 53, "stocks_size": 18, "fill_percentage": 0.8779987373737373, "solution_time": 0.0004490000428631902}
{"items_size": 53, "stocks_size": 18, "fill_percentage": 0.8881566194999031, "solution_time": 0.0005067000165581703}
{"items_size": 50, "stocks_size": 19, "fill_percentage": 0.8092333605553287, "solution_time": 0.0005774999735876918}
{"items_size": 52, "stocks_size": 18, "fill_percentage": 0.8184944413039382, "solution_time": 0.00048560008872300386}
{"items_size": 52, "stocks_size": 19, "fill_percentage": 0.853312702922078, "solution_time": 0.0005096000386402011}
{"items_size": 53, "stocks_size": 17, "fill_percentage": 0.8586358635863587, "solution_time": 0.0005720000481233001}
{"items_size": 52, "stocks_size": 18, "fill_percentage": 0.880066170388751, "solution_time": 0.0004919000202789903}
{"items_size": 53, "stocks_size": 19, "fill_percentage": 0.8506016565088295, "solution_time": 0.0005344999954104424}
{"items_size": 52, "stocks_size": 19, "fill_percentage": 0.8928305301256121, "solution_time": 0.00044430000707507133}
{"items_size": 54, "stocks_size": 18, "fill_percentage": 0.8878649508786495, "solution_time": 0.0007353000110015273}
{"items_size": 52, "stocks_size": 19, "fill_percentage": 0.8489339019189766, "solution_time": 0.0007200000109151006}
{"items_size": 51, "stocks_size": 19, "fill_percentage": 0.8291203703703703, "solution_time": 0.0007465999806299806}
{"items_size": 53, "stocks_size": 18, "fill_percentage": 0.9053504380475594, "solution_time": 0.0010727000189945102}
{"items_size": 54, "stocks_size": 19, "fill_percentage": 0.8056841118065607, "solution_time": 0.0008525000885128975}
{"items_size": 52, "stocks_size": 18, "fill_percentage": 0.8238897700237906, "solution_time": 0.0005722000496461987}
{"items_size": 50, "stocks_size": 19, "fill_percentage": 0.801364522417154, "solution_time": 0.0006426000036299229}
{"items_size": 52, "stocks_size": 18, "fill_percentage": 0.8800319914689416, "solution_time": 0.0005183999892324209}
{"items_size": 50, "stocks_size": 19, "fill_percentage": 0.9186918445539135, "solution_time": 0.000699999975040555}
{"items_size": 51, "stocks_size": 19, "fill_percentage": 0.8330087633885103, "solution_time": 0.0006691999733448029}
{"items_size": 54, "stocks_size": 18, "fill_percentage": 0.8835377585377585, "solution_time": 0.0004463000223040581}
{"items_size": 54, "stocks_size": 19, "fill_percentage": 0.8119694397283531, "solution_time": 0.00047889992129057646}
{"items_size": 51, "stocks_size": 19, "fill_percentage": 0.8303171223666517, "solution_time": 0.001525099971331656}
{"items_size": 52, "stocks_size": 18, "fill_percentage": 0.8246278575225944, "solution_time": 0.0005904999561607838}
{"items_size": 54, "stocks_size": 17, "fill_percentage": 0.8915018315018315, "solution_time": 0.0009543000487610698}
{"items_size": 53, "stocks_size": 17, "fill_percentage": 0.8600384305460856, "solution_time": 0.0005098999245092273}
{"items_size": 54, "stocks_size": 18, "fill_percentage": 0.8255128205128205, "solution_time": 0.0005276999436318874}
{"items_size": 53, "stocks_size": 17, "fill_percentage": 0.8554607660179507, "solution_time": 0.0005384000251069665}
{"items_size": 52, "stocks_size": 18, "fill_percentage": 0.8458368554522401, "solution_time": 0.0005885000573471189}
{"items_size": 51, "stocks_size": 19, "fill_percentage": 0.8816125958983102, "solution_time": 0.0006155999144539237}
{"items_size": 53, "stocks_size": 17, "fill_percentage": 0.9171470805617147, "solution_time": 0.0009960000170394778}
{"items_size": 53, "stocks_size": 17, "fill_percentage": 0.8380601092896175, "solution_time": 0.0008130999049171805}
{"items_size": 54, "stocks_size": 17, "fill_percentage": 0.8552642210730446, "solution_time": 0.0007107000565156341}
{"items_size": 54, "stocks_size": 18, "fill_percentage": 0.8239756289466782, "solution_time": 0.0008339000632986426}
{"items_size": 53, "stocks_size": 18, "fill_percentage": 0.8880854399372918, "solution_time": 0.0007329999934881926}
{"items_size": 50, "stocks_size": 19, "fill_percentage": 0.8256028368794326, "solution_time": 0.0005842000246047974}
{"items_size": 54, "stocks_size": 18, "fill_percentage": 0.8970602047525125, "solution_time": 0.0005415999330580235}
{"items_size": 52, "stocks_size": 19, "fill_percentage": 0.8773115773115773, "solution_time": 0.0004760000156238675}
{"items_size": 53, "stocks_size": 17, "fill_percentage": 0.8194330694330695, "solution_time": 0.0004868999822065234}
{"items_size": 53, "stocks_size": 19, "fill_percentage": 0.8057190916736754, "solution_time": 0.0006934000412002206}
{"items_size": 51, "stocks_size": 19, "fill_percentage": 0.9033003872608519, "solution_time": 0.0006850999779999256}
{"items_size": 52, "stocks_size": 18, "fill_percentage": 0.9014273769708552, "solution_time": 0.001157499966211617}
{"items_size": 52, "stocks_size": 18, "fill_percentage": 0.8509005225830534, "solution_time": 0.0005383000243455172}
{"items_size": 53, "stocks_size": 19, "fill_percentage": 0.8890833333333333,