{"items_size": 51, "stocks_size": 19, "fill_percentage": 0.639246947082768, "solution_time": 0.0014862000243738294}
{"items_size": 54, "stocks_size": 18, "fill_percentage": 0.6321121664405247, "solution_time": 0.0011004001135006547}
{"items_size": 54, "stocks_size": 17, "fill_percentage": 0.5948619181301822, "solution_time": 0.0007390999235212803}
{"items_size": 50, "stocks_size": 19, "fill_percentage": 0.5964362316449431, "solution_time": 0.0006279000081121922}
{"items_size": 53, "stocks_size": 18, "fill_percentage": 0.7102574257425742, "solution_time": 0.0009664000244811177}
{"items_size": 50, "stocks_size": 19, "fill_percentage": 0.5888554015136294, "solution_time": 0.000762399984523654}
{"items_size": 52, "stocks_size": 18, "fill_percentage": 0.6819394705427989, "solution_time": 0.0017034000484272838}
{"items_size": 52, "stocks_size": 18, "fill_percentage": 0.6401098901098901, "solution_time": 0.0009468999924138188}
{"items_size": 53, "stocks_size": 17, "fill_percentage": 0.6567844723582429, "solution_time": 0.0009728000732138753}
{"items_size": 53, "stocks_size": 17, "fill_percentage": 0.6710102680125305, "solution_time": 0.000789899961091578}
{"items_size": 52, "stocks_size": 19, "fill_percentage": 0.5823494502748626, "solution_time": 0.0009123999625444412}
{"items_size": 54, "stocks_size": 18, "fill_percentage": 0.7119640922457824, "solution_time": 0.0011919999960809946}
{"items_size": 54, "stocks_size": 19, "fill_percentage": 0.6743567136886103, "solution_time": 0.0009166999952867627}
{"items_size": 54, "stocks_size": 18, "fill_percentage": 0.6509486220745049, "solution_time": 0.000943399965763092}
{"items_size": 53, "stocks_size": 17, "fill_percentage": 0.5865575396825397, "solution_time": 0.0009295999770984054}
{"items_size": 52, "stocks_size": 19, "fill_percentage": 0.5858289199165463, "solution_time": 0.0007463999791070819}
{"items_size": 54, "stocks_size": 17, "fill_percentage": 0.5853110204567787, "solution_time": 0.0014890999300405383}
{"items_size": 54, "stocks_size": 19, "fill_percentage": 0.6368491015768244, "solution_time": 0.001691299956291914}
{"items_size": 53, "stocks_size": 18, "fill_percentage": 0.6662883373688459, "solution_time": 0.0013000000035390258}
{"items_size": 54, "stocks_size": 18, "fill_percentage": 0.6465153499199767, "solution_time": 0.0013496000319719315}
{"items_size": 54, "stocks_size": 18, "fill_percentage": 0.5987365059530008, "solution_time": 0.0013963999226689339}
{"items_size": 50, "stocks_size": 19, "fill_percentage": 0.6027174715699306, "solution_time": 0.001155500067397952}
{"items_size": 51, "stocks_size": 19, "fill_percentage": 0.6376774648992077, "solution_time": 0.0007761000888422132}
{"items_size": 53, "stocks_size": 17, "fill_percentage": 0.7039775093710954, "solution_time": 0.0012525999918580055}
{"items_size": 54, "stocks_size": 17, "fill_percentage": 0.6935164835164835, "solution_time": 0.0016786999767646194}
{"items_size": 53, "stocks_size": 18, "fill_percentage": 0.6036241319444444, "solution_time": 0.0008414000039920211}
{"items_size": 53, "stocks_size": 18, "fill_percentage": 0.6106076759061834, "solution_time": 0.0010995999909937382}
{"items_size": 50, "stocks_size": 19, "fill_percentage": 0.647386688444263, "solution_time": 0.0009211000287905335}
{"items_size": 52, "stocks_size": 18, "fill_percentage": 0.5952686845846823, "solution_time": 0.001057300018146634}
{"items_size": 52, "stocks_size": 19, "fill_percentage": 0.6636876578282829, "solution_time": 0.0008685999782755971}
{"items_size": 53, "stocks_size": 17, "fill_percentage": 0.6133113311331133, "solution_time": 0.0014109999174252152}
{"items_size": 52, "stocks_size": 18, "fill_percentage": 0.6600496277915633, "solution_time": 0.0016998000210151076}
{"items_size": 53, "stocks_size": 19, "fill_percentage": 0.6379512423816222, "solution_time": 0.0012337000807747245}
{"items_size": 52, "stocks_size": 19, "fill_percentage": 0.6547423887587822, "solution_time": 0.0008966999594122171}
{"items_size": 54, "stocks_size": 18, "fill_percentage": 0.6658987131589871, "solution_time": 0.0011463999981060624}
{"items_size": 52, "stocks_size": 19, "fill_percentage": 0.6174064741228921, "solution_time": 0.0011041999096050858}
{"items_size": 51, "stocks_size": 19, "fill_percentage": 0.6218402777777777, "solution_time": 0.001187700079753995}
{"items_size": 53, "stocks_size": 18, "fill_percentage": 0.7242803504380475, "solution_time": 0.002264500013552606}
{"items_size": 54, "stocks_size": 19, "fill_percentage": 0.6266431980717695, "solution_time": 0.0009749999735504389}
{"items_size": 52, "stocks_size": 18, "fill_percentage": 0.6865748083531589, "solution_time": 0.0008026000577956438}
{"items_size": 50, "stocks_size": 19, "fill_percentage": 0.6868838763575605, "solution_time": 0.0009577000746503472}
{"items_size": 52, "stocks_size": 18, "fill_percentage": 0.6050219941348973, "solution_time": 0.0008842000970616937}
{"items_size": 50, "stocks_size": 19, "fill_percentage": 0.6430842911877395, "solution_time": 0.0013571999734267592}
{"items_size": 51, "stocks_size": 19, "fill_percentage": 0.6058245551916438, "solution_time": 0.0010450000409036875}
{"items_size": 54, "stocks_size": 18, "fill_percentage": 0.6116799866799867, "solution_time": 0.0018203998915851116}
{"items_size": 54, "stocks_size": 19, "fill_percentage": 0.6315317864553858, "solution_time": 0.0010563000105321407}
{"items_size": 51, "stocks_size": 19, "fill_percentage": 0.6642536978933213, "solution_time": 0.002331900061108172}
{"items_size": 52, "stocks_size": 18, "fill_percentage": 0.6184708931419458, "solution_time": 0.001106700045056641}
{"items_size": 54, "stocks_size": 17, "fill_percentage": 0.624051282051282, "solution_time": 0.0012240000069141388}
{"items_size": 53, "stocks_size": 17, "fill_percentage": 0.6576764468881832, "solution_time": 0.000826600007712841}
{"items_size": 54, "stocks_size": 18, "fill_percentage": 0.6191346153846153, "solution_time": 0.0009816000238060951}
{"items_size": 53, "stocks_size": 17, "fill_percentage": 0.5535334368351447, "solution_time": 0.0007700000423938036}
{"items_size": 52, "stocks_size": 18, "fill_percentage": 0.6108821733821734, "solution_time": 0.0007828000234439969}
{"items_size": 51, "stocks_size": 19, "fill_percentage": 0.6171288171288172, "solution_time": 0.0009414999512955546}
{"items_size": 53, "stocks_size": 17, "fill_percentage": 0.6551050575440819, "solution_time": 0.001436699996702373}
{"items_size": 53, "stocks_size": 17, "fill_percentage": 0.6285450819672131, "solution_time": 0.0012186000822111964}
{"items_size": 54, "stocks_size": 17, "fill_percentage": null, "solution_time": null}
{"items_size": 54, "stocks_size": 18, "fill_percentage": 0.6408699336251942, "solution_time": 0.0017995000816881657}
{"items_size": 53, "stocks_size": 18, "fill_percentage": 0.6148283814950481, "solution_time": 0.001043599913828075}
{"items_size": 50, "stocks_size": 19, "fill_percentage": 0.6192021276595745, "solution_time": 0.0011840000515803695}
{"items_size": 54, "stocks_size": 18, "fill_percentage": 0.7339583493429648, "solution_time": 0.0008798999479040504}
{"items_size": 52, "stocks_size": 19, "fill_percentage": 0.657983682983683, "solution_time": 0.000911200069822371}
{"items_size": 53, "stocks_size": 17, "fill_percentage": 0.6145748020748021, "solution_time": 0.0010770000517368317}
{"items_size": 53, "stocks_size": 19, "fill_percentage": 0.6042893187552565, "solution_time": 0.0011448999866843224}
{"items_size": 51, "stocks_size": 19, "fill_percentage": 0.6022002581739013, "solution_time": 0.0011757999891415238}
{"items_size": 52, "stocks_size": 18, "fill_percentage": 0.7211419015766842, "solution_time": 0.0023893999168649316}
{"items_size": 52, "stocks_size": 18, "fill_percentage": 0.6807204180664427, "solution_time": 0.0010887000244110823}
{"items_size": 53, "stocks_size": 19, "fill_percentage": 0.7112666666666667, "solution_time": 0.0008971000788733363}
{"items_size": 52,