{"items_size": 51, "stocks_size": 19, "fill_percentage": 0.639246947082768, "solution_time": 0.0008111000061035156}
{"items_size": 54, "stocks_size": 18, "fill_percentage": 0.6321121664405247, "solution_time": 0.0007310999790206552}
{"items_size": 54, "stocks_size": 17, "fill_percentage": 0.5948619181301822, "solution_time": 0.0008768000407144427}
{"items_size": 50, "stocks_size": 19, "fill_percentage": 0.5964362316449431, "solution_time": 0.0006630000425502658}
{"items_size": 53, "stocks_size": 18, "fill_percentage": 0.7102574257425742, "solution_time": 0.0008169000502675772}
{"items_size": 50, "stocks_size": 19, "fill_percentage": 0.5888554015136294, "solution_time": 0.0007792999967932701}
{"items_size": 52, "stocks_size": 18, "fill_percentage": 0.6819394705427989, "solution_time": 0.0013885999796912074}
{"items_size": 52, "stocks_size": 18, "fill_percentage": 0.7315541601255887, "solution_time": 0.0010836999863386154}
{"items_size": 53, "stocks_size": 17, "fill_percentage": 0.6567844723582429, "solution_time": 0.0010406000073999166}
{"items_size": 53, "stocks_size": 17, "fill_percentage": 0.6710102680125305, "solution_time": 0.0008041999535635114}
{"items_size": 52, "stocks_size": 19, "fill_percentage": 0.5823494502748626, "solution_time": 0.000713599962182343}
{"items_size": 54, "stocks_size": 18, "fill_percentage": 0.7119640922457824, "solution_time": 0.001027400023303926}
{"items_size": 54, "stocks_size": 19, "fill_percentage": 0.6743567136886103, "solution_time": 0.0008426000131294131}
{"items_size": 54, "stocks_size": 18, "fill_percentage": 0.6509486220745049, "solution_time": 0.0007922999793663621}
{"items_size": 53, "stocks_size": 17, "fill_percentage": 0.5520541549953315, "solution_time": 0.0012153999414294958}
{"items_size": 52, "stocks_size": 19, "fill_percentage": 0.5858289199165463, "solution_time": 0.0009078999282792211}
{"items_size": 54, "stocks_size": 17, "fill_percentage": 0.5853110204567787, "solution_time": 0.0012035000836476684}
{"items_size": 54, "stocks_size": 19, "fill_percentage": 0.6368491015768244, "solution_time": 0.002089100074954331}
{"items_size": 53, "stocks_size": 18, "fill_percentage": 0.6662883373688459, "solution_time": 0.0010194000788033009}
{"items_size": 54, "stocks_size": 18, "fill_percentage": 0.6465153499199767, "solution_time": 0.0016207000007852912}
{"items_size": 54, "stocks_size": 18, "fill_percentage": 0.5987365059530008, "solution_time": 0.0009361000265926123}
{"items_size": 50, "stocks_size": 19, "fill_percentage": 0.6027174715699306, "solution_time": 0.0013188000302761793}
{"items_size": 51, "stocks_size": 19, "fill_percentage": 0.6376774648992077, "solution_time": 0.0008191999513655901}
{"items_size": 53, "stocks_size": 17, "fill_percentage": 0.7039775093710954, "solution_time": 0.001676199957728386}
{"items_size": 54, "stocks_size": 17, "fill_percentage": 0.6935164835164835, "solution_time": 0.0014544000150635839}
{"items_size": 53, "stocks_size": 18, "fill_percentage": 0.6036241319444444, "solution_time": 0.0006190999411046505}
{"items_size": 53, "stocks_size": 18, "fill_percentage": 0.6106076759061834, "solution_time": 0.0011350000277161598}
{"items_size": 50, "stocks_size": 19, "fill_percentage": 0.647386688444263, "solution_time": 0.0008649000665172935}
{"items_size": 52, "stocks_size": 18, "fill_percentage": 0.6547955530431505, "solution_time": 0.0008999999845400453}
{"items_size": 52, "stocks_size": 19, "fill_percentage": 0.6636876578282829, "solution_time": 0.0010230999905616045}
{"items_size": 53, "stocks_size": 17, "fill_percentage": 0.6133113311331133, "solution_time": 0.001473599928431213}
{"items_size": 52, "stocks_size": 18, "fill_percentage": 0.6600496277915633, "solution_time": 0.0014752999413758516}
{"items_size": 53, "stocks_size": 19, "fill_percentage": 0.6379512423816222, "solution_time": 0.0015858999686315656}
{"items_size": 52, "stocks_size": 19, "fill_percentage": 0.6547423887587822, "solution_time": 0.0009067000355571508}
{"items_size": 54, "stocks_size": 18, "fill_percentage": 0.6658987131589871, "solution_time": 0.0007896999595686793}
{"items_size": 52, "stocks_size": 19, "fill_percentage": 0.6174064741228921, "solution_time": 0.0008521999698132277}
{"items_size": 51, "stocks_size": 19, "fill_percentage": 0.6218402777777777, "solution_time": 0.0010155999334529042}
{"items_size": 53, "stocks_size": 18, "fill_percentage": 0.7242803504380475, "solution_time": 0.0016948999837040901}
{"items_size": 54, "stocks_size": 19, "fill_percentage": 0.7049735978307407, "solution_time": 0.001262799953110516}
{"items_size": 52, "stocks_size": 18, "fill_percentage": 0.6865748083531589, "solution_time": 0.0007735999533906579}
{"items_size": 50, "stocks_size": 19, "fill_percentage": 0.6868838763575605, "solution_time": 0.0010708000045269728}
{"items_size": 52, "stocks_size": 18, "fill_percentage": 0.6453567937438905, "solution_time": 0.0009561000624671578}
{"items_size": 50, "stocks_size": 19, "fill_percentage": 0.6430842911877395, "solution_time": 0.0011087000602856278}
{"items_size": 51, "stocks_size": 19, "fill_percentage": 0.6058245551916438, "solution_time": 0.0009258999489247799}
{"items_size": 54, "stocks_size": 18, "fill_percentage": 0.6116799866799867, "solution_time": 0.001170499948784709}
{"items_size": 54, "stocks_size": 19, "fill_percentage": 0.6315317864553858, "solution_time": 0.0007634999928995967}
{"items_size": 51, "stocks_size": 19, "fill_percentage": 0.6642536978933213, "solution_time": 0.0016555999172851443}
{"items_size": 52, "stocks_size": 18, "fill_percentage": 0.6184708931419458, "solution_time": 0.0011239000596106052}
{"items_size": 54, "stocks_size": 17, "fill_percentage": 0.624051282051282, "solution_time": 0.0010327999480068684}
{"items_size": 53, "stocks_size": 17, "fill_percentage": 0.6576764468881832, "solution_time": 0.0007605999708175659}
{"items_size": 54, "stocks_size": 18, "fill_percentage": 0.6604102564102564, "solution_time": 0.0007292999653145671}
{"items_size": 53, "stocks_size": 17, "fill_percentage": 0.5535334368351447, "solution_time": 0.0006431000074371696}
{"items_size": 52, "stocks_size": 18, "fill_percentage": null, "solution_time": null}
{"items_size": 51, "stocks_size": 19, "fill_percentage": 0.5610261973898337, "solution_time": 0.0011128999758511782}
{"items_size": 53, "stocks_size": 17, "fill_percentage": 0.6551050575440819, "solution_time": 0.001429000054486096}
{"items_size": 53, "stocks_size": 17, "fill_percentage": 0.7183372365339579, "solution_time": 0.0014138000551611185}
{"items_size": 54, "stocks_size": 17, "fill_percentage": null, "solution_time": null}
{"items_size": 54, "stocks_size": 18, "fill_percentage": 0.6408699336251942, "solution_time": 0.0013701000716537237}
{"items_size": 53, "stocks_size": 18, "fill_percentage": 0.6660640799529688, "solution_time": 0.0009283000836148858}
{"items_size": 50, "stocks_size": 19, "fill_percentage": 0.6192021276595745, "solution_time": 0.0011131999781355262}
{"items_size": 54, "stocks_size": 18, "fill_percentage": 0.7339583493429648, "solution_time": 0.0006488000508397818}
{"items_size": 52, "stocks_size": 19, "fill_percentage": 0.657983682983683, "solution_time": 0.0007603999692946672}
{"items_size": 53, "stocks_size": 17, "fill_percentage": 0.6704452386270568, "solution_time": 0.0010315999388694763}
{"items_size": 53, "stocks_size": 19, "fill_percentage": 0.6042893187552565, "solution_time": 0.0012159999459981918}
{"items_size": 51, "stocks_size": 19, "fill_percentage": 0.677475290445639, "solution_time": 0.0011507999151945114}
{"items_size": 52, "stocks_size": 18, "fill_percentage": 0.7211419015766842, "solution_time": 0.001380500034429133}
{"items_size": 52, "stocks_size": 18, "fill_percentage": 0.6807204180664427, "solution_time": 0.0009201000211760402}
{"items_size": 53, "stocks_size": 19, "fill_percentage": 0.7112666666666667, "solution_time": 0.0007597999647259712}
{"items_size": 52, "stocks_size": 19, "fill_percentage": 0.7081800766283525,