{"items_size": 51, "stocks_size": 19, "fill_percentage": 0.8218889319635588, "solution_time": 0.0006774000357836485}
{"items_size": 54, "stocks_size": 18, "fill_percentage": 0.8619711360552609, "solution_time": 0.0004851999692618847}
{"items_size": 54, "stocks_size": 17, "fill_percentage": 0.8427210506844247, "solution_time": 0.0004544999683275819}
{"items_size": 50, "stocks_size": 19, "fill_percentage": 0.8717144924041476, "solution_time": 0.00045659998431801796}
{"items_size": 53, "stocks_size": 18, "fill_percentage": 0.8878217821782178, "solution_time": 0.0005231000250205398}
{"items_size": 50, "stocks_size": 19, "fill_percentage": 0.883283102270444, "solution_time": 0.000471699982881546}
{"items_size": 52, "stocks_size": 18, "fill_percentage": 0.8183273646513588, "solution_time": 0.0006345999427139759}
{"items_size": 52, "stocks_size": 18, "fill_percentage": 0.8534798534798534, "solution_time": 0.0006378000834956765}
{"items_size": 53, "stocks_size": 17, "fill_percentage": 0.8757126298109905, "solution_time": 0.0004656000528484583}
{"items_size": 53, "stocks_size": 17, "fill_percentage": 0.8723133484162896, "solution_time": 0.0004813000559806824}
{"items_size": 52, "stocks_size": 19, "fill_percentage": 0.8470537458543456, "solution_time": 0.00044059997890144587}
{"items_size": 54, "stocks_size": 18, "fill_percentage": 0.8306247742867461, "solution_time": 0.0005855000345036387}
{"items_size": 54, "stocks_size": 19, "fill_percentage": 0.824213761174968, "solution_time": 0.0005034999921917915}
{"items_size": 54, "stocks_size": 18, "fill_percentage": 0.8679314960993398, "solution_time": 0.0007790999952703714}
{"items_size": 53, "stocks_size": 17, "fill_percentage": 0.8531746031746031, "solution_time": 0.0004104999825358391}
{"items_size": 52, "stocks_size": 19, "fill_percentage": 0.8787433798748194, "solution_time": 0.0004415001021698117}
{"items_size": 54, "stocks_size": 17, "fill_percentage": 0.9197744607177951, "solution_time": 0.0006366000743582845}
{"items_size": 54, "stocks_size": 19, "fill_percentage": 0.7642189218921892, "solution_time": 0.0006055000703781843}
{"items_size": 53, "stocks_size": 18, "fill_percentage": 0.9328036723163842, "solution_time": 0.0005645999917760491}
{"items_size": 54, "stocks_size": 18, "fill_percentage": 0.862020466559969, "solution_time": 0.0006002000300213695}
{"items_size": 54, "stocks_size": 18, "fill_percentage": 0.8981047589295011, "solution_time": 0.0007790999952703714}
{"items_size": 50, "stocks_size": 19, "fill_percentage": 0.9040762073548959, "solution_time": 0.000457199988886714}
{"items_size": 51, "stocks_size": 19, "fill_percentage": 0.8768065142364107, "solution_time": 0.0004778000293299556}
{"items_size": 53, "stocks_size": 17, "fill_percentage": 0.8799718867138692, "solution_time": 0.0007860999321565032}
{"items_size": 54, "stocks_size": 17, "fill_percentage": 0.8322197802197803, "solution_time": 0.0006028000498190522}
{"items_size": 53, "stocks_size": 18, "fill_percentage": 0.8779987373737373, "solution_time": 0.000467000063508749}
{"items_size": 53, "stocks_size": 18, "fill_percentage": 0.8881566194999031, "solution_time": 0.00045549997594207525}
{"items_size": 50, "stocks_size": 19, "fill_percentage": 0.8092333605553287, "solution_time": 0.00047770002856850624}
{"items_size": 52, "stocks_size": 18, "fill_percentage": 0.8184944413039382, "solution_time": 0.0004943000385537744}
{"items_size": 52, "stocks_size": 19, "fill_percentage": 0.853312702922078, "solution_time": 0.0007037000032141805}
{"items_size": 53, "stocks_size": 17, "fill_percentage": 0.8586358635863587, "solution_time": 0.000730500090867281}
{"items_size": 52, "stocks_size": 18, "fill_percentage": 0.880066170388751, "solution_time": 0.0004911000141873956}
{"items_size": 53, "stocks_size": 19, "fill_percentage": 0.8506016565088295, "solution_time": 0.000682300073094666}
{"items_size": 52, "stocks_size": 19, "fill_percentage": 0.8928305301256121, "solution_time": 0.00046330003533512354}
{"items_size": 54, "stocks_size": 18, "fill_percentage": 0.8878649508786495, "solution_time": 0.0004453000146895647}
{"items_size": 52, "stocks_size": 19, "fill_percentage": 0.8489339019189766, "solution_time": 0.0005183999892324209}
{"items_size": 51, "stocks_size": 19, "fill_percentage": 0.8291203703703703, "solution_time": 0.0004515000618994236}
{"items_size": 53, "stocks_size": 18, "fill_percentage": 0.9053504380475594, "solution_time": 0.0010074999881908298}
{"items_size": 54, "stocks_size": 19, "fill_percentage": 0.8056841118065607, "solution_time": 0.0006443999009206891}
{"items_size": 52, "stocks_size": 18, "fill_percentage": 0.8238897700237906, "solution_time": 0.000577900093048811}
{"items_size": 50, "stocks_size": 19, "fill_percentage": 0.801364522417154, "solution_time": 0.0006079000886529684}
{"items_size": 52, "stocks_size": 18, "fill_percentage": 0.8800319914689416, "solution_time": 0.0004227999597787857}
{"items_size": 50, "stocks_size": 19, "fill_percentage": 0.9186918445539135, "solution_time": 0.0004898000042885542}
{"items_size": 51, "stocks_size": 19, "fill_percentage": 0.8330087633885103, "solution_time": 0.0005240000318735838}
{"items_size": 54, "stocks_size": 18, "fill_percentage": 0.8835377585377585, "solution_time": 0.00044760003220289946}
{"items_size": 54, "stocks_size": 19, "fill_percentage": 0.8119694397283531, "solution_time": 0.0004996999632567167}
{"items_size": 51, "stocks_size": 19, "fill_percentage": 0.8303171223666517, "solution_time": 0.0008286999072879553}
{"items_size": 52, "stocks_size": 18, "fill_percentage": 0.8246278575225944, "solution_time": 0.0006655000615864992}
{"items_size": 54, "stocks_size": 17, "fill_percentage": 0.8915018315018315, "solution_time": 0.0010489000706002116}
{"items_size": 53, "stocks_size": 17, "fill_percentage": 0.8600384305460856, "solution_time": 0.0004059999482706189}
{"items_size": 54, "stocks_size": 18, "fill_percentage": 0.8255128205128205, "solution_time": 0.0004889999981969595}
{"items_size": 53, "stocks_size": 17, "fill_percentage": 0.8554607660179507, "solution_time": 0.0008422000100836158}
{"items_size": 52, "stocks_size": 18, "fill_percentage": 0.8458368554522401, "solution_time": 0.0004240999696776271}
{"items_size": 51, "stocks_size": 19, "fill_percentage": 0.8816125958983102, "solution_time": 0.0004629000322893262}
{"items_size": 53, "stocks_size": 17, "fill_percentage": 0.9171470805617147, "solution_time": 0.0010890000266954303}
{"items_size": 53, "stocks_size": 17, "fill_percentage": 0.8380601092896175, "solution_time": 0.0005951999919489026}
{"items_size": 54, "stocks_size": 17, "fill_percentage": 0.8552642210730446, "solution_time": 0.0006397999823093414}
{"items_size": 54, "stocks_size": 18, "fill_percentage": 0.8239756289466782, "solution_time": 0.0005510000046342611}
{"items_size": 53, "stocks_size": 18, "fill_percentage": 0.8880854399372918, "solution_time": 0.0006101999897509813}
{"items_size": 50, "stocks_size": 19, "fill_percentage": 0.8256028368794326, "solution_time": 0.0005452000768855214}
{"items_size": 54, "stocks_size": 18, "fill_percentage": 0.8970602047525125, "solution_time": 0.0005090000340715051}
{"items_size": 52, "stocks_size": 19, "fill_percentage": 0.8773115773115773, "solution_time": 0.000750600011087954}
{"items_size": 53, "stocks_size": 17, "fill_percentage": 0.8194330694330695, "solution_time": 0.0006654000608250499}
{"items_size": 53, "stocks_size": 19, "fill_percentage": 0.8057190916736754, "solution_time": 0.0007194000063464046}
{"items_size": 51, "stocks_size": 19, "fill_percentage": 0.9033003872608519, "solution_time": 0.0005703999195247889}
{"items_size": 52, "stocks_size": 18, "fill_percentage": 0.9014273769708552, "solution_time": 0.0010906000388786197}
{"items_size": 52, "stocks_size": 18, "fill_percentage": 0.8509005225830534, "solution_time": 0.0005438000662252307}
{"items_size": 53, "stocks_size": 19, "fill_percentage": 0.8890833333333333, "solution_time": 0.0005625999765470624}
{"items_size": 52, "stocks_size": 19,