{"items_size": 51, "stocks_size": 19, "fill_percentage": 0.639246947082768, "solution_time": 0.0008919000392779708}
{"items_size": 54, "stocks_size": 18, "fill_percentage": 0.6321121664405247, "solution_time": 0.0006941000465303659}
{"items_size": 54, "stocks_size": 17, "fill_percentage": 0.5948619181301822, "solution_time": 0.0008830999722704291}
{"items_size": 50, "stocks_size": 19, "fill_percentage": 0.5964362316449431, "solution_time": 0.0006582000060006976}
{"items_size": 53, "stocks_size": 18, "fill_percentage": 0.7102574257425742, "solution_time": 0.0012125000357627869}
{"items_size": 50, "stocks_size": 19, "fill_percentage": 0.5888554015136294, "solution_time": 0.0011158999986946583}
{"items_size": 52, "stocks_size": 18, "fill_percentage": 0.6819394705427989, "solution_time": 0.0011668999213725328}
{"items_size": 52, "stocks_size": 18, "fill_percentage": 0.7315541601255887, "solution_time": 0.0011461999965831637}
{"items_size": 53, "stocks_size": 17, "fill_percentage": 0.6567844723582429, "solution_time": 0.0008607999188825488}
{"items_size": 53, "stocks_size": 17, "fill_percentage": 0.6710102680125305, "solution_time": 0.0007321999873965979}
{"items_size": 52, "stocks_size": 19, "fill_percentage": 0.5823494502748626, "solution_time": 0.0008064999710768461}
{"items_size": 54, "stocks_size": 18, "fill_percentage": 0.7119640922457824, "solution_time": 0.0010520999785512686}
{"items_size": 54, "stocks_size": 19, "fill_percentage": 0.6743567136886103, "solution_time": 0.0007100000511854887}
{"items_size": 54, "stocks_size": 18, "fill_percentage": 0.6509486220745049, "solution_time": 0.0007966000121086836}
{"items_size": 53, "stocks_size": 17, "fill_percentage": 0.5520541549953315, "solution_time": 0.00151269999332726}
{"items_size": 52, "stocks_size": 19, "fill_percentage": 0.5858289199165463, "solution_time": 0.0009154001018032432}
{"items_size": 54, "stocks_size": 17, "fill_percentage": 0.5853110204567787, "solution_time": 0.0010406000073999166}
{"items_size": 54, "stocks_size": 19, "fill_percentage": 0.6368491015768244, "solution_time": 0.00212190009187907}
{"items_size": 53, "stocks_size": 18, "fill_percentage": 0.6662883373688459, "solution_time": 0.0010874000145122409}
{"items_size": 54, "stocks_size": 18, "fill_percentage": 0.6465153499199767, "solution_time": 0.001651099999435246}
{"items_size": 54, "stocks_size": 18, "fill_percentage": 0.5987365059530008, "solution_time": 0.0009450999787077308}
{"items_size": 50, "stocks_size": 19, "fill_percentage": 0.6027174715699306, "solution_time": 0.0010179999517276883}
{"items_size": 51, "stocks_size": 19, "fill_percentage": 0.6376774648992077, "solution_time": 0.0010962000815197825}
{"items_size": 53, "stocks_size": 17, "fill_percentage": 0.7039775093710954, "solution_time": 0.0022764999885112047}
{"items_size": 54, "stocks_size": 17, "fill_percentage": 0.6935164835164835, "solution_time": 0.0013337000273168087}
{"items_size": 53, "stocks_size": 18, "fill_percentage": 0.6036241319444444, "solution_time": 0.0008939000545069575}
{"items_size": 53, "stocks_size": 18, "fill_percentage": 0.6106076759061834, "solution_time": 0.0012095000129193068}
{"items_size": 50, "stocks_size": 19, "fill_percentage": 0.647386688444263, "solution_time": 0.0008622000459581614}
{"items_size": 52, "stocks_size": 18, "fill_percentage": 0.6547955530431505, "solution_time": 0.0008781000506132841}
{"items_size": 52, "stocks_size": 19, "fill_percentage": 0.6636876578282829, "solution_time": 0.0009599000914022326}
{"items_size": 53, "stocks_size": 17, "fill_percentage": 0.6133113311331133, "solution_time": 0.0013560999650508165}
{"items_size": 52, "stocks_size": 18, "fill_percentage": 0.6600496277915633, "solution_time": 0.0015683999517932534}
{"items_size": 53, "stocks_size": 19, "fill_percentage": 0.6379512423816222, "solution_time": 0.0013380000600591302}
{"items_size": 52, "stocks_size": 19, "fill_percentage": 0.6547423887587822, "solution_time": 0.0006488999351859093}
{"items_size": 54, "stocks_size": 18, "fill_percentage": 0.6658987131589871, "solution_time": 0.0011113999644294381}
{"items_size": 52, "stocks_size": 19, "fill_percentage": 0.6174064741228921, "solution_time": 0.0009012999944388866}
{"items_size": 51, "stocks_size": 19, "fill_percentage": 0.6218402777777777, "solution_time": 0.001236199983395636}
{"items_size": 53, "stocks_size": 18, "fill_percentage": 0.7242803504380475, "solution_time": 0.0015802999259904027}
{"items_size": 54, "stocks_size": 19, "fill_percentage": 0.7049735978307407, "solution_time": 0.0011878000805154443}
{"items_size": 52, "stocks_size": 18, "fill_percentage": 0.6865748083531589, "solution_time": 0.0010217000963166356}
{"items_size": 50, "stocks_size": 19, "fill_percentage": 0.6868838763575605, "solution_time": 0.001356000080704689}
{"items_size": 52, "stocks_size": 18, "fill_percentage": 0.6453567937438905, "solution_time": 0.0006725999992340803}
{"items_size": 50, "stocks_size": 19, "fill_percentage": 0.6430842911877395, "solution_time": 0.0009457999840378761}
{"items_size": 51, "stocks_size": 19, "fill_percentage": 0.6058245551916438, "solution_time": 0.0013664000434800982}
{"items_size": 54, "stocks_size": 18, "fill_percentage": 0.6116799866799867, "solution_time": 0.0011533000506460667}
{"items_size": 54, "stocks_size": 19, "fill_percentage": 0.6315317864553858, "solution_time": 0.0008700999896973372}
{"items_size": 51, "stocks_size": 19, "fill_percentage": 0.6642536978933213, "solution_time": 0.0017287000082433224}
{"items_size": 52, "stocks_size": 18, "fill_percentage": 0.6184708931419458, "solution_time": 0.001421599998138845}
{"items_size": 54, "stocks_size": 17, "fill_percentage": 0.624051282051282, "solution_time": 0.0009833999210968614}
{"items_size": 53, "stocks_size": 17, "fill_percentage": 0.6576764468881832, "solution_time": 0.0007694000378251076}
{"items_size": 54, "stocks_size": 18, "fill_percentage": 0.6604102564102564, "solution_time": 0.000714799971319735}
{"items_size": 53, "stocks_size": 17, "fill_percentage": 0.5535334368351447, "solution_time": 0.0012238000053912401}
{"items_size": 52, "stocks_size": 18, "fill_percentage": null, "solution_time": null}
{"items_size": 51, "stocks_size": 19, "fill_percentage": 0.5610261973898337, "solution_time": 0.0009148999815806746}
{"items_size": 53, "stocks_size": 17, "fill_percentage": 0.6551050575440819, "solution_time": 0.0013040000339969993}
{"items_size": 53, "stocks_size": 17, "fill_percentage": 0.7183372365339579, "solution_time": 0.0013760000001639128}
{"items_size": 54, "stocks_size": 17, "fill_percentage": null, "solution_time": null}
{"items_size": 54, "stocks_size": 18, "fill_percentage": 0.6408699336251942, "solution_time": 0.0013128999853506684}
{"items_size": 53, "stocks_size": 18, "fill_percentage": 0.6660640799529688, "solution_time": 0.0008215999696403742}
{"items_size": 50, "stocks_size": 19, "fill_percentage": 0.6192021276595745, "solution_time": 0.001039499999023974}
{"items_size": 54, "stocks_size": 18, "fill_percentage": 0.7339583493429648, "solution_time": 0.0006224000826478004}
{"items_size": 52, "stocks_size": 19, "fill_percentage": 0.657983682983683, "solution_time": 0.0008144000312313437}
{"items_size": 53, "stocks_size": 17, "fill_percentage": 0.6704452386270568, "solution_time": 0.001128199975937605}
{"items_size": 53, "stocks_size": 19, "fill_percentage": 0.6042893187552565, "solution_time": 0.0017091999761760235}
{"items_size": 51, "stocks_size": 19, "fill_percentage": 0.677475290445639, "solution_time": 0.0011397000635042787}
{"items_size": 52, "stocks_size": 18, "fill_percentage": 0.7211419015766842, "solution_time": 0.0013617000076919794}
{"items_size": 52, "stocks_size": 18, "fill_percentage": 0.6807204180664427, "solution_time": 0.0010643999557942152}
{"items_size": 53, "stocks_size": 19, "fill_percentage": 0.7112666666666667, "solution_time": 0.0007507000118494034}
{"items_size": 52, "stocks_size": 19,