{"items_size": 51, "stocks_size": 19, "fill_percentage": 0.8218889319635588, "solution_time": 0.0007189000025391579}
{"items_size": 54, "stocks_size": 18, "fill_percentage": 0.8619711360552609, "solution_time": 0.0005198998842388391}
{"items_size": 54, "stocks_size": 17, "fill_percentage": 0.8427210506844247, "solution_time": 0.0005124000599607825}
{"items_size": 50, "stocks_size": 19, "fill_percentage": 0.8717144924041476, "solution_time": 0.00047500000800937414}
{"items_size": 53, "stocks_size": 18, "fill_percentage": 0.8878217821782178, "solution_time": 0.0006072999676689506}
{"items_size": 50, "stocks_size": 19, "fill_percentage": 0.883283102270444, "solution_time": 0.0004230000777170062}
{"items_size": 52, "stocks_size": 18, "fill_percentage": 0.8183273646513588, "solution_time": 0.0006249999860301614}
{"items_size": 52, "stocks_size": 18, "fill_percentage": 0.8534798534798534, "solution_time": 0.0006726999999955297}
{"items_size": 53, "stocks_size": 17, "fill_percentage": 0.8757126298109905, "solution_time": 0.000548599986359477}
{"items_size": 53, "stocks_size": 17, "fill_percentage": 0.8723133484162896, "solution_time": 0.0004862000932916999}
{"items_size": 52, "stocks_size": 19, "fill_percentage": 0.8470537458543456, "solution_time": 0.000534699996933341}
{"items_size": 54, "stocks_size": 18, "fill_percentage": 0.8306247742867461, "solution_time": 0.0005975000094622374}
{"items_size": 54, "stocks_size": 19, "fill_percentage": 0.824213761174968, "solution_time": 0.0006124000065028667}
{"items_size": 54, "stocks_size": 18, "fill_percentage": 0.8679314960993398, "solution_time": 0.0005032999906688929}
{"items_size": 53, "stocks_size": 17, "fill_percentage": 0.8531746031746031, "solution_time": 0.00044139998499304056}
{"items_size": 52, "stocks_size": 19, "fill_percentage": 0.8787433798748194, "solution_time": 0.00042940001003444195}
{"items_size": 54, "stocks_size": 17, "fill_percentage": 0.9197744607177951, "solution_time": 0.0005927999736741185}
{"items_size": 54, "stocks_size": 19, "fill_percentage": 0.7642189218921892, "solution_time": 0.0007993000326678157}
{"items_size": 53, "stocks_size": 18, "fill_percentage": 0.9328036723163842, "solution_time": 0.0005669000092893839}
{"items_size": 54, "stocks_size": 18, "fill_percentage": 0.862020466559969, "solution_time": 0.000750300008803606}
{"items_size": 54, "stocks_size": 18, "fill_percentage": 0.8981047589295011, "solution_time": 0.0009137000888586044}
{"items_size": 50, "stocks_size": 19, "fill_percentage": 0.9040762073548959, "solution_time": 0.00041140010580420494}
{"items_size": 51, "stocks_size": 19, "fill_percentage": 0.8768065142364107, "solution_time": 0.0005073000211268663}
{"items_size": 53, "stocks_size": 17, "fill_percentage": 0.8799718867138692, "solution_time": 0.0007888999534770846}
{"items_size": 54, "stocks_size": 17, "fill_percentage": 0.8322197802197803, "solution_time": 0.0006257999921217561}
{"items_size": 53, "stocks_size": 18, "fill_percentage": 0.8779987373737373, "solution_time": 0.0004762000171467662}
{"items_size": 53, "stocks_size": 18, "fill_percentage": 0.8881566194999031, "solution_time": 0.0004319000290706754}
{"items_size": 50, "stocks_size": 19, "fill_percentage": 0.8092333605553287, "solution_time": 0.0006386000895872712}
{"items_size": 52, "stocks_size": 18, "fill_percentage": 0.9354222186330722, "solution_time": 0.0006195000605657697}
{"items_size": 52, "stocks_size": 19, "fill_percentage": 0.853312702922078, "solution_time": 0.0006813000654801726}
{"items_size": 53, "stocks_size": 17, "fill_percentage": 0.8586358635863587, "solution_time": 0.0006637999322265387}
{"items_size": 52, "stocks_size": 18, "fill_percentage": 0.880066170388751, "solution_time": 0.000492400024086237}
{"items_size": 53, "stocks_size": 19, "fill_percentage": 0.8506016565088295, "solution_time": 0.0006140000186860561}
{"items_size": 52, "stocks_size": 19, "fill_percentage": 0.8928305301256121, "solution_time": 0.00047969992738217115}
{"items_size": 54, "stocks_size": 18, "fill_percentage": 0.8878649508786495, "solution_time": 0.000598300015553832}
{"items_size": 52, "stocks_size": 19, "fill_percentage": 0.8489339019189766, "solution_time": 0.0007621999830007553}
{"items_size": 51, "stocks_size": 19, "fill_percentage": 0.8291203703703703, "solution_time": 0.0004786999197676778}
{"items_size": 53, "stocks_size": 18, "fill_percentage": 0.9053504380475594, "solution_time": 0.0010453000431880355}
{"items_size": 54, "stocks_size": 19, "fill_percentage": 0.8056841118065607, "solution_time": 0.0009356999071314931}
{"items_size": 52, "stocks_size": 18, "fill_percentage": 0.8238897700237906, "solution_time": 0.0005617999704554677}
{"items_size": 50, "stocks_size": 19, "fill_percentage": 0.801364522417154, "solution_time": 0.0005092000355944037}
{"items_size": 52, "stocks_size": 18, "fill_percentage": 0.8800319914689416, "solution_time": 0.00042640010360628366}
{"items_size": 50, "stocks_size": 19, "fill_percentage": 0.8038553639846743, "solution_time": 0.0005054000066593289}
{"items_size": 51, "stocks_size": 19, "fill_percentage": 0.8330087633885103, "solution_time": 0.0006759000243619084}
{"items_size": 54, "stocks_size": 18, "fill_percentage": 0.8835377585377585, "solution_time": 0.00045739999040961266}
{"items_size": 54, "stocks_size": 19, "fill_percentage": 0.8119694397283531, "solution_time": 0.0004672000650316477}
{"items_size": 51, "stocks_size": 19, "fill_percentage": 0.8303171223666517, "solution_time": 0.0007337999995797873}
{"items_size": 52, "stocks_size": 18, "fill_percentage": 0.8246278575225944, "solution_time": 0.0006341999396681786}
{"items_size": 54, "stocks_size": 17, "fill_percentage": 0.8915018315018315, "solution_time": 0.0006074000848457217}
{"items_size": 53, "stocks_size": 17, "fill_percentage": 0.8600384305460856, "solution_time": 0.0007702000439167023}
{"items_size": 54, "stocks_size": 18, "fill_percentage": 0.8255128205128205, "solution_time": 0.0006306999130174518}
{"items_size": 53, "stocks_size": 17, "fill_percentage": 0.8554607660179507, "solution_time": 0.00045779999345541}
{"items_size": 52, "stocks_size": 18, "fill_percentage": 0.8458368554522401, "solution_time": 0.000439200084656477}
{"items_size": 51, "stocks_size": 19, "fill_percentage": 0.8816125958983102, "solution_time": 0.00046659994404762983}
{"items_size": 53, "stocks_size": 17, "fill_percentage": 0.9171470805617147, "solution_time": 0.0006537999724969268}
{"items_size": 53, "stocks_size": 17, "fill_percentage": 0.8380601092896175, "solution_time": 0.0005628000944852829}
{"items_size": 54, "stocks_size": 17, "fill_percentage": 0.8552642210730446, "solution_time": 0.0004975000629201531}
{"items_size": 54, "stocks_size": 18, "fill_percentage": 0.8239756289466782, "solution_time": 0.0005452000768855214}
{"items_size": 53, "stocks_size": 18, "fill_percentage": 0.8880854399372918, "solution_time": 0.0005960001144558191}
{"items_size": 50, "stocks_size": 19, "fill_percentage": 0.8256028368794326, "solution_time": 0.0006080999737605453}
{"items_size": 54, "stocks_size": 18, "fill_percentage": 0.8970602047525125, "solution_time": 0.0005913999630138278}
{"items_size": 52, "stocks_size": 19, "fill_percentage": 0.8773115773115773, "solution_time": 0.0006052999524399638}
{"items_size": 53, "stocks_size": 17, "fill_percentage": 0.8194330694330695, "solution_time": 0.00048749998677521944}
{"items_size": 53, "stocks_size": 19, "fill_percentage": 0.8057190916736754, "solution_time": 0.0006685999687761068}
{"items_size": 51, "stocks_size": 19, "fill_percentage": 0.9033003872608519, "solution_time": 0.0005038999952375889}
{"items_size": 52, "stocks_size": 18, "fill_percentage": 0.9014273769708552, "solution_time": 0.0007376999128609896}
{"items_size": 52, "stocks_size": 18, "fill_percentage": 0.8509005225830534, "solution_time": 0.0004230999620631337}
{"items_size": 53, "stocks_size": 19, "fill_percentage": 0.8890833333333333,