{"items_size": 51, "stocks_size": 19, "fill_percentage": 0.8218889319635588, "solution_time": 0.000673700007610023}
{"items_size": 54, "stocks_size": 18, "fill_percentage": 0.8619711360552609, "solution_time": 0.0004757000133395195}
{"items_size": 54, "stocks_size": 17, "fill_percentage": 0.8427210506844247, "solution_time": 0.0004776000278070569}
{"items_size": 50, "stocks_size": 19, "fill_percentage": 0.8717144924041476, "solution_time": 0.00047119997907429934}
{"items_size": 53, "stocks_size": 18, "fill_percentage": 0.8878217821782178, "solution_time": 0.0005110999336466193}
{"items_size": 50, "stocks_size": 19, "fill_percentage": 0.8029846384276764, "solution_time": 0.0005725999362766743}
{"items_size": 52, "stocks_size": 18, "fill_percentage": 0.8183273646513588, "solution_time": 0.0007549000438302755}
{"items_size": 52, "stocks_size": 18, "fill_percentage": 0.8534798534798534, "solution_time": 0.000534999999217689}
{"items_size": 53, "stocks_size": 17, "fill_percentage": 0.8757126298109905, "solution_time": 0.00047690002247691154}
{"items_size": 53, "stocks_size": 17, "fill_percentage": 0.8723133484162896, "solution_time": 0.0005123000591993332}
{"items_size": 52, "stocks_size": 19, "fill_percentage": 0.8470537458543456, "solution_time": 0.0005871000466868281}
{"items_size": 54, "stocks_size": 18, "fill_percentage": 0.8306247742867461, "solution_time": 0.0005060998955741525}
{"items_size": 54, "stocks_size": 19, "fill_percentage": 0.9272404813218391, "solution_time": 0.0006130998954176903}
{"items_size": 54, "stocks_size": 18, "fill_percentage": 0.8679314960993398, "solution_time": 0.0007027999963611364}
{"items_size": 53, "stocks_size": 17, "fill_percentage": 0.8531746031746031, "solution_time": 0.00040250003803521395}
{"items_size": 52, "stocks_size": 19, "fill_percentage": 0.8787433798748194, "solution_time": 0.0003890000516548753}
{"items_size": 54, "stocks_size": 17, "fill_percentage": 0.9197744607177951, "solution_time": 0.0005934000946581364}
{"items_size": 54, "stocks_size": 19, "fill_percentage": 0.7642189218921892, "solution_time": 0.0009171999990940094}
{"items_size": 53, "stocks_size": 18, "fill_percentage": 0.9328036723163842, "solution_time": 0.0005765999667346478}
{"items_size": 54, "stocks_size": 18, "fill_percentage": 0.862020466559969, "solution_time": 0.0006995999719947577}
{"items_size": 54, "stocks_size": 18, "fill_percentage": 0.8981047589295011, "solution_time": 0.0005973000079393387}
{"items_size": 50, "stocks_size": 19, "fill_percentage": 0.8036232954265741, "solution_time": 0.0005537999095395207}
{"items_size": 51, "stocks_size": 19, "fill_percentage": 0.8768065142364107, "solution_time": 0.00039870000910013914}
{"items_size": 53, "stocks_size": 17, "fill_percentage": 0.8799718867138692, "solution_time": 0.0008498999522998929}
{"items_size": 54, "stocks_size": 17, "fill_percentage": 0.8322197802197803, "solution_time": 0.0005630999803543091}
{"items_size": 53, "stocks_size": 18, "fill_percentage": 0.8779987373737373, "solution_time": 0.0004267999902367592}
{"items_size": 53, "stocks_size": 18, "fill_percentage": 0.8141435678749112, "solution_time": 0.00038600002881139517}
{"items_size": 50, "stocks_size": 19, "fill_percentage": 0.8092333605553287, "solution_time": 0.0005474999779835343}
{"items_size": 52, "stocks_size": 18, "fill_percentage": 0.9354222186330722, "solution_time": 0.0007611999753862619}
{"items_size": 52, "stocks_size": 19, "fill_percentage": 0.853312702922078, "solution_time": 0.00042699999175965786}
{"items_size": 53, "stocks_size": 17, "fill_percentage": 0.8586358635863587, "solution_time": 0.0006918999133631587}
{"items_size": 52, "stocks_size": 18, "fill_percentage": 0.880066170388751, "solution_time": 0.0005399000365287066}
{"items_size": 53, "stocks_size": 19, "fill_percentage": 0.8506016565088295, "solution_time": 0.0005423999391496181}
{"items_size": 52, "stocks_size": 19, "fill_percentage": 0.8928305301256121, "solution_time": 0.00044319999869912863}
{"items_size": 54, "stocks_size": 18, "fill_percentage": 0.8878649508786495, "solution_time": 0.00040010001976042986}
{"items_size": 52, "stocks_size": 19, "fill_percentage": 0.8489339019189766, "solution_time": 0.0004648999311029911}
{"items_size": 51, "stocks_size": 19, "fill_percentage": 0.9327604166666666, "solution_time": 0.00041290000081062317}
{"items_size": 53, "stocks_size": 18, "fill_percentage": 0.9053504380475594, "solution_time": 0.0009874000679701567}
{"items_size": 54, "stocks_size": 19, "fill_percentage": 0.8056841118065607, "solution_time": 0.0006125000072643161}
{"items_size": 52, "stocks_size": 18, "fill_percentage": 0.9154330778042118, "solution_time": 0.00045009993482381105}
{"items_size": 50, "stocks_size": 19, "fill_percentage": 0.801364522417154, "solution_time": 0.00047060009092092514}
{"items_size": 52, "stocks_size": 18, "fill_percentage": 0.8800319914689416, "solution_time": 0.0003836000105366111}
{"items_size": 50, "stocks_size": 19, "fill_percentage": 0.9186918445539135, "solution_time": 0.0004928000271320343}
{"items_size": 51, "stocks_size": 19, "fill_percentage": 0.8330087633885103, "solution_time": 0.0004531999584287405}
{"items_size": 54, "stocks_size": 18, "fill_percentage": 0.8835377585377585, "solution_time": 0.000448899925686419}
{"items_size": 54, "stocks_size": 19, "fill_percentage": 0.8119694397283531, "solution_time": 0.0004983999533578753}
{"items_size": 51, "stocks_size": 19, "fill_percentage": 0.8303171223666517, "solution_time": 0.0008097999962046742}
{"items_size": 52, "stocks_size": 18, "fill_percentage": 0.8246278575225944, "solution_time": 0.0005828000139445066}
{"items_size": 54, "stocks_size": 17, "fill_percentage": 0.8915018315018315, "solution_time": 0.0007245999295264482}
{"items_size": 53, "stocks_size": 17, "fill_percentage": 0.8600384305460856, "solution_time": 0.00038700003642588854}
{"items_size": 54, "stocks_size": 18, "fill_percentage": 0.8255128205128205, "solution_time": 0.0004246999742463231}
{"items_size": 53, "stocks_size": 17, "fill_percentage": 0.8554607660179507, "solution_time": 0.0004198000533506274}
{"items_size": 52, "stocks_size": 18, "fill_percentage": 0.8458368554522401, "solution_time": 0.0004907000111415982}
{"items_size": 51, "stocks_size": 19, "fill_percentage": 0.8816125958983102, "solution_time": 0.00044680002611130476}
{"items_size": 53, "stocks_size": 17, "fill_percentage": 0.9171470805617147, "solution_time": 0.0006034000543877482}
{"items_size": 53, "stocks_size": 17, "fill_percentage": 0.8380601092896175, "solution_time": 0.0006186000537127256}
{"items_size": 54, "stocks_size": 17, "fill_percentage": 0.8552642210730446, "solution_time": 0.0006373000796884298}
{"items_size": 54, "stocks_size": 18, "fill_percentage": 0.8239756289466782, "solution_time": 0.0005925999721512198}
{"items_size": 53, "stocks_size": 18, "fill_percentage": 0.8880854399372918, "solution_time": 0.0007408000528812408}
{"items_size": 50, "stocks_size": 19, "fill_percentage": 0.8256028368794326, "solution_time": 0.0005880000535398722}
{"items_size": 54, "stocks_size": 18, "fill_percentage": 0.8970602047525125, "solution_time": 0.0006616000318899751}
{"items_size": 52, "stocks_size": 19, "fill_percentage": 0.8773115773115773, "solution_time": 0.00043969997204840183}
{"items_size": 53, "stocks_size": 17, "fill_percentage": 0.8194330694330695, "solution_time": 0.0004589000018313527}
{"items_size": 53, "stocks_size": 19, "fill_percentage": 0.8057190916736754, "solution_time": 0.0007161000976338983}
{"items_size": 51, "stocks_size": 19, "fill_percentage": 0.9033003872608519, "solution_time": 0.000479700043797493}
{"items_size": 52, "stocks_size": 18, "fill_percentage": 0.9014273769708552, "solution_time": 0.0010353999678045511}
{"items_size": 52, "stocks_size": 18, "fill_percentage": 0.8509005225830534, "solution_time": 0.00043320003896951675}
{"items_size": 53, "stocks_size": 19, "fill_percentage": 0.8890833333333333,