{"items_size": 15, "stocks_size": 4, "fill_percentage": 0.4700851362961806, "solution_time": 0.0003527000080794096}
{"items_size": 15, "stocks_size": 4, "fill_percentage": 0.3945597886655384, "solution_time": 0.0003116999287158251}
{"items_size": 14, "stocks_size": 5, "fill_percentage": 0.6114228338550588, "solution_time": 0.00033840001560747623}
{"items_size": 14, "stocks_size": 5, "fill_percentage": 0.5938956075598136, "solution_time": 0.00018720002844929695}
{"items_size": 15, "stocks_size": 4, "fill_percentage": 0.5877240264115349, "solution_time": 0.00026809994596987963}
{"items_size": 15, "stocks_size": 4, "fill_percentage": 0.47010403566937237, "solution_time": 0.00037990009877830744}
{"items_size": 15, "stocks_size": 4, "fill_percentage": 0.5790108564535585, "solution_time": 0.00022270006593316793}
{"items_size": 15, "stocks_size": 4, "fill_percentage": 0.5836944588894667, "solution_time": 0.0003306999569758773}
{"items_size": 15, "stocks_size": 4, "fill_percentage": 0.6750936853291571, "solution_time": 0.0002657999284565449}
{"items_size": 14, "stocks_size": 5, "fill_percentage": 0.5617260061919505, "solution_time": 0.0002223999472334981}
{"items_size": 14, "stocks_size": 5, "fill_percentage": 0.5192928403755869, "solution_time": 0.00023389991838485003}
{"items_size": 15, "stocks_size": 4, "fill_percentage": 0.5428436243198486, "solution_time": 0.0002370000584051013}
{"items_size": 14, "stocks_size": 5, "fill_percentage": 0.5811235719526255, "solution_time": 0.00025939999613910913}
{"items_size": 14, "stocks_size": 5, "fill_percentage": 0.5995903737839222, "solution_time": 0.00019219995010644197}
{"items_size": 14, "stocks_size": 5, "fill_percentage": 0.6144237918215614, "solution_time": 0.00018910004291683435}
{"items_size": 14, "stocks_size": 5, "fill_percentage": 0.47458725905436944, "solution_time": 0.00020549993496388197}
{"items_size": 15, "stocks_size": 4, "fill_percentage": 0.46685610076763223, "solution_time": 0.0001949999714270234}
{"items_size": 14, "stocks_size": 5, "fill_percentage": 0.6676164695825616, "solution_time": 0.00024749990552663803}
{"items_size": 14, "stocks_size": 5, "fill_percentage": 0.6614643717114064, "solution_time": 0.0003176000900566578}
{"items_size": 15, "stocks_size": 4, "fill_percentage": 0.6445224367009276, "solution_time": 0.00021229998674243689}
{"items_size": 15, "stocks_size": 4, "fill_percentage": 0.5939530940943769, "solution_time": 0.00018789991736412048}
{"items_size": 15, "stocks_size": 4, "fill_percentage": 0.5876762907814297, "solution_time": 0.00026929995510727167}
{"items_size": 14, "stocks_size": 5, "fill_percentage": 0.6656604858415984, "solution_time": 0.0002050000475719571}
{"items_size": 14, "stocks_size": 5, "fill_percentage": 0.41080196399345337, "solution_time": 0.0002437999937683344}
{"items_size": 15, "stocks_size": 4, "fill_percentage": 0.5512316456711868, "solution_time": 0.0003271999303251505}
{"items_size": 14, "stocks_size": 5, "fill_percentage": 0.5554583720548844, "solution_time": 0.00020260002929717302}
{"items_size": 14, "stocks_size": 5, "fill_percentage": 0.5396127542410516, "solution_time": 0.00017180002760142088}
{"items_size": 15, "stocks_size": 4, "fill_percentage": 0.6054394693200663, "solution_time": 0.0002397999633103609}
{"items_size": 15, "stocks_size": 4, "fill_percentage": 0.6074228485974532, "solution_time": 0.00022759998682886362}
{"items_size": 15, "stocks_size": 4, "fill_percentage": 0.4499446195791088, "solution_time": 0.00020899996161460876}
{"items_size": 14, "stocks_size": 5, "fill_percentage": 0.47608121262689473, "solution_time": 0.00026240001898258924}
{"items_size": 15, "stocks_size": 4, "fill_percentage": 0.44014695377079294, "solution_time": 0.00023900007363408804}
{"items_size": 14, "stocks_size": 5, "fill_percentage": 0.4564880148125907, "solution_time": 0.00021309999283403158}
{"items_size": 15, "stocks_size": 4, "fill_percentage": 0.5119917253862564, "solution_time": 0.00021510000806301832}
{"items_size": 15, "stocks_size": 4, "fill_percentage": 0.6413263828554879, "solution_time": 0.00020050001330673695}
{"items_size": 14, "stocks_size": 5, "fill_percentage": 0.5633684210526316, "solution_time": 0.00021029997151345015}
{"items_size": 14, "stocks_size": 5, "fill_percentage": 0.46943543153796236, "solution_time": 0.00022339995484799147}
{"items_size": 15, "stocks_size": 4, "fill_percentage": null, "solution_time": null}
{"items_size": 15, "stocks_size": 4, "fill_percentage": 0.43657712849513036, "solution_time": 0.00022490008268505335}
{"items_size": 15, "stocks_size": 4, "fill_percentage": 0.5553028275800553, "solution_time": 0.0002305000089108944}
{"items_size": 14, "stocks_size": 5, "fill_percentage": 0.49361778095153086, "solution_time": 0.0002250999677926302}
{"items_size": 14, "stocks_size": 5, "fill_percentage": 0.4496607869742198, "solution_time": 0.0003220000071451068}
{"items_size": 15, "stocks_size": 4, "fill_percentage": 0.47397537040600346, "solution_time": 0.00020969996694475412}
{"items_size": 14, "stocks_size": 5, "fill_percentage": 0.5584255842558425, "solution_time": 0.00023580004926770926}
{"items_size": 15, "stocks_size": 4, "fill_percentage": 0.4405039891029383, "solution_time": 0.0003003999590873718}
{"items_size": 14, "stocks_size": 5, "fill_percentage": 0.4463075735483318, "solution_time": 0.00021730002481490374}
{"items_size": 15, "stocks_size": 4, "fill_percentage": 0.6124275144971005, "solution_time": 0.00024229998234659433}
{"items_size": 14, "stocks_size": 5, "fill_percentage": 0.6004226202455223, "solution_time": 0.00021630001720041037}
{"items_size": 14, "stocks_size": 5, "fill_percentage": 0.6420619860847565, "solution_time": 0.00021740002557635307}
{"items_size": 14, "stocks_size": 5, "fill_percentage": 0.6769053244683774, "solution_time": 0.00023719994351267815}
{"items_size": 14, "stocks_size": 5, "fill_percentage": 0.471899175162662, "solution_time": 0.0002525999443605542}
{"items_size": 15, "stocks_size": 4, "fill_percentage": 0.6583948980236156, "solution_time": 0.0002476000227034092}
{"items_size": 14, "stocks_size": 5, "fill_percentage": 0.4458319411961243, "solution_time": 0.00019970000721514225}
{"items_size": 14, "stocks_size": 5, "fill_percentage": 0.4335489160138459, "solution_time": 0.00019839999731630087}
{"items_size": 14, "stocks_size": 5, "fill_percentage": 0.43552606989347786, "solution_time": 0.00045599997974932194}
{"items_size": 15, "stocks_size": 4, "fill_percentage": null, "solution_time": null}
{"items_size": 14, "stocks_size": 5, "fill_percentage": 0.5504201680672269, "solution_time": 0.0001857000170275569}
{"items_size": 15, "stocks_size": 4, "fill_percentage": 0.5402776197519626, "solution_time": 0.00023189990315586329}
{"items_size": 14, "stocks_size": 5, "fill_percentage": 0.5172030253596323, "solution_time": 0.00028989999555051327}
{"items_size": 15, "stocks_size": 4, "fill_percentage": 0.5946855714795736, "solution_time": 0.00022950000129640102}
{"items_size": 15, "stocks_size": 4, "fill_percentage": 0.5678226609516387, "solution_time": 0.0001911000581458211}
{"items_size": 14, "stocks_size": 5, "fill_percentage": 0.5135245275329835, "solution_time": 0.00017989997286349535}
{"items_size": 15, "stocks_size": 4, "fill_percentage": 0.5141017006230005, "solution_time": 0.00019859999883919954}
{"items_size": 14, "stocks_size": 5, "fill_percentage": 0.5914474883071129, "solution_time": 0.0002722999779507518}
{"items_size": 15, "stocks_size": 4, "fill_percentage": 0.4770524776010239, "solution_time": 0.0002416999777778983}
{"items_size": 14, "stocks_size": 5, "fill_percentage": 0.49389312977099237, "solution_time": 0.00032700004521757364}
{"items_size": 14, "stocks_size": 5, "fill_percentage": 0.46808181771343194, "solution_time": 0.000304899993352592}
{"items_size": 15, "stocks_size": 4, "fill_percentage": 0.48325244172808435, "solution_time": 0.00035170000046491623}
{"items_size": 14, "stocks_size": 5, "fill_percentage": 0.5946841651753165,