{"items_size": 15, "stocks_size": 4, "fill_percentage": 0.729603588313735, "solution_time": 0.0006289000157266855}
{"items_size": 15, "stocks_size": 4, "fill_percentage": 0.5919985136557875, "solution_time": 0.0005320999771356583}
{"items_size": 14, "stocks_size": 5, "fill_percentage": 0.6114228338550588, "solution_time": 0.0003961999900639057}
{"items_size": 14, "stocks_size": 5, "fill_percentage": 0.5938956075598136, "solution_time": 0.00044870004057884216}
{"items_size": 15, "stocks_size": 4, "fill_percentage": 0.5877240264115349, "solution_time": 0.0002989999484270811}
{"items_size": 15, "stocks_size": 4, "fill_percentage": 0.7456029011786038, "solution_time": 0.0003454000689089298}
{"items_size": 15, "stocks_size": 4, "fill_percentage": 0.8271972426758577, "solution_time": 0.00020709994714707136}
{"items_size": 15, "stocks_size": 4, "fill_percentage": 0.8814239595148765, "solution_time": 0.00027359998784959316}
{"items_size": 15, "stocks_size": 4, "fill_percentage": 0.6750936853291571, "solution_time": 0.00031669996678829193}
{"items_size": 14, "stocks_size": 5, "fill_percentage": 0.8518192488262911, "solution_time": 0.00031949998810887337}
{"items_size": 14, "stocks_size": 5, "fill_percentage": 0.8379498106060606, "solution_time": 0.0002063000574707985}
{"items_size": 15, "stocks_size": 4, "fill_percentage": 0.8466533835141318, "solution_time": 0.000313500058837235}
{"items_size": 14, "stocks_size": 5, "fill_percentage": 0.5811235719526255, "solution_time": 0.0002481999108567834}
{"items_size": 14, "stocks_size": 5, "fill_percentage": 0.5995903737839222, "solution_time": 0.0002749999985098839}
{"items_size": 14, "stocks_size": 5, "fill_percentage": 0.6144237918215614, "solution_time": 0.00040529994294047356}
{"items_size": 14, "stocks_size": 5, "fill_percentage": 0.682431172705239, "solution_time": 0.00047289999201893806}
{"items_size": 15, "stocks_size": 4, "fill_percentage": 0.7321582973062853, "solution_time": 0.0004325000336393714}
{"items_size": 14, "stocks_size": 5, "fill_percentage": 0.6676164695825616, "solution_time": 0.00032929994631558657}
{"items_size": 14, "stocks_size": 5, "fill_percentage": 0.6614643717114064, "solution_time": 0.0005404000403359532}
{"items_size": 15, "stocks_size": 4, "fill_percentage": 0.6445224367009276, "solution_time": 0.00031150004360824823}
{"items_size": 15, "stocks_size": 4, "fill_percentage": 0.5939530940943769, "solution_time": 0.0005611000815406442}
{"items_size": 15, "stocks_size": 4, "fill_percentage": 0.5876762907814297, "solution_time": 0.0008683999767526984}
{"items_size": 14, "stocks_size": 5, "fill_percentage": 0.6656604858415984, "solution_time": 0.0008601000299677253}
{"items_size": 14, "stocks_size": 5, "fill_percentage": 0.8411271896420411, "solution_time": 0.0009723999537527561}
{"items_size": 15, "stocks_size": 4, "fill_percentage": 0.5512316456711868, "solution_time": 0.0010016000596806407}
{"items_size": 14, "stocks_size": 5, "fill_percentage": 0.5554583720548844, "solution_time": 0.0010507999686524272}
{"items_size": 14, "stocks_size": 5, "fill_percentage": 0.821235469045688, "solution_time": 0.0009271999588236213}
{"items_size": 15, "stocks_size": 4, "fill_percentage": 0.6054394693200663, "solution_time": 0.001776800025254488}
{"items_size": 15, "stocks_size": 4, "fill_percentage": 0.6074228485974532, "solution_time": 0.0008710999973118305}
{"items_size": 15, "stocks_size": 4, "fill_percentage": 0.7722453754478321, "solution_time": 0.0008066999725997448}
{"items_size": 14, "stocks_size": 5, "fill_percentage": 0.7917437557816837, "solution_time": 0.000939300050958991}
{"items_size": 15, "stocks_size": 4, "fill_percentage": 0.7744657927814689, "solution_time": 0.0009193000150844455}
{"items_size": 14, "stocks_size": 5, "fill_percentage": 0.6755535806857735, "solution_time": 0.0009901999728754163}
{"items_size": 15, "stocks_size": 4, "fill_percentage": 0.8618063112078346, "solution_time": 0.002127300016582012}
{"items_size": 15, "stocks_size": 4, "fill_percentage": 0.6413263828554879, "solution_time": 0.00019149994477629662}
{"items_size": 14, "stocks_size": 5, "fill_percentage": 0.8060240963855422, "solution_time": 0.0009360000258311629}
{"items_size": 14, "stocks_size": 5, "fill_percentage": 0.706790425012213, "solution_time": 0.00018930004443973303}
{"items_size": 15, "stocks_size": 4, "fill_percentage": 0.6488967937316733, "solution_time": 0.0010305000469088554}
{"items_size": 15, "stocks_size": 4, "fill_percentage": 0.6966411831056524, "solution_time": 0.0009471999946981668}
{"items_size": 15, "stocks_size": 4, "fill_percentage": 0.7651794493608652, "solution_time": 0.0010757999261841178}
{"items_size": 14, "stocks_size": 5, "fill_percentage": 0.6813701330704781, "solution_time": 0.0009541000472381711}
{"items_size": 14, "stocks_size": 5, "fill_percentage": 0.7463123522125886, "solution_time": 0.0009581000776961446}
{"items_size": 15, "stocks_size": 4, "fill_percentage": 0.7343668480286204, "solution_time": 0.00017630006186664104}
{"items_size": 14, "stocks_size": 5, "fill_percentage": 0.8309945088468579, "solution_time": 0.0008510000770911574}
{"items_size": 15, "stocks_size": 4, "fill_percentage": 0.6855174502233325, "solution_time": 0.0007945999968796968}
{"items_size": 14, "stocks_size": 5, "fill_percentage": 0.6398008115086684, "solution_time": 0.0009573999559506774}
{"items_size": 15, "stocks_size": 4, "fill_percentage": 0.6124275144971005, "solution_time": 0.0015520000597462058}
{"items_size": 14, "stocks_size": 5, "fill_percentage": 0.84024501865803, "solution_time": 0.001715300022624433}
{"items_size": 14, "stocks_size": 5, "fill_percentage": 0.6420619860847565, "solution_time": 0.0008756000315770507}
{"items_size": 14, "stocks_size": 5, "fill_percentage": 0.6769053244683774, "solution_time": 0.0009577999589964747}
{"items_size": 14, "stocks_size": 5, "fill_percentage": 0.6837651250835127, "solution_time": 0.0008981000864878297}
{"items_size": 15, "stocks_size": 4, "fill_percentage": 0.6583948980236156, "solution_time": 0.0021615000441670418}
{"items_size": 14, "stocks_size": 5, "fill_percentage": 0.6142470798089649, "solution_time": 0.0001824999926611781}
{"items_size": 14, "stocks_size": 5, "fill_percentage": 0.6246062992125985, "solution_time": 0.001038299989886582}
{"items_size": 14, "stocks_size": 5, "fill_percentage": 0.7398412698412699, "solution_time": 0.0009483000030741096}
{"items_size": 15, "stocks_size": 4, "fill_percentage": 0.6463249516441005, "solution_time": 0.0010303000453859568}
{"items_size": 14, "stocks_size": 5, "fill_percentage": 0.7971978488536654, "solution_time": 0.0010170000605285168}
{"items_size": 15, "stocks_size": 4, "fill_percentage": 0.5402776197519626, "solution_time": 0.0012287000427022576}
{"items_size": 14, "stocks_size": 5, "fill_percentage": 0.8317433818268543, "solution_time": 0.00023360003251582384}
{"items_size": 15, "stocks_size": 4, "fill_percentage": 0.8282426481034237, "solution_time": 0.0010034000733867288}
{"items_size": 15, "stocks_size": 4, "fill_percentage": 0.5678226609516387, "solution_time": 0.0010046000825241208}
{"items_size": 14, "stocks_size": 5, "fill_percentage": 0.7349810440361622, "solution_time": 0.0008758000330999494}
{"items_size": 15, "stocks_size": 4, "fill_percentage": 0.8394391367104268, "solution_time": 0.001706399954855442}
{"items_size": 14, "stocks_size": 5, "fill_percentage": 0.8616051676842758, "solution_time": 0.0016714000375941396}
{"items_size": 15, "stocks_size": 4, "fill_percentage": 0.7477787331613643, "solution_time": 0.0009849999332800508}
{"items_size": 14, "stocks_size": 5, "fill_percentage": 0.8117942283563363, "solution_time": 0.0009232000447809696}
{"items_size": 14, "stocks_size": 5, "fill_percentage": 0.765826519430161, "solution_time": 0.0007636999944224954}
{"items_size": 15, "stocks_size": 4, "fill_percentage": 0.7790012556746837, "solution_time": 0.00026540004182606936}
{"items_size": 14, "stocks_size": 5, "fill_percentage": 0.5946841651753165,