{"items_size": 15, "stocks_size": 4, "fill_percentage": 0.5788132333140988, "solution_time": 0.0009212000295519829}
{"items_size": 15, "stocks_size": 4, "fill_percentage": 0.6389705882352941, "solution_time": 0.000354600022546947}
{"items_size": 14, "stocks_size": 5, "fill_percentage": 0.5247364152473641, "solution_time": 0.00040490005630999804}
{"items_size": 14, "stocks_size": 5, "fill_percentage": 0.5002425364907175, "solution_time": 0.000304899993352592}
{"items_size": 15, "stocks_size": 4, "fill_percentage": 0.540525467839881, "solution_time": 0.00043349992483854294}
{"items_size": 15, "stocks_size": 4, "fill_percentage": 0.5650291995877705, "solution_time": 0.0004328999202698469}
{"items_size": 15, "stocks_size": 4, "fill_percentage": 0.5790108564535585, "solution_time": 0.00029719993472099304}
{"items_size": 15, "stocks_size": 4, "fill_percentage": 0.5052263065766441, "solution_time": 0.0003616999601945281}
{"items_size": 15, "stocks_size": 4, "fill_percentage": 0.5830917874396135, "solution_time": 0.00047019997145980597}
{"items_size": 14, "stocks_size": 5, "fill_percentage": 0.47357259380097877, "solution_time": 0.00026190001517534256}
{"items_size": 14, "stocks_size": 5, "fill_percentage": 0.4739872782055574, "solution_time": 0.00040220003575086594}
{"items_size": 15, "stocks_size": 4, "fill_percentage": 0.6656803017116333, "solution_time": 0.0002954000374302268}
{"items_size": 14, "stocks_size": 5, "fill_percentage": 0.6380322209436133, "solution_time": 0.0003494999837130308}
{"items_size": 14, "stocks_size": 5, "fill_percentage": 0.44428986973567725, "solution_time": 0.0005643999902531505}
{"items_size": 14, "stocks_size": 5, "fill_percentage": 0.47072226019594443, "solution_time": 0.00045169994700700045}
{"items_size": 14, "stocks_size": 5, "fill_percentage": 0.5122929787730347, "solution_time": 0.00039739999920129776}
{"items_size": 15, "stocks_size": 4, "fill_percentage": 0.5577907271345326, "solution_time": 0.000467000063508749}
{"items_size": 14, "stocks_size": 5, "fill_percentage": 0.5671750181554103, "solution_time": 0.0005643999902531505}
{"items_size": 14, "stocks_size": 5, "fill_percentage": 0.5694871007371007, "solution_time": 0.0004836000734940171}
{"items_size": 15, "stocks_size": 4, "fill_percentage": 0.3775330396475771, "solution_time": 0.0005480999825522304}
{"items_size": 15, "stocks_size": 4, "fill_percentage": 0.5184363053397459, "solution_time": 0.0008656999561935663}
{"items_size": 15, "stocks_size": 4, "fill_percentage": 0.48860147954305266, "solution_time": 0.0010216999799013138}
{"items_size": 14, "stocks_size": 5, "fill_percentage": 0.5710703715882933, "solution_time": 0.0017903000116348267}
{"items_size": 14, "stocks_size": 5, "fill_percentage": 0.4798609602433196, "solution_time": 0.0010789999505504966}
{"items_size": 15, "stocks_size": 4, "fill_percentage": 0.398491879350348, "solution_time": 0.0011961000273004174}
{"items_size": 14, "stocks_size": 5, "fill_percentage": 0.6269900037023325, "solution_time": 0.00187290005851537}
{"items_size": 14, "stocks_size": 5, "fill_percentage": 0.49587822396343456, "solution_time": 0.00021820003166794777}
{"items_size": 15, "stocks_size": 4, "fill_percentage": 0.4992888402625821, "solution_time": 0.0009086000500246882}
{"items_size": 15, "stocks_size": 4, "fill_percentage": 0.6074228485974532, "solution_time": 0.0009156999876722693}
{"items_size": 15, "stocks_size": 4, "fill_percentage": 0.6268621283162206, "solution_time": 0.0009652000153437257}
{"items_size": 14, "stocks_size": 5, "fill_percentage": 0.511886961722488, "solution_time": 0.0011097999522462487}
{"items_size": 15, "stocks_size": 4, "fill_percentage": 0.5046510267360907, "solution_time": 0.0021391999907791615}
{"items_size": 14, "stocks_size": 5, "fill_percentage": 0.4688046047898037, "solution_time": 0.0009709999430924654}
{"items_size": 15, "stocks_size": 4, "fill_percentage": 0.44471896232242125, "solution_time": 0.0017821999499574304}
{"items_size": 15, "stocks_size": 4, "fill_percentage": 0.4605865224625624, "solution_time": 0.001101600006222725}
{"items_size": 14, "stocks_size": 5, "fill_percentage": 0.5627365764755362, "solution_time": 0.0010405000066384673}
{"items_size": 14, "stocks_size": 5, "fill_percentage": 0.6381439661256175, "solution_time": 0.0009997999295592308}
{"items_size": 15, "stocks_size": 4, "fill_percentage": 0.6488967937316733, "solution_time": 0.0010367999784648418}
{"items_size": 15, "stocks_size": 4, "fill_percentage": 0.5500742206828303, "solution_time": 0.0008514999644830823}
{"items_size": 15, "stocks_size": 4, "fill_percentage": 0.5553028275800553, "solution_time": 0.000864999950863421}
{"items_size": 14, "stocks_size": 5, "fill_percentage": 0.5968377313690573, "solution_time": 0.000989499967545271}
{"items_size": 14, "stocks_size": 5, "fill_percentage": 0.508282208588957, "solution_time": 0.0009503000183030963}
{"items_size": 15, "stocks_size": 4, "fill_percentage": 0.47397537040600346, "solution_time": 0.000278300023637712}
{"items_size": 14, "stocks_size": 5, "fill_percentage": 0.5553139440065236, "solution_time": 0.0002498000394552946}
{"items_size": 15, "stocks_size": 4, "fill_percentage": 0.5163957798688338, "solution_time": 0.001042500021867454}
{"items_size": 14, "stocks_size": 5, "fill_percentage": 0.4756398537477148, "solution_time": 0.0010736000258475542}
{"items_size": 15, "stocks_size": 4, "fill_percentage": null, "solution_time": null}
{"items_size": 14, "stocks_size": 5, "fill_percentage": 0.42382271468144045, "solution_time": 0.0009065000340342522}
{"items_size": 14, "stocks_size": 5, "fill_percentage": 0.4710659427351617, "solution_time": 0.0010712000075727701}
{"items_size": 14, "stocks_size": 5, "fill_percentage": 0.55817852288174, "solution_time": 0.0011775000020861626}
{"items_size": 14, "stocks_size": 5, "fill_percentage": 0.5170362054448499, "solution_time": 0.0010972999734804034}
{"items_size": 15, "stocks_size": 4, "fill_percentage": 0.5452881497751281, "solution_time": 0.0011248999508097768}
{"items_size": 14, "stocks_size": 5, "fill_percentage": 0.4458319411961243, "solution_time": 0.0009654000168666244}
{"items_size": 14, "stocks_size": 5, "fill_percentage": 0.47528460155781904, "solution_time": 0.0010948999552056193}
{"items_size": 14, "stocks_size": 5, "fill_percentage": 0.4319340190899824, "solution_time": 0.0012030000798404217}
{"items_size": 15, "stocks_size": 4, "fill_percentage": 0.6463249516441005, "solution_time": 0.0020550000481307507}
{"items_size": 14, "stocks_size": 5, "fill_percentage": 0.5761775686595407, "solution_time": 0.0010751000372692943}
{"items_size": 15, "stocks_size": 4, "fill_percentage": 0.44547117594633895, "solution_time": 0.0010272000217810273}
{"items_size": 14, "stocks_size": 5, "fill_percentage": 0.5825607617138562, "solution_time": 0.0009727999567985535}
{"items_size": 15, "stocks_size": 4, "fill_percentage": 0.5946855714795736, "solution_time": 0.0009803000139072537}
{"items_size": 15, "stocks_size": 4, "fill_percentage": 0.5678226609516387, "solution_time": 0.0009788000024855137}
{"items_size": 14, "stocks_size": 5, "fill_percentage": 0.5787358631379528, "solution_time": 0.0010732000228017569}
{"items_size": 15, "stocks_size": 4, "fill_percentage": 0.6134719710669078, "solution_time": 0.0010002999333664775}
{"items_size": 14, "stocks_size": 5, "fill_percentage": 0.6779696421111265, "solution_time": 0.0009852000512182713}
{"items_size": 15, "stocks_size": 4, "fill_percentage": 0.578877301974706, "solution_time": 0.0010639999527484179}
{"items_size": 14, "stocks_size": 5, "fill_percentage": 0.4629695885509839, "solution_time": 0.0009812999051064253}
{"items_size": 14, "stocks_size": 5, "fill_percentage": 0.3654612011746249, "solution_time": 0.0022239000536501408}
{"items_size": 15, "stocks_size": 4, "fill_percentage": 0.542002688172043, "solution_time": 0.0011363999219611287}
{"items_size": 14, "stocks_size": 5, "fill_percentage": 0.4866301459022618, "solution_time": 0.000977699994109571}
{"items_size": 14,