{"items_size": 15, "stocks_size": 4, "fill_percentage": 0.5788132333140988, "solution_time": 0.0004902000073343515}
{"items_size": 15, "stocks_size": 4, "fill_percentage": 0.4763779527559055, "solution_time": 0.0007117000641301274}
{"items_size": 14, "stocks_size": 5, "fill_percentage": 0.5247364152473641, "solution_time": 0.00027639989275485277}
{"items_size": 14, "stocks_size": 5, "fill_percentage": 0.6089103596349973, "solution_time": 0.0004594000056385994}
{"items_size": 15, "stocks_size": 4, "fill_percentage": 0.540525467839881, "solution_time": 0.00030259997583925724}
{"items_size": 15, "stocks_size": 4, "fill_percentage": 0.5650291995877705, "solution_time": 0.0003885000478476286}
{"items_size": 15, "stocks_size": 4, "fill_percentage": 0.5790108564535585, "solution_time": 0.0003904999466612935}
{"items_size": 15, "stocks_size": 4, "fill_percentage": 0.5052263065766441, "solution_time": 0.0003470999654382467}
{"items_size": 15, "stocks_size": 4, "fill_percentage": 0.5830917874396135, "solution_time": 0.0003226000117138028}
{"items_size": 14, "stocks_size": 5, "fill_percentage": 0.47357259380097877, "solution_time": 0.00027820002287626266}
{"items_size": 14, "stocks_size": 5, "fill_percentage": 0.4739872782055574, "solution_time": 0.00030049995984882116}
{"items_size": 15, "stocks_size": 4, "fill_percentage": 0.6656803017116333, "solution_time": 0.0004908000119030476}
{"items_size": 14, "stocks_size": 5, "fill_percentage": 0.6380322209436133, "solution_time": 0.000304899993352592}
{"items_size": 14, "stocks_size": 5, "fill_percentage": 0.7816219824229614, "solution_time": 0.00046500004827976227}
{"items_size": 14, "stocks_size": 5, "fill_percentage": 0.47072226019594443, "solution_time": 0.00031429994851350784}
{"items_size": 14, "stocks_size": 5, "fill_percentage": 0.5122929787730347, "solution_time": 0.0005181999877095222}
{"items_size": 15, "stocks_size": 4, "fill_percentage": 0.5577907271345326, "solution_time": 0.0003491000970825553}
{"items_size": 14, "stocks_size": 5, "fill_percentage": 0.5671750181554103, "solution_time": 0.0005758999614045024}
{"items_size": 14, "stocks_size": 5, "fill_percentage": 0.5694871007371007, "solution_time": 0.0003770999610424042}
{"items_size": 15, "stocks_size": 4, "fill_percentage": 0.5593994778067886, "solution_time": 0.000611600000411272}
{"items_size": 15, "stocks_size": 4, "fill_percentage": 0.5184363053397459, "solution_time": 0.0006665999535471201}
{"items_size": 15, "stocks_size": 4, "fill_percentage": 0.48860147954305266, "solution_time": 0.0009595999727025628}
{"items_size": 14, "stocks_size": 5, "fill_percentage": 0.5710703715882933, "solution_time": 0.0010084999958053231}
{"items_size": 14, "stocks_size": 5, "fill_percentage": 0.4798609602433196, "solution_time": 0.000991899985820055}
{"items_size": 15, "stocks_size": 4, "fill_percentage": 0.398491879350348, "solution_time": 0.001088599907234311}
{"items_size": 14, "stocks_size": 5, "fill_percentage": 0.6269900037023325, "solution_time": 0.0011950999032706022}
{"items_size": 14, "stocks_size": 5, "fill_percentage": 0.49587822396343456, "solution_time": 0.0009644998935982585}
{"items_size": 15, "stocks_size": 4, "fill_percentage": 0.696930360415394, "solution_time": 0.0018656000029295683}
{"items_size": 15, "stocks_size": 4, "fill_percentage": 0.6074228485974532, "solution_time": 0.0008454000344499946}
{"items_size": 15, "stocks_size": 4, "fill_percentage": 0.6268621283162206, "solution_time": 0.000368200009688735}
{"items_size": 14, "stocks_size": 5, "fill_percentage": 0.511886961722488, "solution_time": 0.0011217999272048473}
{"items_size": 15, "stocks_size": 4, "fill_percentage": 0.5046510267360907, "solution_time": 0.0011205000337213278}
{"items_size": 14, "stocks_size": 5, "fill_percentage": 0.6455767869780609, "solution_time": 0.00035470002330839634}
{"items_size": 15, "stocks_size": 4, "fill_percentage": 0.44471896232242125, "solution_time": 0.0010757000418379903}
{"items_size": 15, "stocks_size": 4, "fill_percentage": 0.6288513417577737, "solution_time": 0.0020918999798595905}
{"items_size": 14, "stocks_size": 5, "fill_percentage": 0.7612364877678741, "solution_time": 0.0009674000320956111}
{"items_size": 14, "stocks_size": 5, "fill_percentage": 0.6381439661256175, "solution_time": 0.00032920006196945906}
{"items_size": 15, "stocks_size": 4, "fill_percentage": null, "solution_time": null}
{"items_size": 15, "stocks_size": 4, "fill_percentage": 0.5500742206828303, "solution_time": 0.0018689000280573964}
{"items_size": 15, "stocks_size": 4, "fill_percentage": 0.5553028275800553, "solution_time": 0.0010288999183103442}
{"items_size": 14, "stocks_size": 5, "fill_percentage": 0.5968377313690573, "solution_time": 0.001033900072798133}
{"items_size": 14, "stocks_size": 5, "fill_percentage": 0.508282208588957, "solution_time": 0.0009538000449538231}
{"items_size": 15, "stocks_size": 4, "fill_percentage": 0.5869772429405457, "solution_time": 0.00024970003869384527}
{"items_size": 14, "stocks_size": 5, "fill_percentage": 0.5553139440065236, "solution_time": 0.0010012000566348433}
{"items_size": 15, "stocks_size": 4, "fill_percentage": 0.5163957798688338, "solution_time": 0.0009541000472381711}
{"items_size": 14, "stocks_size": 5, "fill_percentage": 0.6528858218318695, "solution_time": 0.0008655000710859895}
{"items_size": 15, "stocks_size": 4, "fill_percentage": 0.6124275144971005, "solution_time": 0.0010137999197468162}
{"items_size": 14, "stocks_size": 5, "fill_percentage": 0.4818703060647662, "solution_time": 0.0010245000012218952}
{"items_size": 14, "stocks_size": 5, "fill_percentage": 0.4710659427351617, "solution_time": 0.00026469992008060217}
{"items_size": 14, "stocks_size": 5, "fill_percentage": 0.55817852288174, "solution_time": 0.0008306000381708145}
{"items_size": 14, "stocks_size": 5, "fill_percentage": 0.5170362054448499, "solution_time": 0.0009154999861493707}
{"items_size": 15, "stocks_size": 4, "fill_percentage": 0.5452881497751281, "solution_time": 0.0009028000058606267}
{"items_size": 14, "stocks_size": 5, "fill_percentage": 0.523079184633477, "solution_time": 0.0012547000078484416}
{"items_size": 14, "stocks_size": 5, "fill_percentage": 0.47528460155781904, "solution_time": 0.0010693001095205545}
{"items_size": 14, "stocks_size": 5, "fill_percentage": 0.4319340190899824, "solution_time": 0.0010226999875158072}
{"items_size": 15, "stocks_size": 4, "fill_percentage": 0.6463249516441005, "solution_time": 0.0009125000797212124}
{"items_size": 14, "stocks_size": 5, "fill_percentage": 0.5761775686595407, "solution_time": 0.0009944000048562884}
{"items_size": 15, "stocks_size": 4, "fill_percentage": 0.5870317715415997, "solution_time": 0.0011727000819519162}
{"items_size": 14, "stocks_size": 5, "fill_percentage": 0.5825607617138562, "solution_time": 0.0011844999389722943}
{"items_size": 15, "stocks_size": 4, "fill_percentage": 0.5946855714795736, "solution_time": 0.0011317000025883317}
{"items_size": 15, "stocks_size": 4, "fill_percentage": 0.6885598781960414, "solution_time": 0.0018017999827861786}
{"items_size": 14, "stocks_size": 5, "fill_percentage": 0.5787358631379528, "solution_time": 0.0009420999558642507}
{"items_size": 15, "stocks_size": 4, "fill_percentage": 0.7617889221556886, "solution_time": 0.0009725999552756548}
{"items_size": 14, "stocks_size": 5, "fill_percentage": 0.5123927800873547, "solution_time": 0.0018032999942079186}
{"items_size": 15, "stocks_size": 4, "fill_percentage": 0.578877301974706, "solution_time": 0.0010041999630630016}
{"items_size": 14, "stocks_size": 5, "fill_percentage": 0.4629695885509839, "solution_time": 0.0009262000676244497}
{"items_size": 14, "stocks_size": 5, "fill_percentage": 0.5247501877202102, "solution_time": 0.0012450999347493052}
{"items_size": 15, "stocks_size": 4, "fill_percentage": 0.542002688172043, "solution_time": 0.0003610999556258321}
{"items_size": 14, "stocks_size": 5, "fill_percentage": 0.4866301459022618,