{"items_size": 15, "stocks_size": 4, "fill_percentage": 0.7904517993170476, "solution_time": 0.0008192999521270394}
{"items_size": 15, "stocks_size": 4, "fill_percentage": 0.6389705882352941, "solution_time": 0.0005227000219747424}
{"items_size": 14, "stocks_size": 5, "fill_percentage": 0.7532562031579714, "solution_time": 0.00041770003736019135}
{"items_size": 14, "stocks_size": 5, "fill_percentage": 0.8847293713929184, "solution_time": 0.00038129999302327633}
{"items_size": 15, "stocks_size": 4, "fill_percentage": 0.7935771470160117, "solution_time": 0.0003429999342188239}
{"items_size": 15, "stocks_size": 4, "fill_percentage": 0.5650291995877705, "solution_time": 0.0005443000700324774}
{"items_size": 15, "stocks_size": 4, "fill_percentage": 0.6990599761684099, "solution_time": 0.00021700002253055573}
{"items_size": 15, "stocks_size": 4, "fill_percentage": 0.708365472267022, "solution_time": 0.00042479997500777245}
{"items_size": 15, "stocks_size": 4, "fill_percentage": 0.8381944444444445, "solution_time": 0.00041019998025149107}
{"items_size": 14, "stocks_size": 5, "fill_percentage": 0.6643020594965675, "solution_time": 0.0004401999758556485}
{"items_size": 14, "stocks_size": 5, "fill_percentage": 0.4739872782055574, "solution_time": 0.00038460001815110445}
{"items_size": 15, "stocks_size": 4, "fill_percentage": 0.6656803017116333, "solution_time": 0.0003218000056222081}
{"items_size": 14, "stocks_size": 5, "fill_percentage": 0.8885416666666667, "solution_time": 0.00022219994571059942}
{"items_size": 14, "stocks_size": 5, "fill_percentage": 0.7816219824229614, "solution_time": 0.000570800038985908}
{"items_size": 14, "stocks_size": 5, "fill_percentage": 0.651529485966572, "solution_time": 0.00033599999733269215}
{"items_size": 14, "stocks_size": 5, "fill_percentage": 0.7336807643482328, "solution_time": 0.00022879999596625566}
{"items_size": 15, "stocks_size": 4, "fill_percentage": 0.7336710210610504, "solution_time": 0.00045769999269396067}
{"items_size": 14, "stocks_size": 5, "fill_percentage": 0.5671750181554103, "solution_time": 0.00022929999977350235}
{"items_size": 14, "stocks_size": 5, "fill_percentage": 0.5694871007371007, "solution_time": 0.0005272999405860901}
{"items_size": 15, "stocks_size": 4, "fill_percentage": 0.5593994778067886, "solution_time": 0.000452800071798265}
{"items_size": 15, "stocks_size": 4, "fill_percentage": 0.722957867583835, "solution_time": 0.0006426000036299229}
{"items_size": 15, "stocks_size": 4, "fill_percentage": 0.6610157952069716, "solution_time": 0.0009880999568849802}
{"items_size": 14, "stocks_size": 5, "fill_percentage": 0.697124793015204, "solution_time": 0.0010472999420017004}
{"items_size": 14, "stocks_size": 5, "fill_percentage": 0.8029664097717027, "solution_time": 0.0009948000079020858}
{"items_size": 15, "stocks_size": 4, "fill_percentage": 0.7860411899313501, "solution_time": 0.0020812000147998333}
{"items_size": 14, "stocks_size": 5, "fill_percentage": 0.6269900037023325, "solution_time": 0.0017788999248296022}
{"items_size": 14, "stocks_size": 5, "fill_percentage": 0.7173810367221631, "solution_time": 0.0015439999988302588}
{"items_size": 15, "stocks_size": 4, "fill_percentage": 0.696930360415394, "solution_time": 0.001558799995109439}
{"items_size": 15, "stocks_size": 4, "fill_percentage": 0.7508823035124083, "solution_time": 0.0009263999527320266}
{"items_size": 15, "stocks_size": 4, "fill_percentage": 0.6268621283162206, "solution_time": 0.00102980004157871}
{"items_size": 14, "stocks_size": 5, "fill_percentage": 0.511886961722488, "solution_time": 0.002085799933411181}
{"items_size": 15, "stocks_size": 4, "fill_percentage": 0.5046510267360907, "solution_time": 0.0010376999853178859}
{"items_size": 14, "stocks_size": 5, "fill_percentage": 0.6455767869780609, "solution_time": 0.0009689000435173512}
{"items_size": 15, "stocks_size": 4, "fill_percentage": 0.621030345800988, "solution_time": 0.0010074999881908298}
{"items_size": 15, "stocks_size": 4, "fill_percentage": 0.6288513417577737, "solution_time": 0.0012223999947309494}
{"items_size": 14, "stocks_size": 5, "fill_percentage": 0.7612364877678741, "solution_time": 0.001041000010445714}
{"items_size": 14, "stocks_size": 5, "fill_percentage": 0.6381439661256175, "solution_time": 0.0007941999938338995}
{"items_size": 15, "stocks_size": 4, "fill_percentage": 0.7740696140833764, "solution_time": 0.0009901000885292888}
{"items_size": 15, "stocks_size": 4, "fill_percentage": 0.7461073825503356, "solution_time": 0.000264400034211576}
{"items_size": 15, "stocks_size": 4, "fill_percentage": 0.7288959138274207, "solution_time": 0.0009241999359801412}
{"items_size": 14, "stocks_size": 5, "fill_percentage": 0.8531975622926792, "solution_time": 0.0008271000115200877}
{"items_size": 14, "stocks_size": 5, "fill_percentage": 0.508282208588957, "solution_time": 0.0009815000230446458}
{"items_size": 15, "stocks_size": 4, "fill_percentage": 0.7771730556870169, "solution_time": 0.0008902000263333321}
{"items_size": 14, "stocks_size": 5, "fill_percentage": 0.7608938547486034, "solution_time": 0.00095549994148314}
{"items_size": 15, "stocks_size": 4, "fill_percentage": 0.6940292787614011, "solution_time": 0.0008819999638944864}
{"items_size": 14, "stocks_size": 5, "fill_percentage": 0.6528858218318695, "solution_time": 0.0009793000062927604}
{"items_size": 15, "stocks_size": 4, "fill_percentage": 0.6124275144971005, "solution_time": 0.001526299980469048}
{"items_size": 14, "stocks_size": 5, "fill_percentage": 0.6149644439863959, "solution_time": 0.0009179000044241548}
{"items_size": 14, "stocks_size": 5, "fill_percentage": 0.6443851964705135, "solution_time": 0.0011581000871956348}
{"items_size": 14, "stocks_size": 5, "fill_percentage": 0.8202823278732188, "solution_time": 0.00021839991677552462}
{"items_size": 14, "stocks_size": 5, "fill_percentage": 0.7556813520387234, "solution_time": 0.0010456000454723835}
{"items_size": 15, "stocks_size": 4, "fill_percentage": 0.731873376851267, "solution_time": 0.0008863999973982573}
{"items_size": 14, "stocks_size": 5, "fill_percentage": 0.833854085299172, "solution_time": 0.0009223000379279256}
{"items_size": 14, "stocks_size": 5, "fill_percentage": 0.6944120221768311, "solution_time": 0.00019319995772093534}
{"items_size": 14, "stocks_size": 5, "fill_percentage": 0.7691419141914192, "solution_time": 0.0011139999842271209}
{"items_size": 15, "stocks_size": 4, "fill_percentage": 0.8169926650366748, "solution_time": 0.0009218000341206789}
{"items_size": 14, "stocks_size": 5, "fill_percentage": 0.7922087054356234, "solution_time": 0.0011372000444680452}
{"items_size": 15, "stocks_size": 4, "fill_percentage": 0.5870317715415997, "solution_time": 0.0011242000618949533}
{"items_size": 14, "stocks_size": 5, "fill_percentage": 0.5825607617138562, "solution_time": 0.0010368999792262912}
{"items_size": 15, "stocks_size": 4, "fill_percentage": 0.7328263465526994, "solution_time": 0.0009322999976575375}
{"items_size": 15, "stocks_size": 4, "fill_percentage": 0.6885598781960414, "solution_time": 0.0010091000003740191}
{"items_size": 14, "stocks_size": 5, "fill_percentage": 0.8419074661767162, "solution_time": 0.000986000057309866}
{"items_size": 15, "stocks_size": 4, "fill_percentage": 0.7617889221556886, "solution_time": 0.001035700086504221}
{"items_size": 14, "stocks_size": 5, "fill_percentage": 0.6779696421111265, "solution_time": 0.0010145999258384109}
{"items_size": 15, "stocks_size": 4, "fill_percentage": 0.7795622618958691, "solution_time": 0.0009347000159323215}
{"items_size": 14, "stocks_size": 5, "fill_percentage": 0.7816841850912166, "solution_time": 0.0010007999371737242}
{"items_size": 14, "stocks_size": 5, "fill_percentage": 0.5247501877202102, "solution_time": 0.0026319000171497464}
{"items_size": 15, "stocks_size": 4, "fill_percentage": 0.542002688172043, "solution_time": 0.0009521000320091844}
{"items_size": 14, "stocks_size": 5, "fill_percentage": 0.7077384239173306,