{"items_size": 15, "stocks_size": 4, "fill_percentage": 0.4700851362961806, "solution_time": 0.00031960010528564453}
{"items_size": 15, "stocks_size": 4, "fill_percentage": 0.5919985136557875, "solution_time": 0.00020330003462731838}
{"items_size": 14, "stocks_size": 5, "fill_percentage": 0.6114228338550588, "solution_time": 0.00032670004293322563}
{"items_size": 14, "stocks_size": 5, "fill_percentage": 0.5938956075598136, "solution_time": 0.0007697000401094556}
{"items_size": 15, "stocks_size": 4, "fill_percentage": 0.5877240264115349, "solution_time": 0.00035850005224347115}
{"items_size": 15, "stocks_size": 4, "fill_percentage": 0.47010403566937237, "solution_time": 0.0003869000356644392}
{"items_size": 15, "stocks_size": 4, "fill_percentage": 0.5790108564535585, "solution_time": 0.00029280001763254404}
{"items_size": 15, "stocks_size": 4, "fill_percentage": 0.39273773423528496, "solution_time": 0.0003747999435290694}
{"items_size": 15, "stocks_size": 4, "fill_percentage": 0.4663292508596376, "solution_time": 0.0002313000150024891}
{"items_size": 14, "stocks_size": 5, "fill_percentage": 0.5617260061919505, "solution_time": 0.00029980007093399763}
{"items_size": 14, "stocks_size": 5, "fill_percentage": 0.5192928403755869, "solution_time": 0.00030149996746331453}
{"items_size": 15, "stocks_size": 4, "fill_percentage": 0.5428436243198486, "solution_time": 0.0005219000158831477}
{"items_size": 14, "stocks_size": 5, "fill_percentage": 0.5811235719526255, "solution_time": 0.0003535000141710043}
{"items_size": 14, "stocks_size": 5, "fill_percentage": 0.5995903737839222, "solution_time": 0.0002509999321773648}
{"items_size": 14, "stocks_size": 5, "fill_percentage": 0.6144237918215614, "solution_time": 0.0003345001023262739}
{"items_size": 14, "stocks_size": 5, "fill_percentage": 0.47458725905436944, "solution_time": 0.00041930004954338074}
{"items_size": 15, "stocks_size": 4, "fill_percentage": 0.46685610076763223, "solution_time": 0.000310199917294085}
{"items_size": 14, "stocks_size": 5, "fill_percentage": 0.6676164695825616, "solution_time": 0.0003347999881953001}
{"items_size": 14, "stocks_size": 5, "fill_percentage": 0.42736963411120715, "solution_time": 0.0003692000173032284}
{"items_size": 15, "stocks_size": 4, "fill_percentage": 0.6445224367009276, "solution_time": 0.00041930004954338074}
{"items_size": 15, "stocks_size": 4, "fill_percentage": 0.4165263053601506, "solution_time": 0.00048649997916072607}
{"items_size": 15, "stocks_size": 4, "fill_percentage": 0.5876762907814297, "solution_time": 0.00028899998869746923}
{"items_size": 14, "stocks_size": 5, "fill_percentage": 0.48495531974308853, "solution_time": 0.0005190999945625663}
{"items_size": 14, "stocks_size": 5, "fill_percentage": 0.41080196399345337, "solution_time": 0.00027920003049075603}
{"items_size": 15, "stocks_size": 4, "fill_percentage": 0.5512316456711868, "solution_time": 0.0011385999387130141}
{"items_size": 14, "stocks_size": 5, "fill_percentage": 0.5554583720548844, "solution_time": 0.0008862999966368079}
{"items_size": 14, "stocks_size": 5, "fill_percentage": 0.5396127542410516, "solution_time": 0.0001708000199869275}
{"items_size": 15, "stocks_size": 4, "fill_percentage": 0.4182859761686526, "solution_time": 0.0010500000789761543}
{"items_size": 15, "stocks_size": 4, "fill_percentage": 0.6074228485974532, "solution_time": 0.0010891000274568796}
{"items_size": 15, "stocks_size": 4, "fill_percentage": 0.7722453754478321, "solution_time": 0.0009225000394508243}
{"items_size": 14, "stocks_size": 5, "fill_percentage": 0.47608121262689473, "solution_time": 0.001811099937185645}
{"items_size": 15, "stocks_size": 4, "fill_percentage": 0.44014695377079294, "solution_time": 0.0008495999500155449}
{"items_size": 14, "stocks_size": 5, "fill_percentage": 0.4564880148125907, "solution_time": 0.0007305999752134085}
{"items_size": 15, "stocks_size": 4, "fill_percentage": 0.5119917253862564, "solution_time": 0.00024049996864050627}
{"items_size": 15, "stocks_size": 4, "fill_percentage": 0.6413263828554879, "solution_time": 0.0010358999716117978}
{"items_size": 14, "stocks_size": 5, "fill_percentage": 0.5633684210526316, "solution_time": 0.0008274000138044357}
{"items_size": 14, "stocks_size": 5, "fill_percentage": 0.46943543153796236, "solution_time": 0.0009137000888586044}
{"items_size": 15, "stocks_size": 4, "fill_percentage": null, "solution_time": null}
{"items_size": 15, "stocks_size": 4, "fill_percentage": 0.43657712849513036, "solution_time": 0.0009552000556141138}
{"items_size": 15, "stocks_size": 4, "fill_percentage": 0.5553028275800553, "solution_time": 0.0009205000242218375}
{"items_size": 14, "stocks_size": 5, "fill_percentage": 0.49361778095153086, "solution_time": 0.0010501999640837312}
{"items_size": 14, "stocks_size": 5, "fill_percentage": 0.4496607869742198, "solution_time": 0.0010746000334620476}
{"items_size": 15, "stocks_size": 4, "fill_percentage": 0.47397537040600346, "solution_time": 0.00020150002092123032}
{"items_size": 14, "stocks_size": 5, "fill_percentage": 0.5584255842558425, "solution_time": 0.001110499957576394}
{"items_size": 15, "stocks_size": 4, "fill_percentage": 0.4405039891029383, "solution_time": 0.0009106999495998025}
{"items_size": 14, "stocks_size": 5, "fill_percentage": 0.4463075735483318, "solution_time": 0.0008882000111043453}
{"items_size": 15, "stocks_size": 4, "fill_percentage": 0.6124275144971005, "solution_time": 0.00091559998691082}
{"items_size": 14, "stocks_size": 5, "fill_percentage": 0.6004226202455223, "solution_time": 0.0015571999829262495}
{"items_size": 14, "stocks_size": 5, "fill_percentage": 0.4503149676160057, "solution_time": 0.0008427000138908625}
{"items_size": 14, "stocks_size": 5, "fill_percentage": 0.4813801727169708, "solution_time": 0.0007039000047370791}
{"items_size": 14, "stocks_size": 5, "fill_percentage": 0.471899175162662, "solution_time": 0.00018309999722987413}
{"items_size": 15, "stocks_size": 4, "fill_percentage": 0.4393460582311549, "solution_time": 0.0010006999364122748}
{"items_size": 14, "stocks_size": 5, "fill_percentage": 0.4458319411961243, "solution_time": 0.0009851999348029494}
{"items_size": 14, "stocks_size": 5, "fill_percentage": 0.4335489160138459, "solution_time": 0.000930099980905652}
{"items_size": 14, "stocks_size": 5, "fill_percentage": 0.43552606989347786, "solution_time": 0.0015806999290362}
{"items_size": 15, "stocks_size": 4, "fill_percentage": null, "solution_time": null}
{"items_size": 14, "stocks_size": 5, "fill_percentage": 0.5504201680672269, "solution_time": 0.001092399936169386}
{"items_size": 15, "stocks_size": 4, "fill_percentage": 0.5402776197519626, "solution_time": 0.0009964000200852752}
{"items_size": 14, "stocks_size": 5, "fill_percentage": 0.5172030253596323, "solution_time": 0.0008137000259011984}
{"items_size": 15, "stocks_size": 4, "fill_percentage": 0.5946855714795736, "solution_time": 0.0010316000552847981}
{"items_size": 15, "stocks_size": 4, "fill_percentage": 0.5678226609516387, "solution_time": 0.00020869995933026075}
{"items_size": 14, "stocks_size": 5, "fill_percentage": 0.5135245275329835, "solution_time": 0.001117300009354949}
{"items_size": 15, "stocks_size": 4, "fill_percentage": 0.5141017006230005, "solution_time": 0.0011000999948009849}
{"items_size": 14, "stocks_size": 5, "fill_percentage": 0.5914474883071129, "solution_time": 0.0010980999795719981}
{"items_size": 15, "stocks_size": 4, "fill_percentage": 0.4770524776010239, "solution_time": 0.0010722000151872635}
{"items_size": 14, "stocks_size": 5, "fill_percentage": 0.49389312977099237, "solution_time": 0.0009008999913930893}
{"items_size": 14, "stocks_size": 5, "fill_percentage": 0.46808181771343194, "solution_time": 0.000963800004683435}
{"items_size": 15, "stocks_size": 4, "fill_percentage": 0.48325244172808435, "solution_time": 0.0010784000623971224}
{"items_size": 14, "stocks_size": 5, "fill_percentage": 0.5946841651753165,