{"items_size": 15, "stocks_size": 4, "fill_percentage": 0.7904517993170476, "solution_time": 0.0003606000682339072}
{"items_size": 15, "stocks_size": 4, "fill_percentage": 0.6389705882352941, "solution_time": 0.0007802000036463141}
{"items_size": 14, "stocks_size": 5, "fill_percentage": 0.7532562031579714, "solution_time": 0.0002682000631466508}
{"items_size": 14, "stocks_size": 5, "fill_percentage": 0.6089103596349973, "solution_time": 0.00024560000747442245}
{"items_size": 15, "stocks_size": 4, "fill_percentage": 0.7935771470160117, "solution_time": 0.00031320005655288696}
{"items_size": 15, "stocks_size": 4, "fill_percentage": 0.5650291995877705, "solution_time": 0.0004211000632494688}
{"items_size": 15, "stocks_size": 4, "fill_percentage": 0.6990599761684099, "solution_time": 0.00029909994918853045}
{"items_size": 15, "stocks_size": 4, "fill_percentage": 0.708365472267022, "solution_time": 0.0003242000238969922}
{"items_size": 15, "stocks_size": 4, "fill_percentage": 0.8381944444444445, "solution_time": 0.0003205999964848161}
{"items_size": 14, "stocks_size": 5, "fill_percentage": 0.6643020594965675, "solution_time": 0.00040170003194361925}
{"items_size": 14, "stocks_size": 5, "fill_percentage": 0.8457586618876941, "solution_time": 0.00040980009362101555}
{"items_size": 15, "stocks_size": 4, "fill_percentage": 0.6656803017116333, "solution_time": 0.0003618999617174268}
{"items_size": 14, "stocks_size": 5, "fill_percentage": 0.8885416666666667, "solution_time": 0.00036539998836815357}
{"items_size": 14, "stocks_size": 5, "fill_percentage": 0.7816219824229614, "solution_time": 0.00045950000640004873}
{"items_size": 14, "stocks_size": 5, "fill_percentage": 0.651529485966572, "solution_time": 0.0005872000474482775}
{"items_size": 14, "stocks_size": 5, "fill_percentage": 0.7336807643482328, "solution_time": 0.00033000006806105375}
{"items_size": 15, "stocks_size": 4, "fill_percentage": 0.7336710210610504, "solution_time": 0.00041889993008226156}
{"items_size": 14, "stocks_size": 5, "fill_percentage": 0.5671750181554103, "solution_time": 0.00038029998540878296}
{"items_size": 14, "stocks_size": 5, "fill_percentage": 0.5694871007371007, "solution_time": 0.00035470002330839634}
{"items_size": 15, "stocks_size": 4, "fill_percentage": 0.5593994778067886, "solution_time": 0.0005209000082686543}
{"items_size": 15, "stocks_size": 4, "fill_percentage": 0.722957867583835, "solution_time": 0.0004989999579265714}
{"items_size": 15, "stocks_size": 4, "fill_percentage": 0.6610157952069716, "solution_time": 0.0008599999127909541}
{"items_size": 14, "stocks_size": 5, "fill_percentage": 0.697124793015204, "solution_time": 0.001035700086504221}
{"items_size": 14, "stocks_size": 5, "fill_percentage": 0.8029664097717027, "solution_time": 0.0009532999247312546}
{"items_size": 15, "stocks_size": 4, "fill_percentage": 0.7860411899313501, "solution_time": 0.001221399987116456}
{"items_size": 14, "stocks_size": 5, "fill_percentage": 0.6269900037023325, "solution_time": 0.0009945000056177378}
{"items_size": 14, "stocks_size": 5, "fill_percentage": 0.7173810367221631, "solution_time": 0.0017587000038474798}
{"items_size": 15, "stocks_size": 4, "fill_percentage": 0.696930360415394, "solution_time": 0.0010296000400558114}
{"items_size": 15, "stocks_size": 4, "fill_percentage": 0.7508823035124083, "solution_time": 0.0008875000057742}
{"items_size": 15, "stocks_size": 4, "fill_percentage": 0.6268621283162206, "solution_time": 0.0009116999572142959}
{"items_size": 14, "stocks_size": 5, "fill_percentage": 0.511886961722488, "solution_time": 0.0002808000426739454}
{"items_size": 15, "stocks_size": 4, "fill_percentage": 0.5046510267360907, "solution_time": 0.0008753000292927027}
{"items_size": 14, "stocks_size": 5, "fill_percentage": 0.6455767869780609, "solution_time": 0.00022040004841983318}
{"items_size": 15, "stocks_size": 4, "fill_percentage": 0.621030345800988, "solution_time": 0.0010862000053748488}
{"items_size": 15, "stocks_size": 4, "fill_percentage": 0.6288513417577737, "solution_time": 0.0021072999807074666}
{"items_size": 14, "stocks_size": 5, "fill_percentage": 0.7612364877678741, "solution_time": 0.0009189000120386481}
{"items_size": 14, "stocks_size": 5, "fill_percentage": 0.6381439661256175, "solution_time": 0.0009901000885292888}
{"items_size": 15, "stocks_size": 4, "fill_percentage": 0.7740696140833764, "solution_time": 0.001157799968495965}
{"items_size": 15, "stocks_size": 4, "fill_percentage": 0.7461073825503356, "solution_time": 0.0010490999557077885}
{"items_size": 15, "stocks_size": 4, "fill_percentage": 0.7288959138274207, "solution_time": 0.001042500021867454}
{"items_size": 14, "stocks_size": 5, "fill_percentage": 0.5968377313690573, "solution_time": 0.0009740999666973948}
{"items_size": 14, "stocks_size": 5, "fill_percentage": 0.508282208588957, "solution_time": 0.001509200083091855}
{"items_size": 15, "stocks_size": 4, "fill_percentage": 0.7771730556870169, "solution_time": 0.00069169991184026}
{"items_size": 14, "stocks_size": 5, "fill_percentage": 0.7608938547486034, "solution_time": 0.000977999996393919}
{"items_size": 15, "stocks_size": 4, "fill_percentage": 0.6940292787614011, "solution_time": 0.0008240001043304801}
{"items_size": 14, "stocks_size": 5, "fill_percentage": 0.6528858218318695, "solution_time": 0.001701100030913949}
{"items_size": 15, "stocks_size": 4, "fill_percentage": 0.7454667153462334, "solution_time": 0.0010315999388694763}
{"items_size": 14, "stocks_size": 5, "fill_percentage": 0.8551773557864565, "solution_time": 0.0009405999444425106}
{"items_size": 14, "stocks_size": 5, "fill_percentage": 0.6443851964705135, "solution_time": 0.0009246999397873878}
{"items_size": 14, "stocks_size": 5, "fill_percentage": 0.8202823278732188, "solution_time": 0.000201700022444129}
{"items_size": 14, "stocks_size": 5, "fill_percentage": 0.7556813520387234, "solution_time": 0.0010294000385329127}
{"items_size": 15, "stocks_size": 4, "fill_percentage": 0.731873376851267, "solution_time": 0.00021139997988939285}
{"items_size": 14, "stocks_size": 5, "fill_percentage": 0.833854085299172, "solution_time": 0.0012432999210432172}
{"items_size": 14, "stocks_size": 5, "fill_percentage": 0.6944120221768311, "solution_time": 0.0010086999973282218}
{"items_size": 14, "stocks_size": 5, "fill_percentage": 0.7691419141914192, "solution_time": 0.0009138000896200538}
{"items_size": 15, "stocks_size": 4, "fill_percentage": 0.8169926650366748, "solution_time": 0.0010199000826105475}
{"items_size": 14, "stocks_size": 5, "fill_percentage": 0.7922087054356234, "solution_time": 0.0009879999561235309}
{"items_size": 15, "stocks_size": 4, "fill_percentage": 0.5870317715415997, "solution_time": 0.001178200007416308}
{"items_size": 14, "stocks_size": 5, "fill_percentage": 0.5825607617138562, "solution_time": 0.001191499992273748}
{"items_size": 15, "stocks_size": 4, "fill_percentage": 0.7328263465526994, "solution_time": 0.001025000005029142}
{"items_size": 15, "stocks_size": 4, "fill_percentage": 0.6885598781960414, "solution_time": 0.0010094000026583672}
{"items_size": 14, "stocks_size": 5, "fill_percentage": 0.8419074661767162, "solution_time": 0.0009132999693974853}
{"items_size": 15, "stocks_size": 4, "fill_percentage": 0.7617889221556886, "solution_time": 0.00023030000738799572}
{"items_size": 14, "stocks_size": 5, "fill_percentage": 0.6779696421111265, "solution_time": 0.0017071999609470367}
{"items_size": 15, "stocks_size": 4, "fill_percentage": 0.7795622618958691, "solution_time": 0.000977699994109571}
{"items_size": 14, "stocks_size": 5, "fill_percentage": 0.7816841850912166, "solution_time": 0.001043599913828075}
{"items_size": 14, "stocks_size": 5, "fill_percentage": 0.5247501877202102, "solution_time": 0.0009168999968096614}
{"items_size": 15, "stocks_size": 4, "fill_percentage": 0.542002688172043, "solution_time": 0.0010367999784648418}
{"items_size": 14, "stocks_size": 5, "fill_percentage": 0.7077384239173306,