{"items_size": 15, "stocks_size": 4, "fill_percentage": 0.729603588313735, "solution_time": 0.0003035999834537506}
{"items_size": 15, "stocks_size": 4, "fill_percentage": 0.5919985136557875, "solution_time": 0.0002725999802350998}
{"items_size": 14, "stocks_size": 5, "fill_percentage": 0.6114228338550588, "solution_time": 0.00022789998911321163}
{"items_size": 14, "stocks_size": 5, "fill_percentage": 0.5938956075598136, "solution_time": 0.00019699998665601015}
{"items_size": 15, "stocks_size": 4, "fill_percentage": 0.5877240264115349, "solution_time": 0.00024119997397065163}
{"items_size": 15, "stocks_size": 4, "fill_percentage": 0.7456029011786038, "solution_time": 0.0002495000371709466}
{"items_size": 15, "stocks_size": 4, "fill_percentage": 0.8271972426758577, "solution_time": 0.00017250003293156624}
{"items_size": 15, "stocks_size": 4, "fill_percentage": 0.8814239595148765, "solution_time": 0.00037830008659511805}
{"items_size": 15, "stocks_size": 4, "fill_percentage": 0.6750936853291571, "solution_time": 0.0007808000082150102}
{"items_size": 14, "stocks_size": 5, "fill_percentage": 0.8518192488262911, "solution_time": 0.00023410003632307053}
{"items_size": 14, "stocks_size": 5, "fill_percentage": 0.8379498106060606, "solution_time": 0.00035170000046491623}
{"items_size": 15, "stocks_size": 4, "fill_percentage": 0.8466533835141318, "solution_time": 0.00026729993987828493}
{"items_size": 14, "stocks_size": 5, "fill_percentage": 0.5811235719526255, "solution_time": 0.00025370006915181875}
{"items_size": 14, "stocks_size": 5, "fill_percentage": 0.5995903737839222, "solution_time": 0.0002351000439375639}
{"items_size": 14, "stocks_size": 5, "fill_percentage": 0.6144237918215614, "solution_time": 0.00022059993352741003}
{"items_size": 14, "stocks_size": 5, "fill_percentage": 0.682431172705239, "solution_time": 0.00038159999530762434}
{"items_size": 15, "stocks_size": 4, "fill_percentage": 0.7321582973062853, "solution_time": 0.0004382000770419836}
{"items_size": 14, "stocks_size": 5, "fill_percentage": 0.6676164695825616, "solution_time": 0.0003128000535070896}
{"items_size": 14, "stocks_size": 5, "fill_percentage": 0.6614643717114064, "solution_time": 0.0003920999588444829}
{"items_size": 15, "stocks_size": 4, "fill_percentage": 0.6445224367009276, "solution_time": 0.00033199996687471867}
{"items_size": 15, "stocks_size": 4, "fill_percentage": 0.5939530940943769, "solution_time": 0.0003969001118093729}
{"items_size": 15, "stocks_size": 4, "fill_percentage": 0.5876762907814297, "solution_time": 0.00038649991620332}
{"items_size": 14, "stocks_size": 5, "fill_percentage": 0.6656604858415984, "solution_time": 0.0003360999980941415}
{"items_size": 14, "stocks_size": 5, "fill_percentage": 0.8411271896420411, "solution_time": 0.0004841000773012638}
{"items_size": 15, "stocks_size": 4, "fill_percentage": 0.5512316456711868, "solution_time": 0.0003470000810921192}
{"items_size": 14, "stocks_size": 5, "fill_percentage": 0.5554583720548844, "solution_time": 0.00043489993549883366}
{"items_size": 14, "stocks_size": 5, "fill_percentage": 0.5396127542410516, "solution_time": 0.0003893000539392233}
{"items_size": 15, "stocks_size": 4, "fill_percentage": 0.6054394693200663, "solution_time": 0.00020730006508529186}
{"items_size": 15, "stocks_size": 4, "fill_percentage": 0.6074228485974532, "solution_time": 0.00045169994700700045}
{"items_size": 15, "stocks_size": 4, "fill_percentage": 0.7722453754478321, "solution_time": 0.0007220000261440873}
{"items_size": 14, "stocks_size": 5, "fill_percentage": 0.7917437557816837, "solution_time": 0.00027409999165683985}
{"items_size": 15, "stocks_size": 4, "fill_percentage": 0.7744657927814689, "solution_time": 0.001053999993018806}
{"items_size": 14, "stocks_size": 5, "fill_percentage": 0.6755535806857735, "solution_time": 0.0008352999575436115}
{"items_size": 15, "stocks_size": 4, "fill_percentage": 0.8618063112078346, "solution_time": 0.0009095000568777323}
{"items_size": 15, "stocks_size": 4, "fill_percentage": 0.6413263828554879, "solution_time": 0.0010948999552056193}
{"items_size": 14, "stocks_size": 5, "fill_percentage": 0.8060240963855422, "solution_time": 0.0009512999095022678}
{"items_size": 14, "stocks_size": 5, "fill_percentage": 0.706790425012213, "solution_time": 0.0018002999713644385}
{"items_size": 15, "stocks_size": 4, "fill_percentage": 0.6488967937316733, "solution_time": 0.0007143999682739377}
{"items_size": 15, "stocks_size": 4, "fill_percentage": 0.6966411831056524, "solution_time": 0.0016169999726116657}
{"items_size": 15, "stocks_size": 4, "fill_percentage": 0.7651794493608652, "solution_time": 0.0008704999927431345}
{"items_size": 14, "stocks_size": 5, "fill_percentage": 0.6813701330704781, "solution_time": 0.000906999921426177}
{"items_size": 14, "stocks_size": 5, "fill_percentage": 0.7463123522125886, "solution_time": 0.002817500033415854}
{"items_size": 15, "stocks_size": 4, "fill_percentage": 0.7343668480286204, "solution_time": 0.0009381999261677265}
{"items_size": 14, "stocks_size": 5, "fill_percentage": 0.8309945088468579, "solution_time": 0.0008580998983234167}
{"items_size": 15, "stocks_size": 4, "fill_percentage": 0.6855174502233325, "solution_time": 0.0010859000030905008}
{"items_size": 14, "stocks_size": 5, "fill_percentage": 0.6398008115086684, "solution_time": 0.0009590999688953161}
{"items_size": 15, "stocks_size": 4, "fill_percentage": 0.6124275144971005, "solution_time": 0.0018251000437885523}
{"items_size": 14, "stocks_size": 5, "fill_percentage": 0.84024501865803, "solution_time": 0.0009484000038355589}
{"items_size": 14, "stocks_size": 5, "fill_percentage": 0.6420619860847565, "solution_time": 0.0008438000222668052}
{"items_size": 14, "stocks_size": 5, "fill_percentage": 0.6769053244683774, "solution_time": 0.0012963999761268497}
{"items_size": 14, "stocks_size": 5, "fill_percentage": 0.6837651250835127, "solution_time": 0.001550900051370263}
{"items_size": 15, "stocks_size": 4, "fill_percentage": 0.6583948980236156, "solution_time": 0.001563499914482236}
{"items_size": 14, "stocks_size": 5, "fill_percentage": 0.6142470798089649, "solution_time": 0.0008842999814078212}
{"items_size": 14, "stocks_size": 5, "fill_percentage": 0.6246062992125985, "solution_time": 0.0017297000158578157}
{"items_size": 14, "stocks_size": 5, "fill_percentage": 0.7398412698412699, "solution_time": 0.0009485000045970082}
{"items_size": 15, "stocks_size": 4, "fill_percentage": 0.6463249516441005, "solution_time": 0.0009136000880971551}
{"items_size": 14, "stocks_size": 5, "fill_percentage": 0.7971978488536654, "solution_time": 0.0011979000410065055}
{"items_size": 15, "stocks_size": 4, "fill_percentage": 0.5402776197519626, "solution_time": 0.0011657999129965901}
{"items_size": 14, "stocks_size": 5, "fill_percentage": 0.8317433818268543, "solution_time": 0.001837699906900525}
{"items_size": 15, "stocks_size": 4, "fill_percentage": 0.5946855714795736, "solution_time": 0.0010200999677181244}
{"items_size": 15, "stocks_size": 4, "fill_percentage": 0.5678226609516387, "solution_time": 0.0010747999185696244}
{"items_size": 14, "stocks_size": 5, "fill_percentage": 0.7349810440361622, "solution_time": 0.0011844000546261668}
{"items_size": 15, "stocks_size": 4, "fill_percentage": 0.8394391367104268, "solution_time": 0.0012363999849185348}
{"items_size": 14, "stocks_size": 5, "fill_percentage": 0.8616051676842758, "solution_time": 0.0010037999600172043}
{"items_size": 15, "stocks_size": 4, "fill_percentage": 0.7477787331613643, "solution_time": 0.001033599954098463}
{"items_size": 14, "stocks_size": 5, "fill_percentage": 0.8117942283563363, "solution_time": 0.0008672000840306282}
{"items_size": 14, "stocks_size": 5, "fill_percentage": 0.765826519430161, "solution_time": 0.0010061999782919884}
{"items_size": 15, "stocks_size": 4, "fill_percentage": 0.7790012556746837, "solution_time": 0.001006099977530539}
{"items_size": 14, "stocks_size": 5,