{"items_size": 15, "stocks_size": 4, "fill_percentage": 0.7904517993170476, "solution_time": 0.00036750000435858965}
{"items_size": 15, "stocks_size": 4, "fill_percentage": 0.6389705882352941, "solution_time": 0.00030129996594041586}
{"items_size": 14, "stocks_size": 5, "fill_percentage": 0.7532562031579714, "solution_time": 0.00026270002126693726}
{"items_size": 14, "stocks_size": 5, "fill_percentage": 0.8847293713929184, "solution_time": 0.0002989999484270811}
{"items_size": 15, "stocks_size": 4, "fill_percentage": 0.7935771470160117, "solution_time": 0.0002506000455468893}
{"items_size": 15, "stocks_size": 4, "fill_percentage": 0.5650291995877705, "solution_time": 0.00028989999555051327}
{"items_size": 15, "stocks_size": 4, "fill_percentage": 0.6990599761684099, "solution_time": 0.0002614000113680959}
{"items_size": 15, "stocks_size": 4, "fill_percentage": 0.708365472267022, "solution_time": 0.0002277999883517623}
{"items_size": 15, "stocks_size": 4, "fill_percentage": 0.8381944444444445, "solution_time": 0.00022659997921437025}
{"items_size": 14, "stocks_size": 5, "fill_percentage": 0.6643020594965675, "solution_time": 0.0002440999960526824}
{"items_size": 14, "stocks_size": 5, "fill_percentage": 0.8457586618876941, "solution_time": 0.0004021000349894166}
{"items_size": 15, "stocks_size": 4, "fill_percentage": 0.8852623456790123, "solution_time": 0.00022000004537403584}
{"items_size": 14, "stocks_size": 5, "fill_percentage": 0.8885416666666667, "solution_time": 0.00022419996093958616}
{"items_size": 14, "stocks_size": 5, "fill_percentage": 0.7816219824229614, "solution_time": 0.00031239993404597044}
{"items_size": 14, "stocks_size": 5, "fill_percentage": 0.651529485966572, "solution_time": 0.0002264000941067934}
{"items_size": 14, "stocks_size": 5, "fill_percentage": 0.7336807643482328, "solution_time": 0.0002009000163525343}
{"items_size": 15, "stocks_size": 4, "fill_percentage": 0.7336710210610504, "solution_time": 0.0003237000200897455}
{"items_size": 14, "stocks_size": 5, "fill_percentage": 0.5671750181554103, "solution_time": 0.0002891999902203679}
{"items_size": 14, "stocks_size": 5, "fill_percentage": 0.5694871007371007, "solution_time": 0.0002597999991849065}
{"items_size": 15, "stocks_size": 4, "fill_percentage": 0.5593994778067886, "solution_time": 0.0003066000062972307}
{"items_size": 15, "stocks_size": 4, "fill_percentage": 0.722957867583835, "solution_time": 0.00031690008472651243}
{"items_size": 15, "stocks_size": 4, "fill_percentage": 0.6610157952069716, "solution_time": 0.00031839997973293066}
{"items_size": 14, "stocks_size": 5, "fill_percentage": 0.697124793015204, "solution_time": 0.00025310006458312273}
{"items_size": 14, "stocks_size": 5, "fill_percentage": 0.8029664097717027, "solution_time": 0.00025640008971095085}
{"items_size": 15, "stocks_size": 4, "fill_percentage": 0.7860411899313501, "solution_time": 0.0010307000484317541}
{"items_size": 14, "stocks_size": 5, "fill_percentage": 0.6269900037023325, "solution_time": 0.00035339989699423313}
{"items_size": 14, "stocks_size": 5, "fill_percentage": 0.7173810367221631, "solution_time": 0.0005526000168174505}
{"items_size": 15, "stocks_size": 4, "fill_percentage": 0.696930360415394, "solution_time": 0.000202000024728477}
{"items_size": 15, "stocks_size": 4, "fill_percentage": 0.7508823035124083, "solution_time": 0.00042459997348487377}
{"items_size": 15, "stocks_size": 4, "fill_percentage": 0.6268621283162206, "solution_time": 0.0003396000247448683}
{"items_size": 14, "stocks_size": 5, "fill_percentage": 0.511886961722488, "solution_time": 0.0003527000080794096}
{"items_size": 15, "stocks_size": 4, "fill_percentage": 0.5046510267360907, "solution_time": 0.00045870000030845404}
{"items_size": 14, "stocks_size": 5, "fill_percentage": 0.6455767869780609, "solution_time": 0.0005218000151216984}
{"items_size": 15, "stocks_size": 4, "fill_percentage": 0.621030345800988, "solution_time": 0.0005131000652909279}
{"items_size": 15, "stocks_size": 4, "fill_percentage": 0.6288513417577737, "solution_time": 0.0003597999457269907}
{"items_size": 14, "stocks_size": 5, "fill_percentage": 0.7612364877678741, "solution_time": 0.00028899998869746923}
{"items_size": 14, "stocks_size": 5, "fill_percentage": 0.6381439661256175, "solution_time": 0.0004403999773785472}
{"items_size": 15, "stocks_size": 4, "fill_percentage": 0.7740696140833764, "solution_time": 0.00033870001789182425}
{"items_size": 15, "stocks_size": 4, "fill_percentage": 0.7461073825503356, "solution_time": 0.0002595999976620078}
{"items_size": 15, "stocks_size": 4, "fill_percentage": 0.7288959138274207, "solution_time": 0.0005732000572606921}
{"items_size": 14, "stocks_size": 5, "fill_percentage": 0.8531975622926792, "solution_time": 0.000669600092805922}
{"items_size": 14, "stocks_size": 5, "fill_percentage": 0.508282208588957, "solution_time": 0.0005410000449046493}
{"items_size": 15, "stocks_size": 4, "fill_percentage": 0.7771730556870169, "solution_time": 0.00026050000451505184}
{"items_size": 14, "stocks_size": 5, "fill_percentage": 0.7608938547486034, "solution_time": 0.00020029989536851645}
{"items_size": 15, "stocks_size": 4, "fill_percentage": 0.6940292787614011, "solution_time": 0.0005474000936374068}
{"items_size": 14, "stocks_size": 5, "fill_percentage": 0.6528858218318695, "solution_time": 0.0007283999584615231}
{"items_size": 15, "stocks_size": 4, "fill_percentage": 0.7454667153462334, "solution_time": 0.0009608999826014042}
{"items_size": 14, "stocks_size": 5, "fill_percentage": 0.8551773557864565, "solution_time": 0.0009215000318363309}
{"items_size": 14, "stocks_size": 5, "fill_percentage": 0.6443851964705135, "solution_time": 0.0018463999731466174}
{"items_size": 14, "stocks_size": 5, "fill_percentage": 0.8202823278732188, "solution_time": 0.0010266000172123313}
{"items_size": 14, "stocks_size": 5, "fill_percentage": 0.7556813520387234, "solution_time": 0.0017632999224588275}
{"items_size": 15, "stocks_size": 4, "fill_percentage": 0.731873376851267, "solution_time": 0.0009812000207602978}
{"items_size": 14, "stocks_size": 5, "fill_percentage": 0.833854085299172, "solution_time": 0.0007931999862194061}
{"items_size": 14, "stocks_size": 5, "fill_percentage": 0.6944120221768311, "solution_time": 0.0009911000961437821}
{"items_size": 14, "stocks_size": 5, "fill_percentage": 0.7691419141914192, "solution_time": 0.001771500101312995}
{"items_size": 15, "stocks_size": 4, "fill_percentage": 0.8169926650366748, "solution_time": 0.0008683999767526984}
{"items_size": 14, "stocks_size": 5, "fill_percentage": 0.7922087054356234, "solution_time": 0.002086399937979877}
{"items_size": 15, "stocks_size": 4, "fill_percentage": 0.5870317715415997, "solution_time": 0.0009815000230446458}
{"items_size": 14, "stocks_size": 5, "fill_percentage": 0.5825607617138562, "solution_time": 0.0009850000496953726}
{"items_size": 15, "stocks_size": 4, "fill_percentage": 0.7328263465526994, "solution_time": 0.0011105999583378434}
{"items_size": 15, "stocks_size": 4, "fill_percentage": 0.6885598781960414, "solution_time": 0.00098840007558465}
{"items_size": 14, "stocks_size": 5, "fill_percentage": 0.8419074661767162, "solution_time": 0.0011242999462410808}
{"items_size": 15, "stocks_size": 4, "fill_percentage": 0.7617889221556886, "solution_time": 0.0009625999955460429}
{"items_size": 14, "stocks_size": 5, "fill_percentage": 0.6779696421111265, "solution_time": 0.0009340998949483037}
{"items_size": 15, "stocks_size": 4, "fill_percentage": 0.7795622618958691, "solution_time": 0.0008104000007733703}
{"items_size": 14, "stocks_size": 5, "fill_percentage": 0.7816841850912166, "solution_time": 0.0008639999432489276}
{"items_size": 14, "stocks_size": 5, "fill_percentage": 0.5247501877202102, "solution_time": 0.0009787000017240644}
{"items_size": 15, "stocks_size": 4, "fill_percentage": 0.542002688172043, "solution_time": 0.000936600030399859}
{"items_size": 14, "stocks_size": 5,