{"items_size": 15, "stocks_size": 4, "fill_percentage": 0.5788132333140988, "solution_time": 0.0004602000117301941}
{"items_size": 15, "stocks_size": 4, "fill_percentage": 0.6389705882352941, "solution_time": 0.0005767999682575464}
{"items_size": 14, "stocks_size": 5, "fill_percentage": 0.5247364152473641, "solution_time": 0.0007748999632894993}
{"items_size": 14, "stocks_size": 5, "fill_percentage": 0.6089103596349973, "solution_time": 0.0003836000105366111}
{"items_size": 15, "stocks_size": 4, "fill_percentage": 0.540525467839881, "solution_time": 0.0002938000252470374}
{"items_size": 15, "stocks_size": 4, "fill_percentage": 0.5650291995877705, "solution_time": 0.0004085999680683017}
{"items_size": 15, "stocks_size": 4, "fill_percentage": 0.6990599761684099, "solution_time": 0.0004032000433653593}
{"items_size": 15, "stocks_size": 4, "fill_percentage": 0.5052263065766441, "solution_time": 0.0002693000715225935}
{"items_size": 15, "stocks_size": 4, "fill_percentage": 0.4663292508596376, "solution_time": 0.00039249996189028025}
{"items_size": 14, "stocks_size": 5, "fill_percentage": 0.47357259380097877, "solution_time": 0.0004152000183239579}
{"items_size": 14, "stocks_size": 5, "fill_percentage": 0.4739872782055574, "solution_time": 0.00029250001534819603}
{"items_size": 15, "stocks_size": 4, "fill_percentage": 0.6656803017116333, "solution_time": 0.0005380999064072967}
{"items_size": 14, "stocks_size": 5, "fill_percentage": 0.6380322209436133, "solution_time": 0.0003735999343916774}
{"items_size": 14, "stocks_size": 5, "fill_percentage": 0.44428986973567725, "solution_time": 0.00037180003710091114}
{"items_size": 14, "stocks_size": 5, "fill_percentage": 0.47072226019594443, "solution_time": 0.0005302000790834427}
{"items_size": 14, "stocks_size": 5, "fill_percentage": 0.41291268707227197, "solution_time": 0.00038320000749081373}
{"items_size": 15, "stocks_size": 4, "fill_percentage": 0.5577907271345326, "solution_time": 0.0003632999723777175}
{"items_size": 14, "stocks_size": 5, "fill_percentage": 0.5671750181554103, "solution_time": 0.00045779999345541}
{"items_size": 14, "stocks_size": 5, "fill_percentage": 0.5694871007371007, "solution_time": 0.00021470000501722097}
{"items_size": 15, "stocks_size": 4, "fill_percentage": 0.5593994778067886, "solution_time": 0.00043109990656375885}
{"items_size": 15, "stocks_size": 4, "fill_percentage": 0.5184363053397459, "solution_time": 0.000584700028412044}
{"items_size": 15, "stocks_size": 4, "fill_percentage": 0.48860147954305266, "solution_time": 0.0006908000214025378}
{"items_size": 14, "stocks_size": 5, "fill_percentage": 0.5710703715882933, "solution_time": 0.0009636000031605363}
{"items_size": 14, "stocks_size": 5, "fill_percentage": 0.4798609602433196, "solution_time": 0.0009885000763460994}
{"items_size": 15, "stocks_size": 4, "fill_percentage": 0.398491879350348, "solution_time": 0.0010429000249132514}
{"items_size": 14, "stocks_size": 5, "fill_percentage": 0.6269900037023325, "solution_time": 0.0010097000049427152}
{"items_size": 14, "stocks_size": 5, "fill_percentage": 0.7173810367221631, "solution_time": 0.0002343999221920967}
{"items_size": 15, "stocks_size": 4, "fill_percentage": 0.4992888402625821, "solution_time": 0.0010082999942824244}
{"items_size": 15, "stocks_size": 4, "fill_percentage": 0.6074228485974532, "solution_time": 0.0017494000494480133}
{"items_size": 15, "stocks_size": 4, "fill_percentage": 0.6268621283162206, "solution_time": 0.0008267000084742904}
{"items_size": 14, "stocks_size": 5, "fill_percentage": 0.511886961722488, "solution_time": 0.0012197999749332666}
{"items_size": 15, "stocks_size": 4, "fill_percentage": 0.5046510267360907, "solution_time": 0.0010778000578284264}
{"items_size": 14, "stocks_size": 5, "fill_percentage": 0.4688046047898037, "solution_time": 0.0009726999560371041}
{"items_size": 15, "stocks_size": 4, "fill_percentage": 0.621030345800988, "solution_time": 0.0010106000117957592}
{"items_size": 15, "stocks_size": 4, "fill_percentage": 0.6288513417577737, "solution_time": 0.002170699997805059}
{"items_size": 14, "stocks_size": 5, "fill_percentage": 0.5627365764755362, "solution_time": 0.0009658000199124217}
{"items_size": 14, "stocks_size": 5, "fill_percentage": 0.6381439661256175, "solution_time": 0.0009873000672087073}
{"items_size": 15, "stocks_size": 4, "fill_percentage": null, "solution_time": null}
{"items_size": 15, "stocks_size": 4, "fill_percentage": 0.5500742206828303, "solution_time": 0.0011594000970944762}
{"items_size": 15, "stocks_size": 4, "fill_percentage": 0.5553028275800553, "solution_time": 0.0010438000317662954}
{"items_size": 14, "stocks_size": 5, "fill_percentage": 0.5968377313690573, "solution_time": 0.0010018999455496669}
{"items_size": 14, "stocks_size": 5, "fill_percentage": 0.508282208588957, "solution_time": 0.0007123000686988235}
{"items_size": 15, "stocks_size": 4, "fill_percentage": 0.5869772429405457, "solution_time": 0.0008889000164344907}
{"items_size": 14, "stocks_size": 5, "fill_percentage": 0.5553139440065236, "solution_time": 0.0010207999730482697}
{"items_size": 15, "stocks_size": 4, "fill_percentage": 0.5163957798688338, "solution_time": 0.00026460003573447466}
{"items_size": 14, "stocks_size": 5, "fill_percentage": 0.6528858218318695, "solution_time": 0.0008541999850422144}
{"items_size": 15, "stocks_size": 4, "fill_percentage": 0.6124275144971005, "solution_time": 0.0009268000721931458}
{"items_size": 14, "stocks_size": 5, "fill_percentage": 0.6149644439863959, "solution_time": 0.001015799934975803}
{"items_size": 14, "stocks_size": 5, "fill_percentage": 0.6443851964705135, "solution_time": 0.0010272000217810273}
{"items_size": 14, "stocks_size": 5, "fill_percentage": 0.55817852288174, "solution_time": 0.0009410000639036298}
{"items_size": 14, "stocks_size": 5, "fill_percentage": 0.5170362054448499, "solution_time": 0.0009200000204145908}
{"items_size": 15, "stocks_size": 4, "fill_percentage": 0.5452881497751281, "solution_time": 0.0010392001131549478}
{"items_size": 14, "stocks_size": 5, "fill_percentage": 0.523079184633477, "solution_time": 0.0012248000130057335}
{"items_size": 14, "stocks_size": 5, "fill_percentage": 0.47528460155781904, "solution_time": 0.0010114999022334814}
{"items_size": 14, "stocks_size": 5, "fill_percentage": 0.4319340190899824, "solution_time": 0.0009437000844627619}
{"items_size": 15, "stocks_size": 4, "fill_percentage": 0.6463249516441005, "solution_time": 0.0017961000557988882}
{"items_size": 14, "stocks_size": 5, "fill_percentage": 0.5761775686595407, "solution_time": 0.001122599933296442}
{"items_size": 15, "stocks_size": 4, "fill_percentage": 0.5870317715415997, "solution_time": 0.0012115000281482935}
{"items_size": 14, "stocks_size": 5, "fill_percentage": 0.5825607617138562, "solution_time": 0.001138300052843988}
{"items_size": 15, "stocks_size": 4, "fill_percentage": 0.5946855714795736, "solution_time": 0.0010713000083342195}
{"items_size": 15, "stocks_size": 4, "fill_percentage": 0.6885598781960414, "solution_time": 0.0009489000076428056}
{"items_size": 14, "stocks_size": 5, "fill_percentage": 0.5787358631379528, "solution_time": 0.00023419992066919804}
{"items_size": 15, "stocks_size": 4, "fill_percentage": 0.6134719710669078, "solution_time": 0.0011245999485254288}
{"items_size": 14, "stocks_size": 5, "fill_percentage": 0.5123927800873547, "solution_time": 0.0009738000808283687}
{"items_size": 15, "stocks_size": 4, "fill_percentage": 0.578877301974706, "solution_time": 0.0010901999194175005}
{"items_size": 14, "stocks_size": 5, "fill_percentage": 0.4629695885509839, "solution_time": 0.0008983999723568559}
{"items_size": 14, "stocks_size": 5, "fill_percentage": 0.5247501877202102, "solution_time": 0.0008893999038264155}
{"items_size": 15, "stocks_size": 4, "fill_percentage": 0.542002688172043, "solution_time": 0.0009583000792190433}
{"items_size": 14, "stocks_size": 5, "fill_percentage": 0.7077384239173306,