{"items_size": 15, "stocks_size": 4, "fill_percentage": 0.5788132333140988, "solution_time": 0.001017100061289966}
{"items_size": 15, "stocks_size": 4, "fill_percentage": 0.6389705882352941, "solution_time": 0.0004999999655410647}
{"items_size": 14, "stocks_size": 5, "fill_percentage": 0.5247364152473641, "solution_time": 0.0004490999272093177}
{"items_size": 14, "stocks_size": 5, "fill_percentage": 0.6089103596349973, "solution_time": 0.00036019994877278805}
{"items_size": 15, "stocks_size": 4, "fill_percentage": 0.540525467839881, "solution_time": 0.0005362000083550811}
{"items_size": 15, "stocks_size": 4, "fill_percentage": 0.5650291995877705, "solution_time": 0.0005404000403359532}
{"items_size": 15, "stocks_size": 4, "fill_percentage": 0.5790108564535585, "solution_time": 0.0002738999901339412}
{"items_size": 15, "stocks_size": 4, "fill_percentage": 0.708365472267022, "solution_time": 0.00028220005333423615}
{"items_size": 15, "stocks_size": 4, "fill_percentage": 0.5830917874396135, "solution_time": 0.00028179993387311697}
{"items_size": 14, "stocks_size": 5, "fill_percentage": 0.6643020594965675, "solution_time": 0.0003377000102773309}
{"items_size": 14, "stocks_size": 5, "fill_percentage": 0.4739872782055574, "solution_time": 0.0004477000329643488}
{"items_size": 15, "stocks_size": 4, "fill_percentage": 0.6656803017116333, "solution_time": 0.00033680000342428684}
{"items_size": 14, "stocks_size": 5, "fill_percentage": 0.6380322209436133, "solution_time": 0.0008438000222668052}
{"items_size": 14, "stocks_size": 5, "fill_percentage": 0.7816219824229614, "solution_time": 0.0004751000087708235}
{"items_size": 14, "stocks_size": 5, "fill_percentage": 0.651529485966572, "solution_time": 0.0002772000152617693}
{"items_size": 14, "stocks_size": 5, "fill_percentage": 0.7336807643482328, "solution_time": 0.0002535999519750476}
{"items_size": 15, "stocks_size": 4, "fill_percentage": 0.5577907271345326, "solution_time": 0.0003834000090137124}
{"items_size": 14, "stocks_size": 5, "fill_percentage": 0.5671750181554103, "solution_time": 0.00047969992738217115}
{"items_size": 14, "stocks_size": 5, "fill_percentage": 0.5694871007371007, "solution_time": 0.00044730002991855145}
{"items_size": 15, "stocks_size": 4, "fill_percentage": 0.5593994778067886, "solution_time": 0.0005189999938011169}
{"items_size": 15, "stocks_size": 4, "fill_percentage": 0.5184363053397459, "solution_time": 0.0010312000522390008}
{"items_size": 15, "stocks_size": 4, "fill_percentage": 0.6610157952069716, "solution_time": 0.001262799953110516}
{"items_size": 14, "stocks_size": 5, "fill_percentage": 0.5710703715882933, "solution_time": 0.0010210000909864902}
{"items_size": 14, "stocks_size": 5, "fill_percentage": 0.5944665733663473, "solution_time": 0.001114899991080165}
{"items_size": 15, "stocks_size": 4, "fill_percentage": 0.398491879350348, "solution_time": 0.0011491000186651945}
{"items_size": 14, "stocks_size": 5, "fill_percentage": 0.6269900037023325, "solution_time": 0.0019505000673234463}
{"items_size": 14, "stocks_size": 5, "fill_percentage": 0.49587822396343456, "solution_time": 0.0008490000618621707}
{"items_size": 15, "stocks_size": 4, "fill_percentage": 0.696930360415394, "solution_time": 0.0007643999997526407}
{"items_size": 15, "stocks_size": 4, "fill_percentage": 0.6074228485974532, "solution_time": 0.0010067999828606844}
{"items_size": 15, "stocks_size": 4, "fill_percentage": 0.6268621283162206, "solution_time": 0.0008448000298812985}
{"items_size": 14, "stocks_size": 5, "fill_percentage": 0.511886961722488, "solution_time": 0.0010081999935209751}
{"items_size": 15, "stocks_size": 4, "fill_percentage": 0.5046510267360907, "solution_time": 0.0002882999833673239}
{"items_size": 14, "stocks_size": 5, "fill_percentage": 0.6455767869780609, "solution_time": 0.0020358000183477998}
{"items_size": 15, "stocks_size": 4, "fill_percentage": 0.44471896232242125, "solution_time": 0.000876300036907196}
{"items_size": 15, "stocks_size": 4, "fill_percentage": 0.6288513417577737, "solution_time": 0.0010837001027539372}
{"items_size": 14, "stocks_size": 5, "fill_percentage": 0.5627365764755362, "solution_time": 0.0011596999829635024}
{"items_size": 14, "stocks_size": 5, "fill_percentage": 0.6381439661256175, "solution_time": 0.0009876999538391829}
{"items_size": 15, "stocks_size": 4, "fill_percentage": 0.6488967937316733, "solution_time": 0.0010662999702617526}
{"items_size": 15, "stocks_size": 4, "fill_percentage": 0.7461073825503356, "solution_time": 0.0003132999408990145}
{"items_size": 15, "stocks_size": 4, "fill_percentage": 0.5553028275800553, "solution_time": 0.0010485000675544143}
{"items_size": 14, "stocks_size": 5, "fill_percentage": 0.5968377313690573, "solution_time": 0.000949900015257299}
{"items_size": 14, "stocks_size": 5, "fill_percentage": 0.508282208588957, "solution_time": 0.0010483000660315156}
{"items_size": 15, "stocks_size": 4, "fill_percentage": 0.5869772429405457, "solution_time": 0.0009617999894544482}
{"items_size": 14, "stocks_size": 5, "fill_percentage": 0.5553139440065236, "solution_time": 0.0022458999883383512}
{"items_size": 15, "stocks_size": 4, "fill_percentage": 0.5163957798688338, "solution_time": 0.0010970000876113772}
{"items_size": 14, "stocks_size": 5, "fill_percentage": 0.6528858218318695, "solution_time": 0.0009964000200852752}
{"items_size": 15, "stocks_size": 4, "fill_percentage": 0.6124275144971005, "solution_time": 0.000936900032684207}
{"items_size": 14, "stocks_size": 5, "fill_percentage": 0.6149644439863959, "solution_time": 0.000861800042912364}
{"items_size": 14, "stocks_size": 5, "fill_percentage": 0.6443851964705135, "solution_time": 0.0012149999383836985}
{"items_size": 14, "stocks_size": 5, "fill_percentage": 0.55817852288174, "solution_time": 0.0011921999976038933}
{"items_size": 14, "stocks_size": 5, "fill_percentage": 0.5170362054448499, "solution_time": 0.001092399936169386}
{"items_size": 15, "stocks_size": 4, "fill_percentage": 0.731873376851267, "solution_time": 0.0017476999200880527}
{"items_size": 14, "stocks_size": 5, "fill_percentage": 0.523079184633477, "solution_time": 0.000984199927188456}
{"items_size": 14, "stocks_size": 5, "fill_percentage": 0.47528460155781904, "solution_time": 0.0012085000053048134}
{"items_size": 14, "stocks_size": 5, "fill_percentage": 0.4319340190899824, "solution_time": 0.0012082000030204654}
{"items_size": 15, "stocks_size": 4, "fill_percentage": 0.6463249516441005, "solution_time": 0.001150700030848384}
{"items_size": 14, "stocks_size": 5, "fill_percentage": 0.5761775686595407, "solution_time": 0.0010316000552847981}
{"items_size": 15, "stocks_size": 4, "fill_percentage": 0.5870317715415997, "solution_time": 0.0011919999960809946}
{"items_size": 14, "stocks_size": 5, "fill_percentage": 0.5825607617138562, "solution_time": 0.0010189999593421817}
{"items_size": 15, "stocks_size": 4, "fill_percentage": 0.5946855714795736, "solution_time": 0.0009624999947845936}
{"items_size": 15, "stocks_size": 4, "fill_percentage": 0.6885598781960414, "solution_time": 0.0003190001007169485}
{"items_size": 14, "stocks_size": 5, "fill_percentage": 0.5787358631379528, "solution_time": 0.0009575000731274486}
{"items_size": 15, "stocks_size": 4, "fill_percentage": 0.7617889221556886, "solution_time": 0.0008948000613600016}
{"items_size": 14, "stocks_size": 5, "fill_percentage": 0.6779696421111265, "solution_time": 0.0017550999764353037}
{"items_size": 15, "stocks_size": 4, "fill_percentage": 0.578877301974706, "solution_time": 0.0009213000303134322}
{"items_size": 14, "stocks_size": 5, "fill_percentage": 0.7816841850912166, "solution_time": 0.001055200002156198}
{"items_size": 14, "stocks_size": 5, "fill_percentage": 0.5247501877202102, "solution_time": 0.0009521000320091844}
{"items_size": 15, "stocks_size": 4, "fill_percentage": 0.542002688172043, "solution_time": 0.0011212999233976007}
{"items_size": 14, "stocks_size": 5, "fill_percentage": 0.4866301459022618,