{"items_size": 14, "stocks_size": 5, "fill_percentage": 0.7916444917509313, "solution_time": 0.00018270000009579235}
{"items_size": 14, "stocks_size": 5, "fill_percentage": 0.7003398791540786, "solution_time": 0.0001617000000351254}
{"items_size": 14, "stocks_size": 5, "fill_percentage": 0.7570769821954656, "solution_time": 0.00015289999987544434}
{"items_size": 14, "stocks_size": 5, "fill_percentage": 0.7606324972737186, "solution_time": 0.00014869999995426042}
{"items_size": 15, "stocks_size": 4, "fill_percentage": 0.7894373489817053, "solution_time": 0.00017699999989417847}
{"items_size": 14, "stocks_size": 5, "fill_percentage": 0.6038754764930114, "solution_time": 0.00016839999989315402}
{"items_size": 15, "stocks_size": 4, "fill_percentage": 0.8182527301092044, "solution_time": 0.00015619999999216816}
{"items_size": 14, "stocks_size": 5, "fill_percentage": 0.6912257200267917, "solution_time": 0.00024550000011913653}
{"items_size": 14, "stocks_size": 5, "fill_percentage": 0.7882258388587503, "solution_time": 0.0002219000000422966}
{"items_size": 14, "stocks_size": 5, "fill_percentage": 0.7924021210140191, "solution_time": 0.0001695000000836444}
{"items_size": 15, "stocks_size": 4, "fill_percentage": 0.5890496643175848, "solution_time": 0.00016189999996640836}
{"items_size": 15, "stocks_size": 4, "fill_percentage": 0.8502945358521227, "solution_time": 0.0001767000001109409}
{"items_size": 14, "stocks_size": 5, "fill_percentage": 0.6972477064220184, "solution_time": 0.00015859999984968454}
{"items_size": 14, "stocks_size": 5, "fill_percentage": 0.5589014872625534, "solution_time": 0.00015720000010333024}
{"items_size": 14, "stocks_size": 5, "fill_percentage": 0.6348860491137154, "solution_time": 0.0001449999999749707}
{"items_size": 15, "stocks_size": 4, "fill_percentage": 0.5925968969725144, "solution_time": 0.0001809000000321248}
{"items_size": 14, "stocks_size": 5, "fill_percentage": 0.8160344588022788, "solution_time": 0.00015759999996589613}
{"items_size": 14, "stocks_size": 5, "fill_percentage": 0.7549411162314388, "solution_time": 0.0001806999998734682}
{"items_size": 15, "stocks_size": 4, "fill_percentage": 0.8066082550406418, "solution_time": 0.0003024000000095839}
{"items_size": 14, "stocks_size": 5, "fill_percentage": 0.8513612950699043, "solution_time": 0.00014209999994818645}
{"items_size": 15, "stocks_size": 4, "fill_percentage": 0.5793233290879893, "solution_time": 0.0003010000000358559}
{"items_size": 15, "stocks_size": 4, "fill_percentage": 0.5630523215037172, "solution_time": 0.00015729999995528487}
{"items_size": 14, "stocks_size": 5, "fill_percentage": 0.613734601253512, "solution_time": 0.00022370000010596414}
{"items_size": 15, "stocks_size": 4, "fill_percentage": 0.7821506042764177, "solution_time": 0.00014250000003812602}
{"items_size": 14, "stocks_size": 5, "fill_percentage": 0.7843063738618103, "solution_time": 0.00018430000000080327}
{"items_size": 14, "stocks_size": 5, "fill_percentage": 0.6608543128353281, "solution_time": 0.00021319999996194383}
{"items_size": 14, "stocks_size": 5, "fill_percentage": 0.7271210013908206, "solution_time": 0.00015819999998711864}
{"items_size": 15, "stocks_size": 4, "fill_percentage": 0.5730672172516632, "solution_time": 0.00016700000014679972}
{"items_size": 14, "stocks_size": 5, "fill_percentage": 0.5636014537475142, "solution_time": 0.00016589999995630933}
{"items_size": 15, "stocks_size": 4, "fill_percentage": 0.6181382854473254, "solution_time": 0.00018410000006952032}
{"items_size": 14, "stocks_size": 5, "fill_percentage": 0.5762336566849431, "solution_time": 0.00013590000003205205}
{"items_size": 14, "stocks_size": 5, "fill_percentage": 0.6382623224728488, "solution_time": 0.00024600000006103073}
{"items_size": 15, "stocks_size": 4, "fill_percentage": 0.5661723989417339, "solution_time": 0.00014550000014423858}
{"items_size": 15, "stocks_size": 4, "fill_percentage": 0.7145801133436372, "solution_time": 0.00025649999997767736}
{"items_size": 14, "stocks_size": 5, "fill_percentage": 0.625430828782014, "solution_time": 0.00023869999995440594}
{"items_size": 15, "stocks_size": 4, "fill_percentage": 0.8104416324478337, "solution_time": 0.0001667999999881431}
{"items_size": 15, "stocks_size": 4, "fill_percentage": 0.5872183908045977, "solution_time": 0.0002308000000539323}
{"items_size": 15, "stocks_size": 4, "fill_percentage": 0.6080842435738112, "solution_time": 0.00017130000014731195}
{"items_size": 15, "stocks_size": 4, "fill_percentage": 0.7053912425615063, "solution_time": 0.0002316999998583924}
{"items_size": 14, "stocks_size": 5, "fill_percentage": 0.7186702359459628, "solution_time": 0.00015469999993911188}
{"items_size": 15, "stocks_size": 4, "fill_percentage": 0.8235906167234204, "solution_time": 0.0001692999999249878}
{"items_size": 15, "stocks_size": 4, "fill_percentage": 0.7760369188696444, "solution_time": 0.0001803000000109023}
{"items_size": 15, "stocks_size": 4, "fill_percentage": 0.6069617905280079, "solution_time": 0.00014850000002297747}
{"items_size": 15, "stocks_size": 4, "fill_percentage": 0.7687878125227786, "solution_time": 0.00016329999994013633}
{"items_size": 15, "stocks_size": 4, "fill_percentage": 0.6208909370199692, "solution_time": 0.00015759999996589613}
{"items_size": 14, "stocks_size": 5, "fill_percentage": 0.6344692695403595, "solution_time": 0.0002207999998518062}
{"items_size": 15, "stocks_size": 4, "fill_percentage": 0.7665118679050568, "solution_time": 0.0002696999999898253}
{"items_size": 14, "stocks_size": 5, "fill_percentage": 0.7818583182821593, "solution_time": 0.00022879999983160815}
{"items_size": 14, "stocks_size": 5, "fill_percentage": 0.6749295774647888, "solution_time": 0.0001434000000699598}
{"items_size": 15, "stocks_size": 4, "fill_percentage": 0.8117630739353586, "solution_time": 0.0001461000001654611}
