{"items_size": 14, "stocks_size": 6, "fill_percentage": 0.7194029850746269, "solution_time": 0.0003141999477520585}
{"items_size": 14, "stocks_size": 6, "fill_percentage": 0.6609888653234358, "solution_time": 0.0002975000534206629}
{"items_size": 14, "stocks_size": 6, "fill_percentage": 0.5204810495626823, "solution_time": 0.00031129992567002773}
{"items_size": 14, "stocks_size": 6, "fill_percentage": 0.6387057387057387, "solution_time": 0.0002929000183939934}
{"items_size": 14, "stocks_size": 6, "fill_percentage": 0.5314253959433176, "solution_time": 0.00019379996228963137}
{"items_size": 15, "stocks_size": 5, "fill_percentage": 0.5636499786050492, "solution_time": 0.0002525000600144267}
{"items_size": 15, "stocks_size": 5, "fill_percentage": 0.5615899252262888, "solution_time": 0.00023660005535930395}
{"items_size": 15, "stocks_size": 5, "fill_percentage": 0.6016369047619048, "solution_time": 0.00021219998598098755}
{"items_size": 15, "stocks_size": 5, "fill_percentage": 0.6011671335200747, "solution_time": 0.00023819995112717152}
{"items_size": 14, "stocks_size": 6, "fill_percentage": 0.5049631310266591, "solution_time": 0.00025299994740635157}
{"items_size": 15, "stocks_size": 5, "fill_percentage": 0.5392914943355511, "solution_time": 0.0002340999199077487}
{"items_size": 14, "stocks_size": 6, "fill_percentage": 0.645672037385785, "solution_time": 0.0002589999930933118}
{"items_size": 14, "stocks_size": 6, "fill_percentage": 0.6268817204301075, "solution_time": 0.000238100066781044}
{"items_size": 14, "stocks_size": 6, "fill_percentage": 0.46614285714285714, "solution_time": 0.0002749999985098839}
{"items_size": 15, "stocks_size": 5, "fill_percentage": 0.558726534753932, "solution_time": 0.0003525000065565109}
{"items_size": 14, "stocks_size": 6, "fill_percentage": 0.6156288156288157, "solution_time": 0.00022449996322393417}
{"items_size": 14, "stocks_size": 6, "fill_percentage": 0.537697253068381, "solution_time": 0.0003618999617174268}
{"items_size": 15, "stocks_size": 5, "fill_percentage": 0.6916881230606721, "solution_time": 0.00028519995976239443}
{"items_size": 14, "stocks_size": 6, "fill_percentage": 0.761968085106383, "solution_time": 0.0002305000089108944}
{"items_size": 14, "stocks_size": 6, "fill_percentage": 0.6425293217746048, "solution_time": 0.00019240006804466248}
{"items_size": 14, "stocks_size": 6, "fill_percentage": 0.5961696306429548, "solution_time": 0.00019459996838122606}
{"items_size": 15, "stocks_size": 5, "fill_percentage": 0.5497674418604651, "solution_time": 0.00044440000783652067}
{"items_size": 14, "stocks_size": 6, "fill_percentage": 0.5084721320931574, "solution_time": 0.000255499966442585}
{"items_size": 14, "stocks_size": 6, "fill_percentage": 0.6056517876970908, "solution_time": 0.00021850003395229578}
{"items_size": 14, "stocks_size": 6, "fill_percentage": 0.5043309631544926, "solution_time": 0.000341600039973855}
{"items_size": 14, "stocks_size": 6, "fill_percentage": 0.5957123233908949, "solution_time": 0.00020499993115663528}
{"items_size": 15, "stocks_size": 5, "fill_percentage": 0.5227238335435057, "solution_time": 0.0002612000098451972}
{"items_size": 15, "stocks_size": 5, "fill_percentage": 0.6636115657392253, "solution_time": 0.0002560000866651535}
{"items_size": 14, "stocks_size": 6, "fill_percentage": 0.5541158536585366, "solution_time": 0.00025050004478543997}
{"items_size": 15, "stocks_size": 5, "fill_percentage": 0.6335164835164835, "solution_time": 0.00030880002304911613}
{"items_size": 14, "stocks_size": 6, "fill_percentage": 0.5003246753246753, "solution_time": 0.00019599997904151678}
{"items_size": 14, "stocks_size": 6, "fill_percentage": 0.6863636363636364, "solution_time": 0.00017740007024258375}
{"items_size": 15, "stocks_size": 5, "fill_percentage": 0.7198877724128931, "solution_time": 0.00027790002059191465}
{"items_size": 15, "stocks_size": 5, "fill_percentage": null, "solution_time": null}
{"items_size": 15, "stocks_size": 5, "fill_percentage": 0.503234398782344, "solution_time": 0.00033439998514950275}
{"items_size": 14, "stocks_size": 6, "fill_percentage": 0.6637248934875228, "solution_time": 0.00029859994538128376}
{"items_size": 15, "stocks_size": 5, "fill_percentage": 0.7228823529411764, "solution_time": 0.00027790002059191465}
{"items_size": 14, "stocks_size": 6, "fill_percentage": 0.6911931818181818, "solution_time": 0.00023689994122833014}
{"items_size": 15, "stocks_size": 5, "fill_percentage": 0.5068545316070069, "solution_time": 0.000319099985063076}
{"items_size": 14, "stocks_size": 6, "fill_percentage": 0.4444444444444444, "solution_time": 0.00022980000358074903}
{"items_size": 14, "stocks_size": 6, "fill_percentage": 0.5743262411347517, "solution_time": 0.00024209998082369566}
{"items_size": 14, "stocks_size": 6, "fill_percentage": 0.7769650528271218, "solution_time": 0.0002866999711841345}
{"items_size": 15, "stocks_size": 5, "fill_percentage": 0.6845238095238095, "solution_time": 0.00027870002668350935}
{"items_size": 15, "stocks_size": 5, "fill_percentage": 0.659692671394799, "solution_time": 0.0004616000223904848}
{"items_size": 15, "stocks_size": 5, "fill_percentage": 0.5198529411764706, "solution_time": 0.00028169993311166763}
{"items_size": 15, "stocks_size": 5, "fill_percentage": 0.6340710241893979, "solution_time": 0.00025649997405707836}
{"items_size": 15, "stocks_size": 5, "fill_percentage": 0.5806693306693307, "solution_time": 0.00024510000366717577}
{"items_size": 14, "stocks_size": 6, "fill_percentage": 0.5616391184573003, "solution_time": 0.0002294000005349517}
{"items_size": 15, "stocks_size": 5, "fill_percentage": null, "solution_time": null}
{"items_size": 15, "stocks_size": 5, "fill_percentage": 0.5663786331500392, "solution_time": 0.00025489996187388897}
{"items_size": 14, "stocks_size": 6, "fill_percentage": 0.5993589743589743, "solution_time": 0.00016870000399649143}
{"items_size": 15, "stocks_size": 5, "fill_percentage": 0.6288279356686495, "solution_time": 0.00023150001652538776}
{"items_size": 14, "stocks_size": 6, "fill_percentage": 0.588436385255648, "solution_time": 0.0002207000507041812}
{"items_size": 15, "stocks_size": 5, "fill_percentage": 0.5929027113237639, "solution_time": 0.0002503000432625413}
{"items_size": 15, "stocks_size": 5, "fill_percentage": 0.6592536176694592, "solution_time": 0.00022769998759031296}
{"items_size": 15, "stocks_size": 5, "fill_percentage": 0.7009500662836942, "solution_time": 0.0002489000326022506}
{"items_size": 15, "stocks_size": 5, "fill_percentage": 0.6743589743589744, "solution_time": 0.0002530000638216734}
{"items_size": 14, "stocks_size": 6, "fill_percentage": 0.5274472687939427, "solution_time": 0.0003258000360801816}
{"items_size": 14, "stocks_size": 6, "fill_percentage": 0.6039570378745054, "solution_time": 0.00019049993716180325}
{"items_size": 15, "stocks_size": 5, "fill_percentage": 0.5933988764044944, "solution_time": 0.00020330003462731838}
{"items_size": 15, "stocks_size": 5, "fill_percentage": 0.6404075190127708, "solution_time": 0.0002734001027420163}
{"items_size": 14, "stocks_size": 6, "fill_percentage": 0.5029057406094968, "solution_time": 0.0003063998883590102}
{"items_size": 15, "stocks_size": 5, "fill_percentage": 0.5681407200394543, "solution_time": 0.00032379990443587303}
{"items_size": 15, "stocks_size": 5, "fill_percentage": 0.7136081467531562, "solution_time": 0.00023929995950311422}
{"items_size": 15, "stocks_size": 5, "fill_percentage": 0.5427001569858713, "solution_time": 0.0003127999370917678}
{"items_size": 15, "stocks_size": 5, "fill_percentage": 0.5890120415982485, "solution_time": 0.00023200002033263445}
{"items_size": 14, "stocks_size": 6, "fill_percentage": 0.5142589995324918, "solution_time": 0.0002525000600144267}
{"items_size": 15, "stocks_size": 5, "fill_percentage": 0.6357531180044771, "solution_time": 0.00026919995434582233}
{"items_size": 14, "stocks_size": 6, "fill_percentage": 0.5101870187018702, "solution_time": 0.0002722999779507518}
{"items_size": 14,