{"items_size": 14, "stocks_size": 6, "fill_percentage": 0.7194029850746269, "solution_time": 0.0003421000437811017}
{"items_size": 14, "stocks_size": 6, "fill_percentage": 0.6609888653234358, "solution_time": 0.000314400065690279}
{"items_size": 14, "stocks_size": 6, "fill_percentage": 0.5204810495626823, "solution_time": 0.00031589996069669724}
{"items_size": 14, "stocks_size": 6, "fill_percentage": 0.47902930402930405, "solution_time": 0.0002722999779507518}
{"items_size": 14, "stocks_size": 6, "fill_percentage": 0.5314253959433176, "solution_time": 0.00025619997177273035}
{"items_size": 15, "stocks_size": 5, "fill_percentage": 0.5636499786050492, "solution_time": 0.00033489998895674944}
{"items_size": 15, "stocks_size": 5, "fill_percentage": 0.5615899252262888, "solution_time": 0.00030720001086592674}
{"items_size": 15, "stocks_size": 5, "fill_percentage": 0.6016369047619048, "solution_time": 0.0003112000413239002}
{"items_size": 15, "stocks_size": 5, "fill_percentage": 0.6011671335200747, "solution_time": 0.00021199998445808887}
{"items_size": 14, "stocks_size": 6, "fill_percentage": 0.5049631310266591, "solution_time": 0.00022849999368190765}
{"items_size": 15, "stocks_size": 5, "fill_percentage": 0.5392914943355511, "solution_time": 0.00023250002413988113}
{"items_size": 14, "stocks_size": 6, "fill_percentage": 0.48425402803933876, "solution_time": 0.00028110004495829344}
{"items_size": 14, "stocks_size": 6, "fill_percentage": 0.47016129032258064, "solution_time": 0.00021860003471374512}
{"items_size": 14, "stocks_size": 6, "fill_percentage": 0.46614285714285714, "solution_time": 0.00036700000055134296}
{"items_size": 15, "stocks_size": 5, "fill_percentage": 0.558726534753932, "solution_time": 0.0003234000178053975}
{"items_size": 14, "stocks_size": 6, "fill_percentage": 0.6156288156288157, "solution_time": 0.0002695999573916197}
{"items_size": 14, "stocks_size": 6, "fill_percentage": 0.537697253068381, "solution_time": 0.00021790002938359976}
{"items_size": 15, "stocks_size": 5, "fill_percentage": 0.6916881230606721, "solution_time": 0.00036639999598264694}
{"items_size": 14, "stocks_size": 6, "fill_percentage": 0.5079787234042553, "solution_time": 0.0002858999650925398}
{"items_size": 14, "stocks_size": 6, "fill_percentage": 0.6425293217746048, "solution_time": 0.00023410003632307053}
{"items_size": 14, "stocks_size": 6, "fill_percentage": 0.5961696306429548, "solution_time": 0.00020330003462731838}
{"items_size": 15, "stocks_size": 5, "fill_percentage": 0.5497674418604651, "solution_time": 0.0002861999673768878}
{"items_size": 14, "stocks_size": 6, "fill_percentage": 0.5084721320931574, "solution_time": 0.00033389998134225607}
{"items_size": 14, "stocks_size": 6, "fill_percentage": 0.6056517876970908, "solution_time": 0.0002901999978348613}
{"items_size": 14, "stocks_size": 6, "fill_percentage": 0.5043309631544926, "solution_time": 0.00025049992837011814}
{"items_size": 14, "stocks_size": 6, "fill_percentage": 0.5957123233908949, "solution_time": 0.0002443999983370304}
{"items_size": 15, "stocks_size": 5, "fill_percentage": 0.5227238335435057, "solution_time": 0.00020400003995746374}
{"items_size": 15, "stocks_size": 5, "fill_percentage": 0.6636115657392253, "solution_time": 0.0003084000200033188}
{"items_size": 14, "stocks_size": 6, "fill_percentage": 0.5541158536585366, "solution_time": 0.00026050000451505184}
{"items_size": 15, "stocks_size": 5, "fill_percentage": 0.42234432234432234, "solution_time": 0.0002639000304043293}
{"items_size": 14, "stocks_size": 6, "fill_percentage": 0.5003246753246753, "solution_time": 0.0002604000037536025}
{"items_size": 14, "stocks_size": 6, "fill_percentage": 0.5490909090909091, "solution_time": 0.000256099971011281}
{"items_size": 15, "stocks_size": 5, "fill_percentage": 0.47992518160859543, "solution_time": 0.00025209994055330753}
{"items_size": 15, "stocks_size": 5, "fill_percentage": null, "solution_time": null}
{"items_size": 15, "stocks_size": 5, "fill_percentage": 0.503234398782344, "solution_time": 0.0002528000622987747}
{"items_size": 14, "stocks_size": 6, "fill_percentage": 0.4424832623250152, "solution_time": 0.00025530008133500814}
{"items_size": 15, "stocks_size": 5, "fill_percentage": 0.7228823529411764, "solution_time": 0.0002927000168710947}
{"items_size": 14, "stocks_size": 6, "fill_percentage": 0.6911931818181818, "solution_time": 0.00023929995950311422}
{"items_size": 15, "stocks_size": 5, "fill_percentage": 0.5068545316070069, "solution_time": 0.0003236000193282962}
{"items_size": 14, "stocks_size": 6, "fill_percentage": 0.4444444444444444, "solution_time": 0.0002272999845445156}
{"items_size": 14, "stocks_size": 6, "fill_percentage": 0.5743262411347517, "solution_time": 0.0002266999799758196}
{"items_size": 14, "stocks_size": 6, "fill_percentage": 0.5179767018847479, "solution_time": 0.00022670009639114141}
{"items_size": 15, "stocks_size": 5, "fill_percentage": 0.5133928571428571, "solution_time": 0.0002442999975755811}
{"items_size": 15, "stocks_size": 5, "fill_percentage": 0.659692671394799, "solution_time": 0.0002527000615373254}
{"items_size": 15, "stocks_size": 5, "fill_percentage": 0.5198529411764706, "solution_time": 0.00021299999207258224}
{"items_size": 15, "stocks_size": 5, "fill_percentage": 0.4755532681420484, "solution_time": 0.0002614998957142234}
{"items_size": 15, "stocks_size": 5, "fill_percentage": 0.5806693306693307, "solution_time": 0.00020370003767311573}
{"items_size": 14, "stocks_size": 6, "fill_percentage": 0.5616391184573003, "solution_time": 0.00020260002929717302}
{"items_size": 15, "stocks_size": 5, "fill_percentage": null, "solution_time": null}
{"items_size": 15, "stocks_size": 5, "fill_percentage": 0.5663786331500392, "solution_time": 0.00022960000205785036}
{"items_size": 14, "stocks_size": 6, "fill_percentage": 0.5993589743589743, "solution_time": 0.00018229999113827944}
{"items_size": 15, "stocks_size": 5, "fill_percentage": 0.8384372475581993, "solution_time": 0.00026320002507418394}
{"items_size": 14, "stocks_size": 6, "fill_percentage": 0.588436385255648, "solution_time": 0.0002764000091701746}
{"items_size": 15, "stocks_size": 5, "fill_percentage": 0.5929027113237639, "solution_time": 0.00028280005790293217}
{"items_size": 15, "stocks_size": 5, "fill_percentage": 0.4944402132520944, "solution_time": 0.00022280006669461727}
{"items_size": 15, "stocks_size": 5, "fill_percentage": 0.46730004418912946, "solution_time": 0.00025809998624026775}
{"items_size": 15, "stocks_size": 5, "fill_percentage": 0.5394871794871795, "solution_time": 0.00018990004900842905}
{"items_size": 14, "stocks_size": 6, "fill_percentage": 0.5274472687939427, "solution_time": 0.00027680001221597195}
{"items_size": 14, "stocks_size": 6, "fill_percentage": 0.5032975315620878, "solution_time": 0.0001938999630510807}
{"items_size": 15, "stocks_size": 5, "fill_percentage": 0.7911985018726592, "solution_time": 0.0002272999845445156}
{"items_size": 15, "stocks_size": 5, "fill_percentage": 0.48030563925957814, "solution_time": 0.00030260009225457907}
{"items_size": 14, "stocks_size": 6, "fill_percentage": 0.5029057406094968, "solution_time": 0.0002818000502884388}
{"items_size": 15, "stocks_size": 5, "fill_percentage": 0.5681407200394543, "solution_time": 0.00044299999717622995}
{"items_size": 15, "stocks_size": 5, "fill_percentage": 0.5352061100648672, "solution_time": 0.00028879998717457056}
{"items_size": 15, "stocks_size": 5, "fill_percentage": 0.814050235478807, "solution_time": 0.00031919998582452536}
{"items_size": 15, "stocks_size": 5, "fill_percentage": 0.5890120415982485, "solution_time": 0.0002636000281199813}
{"items_size": 14, "stocks_size": 6, "fill_percentage": 0.5142589995324918, "solution_time": 0.00021680002100765705}
{"items_size": 15, "stocks_size": 5, "fill_percentage": 0.6357531180044771, "solution_time": 0.0002563000889495015}
{"items_size": 14, "stocks_size": 6, "fill_percentage": 0.5101870187018702, "solution_time": 0.00024500000290572643}
{"items_size": 14,