{"items_size": 14, "stocks_size": 6, "fill_percentage": 0.7194029850746269, "solution_time": 0.0004015000304207206}
{"items_size": 14, "stocks_size": 6, "fill_percentage": 0.6609888653234358, "solution_time": 0.0003754999488592148}
{"items_size": 14, "stocks_size": 6, "fill_percentage": 0.5204810495626823, "solution_time": 0.0003201999934390187}
{"items_size": 14, "stocks_size": 6, "fill_percentage": 0.47902930402930405, "solution_time": 0.00027379998937249184}
{"items_size": 14, "stocks_size": 6, "fill_percentage": 0.5314253959433176, "solution_time": 0.00019179994706064463}
{"items_size": 15, "stocks_size": 5, "fill_percentage": 0.5636499786050492, "solution_time": 0.0002207999350503087}
{"items_size": 15, "stocks_size": 5, "fill_percentage": 0.5615899252262888, "solution_time": 0.00025129993446171284}
{"items_size": 15, "stocks_size": 5, "fill_percentage": 0.6016369047619048, "solution_time": 0.0002524999435991049}
{"items_size": 15, "stocks_size": 5, "fill_percentage": 0.6011671335200747, "solution_time": 0.000304599991068244}
{"items_size": 14, "stocks_size": 6, "fill_percentage": 0.5049631310266591, "solution_time": 0.000219699926674366}
{"items_size": 15, "stocks_size": 5, "fill_percentage": 0.5392914943355511, "solution_time": 0.000264400034211576}
{"items_size": 14, "stocks_size": 6, "fill_percentage": 0.48425402803933876, "solution_time": 0.00021309999283403158}
{"items_size": 14, "stocks_size": 6, "fill_percentage": 0.47016129032258064, "solution_time": 0.00023390003480017185}
{"items_size": 14, "stocks_size": 6, "fill_percentage": 0.46614285714285714, "solution_time": 0.00038490002043545246}
{"items_size": 15, "stocks_size": 5, "fill_percentage": 0.558726534753932, "solution_time": 0.0002815000480040908}
{"items_size": 14, "stocks_size": 6, "fill_percentage": 0.6156288156288157, "solution_time": 0.00026459991931915283}
{"items_size": 14, "stocks_size": 6, "fill_percentage": 0.537697253068381, "solution_time": 0.00028899998869746923}
{"items_size": 15, "stocks_size": 5, "fill_percentage": 0.6916881230606721, "solution_time": 0.0002634000265970826}
{"items_size": 14, "stocks_size": 6, "fill_percentage": 0.5079787234042553, "solution_time": 0.0002455000067129731}
{"items_size": 14, "stocks_size": 6, "fill_percentage": 0.6425293217746048, "solution_time": 0.00017659994773566723}
{"items_size": 14, "stocks_size": 6, "fill_percentage": 0.5961696306429548, "solution_time": 0.0002264000941067934}
{"items_size": 15, "stocks_size": 5, "fill_percentage": 0.5497674418604651, "solution_time": 0.0003095000283792615}
{"items_size": 14, "stocks_size": 6, "fill_percentage": 0.5084721320931574, "solution_time": 0.00018039997667074203}
{"items_size": 14, "stocks_size": 6, "fill_percentage": 0.6056517876970908, "solution_time": 0.0002919000107795}
{"items_size": 14, "stocks_size": 6, "fill_percentage": 0.5043309631544926, "solution_time": 0.0002967000473290682}
{"items_size": 14, "stocks_size": 6, "fill_percentage": 0.5957123233908949, "solution_time": 0.00025699997786432505}
{"items_size": 15, "stocks_size": 5, "fill_percentage": 0.5227238335435057, "solution_time": 0.00025679997634142637}
{"items_size": 15, "stocks_size": 5, "fill_percentage": 0.6636115657392253, "solution_time": 0.0003234000178053975}
{"items_size": 14, "stocks_size": 6, "fill_percentage": 0.5541158536585366, "solution_time": 0.00025580008514225483}
{"items_size": 15, "stocks_size": 5, "fill_percentage": 0.42234432234432234, "solution_time": 0.00026329990942031145}
{"items_size": 14, "stocks_size": 6, "fill_percentage": 0.5003246753246753, "solution_time": 0.00019589997828006744}
{"items_size": 14, "stocks_size": 6, "fill_percentage": 0.5490909090909091, "solution_time": 0.00018119998276233673}
{"items_size": 15, "stocks_size": 5, "fill_percentage": 0.47992518160859543, "solution_time": 0.000309299910441041}
{"items_size": 15, "stocks_size": 5, "fill_percentage": null, "solution_time": null}
{"items_size": 15, "stocks_size": 5, "fill_percentage": 0.503234398782344, "solution_time": 0.000233299913816154}
{"items_size": 14, "stocks_size": 6, "fill_percentage": 0.4424832623250152, "solution_time": 0.0002028000308200717}
{"items_size": 15, "stocks_size": 5, "fill_percentage": 0.7228823529411764, "solution_time": 0.0002899999963119626}
{"items_size": 14, "stocks_size": 6, "fill_percentage": 0.6911931818181818, "solution_time": 0.00020969996694475412}
{"items_size": 15, "stocks_size": 5, "fill_percentage": 0.5068545316070069, "solution_time": 0.000246599898673594}
{"items_size": 14, "stocks_size": 6, "fill_percentage": 0.4444444444444444, "solution_time": 0.00018119998276233673}
{"items_size": 14, "stocks_size": 6, "fill_percentage": 0.5743262411347517, "solution_time": 0.00025480007752776146}
{"items_size": 14, "stocks_size": 6, "fill_percentage": 0.5179767018847479, "solution_time": 0.00023930007591843605}
{"items_size": 15, "stocks_size": 5, "fill_percentage": 0.5133928571428571, "solution_time": 0.00031399994622915983}
{"items_size": 15, "stocks_size": 5, "fill_percentage": 0.659692671394799, "solution_time": 0.00024590000975877047}
{"items_size": 15, "stocks_size": 5, "fill_percentage": 0.5198529411764706, "solution_time": 0.00024020008277148008}
{"items_size": 15, "stocks_size": 5, "fill_percentage": 0.4755532681420484, "solution_time": 0.00023060000967234373}
{"items_size": 15, "stocks_size": 5, "fill_percentage": 0.5806693306693307, "solution_time": 0.00019479996990412474}
{"items_size": 14, "stocks_size": 6, "fill_percentage": 0.5616391184573003, "solution_time": 0.00020790006965398788}
{"items_size": 15, "stocks_size": 5, "fill_percentage": null, "solution_time": null}
{"items_size": 15, "stocks_size": 5, "fill_percentage": 0.5663786331500392, "solution_time": 0.00030399998649954796}
{"items_size": 14, "stocks_size": 6, "fill_percentage": 0.5993589743589743, "solution_time": 0.00017680006567388773}
{"items_size": 15, "stocks_size": 5, "fill_percentage": 0.8384372475581993, "solution_time": 0.0001860000193119049}
{"items_size": 14, "stocks_size": 6, "fill_percentage": 0.588436385255648, "solution_time": 0.0002432999899610877}
{"items_size": 15, "stocks_size": 5, "fill_percentage": 0.5929027113237639, "solution_time": 0.00023030000738799572}
{"items_size": 15, "stocks_size": 5, "fill_percentage": 0.4944402132520944, "solution_time": 0.0001843998907133937}
{"items_size": 15, "stocks_size": 5, "fill_percentage": 0.46730004418912946, "solution_time": 0.0002266999799758196}
{"items_size": 15, "stocks_size": 5, "fill_percentage": 0.5394871794871795, "solution_time": 0.00020499993115663528}
{"items_size": 14, "stocks_size": 6, "fill_percentage": 0.5274472687939427, "solution_time": 0.0002778000198304653}
{"items_size": 14, "stocks_size": 6, "fill_percentage": 0.5032975315620878, "solution_time": 0.0003160999622195959}
{"items_size": 15, "stocks_size": 5, "fill_percentage": 0.7911985018726592, "solution_time": 0.00020919996313750744}
{"items_size": 15, "stocks_size": 5, "fill_percentage": 0.48030563925957814, "solution_time": 0.0002597999991849065}
{"items_size": 14, "stocks_size": 6, "fill_percentage": 0.5029057406094968, "solution_time": 0.00027439999394118786}
{"items_size": 15, "stocks_size": 5, "fill_percentage": 0.5681407200394543, "solution_time": 0.0004358000587671995}
{"items_size": 15, "stocks_size": 5, "fill_percentage": 0.5352061100648672, "solution_time": 0.0002479000249877572}
{"items_size": 15, "stocks_size": 5, "fill_percentage": 0.814050235478807, "solution_time": 0.00028899998869746923}
{"items_size": 15, "stocks_size": 5, "fill_percentage": 0.5890120415982485, "solution_time": 0.0002725999802350998}
{"items_size": 14, "stocks_size": 6, "fill_percentage": 0.5142589995324918, "solution_time": 0.00022379995789378881}
{"items_size": 15, "stocks_size": 5, "fill_percentage": 0.6357531180044771, "solution_time": 0.00027109996881335974}
{"items_size": 14, "stocks_size": 6, "fill_percentage": 0.5101870187018702, "solution_time": 0.00030559999868273735}
{"items_size": 14,