{"items_size": 14, "stocks_size": 6, "fill_percentage": 0.7194029850746269, "solution_time": 0.0002840000670403242}
{"items_size": 14, "stocks_size": 6, "fill_percentage": 0.6609888653234358, "solution_time": 0.0001970999874174595}
{"items_size": 14, "stocks_size": 6, "fill_percentage": 0.5204810495626823, "solution_time": 0.00021790002938359976}
{"items_size": 14, "stocks_size": 6, "fill_percentage": 0.6387057387057387, "solution_time": 0.0002196000423282385}
{"items_size": 14, "stocks_size": 6, "fill_percentage": 0.6642817449291469, "solution_time": 0.00021660001948475838}
{"items_size": 15, "stocks_size": 5, "fill_percentage": 0.8454749679075738, "solution_time": 0.0001873999135568738}
{"items_size": 15, "stocks_size": 5, "fill_percentage": 0.8423848878394333, "solution_time": 0.00034579995553940535}
{"items_size": 15, "stocks_size": 5, "fill_percentage": 0.8021825396825397, "solution_time": 0.00018540001474320889}
{"items_size": 15, "stocks_size": 5, "fill_percentage": 0.6011671335200747, "solution_time": 0.0002305000089108944}
{"items_size": 14, "stocks_size": 6, "fill_percentage": 0.7574446965399887, "solution_time": 0.00018949992954730988}
{"items_size": 15, "stocks_size": 5, "fill_percentage": 0.7190553257807348, "solution_time": 0.00019679998513311148}
{"items_size": 14, "stocks_size": 6, "fill_percentage": 0.645672037385785, "solution_time": 0.00018209998961538076}
{"items_size": 14, "stocks_size": 6, "fill_percentage": 0.6268817204301075, "solution_time": 0.00019440008327364922}
{"items_size": 14, "stocks_size": 6, "fill_percentage": 0.46614285714285714, "solution_time": 0.0002429999876767397}
{"items_size": 15, "stocks_size": 5, "fill_percentage": 0.558726534753932, "solution_time": 0.0001908999402076006}
{"items_size": 14, "stocks_size": 6, "fill_percentage": 0.6156288156288157, "solution_time": 0.0002142000012099743}
{"items_size": 14, "stocks_size": 6, "fill_percentage": 0.8065458796025716, "solution_time": 0.00020060001406818628}
{"items_size": 15, "stocks_size": 5, "fill_percentage": 0.6916881230606721, "solution_time": 0.0001879000337794423}
{"items_size": 14, "stocks_size": 6, "fill_percentage": 0.761968085106383, "solution_time": 0.0001854998990893364}
{"items_size": 14, "stocks_size": 6, "fill_percentage": 0.6425293217746048, "solution_time": 0.00019170006271451712}
{"items_size": 14, "stocks_size": 6, "fill_percentage": 0.7452120383036935, "solution_time": 0.00022789998911321163}
{"items_size": 15, "stocks_size": 5, "fill_percentage": 0.5497674418604651, "solution_time": 0.00032739993184804916}
{"items_size": 14, "stocks_size": 6, "fill_percentage": 0.7627081981397361, "solution_time": 0.00020380003843456507}
{"items_size": 14, "stocks_size": 6, "fill_percentage": 0.8075357169294545, "solution_time": 0.0001674999948590994}
{"items_size": 14, "stocks_size": 6, "fill_percentage": 0.5043309631544926, "solution_time": 0.000305499997921288}
{"items_size": 14, "stocks_size": 6, "fill_percentage": 0.7942830978545264, "solution_time": 0.0005273000570014119}
{"items_size": 15, "stocks_size": 5, "fill_percentage": 0.6534047919293821, "solution_time": 0.00018609990365803242}
{"items_size": 15, "stocks_size": 5, "fill_percentage": 0.6636115657392253, "solution_time": 0.0002109999768435955}
{"items_size": 14, "stocks_size": 6, "fill_percentage": 0.5541158536585366, "solution_time": 0.0002204999327659607}
{"items_size": 15, "stocks_size": 5, "fill_percentage": 0.6335164835164835, "solution_time": 0.00026000000070780516}
{"items_size": 14, "stocks_size": 6, "fill_percentage": 0.6003896103896104, "solution_time": 0.00016960001084953547}
{"items_size": 14, "stocks_size": 6, "fill_percentage": 0.6863636363636364, "solution_time": 0.00019129994325339794}
{"items_size": 15, "stocks_size": 5, "fill_percentage": 0.7198877724128931, "solution_time": 0.00021189998369663954}
{"items_size": 15, "stocks_size": 5, "fill_percentage": 0.7082621082621082, "solution_time": 0.00027059996500611305}
{"items_size": 15, "stocks_size": 5, "fill_percentage": 0.8387239979705733, "solution_time": 0.00024670001585036516}
{"items_size": 14, "stocks_size": 6, "fill_percentage": 0.6637248934875228, "solution_time": 0.00019699998665601015}
{"items_size": 15, "stocks_size": 5, "fill_percentage": 0.7228823529411764, "solution_time": 0.00021510000806301832}
{"items_size": 14, "stocks_size": 6, "fill_percentage": 0.6911931818181818, "solution_time": 0.0001732000382617116}
{"items_size": 15, "stocks_size": 5, "fill_percentage": 0.5068545316070069, "solution_time": 0.00032839993946254253}
{"items_size": 14, "stocks_size": 6, "fill_percentage": 0.6666666666666666, "solution_time": 0.0001694000093266368}
{"items_size": 14, "stocks_size": 6, "fill_percentage": 0.5743262411347517, "solution_time": 0.0002337999176234007}
{"items_size": 14, "stocks_size": 6, "fill_percentage": 0.7769650528271218, "solution_time": 0.0001984999980777502}
{"items_size": 15, "stocks_size": 5, "fill_percentage": 0.6845238095238095, "solution_time": 0.00022960000205785036}
{"items_size": 15, "stocks_size": 5, "fill_percentage": 0.659692671394799, "solution_time": 0.0002886999864131212}
{"items_size": 15, "stocks_size": 5, "fill_percentage": 0.6931372549019608, "solution_time": 0.00020139990374445915}
{"items_size": 15, "stocks_size": 5, "fill_percentage": 0.6340710241893979, "solution_time": 0.00021660001948475838}
{"items_size": 15, "stocks_size": 5, "fill_percentage": 0.7742257742257742, "solution_time": 0.0002239999594166875}
{"items_size": 14, "stocks_size": 6, "fill_percentage": 0.748852157943067, "solution_time": 0.00016729999333620071}
{"items_size": 15, "stocks_size": 5, "fill_percentage": 0.7035017221584385, "solution_time": 0.00022109993733465672}
{"items_size": 15, "stocks_size": 5, "fill_percentage": 0.8495679497250589, "solution_time": 0.00031160004436969757}
{"items_size": 14, "stocks_size": 6, "fill_percentage": 0.749198717948718, "solution_time": 0.00019160006195306778}
{"items_size": 15, "stocks_size": 5, "fill_percentage": 0.8384372475581993, "solution_time": 0.00023310002870857716}
{"items_size": 14, "stocks_size": 6, "fill_percentage": 0.7845818470075308, "solution_time": 0.00022550008725374937}
{"items_size": 15, "stocks_size": 5, "fill_percentage": 0.8893540669856459, "solution_time": 0.0002742999931797385}
{"items_size": 15, "stocks_size": 5, "fill_percentage": 0.6592536176694592, "solution_time": 0.00025949999690055847}
{"items_size": 15, "stocks_size": 5, "fill_percentage": 0.7009500662836942, "solution_time": 0.0002047000452876091}
{"items_size": 15, "stocks_size": 5, "fill_percentage": 0.6743589743589744, "solution_time": 0.0002215000567957759}
{"items_size": 14, "stocks_size": 6, "fill_percentage": 0.5274472687939427, "solution_time": 0.00021520000882446766}
{"items_size": 14, "stocks_size": 6, "fill_percentage": 0.7549462973431317, "solution_time": 0.00022330007050186396}
{"items_size": 15, "stocks_size": 5, "fill_percentage": 0.7911985018726592, "solution_time": 0.00022709998302161694}
{"items_size": 15, "stocks_size": 5, "fill_percentage": 0.6404075190127708, "solution_time": 0.0003317000810056925}
{"items_size": 14, "stocks_size": 6, "fill_percentage": 0.7543586109142452, "solution_time": 0.0001938999630510807}
{"items_size": 15, "stocks_size": 5, "fill_percentage": 0.5681407200394543, "solution_time": 0.00028909998945891857}
{"items_size": 15, "stocks_size": 5, "fill_percentage": 0.7136081467531562, "solution_time": 0.00021540001034736633}
{"items_size": 15, "stocks_size": 5, "fill_percentage": 0.814050235478807, "solution_time": 0.00021139997988939285}
{"items_size": 15, "stocks_size": 5, "fill_percentage": 0.8835180623973727, "solution_time": 0.00022369995713233948}
{"items_size": 14, "stocks_size": 6, "fill_percentage": 0.6171107994389902, "solution_time": 0.0001993000041693449}
{"items_size": 15, "stocks_size": 5, "fill_percentage": 0.6357531180044771, "solution_time": 0.00019120005890727043}
{"items_size": 14, "stocks_size": 6, "fill_percentage": 0.7652805280528053,