{"items_size": 14, "stocks_size": 6, "fill_percentage": 0.7194029850746269, "solution_time": 0.0004458999028429389}
{"items_size": 14, "stocks_size": 6, "fill_percentage": 0.6609888653234358, "solution_time": 0.0002826000563800335}
{"items_size": 14, "stocks_size": 6, "fill_percentage": 0.5204810495626823, "solution_time": 0.0004113999893888831}
{"items_size": 14, "stocks_size": 6, "fill_percentage": 0.47902930402930405, "solution_time": 0.00023809995036572218}
{"items_size": 14, "stocks_size": 6, "fill_percentage": 0.5314253959433176, "solution_time": 0.0002242999617010355}
{"items_size": 15, "stocks_size": 5, "fill_percentage": 0.5636499786050492, "solution_time": 0.00039760000072419643}
{"items_size": 15, "stocks_size": 5, "fill_percentage": 0.5615899252262888, "solution_time": 0.000246599898673594}
{"items_size": 15, "stocks_size": 5, "fill_percentage": 0.6016369047619048, "solution_time": 0.00029500003438442945}
{"items_size": 15, "stocks_size": 5, "fill_percentage": 0.6011671335200747, "solution_time": 0.0004230999620631337}
{"items_size": 14, "stocks_size": 6, "fill_percentage": 0.5049631310266591, "solution_time": 0.00034609995782375336}
{"items_size": 15, "stocks_size": 5, "fill_percentage": 0.5392914943355511, "solution_time": 0.0002957000397145748}
{"items_size": 14, "stocks_size": 6, "fill_percentage": 0.645672037385785, "solution_time": 0.0003108999226242304}
{"items_size": 14, "stocks_size": 6, "fill_percentage": 0.6268817204301075, "solution_time": 0.0002535999519750476}
{"items_size": 14, "stocks_size": 6, "fill_percentage": 0.46614285714285714, "solution_time": 0.0003095000283792615}
{"items_size": 15, "stocks_size": 5, "fill_percentage": 0.558726534753932, "solution_time": 0.0003766999579966068}
{"items_size": 14, "stocks_size": 6, "fill_percentage": 0.6156288156288157, "solution_time": 0.00019799999427050352}
{"items_size": 14, "stocks_size": 6, "fill_percentage": 0.537697253068381, "solution_time": 0.00024019996635615826}
{"items_size": 15, "stocks_size": 5, "fill_percentage": 0.6916881230606721, "solution_time": 0.00026160001289099455}
{"items_size": 14, "stocks_size": 6, "fill_percentage": 0.761968085106383, "solution_time": 0.00027920003049075603}
{"items_size": 14, "stocks_size": 6, "fill_percentage": 0.6425293217746048, "solution_time": 0.00019130005966871977}
{"items_size": 14, "stocks_size": 6, "fill_percentage": 0.7452120383036935, "solution_time": 0.0003136000595986843}
{"items_size": 15, "stocks_size": 5, "fill_percentage": 0.5497674418604651, "solution_time": 0.00037070002872496843}
{"items_size": 14, "stocks_size": 6, "fill_percentage": 0.5084721320931574, "solution_time": 0.00021650001872330904}
{"items_size": 14, "stocks_size": 6, "fill_percentage": 0.6056517876970908, "solution_time": 0.00038430001586675644}
{"items_size": 14, "stocks_size": 6, "fill_percentage": 0.5043309631544926, "solution_time": 0.0003741999389603734}
{"items_size": 14, "stocks_size": 6, "fill_percentage": 0.5957123233908949, "solution_time": 0.000224200077354908}
{"items_size": 15, "stocks_size": 5, "fill_percentage": 0.5227238335435057, "solution_time": 0.00026050000451505184}
{"items_size": 15, "stocks_size": 5, "fill_percentage": 0.6636115657392253, "solution_time": 0.0003947000950574875}
{"items_size": 14, "stocks_size": 6, "fill_percentage": 0.5541158536585366, "solution_time": 0.00033439998514950275}
{"items_size": 15, "stocks_size": 5, "fill_percentage": 0.42234432234432234, "solution_time": 0.0005005999701097608}
{"items_size": 14, "stocks_size": 6, "fill_percentage": 0.5003246753246753, "solution_time": 0.0001976999919861555}
{"items_size": 14, "stocks_size": 6, "fill_percentage": 0.5490909090909091, "solution_time": 0.00018279999494552612}
{"items_size": 15, "stocks_size": 5, "fill_percentage": 0.7198877724128931, "solution_time": 0.0004143000114709139}
{"items_size": 15, "stocks_size": 5, "fill_percentage": null, "solution_time": null}
{"items_size": 15, "stocks_size": 5, "fill_percentage": 0.503234398782344, "solution_time": 0.0002762000076472759}
{"items_size": 14, "stocks_size": 6, "fill_percentage": 0.4424832623250152, "solution_time": 0.00032489991281181574}
{"items_size": 15, "stocks_size": 5, "fill_percentage": 0.7228823529411764, "solution_time": 0.0003839000128209591}
{"items_size": 14, "stocks_size": 6, "fill_percentage": 0.6911931818181818, "solution_time": 0.0002647999208420515}
{"items_size": 15, "stocks_size": 5, "fill_percentage": 0.5068545316070069, "solution_time": 0.0005254000425338745}
{"items_size": 14, "stocks_size": 6, "fill_percentage": 0.5333333333333333, "solution_time": 0.0002128999913111329}
{"items_size": 14, "stocks_size": 6, "fill_percentage": 0.5743262411347517, "solution_time": 0.00040330004412680864}
{"items_size": 14, "stocks_size": 6, "fill_percentage": 0.5179767018847479, "solution_time": 0.00025809998624026775}
{"items_size": 15, "stocks_size": 5, "fill_percentage": 0.5133928571428571, "solution_time": 0.0002739999908953905}
{"items_size": 15, "stocks_size": 5, "fill_percentage": 0.659692671394799, "solution_time": 0.00041039998177438974}
{"items_size": 15, "stocks_size": 5, "fill_percentage": 0.5198529411764706, "solution_time": 0.00028119992930442095}
{"items_size": 15, "stocks_size": 5, "fill_percentage": 0.6340710241893979, "solution_time": 0.0003378000110387802}
{"items_size": 15, "stocks_size": 5, "fill_percentage": 0.5806693306693307, "solution_time": 0.0002437999937683344}
{"items_size": 14, "stocks_size": 6, "fill_percentage": 0.5616391184573003, "solution_time": 0.00023720005992799997}
{"items_size": 15, "stocks_size": 5, "fill_percentage": null, "solution_time": null}
{"items_size": 15, "stocks_size": 5, "fill_percentage": 0.5663786331500392, "solution_time": 0.0002821000525727868}
{"items_size": 14, "stocks_size": 6, "fill_percentage": 0.5993589743589743, "solution_time": 0.00023330003023147583}
{"items_size": 15, "stocks_size": 5, "fill_percentage": 0.6288279356686495, "solution_time": 0.00026080000679939985}
{"items_size": 14, "stocks_size": 6, "fill_percentage": 0.588436385255648, "solution_time": 0.0002489000326022506}
{"items_size": 15, "stocks_size": 5, "fill_percentage": 0.5929027113237639, "solution_time": 0.00035440002102404833}
{"items_size": 15, "stocks_size": 5, "fill_percentage": 0.6592536176694592, "solution_time": 0.00023650005459785461}
{"items_size": 15, "stocks_size": 5, "fill_percentage": 0.7009500662836942, "solution_time": 0.0003637999761849642}
{"items_size": 15, "stocks_size": 5, "fill_percentage": 0.6743589743589744, "solution_time": 0.00022660009562969208}
{"items_size": 14, "stocks_size": 6, "fill_percentage": 0.5274472687939427, "solution_time": 0.0002479000249877572}
{"items_size": 14, "stocks_size": 6, "fill_percentage": 0.6039570378745054, "solution_time": 0.00019240006804466248}
{"items_size": 15, "stocks_size": 5, "fill_percentage": 0.5933988764044944, "solution_time": 0.0002527999458834529}
{"items_size": 15, "stocks_size": 5, "fill_percentage": 0.6404075190127708, "solution_time": 0.000372899929061532}
{"items_size": 14, "stocks_size": 6, "fill_percentage": 0.5029057406094968, "solution_time": 0.0003103999188169837}
{"items_size": 15, "stocks_size": 5, "fill_percentage": 0.5681407200394543, "solution_time": 0.00031569995917379856}
{"items_size": 15, "stocks_size": 5, "fill_percentage": 0.7136081467531562, "solution_time": 0.0002848999574780464}
{"items_size": 15, "stocks_size": 5, "fill_percentage": 0.5427001569858713, "solution_time": 0.0003124999348074198}
{"items_size": 15, "stocks_size": 5, "fill_percentage": 0.5890120415982485, "solution_time": 0.00039579998701810837}
{"items_size": 14, "stocks_size": 6, "fill_percentage": 0.5142589995324918, "solution_time": 0.00023999996483325958}
{"items_size": 15, "stocks_size": 5, "fill_percentage": 0.6357531180044771, "solution_time": 0.00029969995375722647}
{"items_size": 14, "stocks_size": 6, "fill_percentage": 0.5101870187018702,