{"items_size": 14, "stocks_size": 6, "fill_percentage": 0.7194029850746269, "solution_time": 0.00021500000730156898}
{"items_size": 14, "stocks_size": 6, "fill_percentage": 0.6609888653234358, "solution_time": 0.00026240001898258924}
{"items_size": 14, "stocks_size": 6, "fill_percentage": 0.5204810495626823, "solution_time": 0.00024199998006224632}
{"items_size": 14, "stocks_size": 6, "fill_percentage": 0.6387057387057387, "solution_time": 0.00019070005510002375}
{"items_size": 14, "stocks_size": 6, "fill_percentage": 0.6642817449291469, "solution_time": 0.00022590009029954672}
{"items_size": 15, "stocks_size": 5, "fill_percentage": 0.8454749679075738, "solution_time": 0.00019529997371137142}
{"items_size": 15, "stocks_size": 5, "fill_percentage": 0.8423848878394333, "solution_time": 0.00025859999004751444}
{"items_size": 15, "stocks_size": 5, "fill_percentage": 0.8021825396825397, "solution_time": 0.0002207999350503087}
{"items_size": 15, "stocks_size": 5, "fill_percentage": 0.6011671335200747, "solution_time": 0.0002750999992713332}
{"items_size": 14, "stocks_size": 6, "fill_percentage": 0.7574446965399887, "solution_time": 0.00020709994714707136}
{"items_size": 15, "stocks_size": 5, "fill_percentage": 0.7190553257807348, "solution_time": 0.00019239995162934065}
{"items_size": 14, "stocks_size": 6, "fill_percentage": 0.645672037385785, "solution_time": 0.0001601999392732978}
{"items_size": 14, "stocks_size": 6, "fill_percentage": 0.6268817204301075, "solution_time": 0.00021730002481490374}
{"items_size": 14, "stocks_size": 6, "fill_percentage": 0.46614285714285714, "solution_time": 0.000269399955868721}
{"items_size": 15, "stocks_size": 5, "fill_percentage": 0.558726534753932, "solution_time": 0.0002397000789642334}
{"items_size": 14, "stocks_size": 6, "fill_percentage": 0.6156288156288157, "solution_time": 0.00020150002092123032}
{"items_size": 14, "stocks_size": 6, "fill_percentage": 0.8065458796025716, "solution_time": 0.00022799998987466097}
{"items_size": 15, "stocks_size": 5, "fill_percentage": 0.6916881230606721, "solution_time": 0.00020540005061775446}
{"items_size": 14, "stocks_size": 6, "fill_percentage": 0.761968085106383, "solution_time": 0.00024580000899732113}
{"items_size": 14, "stocks_size": 6, "fill_percentage": 0.6425293217746048, "solution_time": 0.00018199998885393143}
{"items_size": 14, "stocks_size": 6, "fill_percentage": 0.7452120383036935, "solution_time": 0.00016419996973127127}
{"items_size": 15, "stocks_size": 5, "fill_percentage": 0.5497674418604651, "solution_time": 0.0002888999879360199}
{"items_size": 14, "stocks_size": 6, "fill_percentage": 0.7627081981397361, "solution_time": 0.000265000038780272}
{"items_size": 14, "stocks_size": 6, "fill_percentage": 0.8075357169294545, "solution_time": 0.00022479996550828218}
{"items_size": 14, "stocks_size": 6, "fill_percentage": 0.5043309631544926, "solution_time": 0.00027199997566640377}
{"items_size": 14, "stocks_size": 6, "fill_percentage": 0.7942830978545264, "solution_time": 0.00022009992972016335}
{"items_size": 15, "stocks_size": 5, "fill_percentage": 0.6534047919293821, "solution_time": 0.00020290003158152103}
{"items_size": 15, "stocks_size": 5, "fill_percentage": 0.6636115657392253, "solution_time": 0.00018319999799132347}
{"items_size": 14, "stocks_size": 6, "fill_percentage": 0.5541158536585366, "solution_time": 0.0002226999495178461}
{"items_size": 15, "stocks_size": 5, "fill_percentage": 0.6335164835164835, "solution_time": 0.0002794000320136547}
{"items_size": 14, "stocks_size": 6, "fill_percentage": 0.6003896103896104, "solution_time": 0.00020869995933026075}
{"items_size": 14, "stocks_size": 6, "fill_percentage": 0.6863636363636364, "solution_time": 0.00016659998800605536}
{"items_size": 15, "stocks_size": 5, "fill_percentage": 0.7198877724128931, "solution_time": 0.0002938000252470374}
{"items_size": 15, "stocks_size": 5, "fill_percentage": 0.7082621082621082, "solution_time": 0.0002568999771028757}
{"items_size": 15, "stocks_size": 5, "fill_percentage": 0.8387239979705733, "solution_time": 0.00025729998014867306}
{"items_size": 14, "stocks_size": 6, "fill_percentage": 0.6637248934875228, "solution_time": 0.0002543999580666423}
{"items_size": 15, "stocks_size": 5, "fill_percentage": 0.7228823529411764, "solution_time": 0.00022389995865523815}
{"items_size": 14, "stocks_size": 6, "fill_percentage": 0.6911931818181818, "solution_time": 0.0001713999081403017}
{"items_size": 15, "stocks_size": 5, "fill_percentage": 0.5068545316070069, "solution_time": 0.00029930006712675095}
{"items_size": 14, "stocks_size": 6, "fill_percentage": 0.6666666666666666, "solution_time": 0.00022299995180219412}
{"items_size": 14, "stocks_size": 6, "fill_percentage": 0.5743262411347517, "solution_time": 0.00022010004613548517}
{"items_size": 14, "stocks_size": 6, "fill_percentage": 0.7769650528271218, "solution_time": 0.00021700002253055573}
{"items_size": 15, "stocks_size": 5, "fill_percentage": 0.6845238095238095, "solution_time": 0.0002071999479085207}
{"items_size": 15, "stocks_size": 5, "fill_percentage": 0.659692671394799, "solution_time": 0.0002899999963119626}
{"items_size": 15, "stocks_size": 5, "fill_percentage": 0.6931372549019608, "solution_time": 0.00019970000721514225}
{"items_size": 15, "stocks_size": 5, "fill_percentage": 0.6340710241893979, "solution_time": 0.00018339999951422215}
{"items_size": 15, "stocks_size": 5, "fill_percentage": 0.7742257742257742, "solution_time": 0.00022639997769147158}
{"items_size": 14, "stocks_size": 6, "fill_percentage": 0.748852157943067, "solution_time": 0.00021349999587982893}
{"items_size": 15, "stocks_size": 5, "fill_percentage": 0.7035017221584385, "solution_time": 0.0002576000988483429}
{"items_size": 15, "stocks_size": 5, "fill_percentage": 0.8495679497250589, "solution_time": 0.0002968000480905175}
{"items_size": 14, "stocks_size": 6, "fill_percentage": 0.749198717948718, "solution_time": 0.00016589998267591}
{"items_size": 15, "stocks_size": 5, "fill_percentage": 0.8384372475581993, "solution_time": 0.0002631000243127346}
{"items_size": 14, "stocks_size": 6, "fill_percentage": 0.7845818470075308, "solution_time": 0.00022879999596625566}
{"items_size": 15, "stocks_size": 5, "fill_percentage": 0.8893540669856459, "solution_time": 0.0002810000441968441}
{"items_size": 15, "stocks_size": 5, "fill_percentage": 0.6592536176694592, "solution_time": 0.00022749998606741428}
{"items_size": 15, "stocks_size": 5, "fill_percentage": 0.7009500662836942, "solution_time": 0.00023069989401847124}
{"items_size": 15, "stocks_size": 5, "fill_percentage": 0.6743589743589744, "solution_time": 0.00020079989917576313}
{"items_size": 14, "stocks_size": 6, "fill_percentage": 0.5274472687939427, "solution_time": 0.00022030004765838385}
{"items_size": 14, "stocks_size": 6, "fill_percentage": 0.7549462973431317, "solution_time": 0.00015630002599209547}
{"items_size": 15, "stocks_size": 5, "fill_percentage": 0.7911985018726592, "solution_time": 0.00019890000112354755}
{"items_size": 15, "stocks_size": 5, "fill_percentage": 0.6404075190127708, "solution_time": 0.00020620005670934916}
{"items_size": 14, "stocks_size": 6, "fill_percentage": 0.7543586109142452, "solution_time": 0.00029250001534819603}
{"items_size": 15, "stocks_size": 5, "fill_percentage": 0.5681407200394543, "solution_time": 0.0002373000606894493}
{"items_size": 15, "stocks_size": 5, "fill_percentage": 0.7136081467531562, "solution_time": 0.0002020999090746045}
{"items_size": 15, "stocks_size": 5, "fill_percentage": 0.814050235478807, "solution_time": 0.00025939999613910913}
{"items_size": 15, "stocks_size": 5, "fill_percentage": 0.8835180623973727, "solution_time": 0.0002443999983370304}
{"items_size": 14, "stocks_size": 6, "fill_percentage": 0.6171107994389902, "solution_time": 0.00018989993259310722}
{"items_size": 15, "stocks_size": 5, "fill_percentage": 0.6357531180044771,