{"items_size": 28, "stocks_size": 4, "fill_percentage": 0.6639506172839507, "solution_time": 0.0003228999994462356}
{"items_size": 21, "stocks_size": 6, "fill_percentage": 0.7471980074719801, "solution_time": 0.0001868999988801079}
