{"items_size": 12, "stocks_size": 4, "fill_percentage": 0.5576685219542362, "solution_time": 0.0003022000892087817}
{"items_size": 12, "stocks_size": 4, "fill_percentage": 0.628968253968254, "solution_time": 0.00025040004402399063}
{"items_size": 12, "stocks_size": 4, "fill_percentage": 0.7273507206588882, "solution_time": 0.00026050000451505184}
{"items_size": 12, "stocks_size": 4, "fill_percentage": 0.8353658536585366, "solution_time": 0.00018400000408291817}
{"items_size": 11, "stocks_size": 5, "fill_percentage": 0.6360203340595497, "solution_time": 0.0001604999415576458}
{"items_size": 12, "stocks_size": 4, "fill_percentage": 0.501980198019802, "solution_time": 0.00018049997743219137}
{"items_size": 11, "stocks_size": 5, "fill_percentage": 0.7425287356321839, "solution_time": 0.0001805999781936407}
{"items_size": 12, "stocks_size": 4, "fill_percentage": 0.5671983458868705, "solution_time": 0.00016960001084953547}
{"items_size": 12, "stocks_size": 4, "fill_percentage": 0.7958553791887125, "solution_time": 0.0001382000045850873}
{"items_size": 12, "stocks_size": 4, "fill_percentage": 0.7545292405895053, "solution_time": 0.00016799999866634607}
{"items_size": 12, "stocks_size": 4, "fill_percentage": 0.43729395604395604, "solution_time": 0.0002082999562844634}
{"items_size": 11, "stocks_size": 5, "fill_percentage": 0.6042202779207411, "solution_time": 0.0001351999817416072}
{"items_size": 12, "stocks_size": 4, "fill_percentage": 0.6816496756255792, "solution_time": 0.00016960001084953547}
{"items_size": 12, "stocks_size": 4, "fill_percentage": 0.5434835271317829, "solution_time": 0.00016920000780373812}
{"items_size": 12, "stocks_size": 4, "fill_percentage": 0.7270047169811321, "solution_time": 0.0001705000177025795}
{"items_size": 12, "stocks_size": 4, "fill_percentage": 0.5978017883755589, "solution_time": 0.00017579994164407253}
{"items_size": 12, "stocks_size": 4, "fill_percentage": 0.8373935432758962, "solution_time": 0.00016880000475794077}
{"items_size": 12, "stocks_size": 4, "fill_percentage": 0.5908613445378151, "solution_time": 0.0002272999845445156}
{"items_size": 12, "stocks_size": 4, "fill_percentage": 0.685717419921018, "solution_time": 0.00019280007109045982}
{"items_size": 12, "stocks_size": 4, "fill_percentage": 0.7378496640100015, "solution_time": 0.00015300000086426735}
{"items_size": 12, "stocks_size": 4, "fill_percentage": 0.6738624338624338, "solution_time": 0.0010200999677181244}
{"items_size": 11, "stocks_size": 5, "fill_percentage": 0.7865675005634438, "solution_time": 0.00013499998021870852}
{"items_size": 12, "stocks_size": 4, "fill_percentage": 0.7158073755818116, "solution_time": 0.00016789999790489674}
{"items_size": 11, "stocks_size": 5, "fill_percentage": 0.815421686746988, "solution_time": 0.0001246000174432993}
{"items_size": 11, "stocks_size": 5, "fill_percentage": 0.5113554434030281, "solution_time": 0.00018500001169741154}
{"items_size": 11, "stocks_size": 5, "fill_percentage": 0.6827679782903664, "solution_time": 0.00013589998707175255}
{"items_size": 11, "stocks_size": 5, "fill_percentage": 0.7951320457232952, "solution_time": 0.00014809996355324984}
{"items_size": 11, "stocks_size": 5, "fill_percentage": 0.5894308943089431, "solution_time": 0.000215600011870265}
{"items_size": 11, "stocks_size": 5, "fill_percentage": 0.4805194805194805, "solution_time": 0.00017190002836287022}
{"items_size": 11, "stocks_size": 5, "fill_percentage": 0.5525767336112164, "solution_time": 0.00014759995974600315}
{"items_size": 11, "stocks_size": 5, "fill_percentage": 0.6738155312587608, "solution_time": 0.00015460001304745674}
{"items_size": 11, "stocks_size": 5, "fill_percentage": 0.5474871794871795, "solution_time": 0.0001680999994277954}
{"items_size": 11, "stocks_size": 5, "fill_percentage": 0.6781643081761006, "solution_time": 0.00016840000171214342}
{"items_size": 11, "stocks_size": 5, "fill_percentage": 0.5860197368421053, "solution_time": 0.00015129998791962862}
{"items_size": 12, "stocks_size": 4, "fill_percentage": 0.7352820764758864, "solution_time": 0.0001537000061944127}
{"items_size": 12, "stocks_size": 4, "fill_percentage": 0.69357822410148, "solution_time": 0.0003011999651789665}
{"items_size": 12, "stocks_size": 4, "fill_percentage": 0.6132732085089697, "solution_time": 0.0002634000265970826}
{"items_size": 11, "stocks_size": 5, "fill_percentage": 0.7171488848704038, "solution_time": 0.00015239999629557133}
{"items_size": 12, "stocks_size": 4, "fill_percentage": 0.7401547116736991, "solution_time": 0.00017539993859827518}
{"items_size": 11, "stocks_size": 5, "fill_percentage": 0.5871851851851851, "solution_time": 0.0001599999377503991}
{"items_size": 11, "stocks_size": 5, "fill_percentage": 0.5223689035570224, "solution_time": 0.00017520005349069834}
{"items_size": 11, "stocks_size": 5, "fill_percentage": 0.7199897400820794, "solution_time": 0.00018540001474320889}
{"items_size": 12, "stocks_size": 4, "fill_percentage": 0.5693274205469327, "solution_time": 0.00018099998123943806}
{"items_size": 11, "stocks_size": 5, "fill_percentage": 0.7472817645231439, "solution_time": 0.00022240006364881992}
{"items_size": 11, "stocks_size": 5, "fill_percentage": 0.4658926931654204, "solution_time": 0.00018370000179857016}
{"items_size": 12, "stocks_size": 4, "fill_percentage": 0.5354813962408899, "solution_time": 0.00016120006330311298}
{"items_size": 11, "stocks_size": 5, "fill_percentage": 0.742280701754386, "solution_time": 0.0002772000152617693}
{"items_size": 12, "stocks_size": 4, "fill_percentage": 0.48212719298245615, "solution_time": 0.00020180002320557833}
{"items_size": 11, "stocks_size": 5, "fill_percentage": 0.4368480179746429, "solution_time": 0.00029740005265921354}
{"items_size": 11, "stocks_size": 5, "fill_percentage": 0.5751962323390895, "solution_time": 0.00016439997125416994}
{"items_size": 11, "stocks_size": 5, "fill_percentage": 0.4450140989489874, "solution_time": 0.00017030001617968082}
{"items_size": 11, "stocks_size": 5, "fill_percentage": 0.5967875476072197, "solution_time": 0.00014349992852658033}
{"items_size": 12, "stocks_size": 4, "fill_percentage": 0.6066411238825032, "solution_time": 0.0002335000317543745}
{"items_size": 12, "stocks_size": 4, "fill_percentage": 0.6911764705882353, "solution_time": 0.00018700002692639828}
{"items_size": 12, "stocks_size": 4, "fill_percentage": 0.5515625, "solution_time": 0.00018830003682523966}
{"items_size": 12, "stocks_size": 4, "fill_percentage": 0.7580645161290323, "solution_time": 0.0001981999957934022}
{"items_size": 12, "stocks_size": 4, "fill_percentage": 0.6043822276323798, "solution_time": 0.0001865000231191516}
{"items_size": 11, "stocks_size": 5, "fill_percentage": 0.621832016388645, "solution_time": 0.00015109998639672995}
{"items_size": 11, "stocks_size": 5, "fill_percentage": 0.775840597758406, "solution_time": 0.00021950004156678915}
{"items_size": 12, "stocks_size": 4, "fill_percentage": 0.9285915492957747, "solution_time": 0.00018030009232461452}
{"items_size": 12, "stocks_size": 4, "fill_percentage": 0.824230810177792, "solution_time": 0.00021049997303634882}
{"items_size": 12, "stocks_size": 4, "fill_percentage": 0.6641108420769438, "solution_time": 0.00018119998276233673}
{"items_size": 12, "stocks_size": 4, "fill_percentage": 0.5377946127946128, "solution_time": 0.00023340003099292517}
{"items_size": 12, "stocks_size": 4, "fill_percentage": 0.7717391304347826, "solution_time": 0.00019079993944615126}
{"items_size": 12, "stocks_size": 4, "fill_percentage": 0.5469791666666667, "solution_time": 0.00019180006347596645}
{"items_size": 12, "stocks_size": 4, "fill_percentage": 0.6886664194784329, "solution_time": 0.00023170001804828644}
{"items_size": 12, "stocks_size": 4, "fill_percentage": 0.704002079002079, "solution_time": 0.00016799999866634607}
{"items_size": 11, "stocks_size": 5, "fill_percentage": 0.8850574712643678, "solution_time": 0.00018700002692639828}
{"items_size": 12, "stocks_size": 4, "fill_percentage": 0.5852965631929047,