{"items_size": 12, "stocks_size": 4, "fill_percentage": 0.5576685219542362, "solution_time": 0.00024580000899732113}
{"items_size": 12, "stocks_size": 4, "fill_percentage": 0.628968253968254, "solution_time": 0.00019150006119161844}
{"items_size": 12, "stocks_size": 4, "fill_percentage": 0.7273507206588882, "solution_time": 0.0002877999795600772}
{"items_size": 12, "stocks_size": 4, "fill_percentage": 0.8353658536585366, "solution_time": 0.00040840008296072483}
{"items_size": 11, "stocks_size": 5, "fill_percentage": 0.6360203340595497, "solution_time": 0.00025669997557997704}
{"items_size": 12, "stocks_size": 4, "fill_percentage": 0.501980198019802, "solution_time": 0.00021379999816417694}
{"items_size": 11, "stocks_size": 5, "fill_percentage": 0.7425287356321839, "solution_time": 0.00028069992549717426}
{"items_size": 12, "stocks_size": 4, "fill_percentage": 0.5671983458868705, "solution_time": 0.00015310000162571669}
{"items_size": 12, "stocks_size": 4, "fill_percentage": 0.7958553791887125, "solution_time": 0.00014540005940943956}
{"items_size": 12, "stocks_size": 4, "fill_percentage": 0.7545292405895053, "solution_time": 0.00014620006550103426}
{"items_size": 12, "stocks_size": 4, "fill_percentage": 0.43729395604395604, "solution_time": 0.00024060008581727743}
{"items_size": 11, "stocks_size": 5, "fill_percentage": 0.6042202779207411, "solution_time": 0.00014429993461817503}
{"items_size": 12, "stocks_size": 4, "fill_percentage": 0.6816496756255792, "solution_time": 0.00016609998419880867}
{"items_size": 12, "stocks_size": 4, "fill_percentage": 0.5434835271317829, "solution_time": 0.0001775000710040331}
{"items_size": 12, "stocks_size": 4, "fill_percentage": 0.7270047169811321, "solution_time": 0.00018809991888701916}
{"items_size": 12, "stocks_size": 4, "fill_percentage": 0.5978017883755589, "solution_time": 0.00018069997895509005}
{"items_size": 12, "stocks_size": 4, "fill_percentage": 0.8373935432758962, "solution_time": 0.00016389996744692326}
{"items_size": 12, "stocks_size": 4, "fill_percentage": 0.5908613445378151, "solution_time": 0.0001686000032350421}
{"items_size": 12, "stocks_size": 4, "fill_percentage": 0.685717419921018, "solution_time": 0.00019519997294992208}
{"items_size": 12, "stocks_size": 4, "fill_percentage": 0.7378496640100015, "solution_time": 0.00015440001152455807}
{"items_size": 12, "stocks_size": 4, "fill_percentage": 0.6738624338624338, "solution_time": 0.0011743999784812331}
{"items_size": 11, "stocks_size": 5, "fill_percentage": 0.7865675005634438, "solution_time": 0.00013569998554885387}
{"items_size": 12, "stocks_size": 4, "fill_percentage": 0.7158073755818116, "solution_time": 0.00015760003589093685}
{"items_size": 11, "stocks_size": 5, "fill_percentage": 0.815421686746988, "solution_time": 0.00012500002048909664}
{"items_size": 11, "stocks_size": 5, "fill_percentage": 0.5113554434030281, "solution_time": 0.00017550005577504635}
{"items_size": 11, "stocks_size": 5, "fill_percentage": 0.6827679782903664, "solution_time": 0.0001680999994277954}
{"items_size": 11, "stocks_size": 5, "fill_percentage": 0.7951320457232952, "solution_time": 0.00017929996829479933}
{"items_size": 11, "stocks_size": 5, "fill_percentage": 0.5894308943089431, "solution_time": 0.0001962999813258648}
{"items_size": 11, "stocks_size": 5, "fill_percentage": 0.4805194805194805, "solution_time": 0.0001373999984934926}
{"items_size": 11, "stocks_size": 5, "fill_percentage": 0.5525767336112164, "solution_time": 0.00014539994299411774}
{"items_size": 11, "stocks_size": 5, "fill_percentage": 0.6738155312587608, "solution_time": 0.0001984999980777502}
{"items_size": 11, "stocks_size": 5, "fill_percentage": 0.5474871794871795, "solution_time": 0.00016930000856518745}
{"items_size": 11, "stocks_size": 5, "fill_percentage": 0.6781643081761006, "solution_time": 0.00012820004485547543}
{"items_size": 11, "stocks_size": 5, "fill_percentage": 0.5860197368421053, "solution_time": 0.00016529997810721397}
{"items_size": 12, "stocks_size": 4, "fill_percentage": 0.7352820764758864, "solution_time": 0.00020389992278069258}
{"items_size": 12, "stocks_size": 4, "fill_percentage": 0.69357822410148, "solution_time": 0.00022829999215900898}
{"items_size": 12, "stocks_size": 4, "fill_percentage": 0.6132732085089697, "solution_time": 0.0003229000139981508}
{"items_size": 11, "stocks_size": 5, "fill_percentage": 0.7171488848704038, "solution_time": 0.0001553000183776021}
{"items_size": 12, "stocks_size": 4, "fill_percentage": 0.7401547116736991, "solution_time": 0.00020299991592764854}
{"items_size": 11, "stocks_size": 5, "fill_percentage": 0.5871851851851851, "solution_time": 0.00018119998276233673}
{"items_size": 11, "stocks_size": 5, "fill_percentage": 0.5223689035570224, "solution_time": 0.0001583000412210822}
{"items_size": 11, "stocks_size": 5, "fill_percentage": 0.7199897400820794, "solution_time": 0.00015600002370774746}
{"items_size": 12, "stocks_size": 4, "fill_percentage": 0.8539911308203991, "solution_time": 0.000179799972102046}
{"items_size": 11, "stocks_size": 5, "fill_percentage": 0.7472817645231439, "solution_time": 0.0001981999957934022}
{"items_size": 11, "stocks_size": 5, "fill_percentage": 0.9317853863308408, "solution_time": 0.00023150001652538776}
{"items_size": 12, "stocks_size": 4, "fill_percentage": 0.5354813962408899, "solution_time": 0.00018350000027567148}
{"items_size": 11, "stocks_size": 5, "fill_percentage": 0.742280701754386, "solution_time": 0.00021700002253055573}
{"items_size": 12, "stocks_size": 4, "fill_percentage": 0.48212719298245615, "solution_time": 0.00020769995171576738}
{"items_size": 11, "stocks_size": 5, "fill_percentage": 0.4368480179746429, "solution_time": 0.00018710002768784761}
{"items_size": 11, "stocks_size": 5, "fill_percentage": 0.5751962323390895, "solution_time": 0.00015320000238716602}
{"items_size": 11, "stocks_size": 5, "fill_percentage": 0.4450140989489874, "solution_time": 0.00019859999883919954}
{"items_size": 11, "stocks_size": 5, "fill_percentage": 0.5967875476072197, "solution_time": 0.0001674999948590994}
{"items_size": 12, "stocks_size": 4, "fill_percentage": 0.6066411238825032, "solution_time": 0.00014809996355324984}
{"items_size": 12, "stocks_size": 4, "fill_percentage": 0.6911764705882353, "solution_time": 0.00020869995933026075}
{"items_size": 12, "stocks_size": 4, "fill_percentage": 0.5515625, "solution_time": 0.00021039997227489948}
{"items_size": 12, "stocks_size": 4, "fill_percentage": 0.7580645161290323, "solution_time": 0.00015320000238716602}
{"items_size": 12, "stocks_size": 4, "fill_percentage": 0.6043822276323798, "solution_time": 0.00015350000467151403}
{"items_size": 11, "stocks_size": 5, "fill_percentage": 0.621832016388645, "solution_time": 0.00018480001017451286}
{"items_size": 11, "stocks_size": 5, "fill_percentage": 0.387920298879203, "solution_time": 0.00023040000814944506}
{"items_size": 12, "stocks_size": 4, "fill_percentage": 0.46429577464788735, "solution_time": 0.00024199998006224632}
{"items_size": 12, "stocks_size": 4, "fill_percentage": 0.824230810177792, "solution_time": 0.00023499992676079273}
{"items_size": 12, "stocks_size": 4, "fill_percentage": 0.6641108420769438, "solution_time": 0.00018480001017451286}
{"items_size": 12, "stocks_size": 4, "fill_percentage": 0.5377946127946128, "solution_time": 0.0002313000150024891}
{"items_size": 12, "stocks_size": 4, "fill_percentage": 0.7717391304347826, "solution_time": 0.000193099956959486}
{"items_size": 12, "stocks_size": 4, "fill_percentage": 0.5469791666666667, "solution_time": 0.00019379996228963137}
{"items_size": 12, "stocks_size": 4, "fill_percentage": 0.6886664194784329, "solution_time": 0.0002492000348865986}
{"items_size": 12, "stocks_size": 4, "fill_percentage": 0.704002079002079, "solution_time": 0.00016910000704228878}
{"items_size": 11, "stocks_size": 5, "fill_percentage": 0.8850574712643678, "solution_time": 0.0002587001072242856}
{"items_size": 12, "stocks_size": 4, "fill_percentage": 0.5852965631929047,