{"items_size": 12, "stocks_size": 4, "fill_percentage": 0.5576685219542362, "solution_time": 0.00030179996974766254}
{"items_size": 12, "stocks_size": 4, "fill_percentage": 0.628968253968254, "solution_time": 0.0002470000181347132}
{"items_size": 12, "stocks_size": 4, "fill_percentage": 0.7273507206588882, "solution_time": 0.0003106999211013317}
{"items_size": 12, "stocks_size": 4, "fill_percentage": 0.8353658536585366, "solution_time": 0.0001993998885154724}
{"items_size": 11, "stocks_size": 5, "fill_percentage": 0.6360203340595497, "solution_time": 0.0001689000055193901}
{"items_size": 12, "stocks_size": 4, "fill_percentage": 0.501980198019802, "solution_time": 0.00023680005688220263}
{"items_size": 11, "stocks_size": 5, "fill_percentage": 0.7425287356321839, "solution_time": 0.000179499969817698}
{"items_size": 12, "stocks_size": 4, "fill_percentage": 0.5671983458868705, "solution_time": 0.00018969993107020855}
{"items_size": 12, "stocks_size": 4, "fill_percentage": 0.7958553791887125, "solution_time": 0.00015919993165880442}
{"items_size": 12, "stocks_size": 4, "fill_percentage": 0.565896930442129, "solution_time": 0.00017640006262809038}
{"items_size": 12, "stocks_size": 4, "fill_percentage": 0.8745879120879121, "solution_time": 0.00021150009706616402}
{"items_size": 11, "stocks_size": 5, "fill_percentage": 0.8056270372276548, "solution_time": 0.00015869992785155773}
{"items_size": 12, "stocks_size": 4, "fill_percentage": 0.6816496756255792, "solution_time": 0.00016639998648315668}
{"items_size": 12, "stocks_size": 4, "fill_percentage": 0.5434835271317829, "solution_time": 0.0001900000497698784}
{"items_size": 12, "stocks_size": 4, "fill_percentage": 0.7270047169811321, "solution_time": 0.00016350008081644773}
{"items_size": 12, "stocks_size": 4, "fill_percentage": 0.5978017883755589, "solution_time": 0.0001591000473126769}
{"items_size": 12, "stocks_size": 4, "fill_percentage": 0.6280451574569221, "solution_time": 0.00024289998691529036}
{"items_size": 12, "stocks_size": 4, "fill_percentage": 0.5908613445378151, "solution_time": 0.0002145000034943223}
{"items_size": 12, "stocks_size": 4, "fill_percentage": 0.685717419921018, "solution_time": 0.00020150002092123032}
{"items_size": 12, "stocks_size": 4, "fill_percentage": 0.7378496640100015, "solution_time": 0.00016279995907098055}
{"items_size": 12, "stocks_size": 4, "fill_percentage": 0.6738624338624338, "solution_time": 0.00016020005568861961}
{"items_size": 11, "stocks_size": 5, "fill_percentage": 0.7865675005634438, "solution_time": 0.00025829998776316643}
{"items_size": 12, "stocks_size": 4, "fill_percentage": 0.7158073755818116, "solution_time": 0.00021470000501722097}
{"items_size": 11, "stocks_size": 5, "fill_percentage": 0.815421686746988, "solution_time": 0.00018860003910958767}
{"items_size": 11, "stocks_size": 5, "fill_percentage": 0.5113554434030281, "solution_time": 0.00016769999638199806}
{"items_size": 11, "stocks_size": 5, "fill_percentage": 0.6827679782903664, "solution_time": 0.00016010005492717028}
{"items_size": 11, "stocks_size": 5, "fill_percentage": 0.5300880304821968, "solution_time": 0.00016559998039156199}
{"items_size": 11, "stocks_size": 5, "fill_percentage": 0.5894308943089431, "solution_time": 0.0002891999902203679}
{"items_size": 11, "stocks_size": 5, "fill_percentage": 0.4805194805194805, "solution_time": 0.0001832999987527728}
{"items_size": 11, "stocks_size": 5, "fill_percentage": 0.5525767336112164, "solution_time": 0.00016250007320195436}
{"items_size": 11, "stocks_size": 5, "fill_percentage": 0.6738155312587608, "solution_time": 0.00015480001457035542}
{"items_size": 11, "stocks_size": 5, "fill_percentage": 0.5474871794871795, "solution_time": 0.00024960003793239594}
{"items_size": 11, "stocks_size": 5, "fill_percentage": 0.6781643081761006, "solution_time": 0.00019679998513311148}
{"items_size": 11, "stocks_size": 5, "fill_percentage": 0.5860197368421053, "solution_time": 0.00021269998978823423}
{"items_size": 12, "stocks_size": 4, "fill_percentage": 0.5514615573569147, "solution_time": 0.0001965999836102128}
{"items_size": 12, "stocks_size": 4, "fill_percentage": 0.69357822410148, "solution_time": 0.0002853000769391656}
{"items_size": 12, "stocks_size": 4, "fill_percentage": 0.6132732085089697, "solution_time": 0.00024119997397065163}
{"items_size": 11, "stocks_size": 5, "fill_percentage": 0.7171488848704038, "solution_time": 0.00019109994173049927}
{"items_size": 12, "stocks_size": 4, "fill_percentage": 0.7401547116736991, "solution_time": 0.00015670002903789282}
{"items_size": 11, "stocks_size": 5, "fill_percentage": 0.8807777777777778, "solution_time": 0.00015820004045963287}
{"items_size": 11, "stocks_size": 5, "fill_percentage": 0.5223689035570224, "solution_time": 0.00019869999960064888}
{"items_size": 11, "stocks_size": 5, "fill_percentage": 0.7199897400820794, "solution_time": 0.00019320007413625717}
{"items_size": 12, "stocks_size": 4, "fill_percentage": 0.8539911308203991, "solution_time": 0.0001846000086516142}
{"items_size": 11, "stocks_size": 5, "fill_percentage": 0.7472817645231439, "solution_time": 0.00023990008048713207}
{"items_size": 11, "stocks_size": 5, "fill_percentage": 0.4658926931654204, "solution_time": 0.0002821999369189143}
{"items_size": 12, "stocks_size": 4, "fill_percentage": 0.8032220943613348, "solution_time": 0.00024560000747442245}
{"items_size": 11, "stocks_size": 5, "fill_percentage": 0.742280701754386, "solution_time": 0.00025210005696862936}
{"items_size": 12, "stocks_size": 4, "fill_percentage": 0.48212719298245615, "solution_time": 0.0002625000197440386}
{"items_size": 11, "stocks_size": 5, "fill_percentage": 0.8736960359492858, "solution_time": 0.0002484999131411314}
{"items_size": 11, "stocks_size": 5, "fill_percentage": 0.5751962323390895, "solution_time": 0.00028220005333423615}
{"items_size": 11, "stocks_size": 5, "fill_percentage": 0.4450140989489874, "solution_time": 0.00031969998963177204}
{"items_size": 11, "stocks_size": 5, "fill_percentage": 0.5967875476072197, "solution_time": 0.00014749995898455381}
{"items_size": 12, "stocks_size": 4, "fill_percentage": 0.6066411238825032, "solution_time": 0.00018500001169741154}
{"items_size": 12, "stocks_size": 4, "fill_percentage": 0.6911764705882353, "solution_time": 0.00017440004739910364}
{"items_size": 12, "stocks_size": 4, "fill_percentage": 0.5515625, "solution_time": 0.00016659998800605536}
{"items_size": 12, "stocks_size": 4, "fill_percentage": 0.7580645161290323, "solution_time": 0.00013870000839233398}
{"items_size": 12, "stocks_size": 4, "fill_percentage": 0.6043822276323798, "solution_time": 0.00015400000847876072}
{"items_size": 11, "stocks_size": 5, "fill_percentage": 0.621832016388645, "solution_time": 0.00014889996964484453}
{"items_size": 11, "stocks_size": 5, "fill_percentage": 0.775840597758406, "solution_time": 0.00021049997303634882}
{"items_size": 12, "stocks_size": 4, "fill_percentage": 0.46429577464788735, "solution_time": 0.00021079997532069683}
{"items_size": 12, "stocks_size": 4, "fill_percentage": 0.824230810177792, "solution_time": 0.00022050004918128252}
{"items_size": 12, "stocks_size": 4, "fill_percentage": 0.6641108420769438, "solution_time": 0.0001724000321701169}
{"items_size": 12, "stocks_size": 4, "fill_percentage": 0.5377946127946128, "solution_time": 0.00018960004672408104}
{"items_size": 12, "stocks_size": 4, "fill_percentage": 0.7717391304347826, "solution_time": 0.0001721000298857689}
{"items_size": 12, "stocks_size": 4, "fill_percentage": 0.5469791666666667, "solution_time": 0.0002880999818444252}
{"items_size": 12, "stocks_size": 4, "fill_percentage": 0.6886664194784329, "solution_time": 0.00034899997990578413}
{"items_size": 12, "stocks_size": 4, "fill_percentage": 0.704002079002079, "solution_time": 0.0002858999650925398}
{"items_size": 11, "stocks_size": 5, "fill_percentage": 0.4425287356321839,