{"items_size": 12, "stocks_size": 4, "fill_percentage": 0.5576685219542362, "solution_time": 0.00029420002829283476}
{"items_size": 12, "stocks_size": 4, "fill_percentage": 0.4193121693121693, "solution_time": 0.0002579999854788184}
{"items_size": 12, "stocks_size": 4, "fill_percentage": 0.3636753603294441, "solution_time": 0.00025690009351819754}
{"items_size": 12, "stocks_size": 4, "fill_percentage": 0.4176829268292683, "solution_time": 0.00021680002100765705}
{"items_size": 11, "stocks_size": 5, "fill_percentage": 0.6360203340595497, "solution_time": 0.0002481999108567834}
{"items_size": 12, "stocks_size": 4, "fill_percentage": 0.3346534653465347, "solution_time": 0.0002578999847173691}
{"items_size": 11, "stocks_size": 5, "fill_percentage": 0.4950191570881226, "solution_time": 0.00017090002074837685}
{"items_size": 12, "stocks_size": 4, "fill_percentage": 0.5671983458868705, "solution_time": 0.00016189995221793652}
{"items_size": 12, "stocks_size": 4, "fill_percentage": null, "solution_time": null}
{"items_size": 12, "stocks_size": 4, "fill_percentage": 0.565896930442129, "solution_time": 0.00017090002074837685}
{"items_size": 12, "stocks_size": 4, "fill_percentage": 0.43729395604395604, "solution_time": 0.0002114999806508422}
{"items_size": 11, "stocks_size": 5, "fill_percentage": 0.4833762223365929, "solution_time": 0.00020410004071891308}
{"items_size": 12, "stocks_size": 4, "fill_percentage": 0.4544331170837195, "solution_time": 0.00017120002303272486}
{"items_size": 12, "stocks_size": 4, "fill_percentage": 0.3623223514211886, "solution_time": 0.00021100009325891733}
{"items_size": 12, "stocks_size": 4, "fill_percentage": 0.7270047169811321, "solution_time": 0.00022749998606741428}
{"items_size": 12, "stocks_size": 4, "fill_percentage": 0.44835134128166915, "solution_time": 0.00022169994190335274}
{"items_size": 12, "stocks_size": 4, "fill_percentage": null, "solution_time": null}
{"items_size": 12, "stocks_size": 4, "fill_percentage": 0.5908613445378151, "solution_time": 0.0002869999734684825}
{"items_size": 12, "stocks_size": 4, "fill_percentage": 0.457144946614012, "solution_time": 0.0002218000590801239}
{"items_size": 12, "stocks_size": 4, "fill_percentage": 0.5533872480075012, "solution_time": 0.00019589997828006744}
{"items_size": 12, "stocks_size": 4, "fill_percentage": 0.5053968253968254, "solution_time": 0.00017639994621276855}
{"items_size": 11, "stocks_size": 5, "fill_percentage": 0.5899256254225829, "solution_time": 0.0002087999600917101}
{"items_size": 12, "stocks_size": 4, "fill_percentage": 0.4772049170545411, "solution_time": 0.0002447000006213784}
{"items_size": 11, "stocks_size": 5, "fill_percentage": 0.6115662650602409, "solution_time": 0.00017370004206895828}
{"items_size": 11, "stocks_size": 5, "fill_percentage": 0.5113554434030281, "solution_time": 0.0002095999661833048}
{"items_size": 11, "stocks_size": 5, "fill_percentage": 0.546214382632293, "solution_time": 0.0001509999856352806}
{"items_size": 11, "stocks_size": 5, "fill_percentage": 0.5300880304821968, "solution_time": 0.0001705000177025795}
{"items_size": 11, "stocks_size": 5, "fill_percentage": 0.5894308943089431, "solution_time": 0.00024589989334344864}
{"items_size": 11, "stocks_size": 5, "fill_percentage": 0.4805194805194805, "solution_time": 0.00018060009460896254}
{"items_size": 11, "stocks_size": 5, "fill_percentage": 0.5525767336112164, "solution_time": 0.00024729990400373936}
{"items_size": 11, "stocks_size": 5, "fill_percentage": 0.40428931875525653, "solution_time": 0.00018750003073364496}
{"items_size": 11, "stocks_size": 5, "fill_percentage": 0.5474871794871795, "solution_time": 0.0001976999919861555}
{"items_size": 11, "stocks_size": 5, "fill_percentage": 0.45210953878406707, "solution_time": 0.0002986000617966056}
{"items_size": 11, "stocks_size": 5, "fill_percentage": 0.5860197368421053, "solution_time": 0.00023669993970543146}
{"items_size": 12, "stocks_size": 4, "fill_percentage": 0.5514615573569147, "solution_time": 0.00023989996407181025}
{"items_size": 12, "stocks_size": 4, "fill_percentage": 0.34678911205074, "solution_time": 0.00026869995053857565}
{"items_size": 12, "stocks_size": 4, "fill_percentage": 0.6132732085089697, "solution_time": 0.0002498000394552946}
{"items_size": 11, "stocks_size": 5, "fill_percentage": 0.5378616636528029, "solution_time": 0.0001677999971434474}
{"items_size": 12, "stocks_size": 4, "fill_percentage": 0.4934364744491327, "solution_time": 0.0002077000681310892}
{"items_size": 11, "stocks_size": 5, "fill_percentage": 0.5871851851851851, "solution_time": 0.0001737999264150858}
{"items_size": 11, "stocks_size": 5, "fill_percentage": 0.3482459357046816, "solution_time": 0.00020999996922910213}
{"items_size": 11, "stocks_size": 5, "fill_percentage": 0.3599948700410397, "solution_time": 0.00018209998961538076}
{"items_size": 12, "stocks_size": 4, "fill_percentage": 0.5693274205469327, "solution_time": 0.00020249991212040186}
{"items_size": 11, "stocks_size": 5, "fill_percentage": 0.37364088226157194, "solution_time": 0.000206099939532578}
{"items_size": 11, "stocks_size": 5, "fill_percentage": 0.4658926931654204, "solution_time": 0.0002785000251606107}
{"items_size": 12, "stocks_size": 4, "fill_percentage": 0.5354813962408899, "solution_time": 0.00018370000179857016}
{"items_size": 11, "stocks_size": 5, "fill_percentage": 0.371140350877193, "solution_time": 0.00023310002870857716}
{"items_size": 12, "stocks_size": 4, "fill_percentage": 0.48212719298245615, "solution_time": 0.0002606000052765012}
{"items_size": 11, "stocks_size": 5, "fill_percentage": 0.4368480179746429, "solution_time": 0.0003016999689862132}
{"items_size": 11, "stocks_size": 5, "fill_percentage": 0.5751962323390895, "solution_time": 0.00018910004291683435}
{"items_size": 11, "stocks_size": 5, "fill_percentage": 0.4450140989489874, "solution_time": 0.00020450004376471043}
{"items_size": 11, "stocks_size": 5, "fill_percentage": 0.4475906607054148, "solution_time": 0.00020140002015978098}
{"items_size": 12, "stocks_size": 4, "fill_percentage": 0.6066411238825032, "solution_time": 0.00022629997693002224}
{"items_size": 12, "stocks_size": 4, "fill_percentage": 0.46078431372549017, "solution_time": 0.00036239996552467346}
{"items_size": 12, "stocks_size": 4, "fill_percentage": 0.5515625, "solution_time": 0.00021760002709925175}
{"items_size": 12, "stocks_size": 4, "fill_percentage": 0.5685483870967742, "solution_time": 0.00017300003673881292}
{"items_size": 12, "stocks_size": 4, "fill_percentage": 0.6043822276323798, "solution_time": 0.00016920000780373812}
{"items_size": 11, "stocks_size": 5, "fill_percentage": 0.46637401229148373, "solution_time": 0.00023370003327727318}
{"items_size": 11, "stocks_size": 5, "fill_percentage": 0.387920298879203, "solution_time": 0.00026290002278983593}
{"items_size": 12, "stocks_size": 4, "fill_percentage": 0.46429577464788735, "solution_time": 0.00027329998556524515}
{"items_size": 12, "stocks_size": 4, "fill_percentage": 0.412115405088896, "solution_time": 0.00023499992676079273}
{"items_size": 12, "stocks_size": 4, "fill_percentage": null, "solution_time": null}
{"items_size": 12, "stocks_size": 4, "fill_percentage": 0.5377946127946128, "solution_time": 0.00025230005849152803}
{"items_size": 12, "stocks_size": 4, "fill_percentage": 0.5144927536231884, "solution_time": 0.00021119997836649418}
{"items_size": 12, "stocks_size": 4, "fill_percentage": 0.5469791666666667, "solution_time": 0.0002796999178826809}
{"items_size": 12, "stocks_size": 4, "fill_percentage": 0.34433320973921644, "solution_time": 0.0002826000563800335}
{"items_size": 12, "stocks_size": 4, "fill_percentage": 0.704002079002079, "solution_time": 0.0001849000109359622}
{"items_size": 11, "stocks_size": 5, "fill_percentage": 0.4425287356321839, "solution_time": 0.0001727000344544649}
{"items_size": 12, "stocks_size": 4, "fill_percentage": 0.5852965631929047, "solution_time": 0.00017579994164407253}
{"items_size": 11, "stocks_size": 5,