{"items_size": 12, "stocks_size": 4, "fill_percentage": 0.5576685219542362, "solution_time": 0.0002896001096814871}
{"items_size": 12, "stocks_size": 4, "fill_percentage": 0.4193121693121693, "solution_time": 0.00022359995637089014}
{"items_size": 12, "stocks_size": 4, "fill_percentage": 0.3636753603294441, "solution_time": 0.00035770004615187645}
{"items_size": 12, "stocks_size": 4, "fill_percentage": 0.556910569105691, "solution_time": 0.0002313000150024891}
{"items_size": 11, "stocks_size": 5, "fill_percentage": 0.6360203340595497, "solution_time": 0.00018279999494552612}
{"items_size": 12, "stocks_size": 4, "fill_percentage": 0.501980198019802, "solution_time": 0.00024720001965761185}
{"items_size": 11, "stocks_size": 5, "fill_percentage": 0.4950191570881226, "solution_time": 0.00018000009004026651}
{"items_size": 12, "stocks_size": 4, "fill_percentage": 0.5671983458868705, "solution_time": 0.00018360000103712082}
{"items_size": 12, "stocks_size": 4, "fill_percentage": 0.5968915343915344, "solution_time": 0.0001674999948590994}
{"items_size": 12, "stocks_size": 4, "fill_percentage": 0.565896930442129, "solution_time": 0.00021759991068392992}
{"items_size": 12, "stocks_size": 4, "fill_percentage": 0.43729395604395604, "solution_time": 0.00024699990171939135}
{"items_size": 11, "stocks_size": 5, "fill_percentage": 0.6042202779207411, "solution_time": 0.00016880000475794077}
{"items_size": 12, "stocks_size": 4, "fill_percentage": 0.6816496756255792, "solution_time": 0.0002294000005349517}
{"items_size": 12, "stocks_size": 4, "fill_percentage": 0.5434835271317829, "solution_time": 0.0002663000486791134}
{"items_size": 12, "stocks_size": 4, "fill_percentage": 0.4846698113207547, "solution_time": 0.00023200002033263445}
{"items_size": 12, "stocks_size": 4, "fill_percentage": 0.5978017883755589, "solution_time": 0.00020589993800967932}
{"items_size": 12, "stocks_size": 4, "fill_percentage": 0.6280451574569221, "solution_time": 0.00021169998217374086}
{"items_size": 12, "stocks_size": 4, "fill_percentage": 0.5908613445378151, "solution_time": 0.00029310001991689205}
{"items_size": 12, "stocks_size": 4, "fill_percentage": 0.685717419921018, "solution_time": 0.000283299945294857}
{"items_size": 12, "stocks_size": 4, "fill_percentage": 0.5533872480075012, "solution_time": 0.00021950004156678915}
{"items_size": 12, "stocks_size": 4, "fill_percentage": 0.6738624338624338, "solution_time": 0.0001810999820008874}
{"items_size": 11, "stocks_size": 5, "fill_percentage": 0.5899256254225829, "solution_time": 0.0001838000025600195}
{"items_size": 12, "stocks_size": 4, "fill_percentage": 0.7158073755818116, "solution_time": 0.00024590000975877047}
{"items_size": 11, "stocks_size": 5, "fill_percentage": 0.6115662650602409, "solution_time": 0.00021879991982132196}
{"items_size": 11, "stocks_size": 5, "fill_percentage": 0.5113554434030281, "solution_time": 0.00022839999292045832}
{"items_size": 11, "stocks_size": 5, "fill_percentage": 0.546214382632293, "solution_time": 0.00017170002683997154}
{"items_size": 11, "stocks_size": 5, "fill_percentage": 0.5300880304821968, "solution_time": 0.00016279995907098055}
{"items_size": 11, "stocks_size": 5, "fill_percentage": 0.5894308943089431, "solution_time": 0.0002626000205054879}
{"items_size": 11, "stocks_size": 5, "fill_percentage": 0.4805194805194805, "solution_time": 0.0001860000193119049}
{"items_size": 11, "stocks_size": 5, "fill_percentage": 0.5525767336112164, "solution_time": 0.00023170001804828644}
{"items_size": 11, "stocks_size": 5, "fill_percentage": 0.5053616484440706, "solution_time": 0.00018770003225654364}
{"items_size": 11, "stocks_size": 5, "fill_percentage": 0.5474871794871795, "solution_time": 0.00021679990459233522}
{"items_size": 11, "stocks_size": 5, "fill_percentage": 0.6781643081761006, "solution_time": 0.00026050000451505184}
{"items_size": 11, "stocks_size": 5, "fill_percentage": 0.5860197368421053, "solution_time": 0.0002739999908953905}
{"items_size": 12, "stocks_size": 4, "fill_percentage": 0.5514615573569147, "solution_time": 0.0002087999600917101}
{"items_size": 12, "stocks_size": 4, "fill_percentage": 0.34678911205074, "solution_time": 0.00023530004546046257}
{"items_size": 12, "stocks_size": 4, "fill_percentage": 0.6132732085089697, "solution_time": 0.00025100004859268665}
{"items_size": 11, "stocks_size": 5, "fill_percentage": 0.7171488848704038, "solution_time": 0.00017629994545131922}
{"items_size": 12, "stocks_size": 4, "fill_percentage": 0.4934364744491327, "solution_time": 0.00021520000882446766}
{"items_size": 11, "stocks_size": 5, "fill_percentage": 0.5871851851851851, "solution_time": 0.0001498999772593379}
{"items_size": 11, "stocks_size": 5, "fill_percentage": 0.5223689035570224, "solution_time": 0.00022529996931552887}
{"items_size": 11, "stocks_size": 5, "fill_percentage": 0.47999316005471954, "solution_time": 0.00016950001008808613}
{"items_size": 12, "stocks_size": 4, "fill_percentage": 0.5693274205469327, "solution_time": 0.0002033999189734459}
{"items_size": 11, "stocks_size": 5, "fill_percentage": 0.37364088226157194, "solution_time": 0.0002460000105202198}
{"items_size": 11, "stocks_size": 5, "fill_percentage": 0.4658926931654204, "solution_time": 0.00028529996052384377}
{"items_size": 12, "stocks_size": 4, "fill_percentage": 0.5354813962408899, "solution_time": 0.00020130001939833164}
{"items_size": 11, "stocks_size": 5, "fill_percentage": 0.371140350877193, "solution_time": 0.000251700053922832}
{"items_size": 12, "stocks_size": 4, "fill_percentage": 0.48212719298245615, "solution_time": 0.0003925000783056021}
{"items_size": 11, "stocks_size": 5, "fill_percentage": 0.4368480179746429, "solution_time": 0.0002804000396281481}
{"items_size": 11, "stocks_size": 5, "fill_percentage": 0.5751962323390895, "solution_time": 0.00022060004994273186}
{"items_size": 11, "stocks_size": 5, "fill_percentage": 0.4450140989489874, "solution_time": 0.00023340003099292517}
{"items_size": 11, "stocks_size": 5, "fill_percentage": 0.5967875476072197, "solution_time": 0.00020929996389895678}
{"items_size": 12, "stocks_size": 4, "fill_percentage": 0.6066411238825032, "solution_time": 0.00018829992040991783}
{"items_size": 12, "stocks_size": 4, "fill_percentage": 0.46078431372549017, "solution_time": 0.00021079997532069683}
{"items_size": 12, "stocks_size": 4, "fill_percentage": 0.5515625, "solution_time": 0.00018199998885393143}
{"items_size": 12, "stocks_size": 4, "fill_percentage": 0.7580645161290323, "solution_time": 0.00016789999790489674}
{"items_size": 12, "stocks_size": 4, "fill_percentage": 0.6043822276323798, "solution_time": 0.0001957999775186181}
{"items_size": 11, "stocks_size": 5, "fill_percentage": 0.621832016388645, "solution_time": 0.00022249994799494743}
{"items_size": 11, "stocks_size": 5, "fill_percentage": 0.387920298879203, "solution_time": 0.00020459992811083794}
{"items_size": 12, "stocks_size": 4, "fill_percentage": 0.46429577464788735, "solution_time": 0.0002487999154254794}
{"items_size": 12, "stocks_size": 4, "fill_percentage": 0.824230810177792, "solution_time": 0.00024259998463094234}
{"items_size": 12, "stocks_size": 4, "fill_percentage": null, "solution_time": null}
{"items_size": 12, "stocks_size": 4, "fill_percentage": 0.5377946127946128, "solution_time": 0.00031679996754974127}
{"items_size": 12, "stocks_size": 4, "fill_percentage": 0.5144927536231884, "solution_time": 0.0002611998934298754}
{"items_size": 12, "stocks_size": 4, "fill_percentage": 0.5469791666666667, "solution_time": 0.0003656999906525016}
{"items_size": 12, "stocks_size": 4, "fill_percentage": 0.34433320973921644, "solution_time": 0.0009315999923273921}
{"items_size": 12, "stocks_size": 4, "fill_percentage": 0.704002079002079, "solution_time": 0.00025379995349794626}
{"items_size": 11, "stocks_size": 5, "fill_percentage": 0.4425287356321839, "solution_time": 0.00022359995637089014}
{"items_size": 12, "stocks_size": 4,