{"items_size": 12, "stocks_size": 4, "fill_percentage": 0.5576685219542362, "solution_time": 0.00028389994986355305}
{"items_size": 12, "stocks_size": 4, "fill_percentage": 0.628968253968254, "solution_time": 0.00025429995730519295}
{"items_size": 12, "stocks_size": 4, "fill_percentage": 0.7273507206588882, "solution_time": 0.00031320005655288696}
{"items_size": 12, "stocks_size": 4, "fill_percentage": 0.8353658536585366, "solution_time": 0.00020270003005862236}
{"items_size": 11, "stocks_size": 5, "fill_percentage": 0.6360203340595497, "solution_time": 0.00016460008919239044}
{"items_size": 12, "stocks_size": 4, "fill_percentage": 0.501980198019802, "solution_time": 0.00016559998039156199}
{"items_size": 11, "stocks_size": 5, "fill_percentage": 0.7425287356321839, "solution_time": 0.00014979997649788857}
{"items_size": 12, "stocks_size": 4, "fill_percentage": 0.5671983458868705, "solution_time": 0.00020919996313750744}
{"items_size": 12, "stocks_size": 4, "fill_percentage": 0.7958553791887125, "solution_time": 0.00016400008462369442}
{"items_size": 12, "stocks_size": 4, "fill_percentage": 0.7545292405895053, "solution_time": 0.00015829992480576038}
{"items_size": 12, "stocks_size": 4, "fill_percentage": 0.8745879120879121, "solution_time": 0.00021009996999055147}
{"items_size": 11, "stocks_size": 5, "fill_percentage": 0.6042202779207411, "solution_time": 0.00013160007074475288}
{"items_size": 12, "stocks_size": 4, "fill_percentage": 0.6816496756255792, "solution_time": 0.0002012000186368823}
{"items_size": 12, "stocks_size": 4, "fill_percentage": 0.5434835271317829, "solution_time": 0.00017030001617968082}
{"items_size": 12, "stocks_size": 4, "fill_percentage": 0.7270047169811321, "solution_time": 0.0001892000436782837}
{"items_size": 12, "stocks_size": 4, "fill_percentage": 0.5978017883755589, "solution_time": 0.00020290003158152103}
{"items_size": 12, "stocks_size": 4, "fill_percentage": 0.8373935432758962, "solution_time": 0.00015590002294629812}
{"items_size": 12, "stocks_size": 4, "fill_percentage": 0.5908613445378151, "solution_time": 0.0001805999781936407}
{"items_size": 12, "stocks_size": 4, "fill_percentage": 0.685717419921018, "solution_time": 0.00021870003547519445}
{"items_size": 12, "stocks_size": 4, "fill_percentage": 0.7378496640100015, "solution_time": 0.00018619990441948175}
{"items_size": 12, "stocks_size": 4, "fill_percentage": 0.6738624338624338, "solution_time": 0.0010963000822812319}
{"items_size": 11, "stocks_size": 5, "fill_percentage": 0.7865675005634438, "solution_time": 0.0001545000122860074}
{"items_size": 12, "stocks_size": 4, "fill_percentage": 0.7158073755818116, "solution_time": 0.00017150002531707287}
{"items_size": 11, "stocks_size": 5, "fill_percentage": 0.815421686746988, "solution_time": 0.00014489993918687105}
{"items_size": 11, "stocks_size": 5, "fill_percentage": 0.5113554434030281, "solution_time": 0.00018400000408291817}
{"items_size": 11, "stocks_size": 5, "fill_percentage": 0.6827679782903664, "solution_time": 0.00014460005331784487}
{"items_size": 11, "stocks_size": 5, "fill_percentage": 0.7951320457232952, "solution_time": 0.00015000009443610907}
{"items_size": 11, "stocks_size": 5, "fill_percentage": 0.5894308943089431, "solution_time": 0.0002443999983370304}
{"items_size": 11, "stocks_size": 5, "fill_percentage": 0.4805194805194805, "solution_time": 0.00016569998115301132}
{"items_size": 11, "stocks_size": 5, "fill_percentage": 0.5525767336112164, "solution_time": 0.0001474000746384263}
{"items_size": 11, "stocks_size": 5, "fill_percentage": 0.6738155312587608, "solution_time": 0.00016229995526373386}
{"items_size": 11, "stocks_size": 5, "fill_percentage": 0.5474871794871795, "solution_time": 0.00021540001034736633}
{"items_size": 11, "stocks_size": 5, "fill_percentage": 0.6781643081761006, "solution_time": 0.0002177999122068286}
{"items_size": 11, "stocks_size": 5, "fill_percentage": 0.5860197368421053, "solution_time": 0.00017389992717653513}
{"items_size": 12, "stocks_size": 4, "fill_percentage": 0.7352820764758864, "solution_time": 0.00017389992717653513}
{"items_size": 12, "stocks_size": 4, "fill_percentage": 0.69357822410148, "solution_time": 0.00022359995637089014}
{"items_size": 12, "stocks_size": 4, "fill_percentage": 0.6132732085089697, "solution_time": 0.00037640007212758064}
{"items_size": 11, "stocks_size": 5, "fill_percentage": 0.7171488848704038, "solution_time": 0.0001572000328451395}
{"items_size": 12, "stocks_size": 4, "fill_percentage": 0.7401547116736991, "solution_time": 0.000193099956959486}
{"items_size": 11, "stocks_size": 5, "fill_percentage": 0.5871851851851851, "solution_time": 0.00015979993622750044}
{"items_size": 11, "stocks_size": 5, "fill_percentage": 0.5223689035570224, "solution_time": 0.00018909992650151253}
{"items_size": 11, "stocks_size": 5, "fill_percentage": 0.7199897400820794, "solution_time": 0.00016719999257475138}
{"items_size": 12, "stocks_size": 4, "fill_percentage": 0.5693274205469327, "solution_time": 0.00016120006330311298}
{"items_size": 11, "stocks_size": 5, "fill_percentage": 0.7472817645231439, "solution_time": 0.00022829999215900898}
{"items_size": 11, "stocks_size": 5, "fill_percentage": 0.4658926931654204, "solution_time": 0.00019970000721514225}
{"items_size": 12, "stocks_size": 4, "fill_percentage": 0.5354813962408899, "solution_time": 0.0001767000649124384}
{"items_size": 11, "stocks_size": 5, "fill_percentage": 0.742280701754386, "solution_time": 0.00017709995154291391}
{"items_size": 12, "stocks_size": 4, "fill_percentage": 0.48212719298245615, "solution_time": 0.00021760002709925175}
{"items_size": 11, "stocks_size": 5, "fill_percentage": 0.4368480179746429, "solution_time": 0.0002707999665290117}
{"items_size": 11, "stocks_size": 5, "fill_percentage": 0.5751962323390895, "solution_time": 0.00021059997379779816}
{"items_size": 11, "stocks_size": 5, "fill_percentage": 0.4450140989489874, "solution_time": 0.00024500000290572643}
{"items_size": 11, "stocks_size": 5, "fill_percentage": 0.5967875476072197, "solution_time": 0.00018370000179857016}
{"items_size": 12, "stocks_size": 4, "fill_percentage": 0.6066411238825032, "solution_time": 0.0002114999806508422}
{"items_size": 12, "stocks_size": 4, "fill_percentage": 0.6911764705882353, "solution_time": 0.00021049997303634882}
{"items_size": 12, "stocks_size": 4, "fill_percentage": 0.5515625, "solution_time": 0.0002169000217691064}
{"items_size": 12, "stocks_size": 4, "fill_percentage": 0.7580645161290323, "solution_time": 0.00017809995915740728}
{"items_size": 12, "stocks_size": 4, "fill_percentage": 0.6043822276323798, "solution_time": 0.00016519997734576464}
{"items_size": 11, "stocks_size": 5, "fill_percentage": 0.621832016388645, "solution_time": 0.0002455000067129731}
{"items_size": 11, "stocks_size": 5, "fill_percentage": 0.775840597758406, "solution_time": 0.0002671000547707081}
{"items_size": 12, "stocks_size": 4, "fill_percentage": 0.9285915492957747, "solution_time": 0.0002226000651717186}
{"items_size": 12, "stocks_size": 4, "fill_percentage": 0.824230810177792, "solution_time": 0.00024069997016340494}
{"items_size": 12, "stocks_size": 4, "fill_percentage": 0.6641108420769438, "solution_time": 0.00024369999300688505}
{"items_size": 12, "stocks_size": 4, "fill_percentage": 0.5377946127946128, "solution_time": 0.00017880008090287447}
{"items_size": 12, "stocks_size": 4, "fill_percentage": 0.7717391304347826, "solution_time": 0.00016439997125416994}
{"items_size": 12, "stocks_size": 4, "fill_percentage": 0.5469791666666667, "solution_time": 0.00016309996135532856}
{"items_size": 12, "stocks_size": 4, "fill_percentage": 0.6886664194784329, "solution_time": 0.0002601000014692545}
{"items_size": 12, "stocks_size": 4, "fill_percentage": 0.704002079002079, "solution_time": 0.00014410004951059818}
{"items_size": 11, "stocks_size": 5, "fill_percentage": 0.4425287356321839, "solution_time": 0.00018530001398175955}
{"items_size": 12, "stocks_size": 4, "fill_percentage": 0.5852965631929047,