{"items_size": 12, "stocks_size": 4, "fill_percentage": 0.5576685219542362, "solution_time": 0.000278000021353364}
{"items_size": 12, "stocks_size": 4, "fill_percentage": 0.4193121693121693, "solution_time": 0.0002402999671176076}
{"items_size": 12, "stocks_size": 4, "fill_percentage": 0.3636753603294441, "solution_time": 0.0002625000197440386}
{"items_size": 12, "stocks_size": 4, "fill_percentage": 0.556910569105691, "solution_time": 0.00020030001178383827}
{"items_size": 11, "stocks_size": 5, "fill_percentage": 0.6360203340595497, "solution_time": 0.00017439993098378181}
{"items_size": 12, "stocks_size": 4, "fill_percentage": 0.501980198019802, "solution_time": 0.00024179997853934765}
{"items_size": 11, "stocks_size": 5, "fill_percentage": 0.4950191570881226, "solution_time": 0.00015330000314861536}
{"items_size": 12, "stocks_size": 4, "fill_percentage": 0.5671983458868705, "solution_time": 0.00016169995069503784}
{"items_size": 12, "stocks_size": 4, "fill_percentage": 0.5968915343915344, "solution_time": 0.00016449997201561928}
{"items_size": 12, "stocks_size": 4, "fill_percentage": 0.565896930442129, "solution_time": 0.00017010001465678215}
{"items_size": 12, "stocks_size": 4, "fill_percentage": 0.43729395604395604, "solution_time": 0.00020350003615021706}
{"items_size": 11, "stocks_size": 5, "fill_percentage": 0.6042202779207411, "solution_time": 0.00013529998250305653}
{"items_size": 12, "stocks_size": 4, "fill_percentage": 0.6816496756255792, "solution_time": 0.00019869999960064888}
{"items_size": 12, "stocks_size": 4, "fill_percentage": 0.5434835271317829, "solution_time": 0.0002867000875994563}
{"items_size": 12, "stocks_size": 4, "fill_percentage": 0.4846698113207547, "solution_time": 0.0002597999991849065}
{"items_size": 12, "stocks_size": 4, "fill_percentage": 0.5978017883755589, "solution_time": 0.00022449996322393417}
{"items_size": 12, "stocks_size": 4, "fill_percentage": 0.6280451574569221, "solution_time": 0.00019950000569224358}
{"items_size": 12, "stocks_size": 4, "fill_percentage": 0.5908613445378151, "solution_time": 0.0002133999951183796}
{"items_size": 12, "stocks_size": 4, "fill_percentage": 0.685717419921018, "solution_time": 0.00021129997912794352}
{"items_size": 12, "stocks_size": 4, "fill_percentage": 0.5533872480075012, "solution_time": 0.00022080005146563053}
{"items_size": 12, "stocks_size": 4, "fill_percentage": 0.6738624338624338, "solution_time": 0.00017850007861852646}
{"items_size": 11, "stocks_size": 5, "fill_percentage": 0.5899256254225829, "solution_time": 0.00015360000543296337}
{"items_size": 12, "stocks_size": 4, "fill_percentage": 0.7158073755818116, "solution_time": 0.00019859999883919954}
{"items_size": 11, "stocks_size": 5, "fill_percentage": 0.6115662650602409, "solution_time": 0.00015159999020397663}
{"items_size": 11, "stocks_size": 5, "fill_percentage": 0.5113554434030281, "solution_time": 0.00022499996703118086}
{"items_size": 11, "stocks_size": 5, "fill_percentage": 0.546214382632293, "solution_time": 0.0001604000572115183}
{"items_size": 11, "stocks_size": 5, "fill_percentage": 0.5300880304821968, "solution_time": 0.00015259999781847}
{"items_size": 11, "stocks_size": 5, "fill_percentage": 0.5894308943089431, "solution_time": 0.00020450004376471043}
{"items_size": 11, "stocks_size": 5, "fill_percentage": 0.4805194805194805, "solution_time": 0.00015900004655122757}
{"items_size": 11, "stocks_size": 5, "fill_percentage": 0.5525767336112164, "solution_time": 0.00019079993944615126}
{"items_size": 11, "stocks_size": 5, "fill_percentage": 0.5053616484440706, "solution_time": 0.0001674999948590994}
{"items_size": 11, "stocks_size": 5, "fill_percentage": 0.5474871794871795, "solution_time": 0.0002093999646604061}
{"items_size": 11, "stocks_size": 5, "fill_percentage": 0.6781643081761006, "solution_time": 0.0002636000281199813}
{"items_size": 11, "stocks_size": 5, "fill_percentage": 0.5860197368421053, "solution_time": 0.00024580000899732113}
{"items_size": 12, "stocks_size": 4, "fill_percentage": 0.5514615573569147, "solution_time": 0.00022419996093958616}
{"items_size": 12, "stocks_size": 4, "fill_percentage": 0.34678911205074, "solution_time": 0.00022499996703118086}
{"items_size": 12, "stocks_size": 4, "fill_percentage": 0.6132732085089697, "solution_time": 0.0002506000455468893}
{"items_size": 11, "stocks_size": 5, "fill_percentage": 0.7171488848704038, "solution_time": 0.00017440004739910364}
{"items_size": 12, "stocks_size": 4, "fill_percentage": 0.4934364744491327, "solution_time": 0.00022540008649230003}
{"items_size": 11, "stocks_size": 5, "fill_percentage": 0.5871851851851851, "solution_time": 0.00017060001846402884}
{"items_size": 11, "stocks_size": 5, "fill_percentage": 0.5223689035570224, "solution_time": 0.0002215999411419034}
{"items_size": 11, "stocks_size": 5, "fill_percentage": 0.47999316005471954, "solution_time": 0.00019560009241104126}
{"items_size": 12, "stocks_size": 4, "fill_percentage": 0.5693274205469327, "solution_time": 0.00020729994866997004}
{"items_size": 11, "stocks_size": 5, "fill_percentage": 0.37364088226157194, "solution_time": 0.0002370999427512288}
{"items_size": 11, "stocks_size": 5, "fill_percentage": 0.4658926931654204, "solution_time": 0.0002543999580666423}
{"items_size": 12, "stocks_size": 4, "fill_percentage": 0.5354813962408899, "solution_time": 0.0002079999540001154}
{"items_size": 11, "stocks_size": 5, "fill_percentage": 0.371140350877193, "solution_time": 0.0002109999768435955}
{"items_size": 12, "stocks_size": 4, "fill_percentage": 0.48212719298245615, "solution_time": 0.00022569997236132622}
{"items_size": 11, "stocks_size": 5, "fill_percentage": 0.4368480179746429, "solution_time": 0.0003076000139117241}
{"items_size": 11, "stocks_size": 5, "fill_percentage": 0.5751962323390895, "solution_time": 0.00021129997912794352}
{"items_size": 11, "stocks_size": 5, "fill_percentage": 0.4450140989489874, "solution_time": 0.00022990000434219837}
{"items_size": 11, "stocks_size": 5, "fill_percentage": 0.5967875476072197, "solution_time": 0.00029280001763254404}
{"items_size": 12, "stocks_size": 4, "fill_percentage": 0.6066411238825032, "solution_time": 0.00020800007041543722}
{"items_size": 12, "stocks_size": 4, "fill_percentage": 0.46078431372549017, "solution_time": 0.00020760006736963987}
{"items_size": 12, "stocks_size": 4, "fill_percentage": 0.5515625, "solution_time": 0.00018580001778900623}
{"items_size": 12, "stocks_size": 4, "fill_percentage": 0.7580645161290323, "solution_time": 0.0001816001022234559}
{"items_size": 12, "stocks_size": 4, "fill_percentage": 0.6043822276323798, "solution_time": 0.00019920000340789557}
{"items_size": 11, "stocks_size": 5, "fill_percentage": 0.621832016388645, "solution_time": 0.00019170006271451712}
{"items_size": 11, "stocks_size": 5, "fill_percentage": 0.387920298879203, "solution_time": 0.0002573999809101224}
{"items_size": 12, "stocks_size": 4, "fill_percentage": 0.46429577464788735, "solution_time": 0.0002351999282836914}
{"items_size": 12, "stocks_size": 4, "fill_percentage": 0.824230810177792, "solution_time": 0.00026020000223070383}
{"items_size": 12, "stocks_size": 4, "fill_percentage": null, "solution_time": null}
{"items_size": 12, "stocks_size": 4, "fill_percentage": 0.5377946127946128, "solution_time": 0.00023250002413988113}
{"items_size": 12, "stocks_size": 4, "fill_percentage": 0.5144927536231884, "solution_time": 0.00017730006948113441}
{"items_size": 12, "stocks_size": 4, "fill_percentage": 0.5469791666666667, "solution_time": 0.00021810003090649843}
{"items_size": 12, "stocks_size": 4, "fill_percentage": 0.34433320973921644, "solution_time": 0.00026659993454813957}
{"items_size": 12, "stocks_size": 4, "fill_percentage": 0.704002079002079, "solution_time": 0.00018510001245886087}
{"items_size": 11, "stocks_size": 5, "fill_percentage": 0.4425287356321839, "solution_time": 0.00018969993107020855}
{"items_size": 12, "stocks_size": 4,