{"items_size": 18, "stocks_size": 8, "fill_percentage": 0.6815476190476191, "solution_time": 0.0002899999963119626}
{"items_size": 21, "stocks_size": 7, "fill_percentage": 0.5502351238922047, "solution_time": 0.00044460000935941935}
{"items_size": 21, "stocks_size": 7, "fill_percentage": 0.5609064138475903, "solution_time": 0.0003437999403104186}
{"items_size": 18, "stocks_size": 8, "fill_percentage": 0.5823747680890538, "solution_time": 0.00031269993633031845}
{"items_size": 21, "stocks_size": 6, "fill_percentage": 0.4701117713638936, "solution_time": 0.00039950001519173384}
{"items_size": 19, "stocks_size": 8, "fill_percentage": 0.5137117346938775, "solution_time": 0.00024720001965761185}
{"items_size": 18, "stocks_size": 8, "fill_percentage": 0.5107810781078108, "solution_time": 0.00032430002465844154}
{"items_size": 21, "stocks_size": 6, "fill_percentage": 0.692384370015949, "solution_time": 0.00040529994294047356}
{"items_size": 18, "stocks_size": 8, "fill_percentage": 0.5967365967365967, "solution_time": 0.0003779999678954482}
{"items_size": 20, "stocks_size": 7, "fill_percentage": 0.5944641449960599, "solution_time": 0.0004947000415995717}
{"items_size": 18, "stocks_size": 8, "fill_percentage": 0.5276898734177216, "solution_time": 0.00033739989157766104}
{"items_size": 18, "stocks_size": 8, "fill_percentage": 0.6220151426907397, "solution_time": 0.00037969998084008694}
{"items_size": 19, "stocks_size": 8, "fill_percentage": 0.6263640873015873, "solution_time": 0.0003120000474154949}
{"items_size": 20, "stocks_size": 7, "fill_percentage": 0.6135477582846004, "solution_time": 0.00033710000570863485}
{"items_size": 21, "stocks_size": 6, "fill_percentage": 0.5756666666666667, "solution_time": 0.00036639999598264694}
{"items_size": 20, "stocks_size": 7, "fill_percentage": 0.565968492660222, "solution_time": 0.0005310000851750374}
{"items_size": 20, "stocks_size": 7, "fill_percentage": 0.6801346801346801, "solution_time": 0.0004461999051272869}
{"items_size": 21, "stocks_size": 7, "fill_percentage": 0.596291672446479, "solution_time": 0.00045440008398145437}
{"items_size": 18, "stocks_size": 8, "fill_percentage": 0.5228979375991539, "solution_time": 0.0003929000813513994}
{"items_size": 19, "stocks_size": 8, "fill_percentage": 0.5205090190264393, "solution_time": 0.00034170004073530436}
{"items_size": 20, "stocks_size": 7, "fill_percentage": 0.5443151619622207, "solution_time": 0.0004461999051272869}
{"items_size": 21, "stocks_size": 7, "fill_percentage": 0.539247311827957, "solution_time": 0.00037860008887946606}
{"items_size": 21, "stocks_size": 7, "fill_percentage": 0.5324009486607143, "solution_time": 0.00036230008117854595}
{"items_size": 21, "stocks_size": 7, "fill_percentage": 0.5023521505376344, "solution_time": 0.00036369997542351484}
{"items_size": 19, "stocks_size": 8, "fill_percentage": 0.5608465608465608, "solution_time": 0.00045299995690584183}
{"items_size": 20, "stocks_size": 7, "fill_percentage": 0.5533138401559454, "solution_time": 0.0003152999561280012}
{"items_size": 18, "stocks_size": 8, "fill_percentage": 0.6910112359550562, "solution_time": 0.0006263999966904521}
{"items_size": 21, "stocks_size": 6, "fill_percentage": 0.5936924167257265, "solution_time": 0.00037839997094124556}
{"items_size": 19, "stocks_size": 8, "fill_percentage": 0.4622093023255814, "solution_time": 0.0004490000428631902}
{"items_size": 21, "stocks_size": 7, "fill_percentage": 0.5847901234567902, "solution_time": 0.0005372000159695745}
{"items_size": 20, "stocks_size": 7, "fill_percentage": 0.5375939849624061, "solution_time": 0.0005233999108895659}
{"items_size": 21, "stocks_size": 7, "fill_percentage": 0.6224747474747475, "solution_time": 0.0006270000012591481}
{"items_size": 20, "stocks_size": 7, "fill_percentage": 0.5369543650793651, "solution_time": 0.0003693000180646777}
{"items_size": 21, "stocks_size": 6, "fill_percentage": null, "solution_time": null}
{"items_size": 21, "stocks_size": 6, "fill_percentage": 0.6509423503325943, "solution_time": 0.0005663000047206879}
{"items_size": 18, "stocks_size": 8, "fill_percentage": 0.5882238631947143, "solution_time": 0.0004678999539464712}
{"items_size": 18, "stocks_size": 8, "fill_percentage": 0.46004291137151343, "solution_time": 0.00033599999733269215}
{"items_size": 19, "stocks_size": 8, "fill_percentage": 0.5733840023612751, "solution_time": 0.00039760000072419643}
{"items_size": 21, "stocks_size": 6, "fill_percentage": 0.6043550331525015, "solution_time": 0.0004913000157102942}
{"items_size": 20, "stocks_size": 7, "fill_percentage": 0.5185643564356436, "solution_time": 0.00038320000749081373}
{"items_size": 20, "stocks_size": 7, "fill_percentage": 0.5406172839506173, "solution_time": 0.0003306999569758773}
{"items_size": 21, "stocks_size": 6, "fill_percentage": 0.5641480730223124, "solution_time": 0.00032430002465844154}
{"items_size": 21, "stocks_size": 6, "fill_percentage": 0.48282724309487046, "solution_time": 0.00030239997431635857}
{"items_size": 19, "stocks_size": 8, "fill_percentage": 0.4685921717171717, "solution_time": 0.0002911000046879053}
{"items_size": 19, "stocks_size": 8, "fill_percentage": 0.5794555726759116, "solution_time": 0.000232999911531806}
{"items_size": 21, "stocks_size": 6, "fill_percentage": 0.6692193446579412, "solution_time": 0.00027520000003278255}
{"items_size": 19, "stocks_size": 8, "fill_percentage": 0.4951251646903821, "solution_time": 0.00030800001695752144}
{"items_size": 21, "stocks_size": 7, "fill_percentage": 0.6283950617283951, "solution_time": 0.00030369998421519995}
{"items_size": 18, "stocks_size": 8, "fill_percentage": 0.5644308943089431, "solution_time": 0.00022649997845292091}
{"items_size": 18, "stocks_size": 8, "fill_percentage": 0.6459383753501401, "solution_time": 0.0003364000003784895}
{"items_size": 21, "stocks_size": 7, "fill_percentage": 0.549432887909262, "solution_time": 0.0002578999847173691}
{"items_size": 19, "stocks_size": 8, "fill_percentage": 0.4973036223036223, "solution_time": 0.0003567000385373831}
{"items_size": 18, "stocks_size": 8, "fill_percentage": null, "solution_time": null}
{"items_size": 21, "stocks_size": 7, "fill_percentage": 0.5936147186147186, "solution_time": 0.0003478999715298414}
{"items_size": 20, "stocks_size": 7, "fill_percentage": 0.5650612244897959, "solution_time": 0.0003747000591829419}
{"items_size": 19, "stocks_size": 8, "fill_percentage": 0.6254125412541254, "solution_time": 0.000498299952596426}
{"items_size": 18, "stocks_size": 8, "fill_percentage": 0.7697208386424186, "solution_time": 0.0004214000655338168}
{"items_size": 21, "stocks_size": 7, "fill_percentage": 0.5892249279916209, "solution_time": 0.00041790003888309}
{"items_size": 21, "stocks_size": 7, "fill_percentage": 0.5616599462365591, "solution_time": 0.00034179992508143187}
{"items_size": 20, "stocks_size": 7, "fill_percentage": 0.6369897959183674, "solution_time": 0.00026759994216263294}
{"items_size": 21, "stocks_size": 7, "fill_percentage": null, "solution_time": null}
{"items_size": 18, "stocks_size": 8, "fill_percentage": 0.6459633791094466, "solution_time": 0.00024510000366717577}
{"items_size": 20, "stocks_size": 7, "fill_percentage": 0.5478383458646616, "solution_time": 0.0002623000182211399}
{"items_size": 20, "stocks_size": 7, "fill_percentage": 0.5771144278606966, "solution_time": 0.0004499000497162342}
{"items_size": 21, "stocks_size": 7, "fill_percentage": 0.680731364275668, "solution_time": 0.00032210000790655613}
{"items_size": 18, "stocks_size": 8, "fill_percentage": 0.5341299019607844, "solution_time": 0.00034579995553940535}
{"items_size": 21, "stocks_size": 7, "fill_percentage": 0.5354174657972126, "solution_time": 0.0003991000121459365}
{"items_size": 18, "stocks_size": 8, "fill_percentage": 0.6887202625102543, "solution_time": 0.0003755999496206641}
{"items_size": 21, "stocks_size": 7, "fill_percentage": 0.5285301552907187, "solution_time": 0.0004515000618994236}
{"items_size": 18, "stocks_size": 8,