{"items_size": 18, "stocks_size": 8, "fill_percentage": 0.6815476190476191, "solution_time": 0.000292200013063848}
{"items_size": 21, "stocks_size": 7, "fill_percentage": 0.8253526858383071, "solution_time": 0.0006848999764770269}
{"items_size": 21, "stocks_size": 7, "fill_percentage": 0.8413596207713855, "solution_time": 0.0003018999705091119}
{"items_size": 18, "stocks_size": 8, "fill_percentage": 0.776499690785405, "solution_time": 0.00022520008496940136}
{"items_size": 21, "stocks_size": 6, "fill_percentage": 0.7051676570458404, "solution_time": 0.00029070000164210796}
{"items_size": 19, "stocks_size": 8, "fill_percentage": 0.7705676020408163, "solution_time": 0.00029690004885196686}
{"items_size": 18, "stocks_size": 8, "fill_percentage": 0.7661716171617162, "solution_time": 0.00025759998243302107}
{"items_size": 21, "stocks_size": 6, "fill_percentage": 0.692384370015949, "solution_time": 0.0003836000105366111}
{"items_size": 18, "stocks_size": 8, "fill_percentage": 0.8951048951048951, "solution_time": 0.0003483000909909606}
{"items_size": 20, "stocks_size": 7, "fill_percentage": 0.7926188599947466, "solution_time": 0.00030999991577118635}
{"items_size": 18, "stocks_size": 8, "fill_percentage": 0.7035864978902954, "solution_time": 0.0002527999458834529}
{"items_size": 18, "stocks_size": 8, "fill_percentage": 0.6220151426907397, "solution_time": 0.00023560004774481058}
{"items_size": 19, "stocks_size": 8, "fill_percentage": 0.6263640873015873, "solution_time": 0.00037080002948641777}
{"items_size": 20, "stocks_size": 7, "fill_percentage": 0.8180636777128005, "solution_time": 0.0003317000810056925}
{"items_size": 21, "stocks_size": 6, "fill_percentage": 0.7675555555555555, "solution_time": 0.00035180000122636557}
{"items_size": 20, "stocks_size": 7, "fill_percentage": 0.754624656880296, "solution_time": 0.0002386000705882907}
{"items_size": 20, "stocks_size": 7, "fill_percentage": 0.6801346801346801, "solution_time": 0.00027110008522868156}
{"items_size": 21, "stocks_size": 7, "fill_percentage": 0.8944375086697184, "solution_time": 0.0002842000685632229}
{"items_size": 18, "stocks_size": 8, "fill_percentage": 0.8714965626652564, "solution_time": 0.00033000006806105375}
{"items_size": 19, "stocks_size": 8, "fill_percentage": 0.780763528539659, "solution_time": 0.00123259995598346}
{"items_size": 20, "stocks_size": 7, "fill_percentage": 0.8164727429433312, "solution_time": 0.00023659993894398212}
{"items_size": 21, "stocks_size": 7, "fill_percentage": 0.8987455197132617, "solution_time": 0.0003548000240698457}
{"items_size": 21, "stocks_size": 7, "fill_percentage": 0.745361328125, "solution_time": 0.00025320006534457207}
{"items_size": 21, "stocks_size": 7, "fill_percentage": 0.6698028673835126, "solution_time": 0.0003218000056222081}
{"items_size": 19, "stocks_size": 8, "fill_percentage": 0.6730158730158731, "solution_time": 0.0002864999696612358}
{"items_size": 20, "stocks_size": 7, "fill_percentage": 0.8299707602339181, "solution_time": 0.00027980003505945206}
{"items_size": 18, "stocks_size": 8, "fill_percentage": 0.6910112359550562, "solution_time": 0.0003664999967440963}
{"items_size": 21, "stocks_size": 6, "fill_percentage": 0.742115520907158, "solution_time": 0.00023939996026456356}
{"items_size": 19, "stocks_size": 8, "fill_percentage": 0.6162790697674418, "solution_time": 0.0002901999978348613}
{"items_size": 21, "stocks_size": 7, "fill_percentage": 0.8771851851851852, "solution_time": 0.00045009993482381105}
{"items_size": 20, "stocks_size": 7, "fill_percentage": 0.806390977443609, "solution_time": 0.0003583999350667}
{"items_size": 21, "stocks_size": 7, "fill_percentage": 0.6224747474747475, "solution_time": 0.00043080002069473267}
{"items_size": 20, "stocks_size": 7, "fill_percentage": 0.7159391534391535, "solution_time": 0.0003355999942868948}
{"items_size": 21, "stocks_size": 6, "fill_percentage": 0.8177771901991892, "solution_time": 0.00027050008065998554}
{"items_size": 21, "stocks_size": 6, "fill_percentage": 0.8679231337767923, "solution_time": 0.0002877999795600772}
{"items_size": 18, "stocks_size": 8, "fill_percentage": 0.5882238631947143, "solution_time": 0.00036780000664293766}
{"items_size": 18, "stocks_size": 8, "fill_percentage": 0.766738185619189, "solution_time": 0.0002628000220283866}
{"items_size": 19, "stocks_size": 8, "fill_percentage": 0.7645120031483668, "solution_time": 0.00019589997828006744}
{"items_size": 21, "stocks_size": 6, "fill_percentage": 0.805806710870002, "solution_time": 0.00036830001045018435}
{"items_size": 20, "stocks_size": 7, "fill_percentage": 0.6914191419141914, "solution_time": 0.0002943000290542841}
{"items_size": 20, "stocks_size": 7, "fill_percentage": 0.9010288065843621, "solution_time": 0.00025459995958954096}
{"items_size": 21, "stocks_size": 6, "fill_percentage": 0.8462221095334685, "solution_time": 0.0003103000344708562}
{"items_size": 21, "stocks_size": 6, "fill_percentage": 0.8047120718247841, "solution_time": 0.0004422999918460846}
{"items_size": 19, "stocks_size": 8, "fill_percentage": 0.6247895622895623, "solution_time": 0.00031349994242191315}
{"items_size": 19, "stocks_size": 8, "fill_percentage": 0.8691833590138675, "solution_time": 0.00025189993903040886}
{"items_size": 21, "stocks_size": 6, "fill_percentage": 0.8030632135895294, "solution_time": 0.0003127000527456403}
{"items_size": 19, "stocks_size": 8, "fill_percentage": 0.8252086078173034, "solution_time": 0.000273600104264915}
{"items_size": 21, "stocks_size": 7, "fill_percentage": 0.7854938271604939, "solution_time": 0.00025159993674606085}
{"items_size": 18, "stocks_size": 8, "fill_percentage": 0.7525745257452574, "solution_time": 0.00024830002803355455}
{"items_size": 18, "stocks_size": 8, "fill_percentage": 0.6459383753501401, "solution_time": 0.0002609000075608492}
{"items_size": 21, "stocks_size": 7, "fill_percentage": 0.7692060430729669, "solution_time": 0.0002505999291315675}
{"items_size": 19, "stocks_size": 8, "fill_percentage": 0.6630714964048298, "solution_time": 0.0002859999658539891}
{"items_size": 18, "stocks_size": 8, "fill_percentage": 0.6195816532258065, "solution_time": 0.0002576999831944704}
{"items_size": 21, "stocks_size": 7, "fill_percentage": 0.7914862914862915, "solution_time": 0.0004195999354124069}
{"items_size": 20, "stocks_size": 7, "fill_percentage": 0.7063265306122449, "solution_time": 0.00031239993404597044}
{"items_size": 19, "stocks_size": 8, "fill_percentage": 0.6254125412541254, "solution_time": 0.0003760999534279108}
{"items_size": 18, "stocks_size": 8, "fill_percentage": 0.7697208386424186, "solution_time": 0.00037189992144703865}
{"items_size": 21, "stocks_size": 7, "fill_percentage": 0.8838373919874313, "solution_time": 0.0005254000425338745}
{"items_size": 21, "stocks_size": 7, "fill_percentage": 0.7020749327956989, "solution_time": 0.0002612000098451972}
{"items_size": 20, "stocks_size": 7, "fill_percentage": 0.8493197278911565, "solution_time": 0.0002473000204190612}
{"items_size": 21, "stocks_size": 7, "fill_percentage": 0.6982773109243697, "solution_time": 0.0002706999657675624}
{"items_size": 18, "stocks_size": 8, "fill_percentage": 0.6459633791094466, "solution_time": 0.0002637000288814306}
{"items_size": 20, "stocks_size": 7, "fill_percentage": 0.7669736842105264, "solution_time": 0.00026650005020201206}
{"items_size": 20, "stocks_size": 7, "fill_percentage": 0.7694859038142621, "solution_time": 0.00024209998082369566}
{"items_size": 21, "stocks_size": 7, "fill_percentage": 0.680731364275668, "solution_time": 0.000251700053922832}
{"items_size": 18, "stocks_size": 8, "fill_percentage": 0.7121732026143791, "solution_time": 0.00024640001356601715}
{"items_size": 21, "stocks_size": 7, "fill_percentage": 0.8031261986958189, "solution_time": 0.00021470000501722097}
{"items_size": 18, "stocks_size": 8, "fill_percentage": 0.6887202625102543, "solution_time": 0.000340700033120811}
{"items_size": 21,