{"items_size": 18, "stocks_size": 8, "fill_percentage": 0.6815476190476191, "solution_time": 0.00023279991000890732}
{"items_size": 21, "stocks_size": 7, "fill_percentage": 0.8253526858383071, "solution_time": 0.00046600005589425564}
{"items_size": 21, "stocks_size": 7, "fill_percentage": 0.8413596207713855, "solution_time": 0.00034330005291849375}
{"items_size": 18, "stocks_size": 8, "fill_percentage": 0.776499690785405, "solution_time": 0.0002785000251606107}
{"items_size": 21, "stocks_size": 6, "fill_percentage": 0.7051676570458404, "solution_time": 0.0003032000968232751}
{"items_size": 19, "stocks_size": 8, "fill_percentage": 0.7705676020408163, "solution_time": 0.0002321999054402113}
{"items_size": 18, "stocks_size": 8, "fill_percentage": 0.7661716171617162, "solution_time": 0.0002815999323502183}
{"items_size": 21, "stocks_size": 6, "fill_percentage": 0.692384370015949, "solution_time": 0.00022230006288737059}
{"items_size": 18, "stocks_size": 8, "fill_percentage": 0.8951048951048951, "solution_time": 0.00024030008353292942}
{"items_size": 20, "stocks_size": 7, "fill_percentage": 0.7926188599947466, "solution_time": 0.0004249000921845436}
{"items_size": 18, "stocks_size": 8, "fill_percentage": 0.7035864978902954, "solution_time": 0.00018949992954730988}
{"items_size": 18, "stocks_size": 8, "fill_percentage": 0.6220151426907397, "solution_time": 0.0002481999108567834}
{"items_size": 19, "stocks_size": 8, "fill_percentage": 0.6263640873015873, "solution_time": 0.0002614000113680959}
{"items_size": 20, "stocks_size": 7, "fill_percentage": 0.8180636777128005, "solution_time": 0.00022139993961900473}
{"items_size": 21, "stocks_size": 6, "fill_percentage": 0.7675555555555555, "solution_time": 0.000305800000205636}
{"items_size": 20, "stocks_size": 7, "fill_percentage": 0.754624656880296, "solution_time": 0.00023310002870857716}
{"items_size": 20, "stocks_size": 7, "fill_percentage": 0.6801346801346801, "solution_time": 0.00038240000139921904}
{"items_size": 21, "stocks_size": 7, "fill_percentage": 0.596291672446479, "solution_time": 0.000431500026024878}
{"items_size": 18, "stocks_size": 8, "fill_percentage": 0.8714965626652564, "solution_time": 0.00023859995417296886}
{"items_size": 19, "stocks_size": 8, "fill_percentage": 0.780763528539659, "solution_time": 0.0012663999805226922}
{"items_size": 20, "stocks_size": 7, "fill_percentage": 0.8164727429433312, "solution_time": 0.00022479996550828218}
{"items_size": 21, "stocks_size": 7, "fill_percentage": 0.8987455197132617, "solution_time": 0.0002802999224513769}
{"items_size": 21, "stocks_size": 7, "fill_percentage": 0.745361328125, "solution_time": 0.0002351999282836914}
{"items_size": 21, "stocks_size": 7, "fill_percentage": 0.6698028673835126, "solution_time": 0.0002655000425875187}
{"items_size": 19, "stocks_size": 8, "fill_percentage": 0.6730158730158731, "solution_time": 0.0002237000735476613}
{"items_size": 20, "stocks_size": 7, "fill_percentage": 0.8299707602339181, "solution_time": 0.00027379998937249184}
{"items_size": 18, "stocks_size": 8, "fill_percentage": 0.6910112359550562, "solution_time": 0.00028680008836090565}
{"items_size": 21, "stocks_size": 6, "fill_percentage": 0.742115520907158, "solution_time": 0.0003695000195875764}
{"items_size": 19, "stocks_size": 8, "fill_percentage": 0.6162790697674418, "solution_time": 0.0002855999628081918}
{"items_size": 21, "stocks_size": 7, "fill_percentage": 0.8771851851851852, "solution_time": 0.0002831999445334077}
{"items_size": 20, "stocks_size": 7, "fill_percentage": 0.806390977443609, "solution_time": 0.00028870010282844305}
{"items_size": 21, "stocks_size": 7, "fill_percentage": 0.6224747474747475, "solution_time": 0.00041390000842511654}
{"items_size": 20, "stocks_size": 7, "fill_percentage": 0.7159391534391535, "solution_time": 0.00025759998243302107}
{"items_size": 21, "stocks_size": 6, "fill_percentage": 0.8177771901991892, "solution_time": 0.00022080005146563053}
{"items_size": 21, "stocks_size": 6, "fill_percentage": 0.8679231337767923, "solution_time": 0.00021900003775954247}
{"items_size": 18, "stocks_size": 8, "fill_percentage": 0.5882238631947143, "solution_time": 0.00027089996729046106}
{"items_size": 18, "stocks_size": 8, "fill_percentage": 0.766738185619189, "solution_time": 0.00025509996339678764}
{"items_size": 19, "stocks_size": 8, "fill_percentage": 0.7645120031483668, "solution_time": 0.00022799998987466097}
{"items_size": 21, "stocks_size": 6, "fill_percentage": 0.805806710870002, "solution_time": 0.00029289990197867155}
{"items_size": 20, "stocks_size": 7, "fill_percentage": 0.6914191419141914, "solution_time": 0.00037999998312443495}
{"items_size": 20, "stocks_size": 7, "fill_percentage": 0.6757716049382716, "solution_time": 0.00029250001534819603}
{"items_size": 21, "stocks_size": 6, "fill_percentage": 0.8462221095334685, "solution_time": 0.000318199978210032}
{"items_size": 21, "stocks_size": 6, "fill_percentage": 0.8047120718247841, "solution_time": 0.0003103000344708562}
{"items_size": 19, "stocks_size": 8, "fill_percentage": 0.6247895622895623, "solution_time": 0.00029450003057718277}
{"items_size": 19, "stocks_size": 8, "fill_percentage": 0.6953466872110939, "solution_time": 0.0002946000313386321}
{"items_size": 21, "stocks_size": 6, "fill_percentage": 0.8030632135895294, "solution_time": 0.000354300020262599}
{"items_size": 19, "stocks_size": 8, "fill_percentage": 0.6189064558629777, "solution_time": 0.0002501000417396426}
{"items_size": 21, "stocks_size": 7, "fill_percentage": 0.7854938271604939, "solution_time": 0.0002861999673768878}
{"items_size": 18, "stocks_size": 8, "fill_percentage": 0.7525745257452574, "solution_time": 0.00031679996754974127}
{"items_size": 18, "stocks_size": 8, "fill_percentage": 0.8074229691876751, "solution_time": 0.00026469992008060217}
{"items_size": 21, "stocks_size": 7, "fill_percentage": 0.7692060430729669, "solution_time": 0.00019170006271451712}
{"items_size": 19, "stocks_size": 8, "fill_percentage": 0.6630714964048298, "solution_time": 0.00036639999598264694}
{"items_size": 18, "stocks_size": 8, "fill_percentage": 0.6195816532258065, "solution_time": 0.00026000000070780516}
{"items_size": 21, "stocks_size": 7, "fill_percentage": 0.7914862914862915, "solution_time": 0.0002454000059515238}
{"items_size": 20, "stocks_size": 7, "fill_percentage": 0.7063265306122449, "solution_time": 0.00022199994418770075}
{"items_size": 19, "stocks_size": 8, "fill_percentage": 0.6254125412541254, "solution_time": 0.00033199996687471867}
{"items_size": 18, "stocks_size": 8, "fill_percentage": 0.7697208386424186, "solution_time": 0.0002899999963119626}
{"items_size": 21, "stocks_size": 7, "fill_percentage": 0.8838373919874313, "solution_time": 0.0005376000190153718}
{"items_size": 21, "stocks_size": 7, "fill_percentage": 0.7020749327956989, "solution_time": 0.0002460000105202198}
{"items_size": 20, "stocks_size": 7, "fill_percentage": 0.8493197278911565, "solution_time": 0.0002867999719455838}
{"items_size": 21, "stocks_size": 7, "fill_percentage": 0.6982773109243697, "solution_time": 0.0002866999711841345}
{"items_size": 18, "stocks_size": 8, "fill_percentage": 0.861284505479262, "solution_time": 0.00024580000899732113}
{"items_size": 20, "stocks_size": 7, "fill_percentage": 0.7669736842105264, "solution_time": 0.00028039992321282625}
{"items_size": 20, "stocks_size": 7, "fill_percentage": 0.7694859038142621, "solution_time": 0.00038189999759197235}
{"items_size": 21, "stocks_size": 7, "fill_percentage": 0.680731364275668, "solution_time": 0.00029550003819167614}
{"items_size": 18, "stocks_size": 8, "fill_percentage": 0.7121732026143791, "solution_time": 0.0002544999588280916}
{"items_size": 21, "stocks_size": 7, "fill_percentage": 0.8031261986958189, "solution_time": 0.0002620000159367919}
{"items_size": 18, "stocks_size": 8, "fill_percentage": 0.8609003281378179, "solution_time": 0.0002637000288814306}
{"items_size": 21, "stocks_size": 7, "fill_percentage": 0.792795232936078,