{"items_size": 18, "stocks_size": 8, "fill_percentage": 0.6815476190476191, "solution_time": 0.00032320001628249884}
{"items_size": 21, "stocks_size": 7, "fill_percentage": 0.8253526858383071, "solution_time": 0.0004339000442996621}
{"items_size": 21, "stocks_size": 7, "fill_percentage": 0.8413596207713855, "solution_time": 0.000328000052832067}
{"items_size": 18, "stocks_size": 8, "fill_percentage": 0.776499690785405, "solution_time": 0.0002555000828579068}
{"items_size": 21, "stocks_size": 6, "fill_percentage": 0.7051676570458404, "solution_time": 0.000332099967636168}
{"items_size": 19, "stocks_size": 8, "fill_percentage": 0.7705676020408163, "solution_time": 0.00027459999546408653}
{"items_size": 18, "stocks_size": 8, "fill_percentage": 0.7661716171617162, "solution_time": 0.000304599991068244}
{"items_size": 21, "stocks_size": 6, "fill_percentage": 0.692384370015949, "solution_time": 0.0002730999840423465}
{"items_size": 18, "stocks_size": 8, "fill_percentage": 0.8951048951048951, "solution_time": 0.00025050004478543997}
{"items_size": 20, "stocks_size": 7, "fill_percentage": 0.7926188599947466, "solution_time": 0.0003066000062972307}
{"items_size": 18, "stocks_size": 8, "fill_percentage": 0.7035864978902954, "solution_time": 0.0003695000195875764}
{"items_size": 18, "stocks_size": 8, "fill_percentage": 0.6220151426907397, "solution_time": 0.0003336999798193574}
{"items_size": 19, "stocks_size": 8, "fill_percentage": 0.6263640873015873, "solution_time": 0.0003834000090137124}
{"items_size": 20, "stocks_size": 7, "fill_percentage": 0.8180636777128005, "solution_time": 0.00024560000747442245}
{"items_size": 21, "stocks_size": 6, "fill_percentage": 0.7675555555555555, "solution_time": 0.0003249999135732651}
{"items_size": 20, "stocks_size": 7, "fill_percentage": 0.754624656880296, "solution_time": 0.00025839998852461576}
{"items_size": 20, "stocks_size": 7, "fill_percentage": 0.6801346801346801, "solution_time": 0.00040639995131641626}
{"items_size": 21, "stocks_size": 7, "fill_percentage": 0.8944375086697184, "solution_time": 0.0006733000045642257}
{"items_size": 18, "stocks_size": 8, "fill_percentage": 0.6536224219989424, "solution_time": 0.00025319994892925024}
{"items_size": 19, "stocks_size": 8, "fill_percentage": 0.780763528539659, "solution_time": 0.0010303000453859568}
{"items_size": 20, "stocks_size": 7, "fill_percentage": 0.8164727429433312, "solution_time": 0.00033730000723153353}
{"items_size": 21, "stocks_size": 7, "fill_percentage": 0.6740591397849462, "solution_time": 0.0002688000677153468}
{"items_size": 21, "stocks_size": 7, "fill_percentage": 0.745361328125, "solution_time": 0.0003125999355688691}
{"items_size": 21, "stocks_size": 7, "fill_percentage": 0.6698028673835126, "solution_time": 0.000327100045979023}
{"items_size": 19, "stocks_size": 8, "fill_percentage": 0.6730158730158731, "solution_time": 0.0002855999628081918}
{"items_size": 20, "stocks_size": 7, "fill_percentage": 0.8299707602339181, "solution_time": 0.00028579996433109045}
{"items_size": 18, "stocks_size": 8, "fill_percentage": 0.6910112359550562, "solution_time": 0.0003165000816807151}
{"items_size": 21, "stocks_size": 6, "fill_percentage": 0.742115520907158, "solution_time": 0.00030830001924186945}
{"items_size": 19, "stocks_size": 8, "fill_percentage": 0.9244186046511628, "solution_time": 0.00035039999056607485}
{"items_size": 21, "stocks_size": 7, "fill_percentage": 0.8771851851851852, "solution_time": 0.0004151000175625086}
{"items_size": 20, "stocks_size": 7, "fill_percentage": 0.806390977443609, "solution_time": 0.0004054000601172447}
{"items_size": 21, "stocks_size": 7, "fill_percentage": 0.9337121212121212, "solution_time": 0.0003727000439539552}
{"items_size": 20, "stocks_size": 7, "fill_percentage": 0.7159391534391535, "solution_time": 0.00029250001534819603}
{"items_size": 21, "stocks_size": 6, "fill_percentage": 0.8177771901991892, "solution_time": 0.000332099967636168}
{"items_size": 21, "stocks_size": 6, "fill_percentage": 0.8679231337767923, "solution_time": 0.000319099985063076}
{"items_size": 18, "stocks_size": 8, "fill_percentage": 0.5882238631947143, "solution_time": 0.0002482999116182327}
{"items_size": 18, "stocks_size": 8, "fill_percentage": 0.766738185619189, "solution_time": 0.0003493999829515815}
{"items_size": 19, "stocks_size": 8, "fill_percentage": 0.7645120031483668, "solution_time": 0.00037430005613714457}
{"items_size": 21, "stocks_size": 6, "fill_percentage": 0.805806710870002, "solution_time": 0.0003475999692454934}
{"items_size": 20, "stocks_size": 7, "fill_percentage": 0.6914191419141914, "solution_time": 0.0002445999998599291}
{"items_size": 20, "stocks_size": 7, "fill_percentage": 0.6757716049382716, "solution_time": 0.00022990000434219837}
{"items_size": 21, "stocks_size": 6, "fill_percentage": 0.6769776876267748, "solution_time": 0.00021710002329200506}
{"items_size": 21, "stocks_size": 6, "fill_percentage": 0.8047120718247841, "solution_time": 0.00040870008524507284}
{"items_size": 19, "stocks_size": 8, "fill_percentage": 0.6247895622895623, "solution_time": 0.0003899000585079193}
{"items_size": 19, "stocks_size": 8, "fill_percentage": 0.6953466872110939, "solution_time": 0.0003103999188169837}
{"items_size": 21, "stocks_size": 6, "fill_percentage": 0.8030632135895294, "solution_time": 0.0003205999964848161}
{"items_size": 19, "stocks_size": 8, "fill_percentage": 0.8252086078173034, "solution_time": 0.00024399999529123306}
{"items_size": 21, "stocks_size": 7, "fill_percentage": 0.7854938271604939, "solution_time": 0.00027680001221597195}
{"items_size": 18, "stocks_size": 8, "fill_percentage": 0.7525745257452574, "solution_time": 0.00029260001610964537}
{"items_size": 18, "stocks_size": 8, "fill_percentage": 0.8074229691876751, "solution_time": 0.00028000003658235073}
{"items_size": 21, "stocks_size": 7, "fill_percentage": 0.7692060430729669, "solution_time": 0.0002981999423354864}
{"items_size": 19, "stocks_size": 8, "fill_percentage": 0.6630714964048298, "solution_time": 0.00029770005494356155}
{"items_size": 18, "stocks_size": 8, "fill_percentage": 0.6195816532258065, "solution_time": 0.0003837000112980604}
{"items_size": 21, "stocks_size": 7, "fill_percentage": 0.7914862914862915, "solution_time": 0.00023150001652538776}
{"items_size": 20, "stocks_size": 7, "fill_percentage": 0.7063265306122449, "solution_time": 0.0002707999665290117}
{"items_size": 19, "stocks_size": 8, "fill_percentage": 0.6254125412541254, "solution_time": 0.00032570003531873226}
{"items_size": 18, "stocks_size": 8, "fill_percentage": 0.7697208386424186, "solution_time": 0.00040559994522482157}
{"items_size": 21, "stocks_size": 7, "fill_percentage": 0.8838373919874313, "solution_time": 0.0004621000261977315}
{"items_size": 21, "stocks_size": 7, "fill_percentage": 0.7020749327956989, "solution_time": 0.000327400048263371}
{"items_size": 20, "stocks_size": 7, "fill_percentage": 0.8493197278911565, "solution_time": 0.0003497999859973788}
{"items_size": 21, "stocks_size": 7, "fill_percentage": 0.6982773109243697, "solution_time": 0.00026490003801882267}
{"items_size": 18, "stocks_size": 8, "fill_percentage": 0.861284505479262, "solution_time": 0.0003234000178053975}
{"items_size": 20, "stocks_size": 7, "fill_percentage": 0.7669736842105264, "solution_time": 0.0002984000602737069}
{"items_size": 20, "stocks_size": 7, "fill_percentage": 0.7694859038142621, "solution_time": 0.0003312000771984458}
{"items_size": 21, "stocks_size": 7, "fill_percentage": 0.680731364275668, "solution_time": 0.0003424000460654497}
{"items_size": 18, "stocks_size": 8, "fill_percentage": 0.7121732026143791, "solution_time": 0.00022489996626973152}
{"items_size": 21, "stocks_size": 7, "fill_percentage": 0.8031261986958189, "solution_time": 0.00022330007050186396}
{"items_size": 18, "stocks_size": 8, "fill_percentage": 0.8609003281378179, "solution_time": 0.0002753000007942319}
{"items_size": 21, "stocks_size": 7,