{"items_size": 18, "stocks_size": 8, "fill_percentage": 0.6815476190476191, "solution_time": 0.0004275999963283539}
{"items_size": 21, "stocks_size": 7, "fill_percentage": 0.5502351238922047, "solution_time": 0.0006796999368816614}
{"items_size": 21, "stocks_size": 7, "fill_percentage": 0.6730876966171084, "solution_time": 0.00048010004684329033}
{"items_size": 18, "stocks_size": 8, "fill_percentage": 0.5823747680890538, "solution_time": 0.0004786000354215503}
{"items_size": 21, "stocks_size": 6, "fill_percentage": 0.5641341256366723, "solution_time": 0.0003896000562235713}
{"items_size": 19, "stocks_size": 8, "fill_percentage": 0.616454081632653, "solution_time": 0.0002805999247357249}
{"items_size": 18, "stocks_size": 8, "fill_percentage": 0.5107810781078108, "solution_time": 0.0003971999976783991}
{"items_size": 21, "stocks_size": 6, "fill_percentage": 0.692384370015949, "solution_time": 0.0003933999687433243}
{"items_size": 18, "stocks_size": 8, "fill_percentage": 0.5967365967365967, "solution_time": 0.00047119997907429934}
{"items_size": 20, "stocks_size": 7, "fill_percentage": 0.5944641449960599, "solution_time": 0.00039840000681579113}
{"items_size": 18, "stocks_size": 8, "fill_percentage": 0.5276898734177216, "solution_time": 0.0003111000405624509}
{"items_size": 18, "stocks_size": 8, "fill_percentage": 0.6220151426907397, "solution_time": 0.00043530005495995283}
{"items_size": 19, "stocks_size": 8, "fill_percentage": 0.6263640873015873, "solution_time": 0.00039490009658038616}
{"items_size": 20, "stocks_size": 7, "fill_percentage": 0.6135477582846004, "solution_time": 0.00046960008330643177}
{"items_size": 21, "stocks_size": 6, "fill_percentage": 0.5756666666666667, "solution_time": 0.00046660006046295166}
{"items_size": 20, "stocks_size": 7, "fill_percentage": 0.565968492660222, "solution_time": 0.0005636999849230051}
{"items_size": 20, "stocks_size": 7, "fill_percentage": 0.6801346801346801, "solution_time": 0.0006266999989748001}
{"items_size": 21, "stocks_size": 7, "fill_percentage": 0.596291672446479, "solution_time": 0.0004545999690890312}
{"items_size": 18, "stocks_size": 8, "fill_percentage": 0.6536224219989424, "solution_time": 0.00035099999513477087}
{"items_size": 19, "stocks_size": 8, "fill_percentage": 0.6246108228317272, "solution_time": 0.00036090007051825523}
{"items_size": 20, "stocks_size": 7, "fill_percentage": 0.653178194354665, "solution_time": 0.000327100045979023}
{"items_size": 21, "stocks_size": 7, "fill_percentage": 0.539247311827957, "solution_time": 0.0003195999888703227}
{"items_size": 21, "stocks_size": 7, "fill_percentage": 0.5324009486607143, "solution_time": 0.0004453000146895647}
{"items_size": 21, "stocks_size": 7, "fill_percentage": 0.6698028673835126, "solution_time": 0.0004602998960763216}
{"items_size": 19, "stocks_size": 8, "fill_percentage": 0.5608465608465608, "solution_time": 0.0003510999958962202}
{"items_size": 20, "stocks_size": 7, "fill_percentage": 0.6639766081871346, "solution_time": 0.00029580004047602415}
{"items_size": 18, "stocks_size": 8, "fill_percentage": 0.6910112359550562, "solution_time": 0.000534099992364645}
{"items_size": 21, "stocks_size": 6, "fill_percentage": 0.5936924167257265, "solution_time": 0.000304599991068244}
{"items_size": 19, "stocks_size": 8, "fill_percentage": 0.6162790697674418, "solution_time": 0.0004401999758556485}
{"items_size": 21, "stocks_size": 7, "fill_percentage": 0.5847901234567902, "solution_time": 0.0006553999846801162}
{"items_size": 20, "stocks_size": 7, "fill_percentage": 0.5375939849624061, "solution_time": 0.00048809999134391546}
{"items_size": 21, "stocks_size": 7, "fill_percentage": 0.4668560606060606, "solution_time": 0.000519599998369813}
{"items_size": 20, "stocks_size": 7, "fill_percentage": 0.5369543650793651, "solution_time": 0.0003963999915868044}
{"items_size": 21, "stocks_size": 6, "fill_percentage": null, "solution_time": null}
{"items_size": 21, "stocks_size": 6, "fill_percentage": 0.5207538802660754, "solution_time": 0.0004542000824585557}
{"items_size": 18, "stocks_size": 8, "fill_percentage": 0.5882238631947143, "solution_time": 0.0005471000913530588}
{"items_size": 18, "stocks_size": 8, "fill_percentage": 0.46004291137151343, "solution_time": 0.00029150000773370266}
{"items_size": 19, "stocks_size": 8, "fill_percentage": 0.5733840023612751, "solution_time": 0.0004425999941304326}
{"items_size": 21, "stocks_size": 6, "fill_percentage": 0.6043550331525015, "solution_time": 0.0005058000097051263}
{"items_size": 20, "stocks_size": 7, "fill_percentage": 0.6914191419141914, "solution_time": 0.000530000077560544}
{"items_size": 20, "stocks_size": 7, "fill_percentage": 0.5406172839506173, "solution_time": 0.00033650000113993883}
{"items_size": 21, "stocks_size": 6, "fill_percentage": 0.5641480730223124, "solution_time": 0.0002812000457197428}
{"items_size": 21, "stocks_size": 6, "fill_percentage": 0.603534053868588, "solution_time": 0.00044700002763420343}
{"items_size": 19, "stocks_size": 8, "fill_percentage": 0.6247895622895623, "solution_time": 0.00034220004454255104}
{"items_size": 19, "stocks_size": 8, "fill_percentage": 0.6953466872110939, "solution_time": 0.00028929999098181725}
{"items_size": 21, "stocks_size": 6, "fill_percentage": 0.6692193446579412, "solution_time": 0.00026540004182606936}
{"items_size": 19, "stocks_size": 8, "fill_percentage": 0.4951251646903821, "solution_time": 0.0002758000046014786}
{"items_size": 21, "stocks_size": 7, "fill_percentage": 0.6283950617283951, "solution_time": 0.00029310001991689205}
{"items_size": 18, "stocks_size": 8, "fill_percentage": 0.7525745257452574, "solution_time": 0.00039679999463260174}
{"items_size": 18, "stocks_size": 8, "fill_percentage": 0.6459383753501401, "solution_time": 0.0005512000061571598}
{"items_size": 21, "stocks_size": 7, "fill_percentage": 0.641005035894139, "solution_time": 0.0003109999233856797}
{"items_size": 19, "stocks_size": 8, "fill_percentage": 0.6630714964048298, "solution_time": 0.0002874999772757292}
{"items_size": 18, "stocks_size": 8, "fill_percentage": null, "solution_time": null}
{"items_size": 21, "stocks_size": 7, "fill_percentage": 0.5936147186147186, "solution_time": 0.00041999993845820427}
{"items_size": 20, "stocks_size": 7, "fill_percentage": 0.5650612244897959, "solution_time": 0.0004287000047042966}
{"items_size": 19, "stocks_size": 8, "fill_percentage": 0.41694169416941695, "solution_time": 0.0004743000026792288}
{"items_size": 18, "stocks_size": 8, "fill_percentage": 0.7697208386424186, "solution_time": 0.00041149999015033245}
{"items_size": 21, "stocks_size": 7, "fill_percentage": 0.5892249279916209, "solution_time": 0.0007665000157430768}
{"items_size": 21, "stocks_size": 7, "fill_percentage": 0.5616599462365591, "solution_time": 0.0004729999927803874}
{"items_size": 20, "stocks_size": 7, "fill_percentage": 0.6369897959183674, "solution_time": 0.0003253000322729349}
{"items_size": 21, "stocks_size": 7, "fill_percentage": 0.6982773109243697, "solution_time": 0.0002623000182211399}
{"items_size": 18, "stocks_size": 8, "fill_percentage": 0.6459633791094466, "solution_time": 0.0002503999276086688}
{"items_size": 20, "stocks_size": 7, "fill_percentage": 0.5478383458646616, "solution_time": 0.00035119999665766954}
{"items_size": 20, "stocks_size": 7, "fill_percentage": 0.4616915422885572, "solution_time": 0.0004301000153645873}
{"items_size": 21, "stocks_size": 7, "fill_percentage": 0.680731364275668, "solution_time": 0.0004561999812722206}
{"items_size": 18, "stocks_size": 8, "fill_percentage": 0.5341299019607844, "solution_time": 0.00036289996933192015}
{"items_size": 21, "stocks_size": 7, "fill_percentage": 0.6425009589566552, "solution_time": 0.0005477999802678823}
{"items_size": 18, "stocks_size": 8, "fill_percentage": 0.6887202625102543, "solution_time": 0.0003464999608695507}
{"items_size": 21, "stocks_size": 7, "fill_percentage": 0.6342361863488624, "solution_time": 0.00028199993539601564}
{"items_size": 18, "stocks_size": 8,