{"items_size": 18, "stocks_size": 8, "fill_percentage": 0.6815476190476191, "solution_time": 0.0003030000953003764}
{"items_size": 21, "stocks_size": 7, "fill_percentage": 0.8253526858383071, "solution_time": 0.00029340002220124006}
{"items_size": 21, "stocks_size": 7, "fill_percentage": 0.8413596207713855, "solution_time": 0.0002432999899610877}
{"items_size": 18, "stocks_size": 8, "fill_percentage": 0.776499690785405, "solution_time": 0.00029120000544935465}
{"items_size": 21, "stocks_size": 6, "fill_percentage": 0.7051676570458404, "solution_time": 0.00034360005520284176}
{"items_size": 19, "stocks_size": 8, "fill_percentage": 0.7705676020408163, "solution_time": 0.0002877000952139497}
{"items_size": 18, "stocks_size": 8, "fill_percentage": 0.7661716171617162, "solution_time": 0.00026700005400925875}
{"items_size": 21, "stocks_size": 6, "fill_percentage": 0.692384370015949, "solution_time": 0.0002231999533250928}
{"items_size": 18, "stocks_size": 8, "fill_percentage": 0.8951048951048951, "solution_time": 0.0002449000021442771}
{"items_size": 20, "stocks_size": 7, "fill_percentage": 0.7926188599947466, "solution_time": 0.0003353999927639961}
{"items_size": 18, "stocks_size": 8, "fill_percentage": 0.7035864978902954, "solution_time": 0.0002836999483406544}
{"items_size": 18, "stocks_size": 8, "fill_percentage": 0.6220151426907397, "solution_time": 0.0002592999953776598}
{"items_size": 19, "stocks_size": 8, "fill_percentage": 0.6263640873015873, "solution_time": 0.0003595000598579645}
{"items_size": 20, "stocks_size": 7, "fill_percentage": 0.8180636777128005, "solution_time": 0.0002994999522343278}
{"items_size": 21, "stocks_size": 6, "fill_percentage": 0.7675555555555555, "solution_time": 0.00027030007913708687}
{"items_size": 20, "stocks_size": 7, "fill_percentage": 0.754624656880296, "solution_time": 0.0002253999700769782}
{"items_size": 20, "stocks_size": 7, "fill_percentage": 0.6801346801346801, "solution_time": 0.0004517000634223223}
{"items_size": 21, "stocks_size": 7, "fill_percentage": 0.596291672446479, "solution_time": 0.0002772000152617693}
{"items_size": 18, "stocks_size": 8, "fill_percentage": 0.8714965626652564, "solution_time": 0.00023250002413988113}
{"items_size": 19, "stocks_size": 8, "fill_percentage": 0.780763528539659, "solution_time": 0.0014230000087991357}
{"items_size": 20, "stocks_size": 7, "fill_percentage": 0.8164727429433312, "solution_time": 0.0002636000281199813}
{"items_size": 21, "stocks_size": 7, "fill_percentage": 0.8987455197132617, "solution_time": 0.0004467000253498554}
{"items_size": 21, "stocks_size": 7, "fill_percentage": 0.745361328125, "solution_time": 0.00024590000975877047}
{"items_size": 21, "stocks_size": 7, "fill_percentage": 0.6698028673835126, "solution_time": 0.0003038999857380986}
{"items_size": 19, "stocks_size": 8, "fill_percentage": 0.6730158730158731, "solution_time": 0.00023359991610050201}
{"items_size": 20, "stocks_size": 7, "fill_percentage": 0.8299707602339181, "solution_time": 0.00022609997540712357}
{"items_size": 18, "stocks_size": 8, "fill_percentage": 0.6910112359550562, "solution_time": 0.00030259997583925724}
{"items_size": 21, "stocks_size": 6, "fill_percentage": 0.742115520907158, "solution_time": 0.00022829999215900898}
{"items_size": 19, "stocks_size": 8, "fill_percentage": 0.6162790697674418, "solution_time": 0.0002995000686496496}
{"items_size": 21, "stocks_size": 7, "fill_percentage": 0.8771851851851852, "solution_time": 0.00029939995147287846}
{"items_size": 20, "stocks_size": 7, "fill_percentage": 0.806390977443609, "solution_time": 0.0003907999489456415}
{"items_size": 21, "stocks_size": 7, "fill_percentage": 0.6224747474747475, "solution_time": 0.00027740001678466797}
{"items_size": 20, "stocks_size": 7, "fill_percentage": 0.7159391534391535, "solution_time": 0.0003358999965712428}
{"items_size": 21, "stocks_size": 6, "fill_percentage": 0.8177771901991892, "solution_time": 0.0002869999734684825}
{"items_size": 21, "stocks_size": 6, "fill_percentage": 0.8679231337767923, "solution_time": 0.00045419996604323387}
{"items_size": 18, "stocks_size": 8, "fill_percentage": 0.5882238631947143, "solution_time": 0.00028119992930442095}
{"items_size": 18, "stocks_size": 8, "fill_percentage": 0.766738185619189, "solution_time": 0.00027459999546408653}
{"items_size": 19, "stocks_size": 8, "fill_percentage": 0.7645120031483668, "solution_time": 0.0002902999985963106}
{"items_size": 21, "stocks_size": 6, "fill_percentage": 0.805806710870002, "solution_time": 0.00031230004969984293}
{"items_size": 20, "stocks_size": 7, "fill_percentage": 0.6914191419141914, "solution_time": 0.00025669997557997704}
{"items_size": 20, "stocks_size": 7, "fill_percentage": 0.6757716049382716, "solution_time": 0.00024340010713785887}
{"items_size": 21, "stocks_size": 6, "fill_percentage": 0.8462221095334685, "solution_time": 0.000260799890384078}
{"items_size": 21, "stocks_size": 6, "fill_percentage": 0.8047120718247841, "solution_time": 0.0002620999002829194}
{"items_size": 19, "stocks_size": 8, "fill_percentage": 0.6247895622895623, "solution_time": 0.00026949995663017035}
{"items_size": 19, "stocks_size": 8, "fill_percentage": 0.6953466872110939, "solution_time": 0.0002106999745592475}
{"items_size": 21, "stocks_size": 6, "fill_percentage": 0.8030632135895294, "solution_time": 0.00022829999215900898}
{"items_size": 19, "stocks_size": 8, "fill_percentage": 0.6189064558629777, "solution_time": 0.00031480006873607635}
{"items_size": 21, "stocks_size": 7, "fill_percentage": 0.7854938271604939, "solution_time": 0.000301400083117187}
{"items_size": 18, "stocks_size": 8, "fill_percentage": 0.7525745257452574, "solution_time": 0.0003290000604465604}
{"items_size": 18, "stocks_size": 8, "fill_percentage": 0.8074229691876751, "solution_time": 0.0002218999434262514}
{"items_size": 21, "stocks_size": 7, "fill_percentage": 0.7692060430729669, "solution_time": 0.0002559999702498317}
{"items_size": 19, "stocks_size": 8, "fill_percentage": 0.6630714964048298, "solution_time": 0.0002734999870881438}
{"items_size": 18, "stocks_size": 8, "fill_percentage": 0.6195816532258065, "solution_time": 0.0002145000034943223}
{"items_size": 21, "stocks_size": 7, "fill_percentage": 0.7914862914862915, "solution_time": 0.0003293999470770359}
{"items_size": 20, "stocks_size": 7, "fill_percentage": 0.7063265306122449, "solution_time": 0.00020910007879137993}
{"items_size": 19, "stocks_size": 8, "fill_percentage": 0.6254125412541254, "solution_time": 0.0002861999673768878}
{"items_size": 18, "stocks_size": 8, "fill_percentage": 0.7697208386424186, "solution_time": 0.0004744000034406781}
{"items_size": 21, "stocks_size": 7, "fill_percentage": 0.8838373919874313, "solution_time": 0.00037430005613714457}
{"items_size": 21, "stocks_size": 7, "fill_percentage": 0.7020749327956989, "solution_time": 0.00024480000138282776}
{"items_size": 20, "stocks_size": 7, "fill_percentage": 0.8493197278911565, "solution_time": 0.00024560000747442245}
{"items_size": 21, "stocks_size": 7, "fill_percentage": 0.6982773109243697, "solution_time": 0.00024209998082369566}
{"items_size": 18, "stocks_size": 8, "fill_percentage": 0.861284505479262, "solution_time": 0.00022629997693002224}
{"items_size": 20, "stocks_size": 7, "fill_percentage": 0.7669736842105264, "solution_time": 0.0002845999551936984}
{"items_size": 20, "stocks_size": 7, "fill_percentage": 0.7694859038142621, "solution_time": 0.00033510010689496994}
{"items_size": 21, "stocks_size": 7, "fill_percentage": 0.680731364275668, "solution_time": 0.0003405000315979123}
{"items_size": 18, "stocks_size": 8, "fill_percentage": 0.7121732026143791, "solution_time": 0.00033320009242743254}
{"items_size": 21, "stocks_size": 7, "fill_percentage": 0.8031261986958189, "solution_time": 0.00022469996474683285}
{"items_size": 18, "stocks_size": 8, "fill_percentage": 0.8609003281378179, "solution_time": 0.00031459995079785585}
{"items_size": 21, "stocks_size": 7, "fill_percentage": 0.792795232936078,