{"items_size": 18, "stocks_size": 8, "fill_percentage": 0.6815476190476191, "solution_time": 0.0004392999690026045}
{"items_size": 21, "stocks_size": 7, "fill_percentage": 0.5502351238922047, "solution_time": 0.0005922000855207443}
{"items_size": 21, "stocks_size": 7, "fill_percentage": 0.6730876966171084, "solution_time": 0.0005260000471025705}
{"items_size": 18, "stocks_size": 8, "fill_percentage": 0.5823747680890538, "solution_time": 0.0004051999421790242}
{"items_size": 21, "stocks_size": 6, "fill_percentage": 0.5641341256366723, "solution_time": 0.0004975000629201531}
{"items_size": 19, "stocks_size": 8, "fill_percentage": 0.616454081632653, "solution_time": 0.0002855999628081918}
{"items_size": 18, "stocks_size": 8, "fill_percentage": 0.5107810781078108, "solution_time": 0.00047450000420212746}
{"items_size": 21, "stocks_size": 6, "fill_percentage": 0.5192882775119617, "solution_time": 0.0004382999613881111}
{"items_size": 18, "stocks_size": 8, "fill_percentage": 0.5967365967365967, "solution_time": 0.0003961999900639057}
{"items_size": 20, "stocks_size": 7, "fill_percentage": 0.5944641449960599, "solution_time": 0.000721300020813942}
{"items_size": 18, "stocks_size": 8, "fill_percentage": 0.5276898734177216, "solution_time": 0.0004323000321164727}
{"items_size": 18, "stocks_size": 8, "fill_percentage": 0.46651135701805474, "solution_time": 0.0005000999663025141}
{"items_size": 19, "stocks_size": 8, "fill_percentage": 0.6263640873015873, "solution_time": 0.0004941000370308757}
{"items_size": 20, "stocks_size": 7, "fill_percentage": 0.4908382066276803, "solution_time": 0.0003883000463247299}
{"items_size": 21, "stocks_size": 6, "fill_percentage": 0.5756666666666667, "solution_time": 0.00038400001358240843}
{"items_size": 20, "stocks_size": 7, "fill_percentage": 0.565968492660222, "solution_time": 0.0005834000185132027}
{"items_size": 20, "stocks_size": 7, "fill_percentage": 0.45342312008978675, "solution_time": 0.0004915000172331929}
{"items_size": 21, "stocks_size": 7, "fill_percentage": 0.4472187543348592, "solution_time": 0.000673100003041327}
{"items_size": 18, "stocks_size": 8, "fill_percentage": 0.6536224219989424, "solution_time": 0.0004594000056385994}
{"items_size": 19, "stocks_size": 8, "fill_percentage": 0.5205090190264393, "solution_time": 0.00040879996959120035}
{"items_size": 20, "stocks_size": 7, "fill_percentage": 0.5443151619622207, "solution_time": 0.00040419993456453085}
{"items_size": 21, "stocks_size": 7, "fill_percentage": 0.539247311827957, "solution_time": 0.00042810000013560057}
{"items_size": 21, "stocks_size": 7, "fill_percentage": 0.5324009486607143, "solution_time": 0.0003763000713661313}
{"items_size": 21, "stocks_size": 7, "fill_percentage": 0.5023521505376344, "solution_time": 0.00042159995064139366}
{"items_size": 19, "stocks_size": 8, "fill_percentage": 0.6730158730158731, "solution_time": 0.000440100091509521}
{"items_size": 20, "stocks_size": 7, "fill_percentage": 0.5533138401559454, "solution_time": 0.0003007999621331692}
{"items_size": 18, "stocks_size": 8, "fill_percentage": 0.4606741573033708, "solution_time": 0.00046010001096874475}
{"items_size": 21, "stocks_size": 6, "fill_percentage": 0.49474368060477203, "solution_time": 0.0003112000413239002}
{"items_size": 19, "stocks_size": 8, "fill_percentage": 0.4622093023255814, "solution_time": 0.00044869992416352034}
{"items_size": 21, "stocks_size": 7, "fill_percentage": 0.5847901234567902, "solution_time": 0.00101350003387779}
{"items_size": 20, "stocks_size": 7, "fill_percentage": 0.5375939849624061, "solution_time": 0.0006484000477939844}
{"items_size": 21, "stocks_size": 7, "fill_percentage": 0.6224747474747475, "solution_time": 0.0004900000058114529}
{"items_size": 20, "stocks_size": 7, "fill_percentage": 0.5369543650793651, "solution_time": 0.0004680000711232424}
{"items_size": 21, "stocks_size": 6, "fill_percentage": null, "solution_time": null}
{"items_size": 21, "stocks_size": 6, "fill_percentage": 0.5207538802660754, "solution_time": 0.00035200000274926424}
{"items_size": 18, "stocks_size": 8, "fill_percentage": 0.39214924212980956, "solution_time": 0.00045759999193251133}
{"items_size": 18, "stocks_size": 8, "fill_percentage": 0.46004291137151343, "solution_time": 0.00037650007288903}
{"items_size": 19, "stocks_size": 8, "fill_percentage": 0.5733840023612751, "solution_time": 0.00037800008431077003}
{"items_size": 21, "stocks_size": 6, "fill_percentage": 0.48348402652200123, "solution_time": 0.00042890000622719526}
{"items_size": 20, "stocks_size": 7, "fill_percentage": 0.6914191419141914, "solution_time": 0.0005437000654637814}
{"items_size": 20, "stocks_size": 7, "fill_percentage": 0.5406172839506173, "solution_time": 0.0003874000394716859}
{"items_size": 21, "stocks_size": 6, "fill_percentage": 0.5641480730223124, "solution_time": 0.0003719000378623605}
{"items_size": 21, "stocks_size": 6, "fill_percentage": 0.603534053868588, "solution_time": 0.0004816000582650304}
{"items_size": 19, "stocks_size": 8, "fill_percentage": 0.6247895622895623, "solution_time": 0.0005079000256955624}
{"items_size": 19, "stocks_size": 8, "fill_percentage": 0.6953466872110939, "solution_time": 0.00043439993169158697}
{"items_size": 21, "stocks_size": 6, "fill_percentage": null, "solution_time": null}
{"items_size": 19, "stocks_size": 8, "fill_percentage": 0.4126043039086517, "solution_time": 0.00040650006849318743}
{"items_size": 21, "stocks_size": 7, "fill_percentage": 0.5236625514403292, "solution_time": 0.00044490001164376736}
{"items_size": 18, "stocks_size": 8, "fill_percentage": 0.5644308943089431, "solution_time": 0.0004249999765306711}
{"items_size": 18, "stocks_size": 8, "fill_percentage": 0.53828197945845, "solution_time": 0.00033569999504834414}
{"items_size": 21, "stocks_size": 7, "fill_percentage": 0.549432887909262, "solution_time": 0.00027909991331398487}
{"items_size": 19, "stocks_size": 8, "fill_percentage": 0.4973036223036223, "solution_time": 0.0003244000254198909}
{"items_size": 18, "stocks_size": 8, "fill_percentage": null, "solution_time": null}
{"items_size": 21, "stocks_size": 7, "fill_percentage": 0.5936147186147186, "solution_time": 0.0004995999624952674}
{"items_size": 20, "stocks_size": 7, "fill_percentage": 0.5650612244897959, "solution_time": 0.00033660000190138817}
{"items_size": 19, "stocks_size": 8, "fill_percentage": 0.6254125412541254, "solution_time": 0.000596199999563396}
{"items_size": 18, "stocks_size": 8, "fill_percentage": 0.5131472257616124, "solution_time": 0.0005132999503985047}
{"items_size": 21, "stocks_size": 7, "fill_percentage": 0.44191869599371564, "solution_time": 0.0005862000398337841}
{"items_size": 21, "stocks_size": 7, "fill_percentage": 0.5616599462365591, "solution_time": 0.00045309995766729116}
{"items_size": 20, "stocks_size": 7, "fill_percentage": 0.5095918367346939, "solution_time": 0.0003333999775350094}
{"items_size": 21, "stocks_size": 7, "fill_percentage": null, "solution_time": null}
{"items_size": 18, "stocks_size": 8, "fill_percentage": 0.5167707032875573, "solution_time": 0.0002858999650925398}
{"items_size": 20, "stocks_size": 7, "fill_percentage": null, "solution_time": null}
{"items_size": 20, "stocks_size": 7, "fill_percentage": 0.4616915422885572, "solution_time": 0.0003659999929368496}
{"items_size": 21, "stocks_size": 7, "fill_percentage": 0.510548523206751, "solution_time": 0.0004198000533506274}
{"items_size": 18, "stocks_size": 8, "fill_percentage": 0.5341299019607844, "solution_time": 0.00033740000799298286}
{"items_size": 21, "stocks_size": 7, "fill_percentage": 0.5354174657972126, "solution_time": 0.00030610000248998404}
{"items_size": 18, "stocks_size": 8, "fill_percentage": 0.5739335520918786, "solution_time": 0.000354300020262599}
{"items_size": 21, "stocks_size": 7, "fill_percentage": 0.4530258473920446, "solution_time": 0.0005496999947354198}
{"items_size": 18, "stocks_size": 8,