{"items_size": 18, "stocks_size": 8, "fill_percentage": 0.6815476190476191, "solution_time": 0.0003081999020650983}
{"items_size": 21, "stocks_size": 7, "fill_percentage": 0.5502351238922047, "solution_time": 0.0005952999927103519}
{"items_size": 21, "stocks_size": 7, "fill_percentage": 0.6730876966171084, "solution_time": 0.00033599999733269215}
{"items_size": 18, "stocks_size": 8, "fill_percentage": 0.5823747680890538, "solution_time": 0.00043240003287792206}
{"items_size": 21, "stocks_size": 6, "fill_percentage": 0.5641341256366723, "solution_time": 0.0003567000385373831}
{"items_size": 19, "stocks_size": 8, "fill_percentage": 0.616454081632653, "solution_time": 0.00023849995341151953}
{"items_size": 18, "stocks_size": 8, "fill_percentage": 0.5107810781078108, "solution_time": 0.0004157000221312046}
{"items_size": 21, "stocks_size": 6, "fill_percentage": 0.692384370015949, "solution_time": 0.0004214999498799443}
{"items_size": 18, "stocks_size": 8, "fill_percentage": 0.5967365967365967, "solution_time": 0.00034410005901008844}
{"items_size": 20, "stocks_size": 7, "fill_percentage": 0.5944641449960599, "solution_time": 0.0003696000203490257}
{"items_size": 18, "stocks_size": 8, "fill_percentage": 0.5276898734177216, "solution_time": 0.0004907000111415982}
{"items_size": 18, "stocks_size": 8, "fill_percentage": 0.6220151426907397, "solution_time": 0.0005773999728262424}
{"items_size": 19, "stocks_size": 8, "fill_percentage": 0.6263640873015873, "solution_time": 0.0005082000279799104}
{"items_size": 20, "stocks_size": 7, "fill_percentage": 0.6135477582846004, "solution_time": 0.0004130000015720725}
{"items_size": 21, "stocks_size": 6, "fill_percentage": 0.5756666666666667, "solution_time": 0.0005308999679982662}
{"items_size": 20, "stocks_size": 7, "fill_percentage": 0.565968492660222, "solution_time": 0.000431500026024878}
{"items_size": 20, "stocks_size": 7, "fill_percentage": 0.6801346801346801, "solution_time": 0.00043290003668516874}
{"items_size": 21, "stocks_size": 7, "fill_percentage": 0.596291672446479, "solution_time": 0.0004763000179082155}
{"items_size": 18, "stocks_size": 8, "fill_percentage": 0.6536224219989424, "solution_time": 0.0002637000288814306}
{"items_size": 19, "stocks_size": 8, "fill_percentage": 0.6246108228317272, "solution_time": 0.00028069992549717426}
{"items_size": 20, "stocks_size": 7, "fill_percentage": 0.653178194354665, "solution_time": 0.00023250002413988113}
{"items_size": 21, "stocks_size": 7, "fill_percentage": 0.539247311827957, "solution_time": 0.00044680002611130476}
{"items_size": 21, "stocks_size": 7, "fill_percentage": 0.5324009486607143, "solution_time": 0.0003349999897181988}
{"items_size": 21, "stocks_size": 7, "fill_percentage": 0.6698028673835126, "solution_time": 0.00045709998812526464}
{"items_size": 19, "stocks_size": 8, "fill_percentage": 0.5608465608465608, "solution_time": 0.0005015999777242541}
{"items_size": 20, "stocks_size": 7, "fill_percentage": 0.6639766081871346, "solution_time": 0.00027710001450031996}
{"items_size": 18, "stocks_size": 8, "fill_percentage": 0.6910112359550562, "solution_time": 0.00036349997390061617}
{"items_size": 21, "stocks_size": 6, "fill_percentage": 0.5936924167257265, "solution_time": 0.0003063000040128827}
{"items_size": 19, "stocks_size": 8, "fill_percentage": 0.6162790697674418, "solution_time": 0.0003890000516548753}
{"items_size": 21, "stocks_size": 7, "fill_percentage": 0.5847901234567902, "solution_time": 0.0004456999013200402}
{"items_size": 20, "stocks_size": 7, "fill_percentage": 0.5375939849624061, "solution_time": 0.00048749998677521944}
{"items_size": 21, "stocks_size": 7, "fill_percentage": 0.4668560606060606, "solution_time": 0.00043979997280985117}
{"items_size": 20, "stocks_size": 7, "fill_percentage": 0.5369543650793651, "solution_time": 0.00040069990791380405}
{"items_size": 21, "stocks_size": 6, "fill_percentage": null, "solution_time": null}
{"items_size": 21, "stocks_size": 6, "fill_percentage": 0.5207538802660754, "solution_time": 0.00044269999489188194}
{"items_size": 18, "stocks_size": 8, "fill_percentage": 0.5882238631947143, "solution_time": 0.0004971999442204833}
{"items_size": 18, "stocks_size": 8, "fill_percentage": 0.46004291137151343, "solution_time": 0.0004493999294936657}
{"items_size": 19, "stocks_size": 8, "fill_percentage": 0.5733840023612751, "solution_time": 0.00032650004141032696}
{"items_size": 21, "stocks_size": 6, "fill_percentage": 0.6043550331525015, "solution_time": 0.0005842000246047974}
{"items_size": 20, "stocks_size": 7, "fill_percentage": 0.6914191419141914, "solution_time": 0.0004889999981969595}
{"items_size": 20, "stocks_size": 7, "fill_percentage": 0.5406172839506173, "solution_time": 0.0003201999934390187}
{"items_size": 21, "stocks_size": 6, "fill_percentage": 0.5641480730223124, "solution_time": 0.00029960006941109896}
{"items_size": 21, "stocks_size": 6, "fill_percentage": 0.603534053868588, "solution_time": 0.000318199978210032}
{"items_size": 19, "stocks_size": 8, "fill_percentage": 0.6247895622895623, "solution_time": 0.0003160999622195959}
{"items_size": 19, "stocks_size": 8, "fill_percentage": 0.6953466872110939, "solution_time": 0.000269699958153069}
{"items_size": 21, "stocks_size": 6, "fill_percentage": 0.6692193446579412, "solution_time": 0.00027790002059191465}
{"items_size": 19, "stocks_size": 8, "fill_percentage": 0.4951251646903821, "solution_time": 0.0003347999881953001}
{"items_size": 21, "stocks_size": 7, "fill_percentage": 0.6283950617283951, "solution_time": 0.0003798999823629856}
{"items_size": 18, "stocks_size": 8, "fill_percentage": 0.7525745257452574, "solution_time": 0.00043599994387477636}
{"items_size": 18, "stocks_size": 8, "fill_percentage": 0.6459383753501401, "solution_time": 0.00024690001737326384}
{"items_size": 21, "stocks_size": 7, "fill_percentage": 0.641005035894139, "solution_time": 0.0003215000033378601}
{"items_size": 19, "stocks_size": 8, "fill_percentage": 0.6630714964048298, "solution_time": 0.00028909998945891857}
{"items_size": 18, "stocks_size": 8, "fill_percentage": null, "solution_time": null}
{"items_size": 21, "stocks_size": 7, "fill_percentage": 0.5936147186147186, "solution_time": 0.0006862999871373177}
{"items_size": 20, "stocks_size": 7, "fill_percentage": 0.5650612244897959, "solution_time": 0.00038350000977516174}
{"items_size": 19, "stocks_size": 8, "fill_percentage": 0.41694169416941695, "solution_time": 0.0005188999930396676}
{"items_size": 18, "stocks_size": 8, "fill_percentage": 0.7697208386424186, "solution_time": 0.0003372000064700842}
{"items_size": 21, "stocks_size": 7, "fill_percentage": 0.5892249279916209, "solution_time": 0.0007677000248804688}
{"items_size": 21, "stocks_size": 7, "fill_percentage": 0.5616599462365591, "solution_time": 0.0003728000447154045}
{"items_size": 20, "stocks_size": 7, "fill_percentage": 0.6369897959183674, "solution_time": 0.0003974999999627471}
{"items_size": 21, "stocks_size": 7, "fill_percentage": 0.6982773109243697, "solution_time": 0.00025120005011558533}
{"items_size": 18, "stocks_size": 8, "fill_percentage": 0.6459633791094466, "solution_time": 0.0002454000059515238}
{"items_size": 20, "stocks_size": 7, "fill_percentage": 0.5478383458646616, "solution_time": 0.0003231000155210495}
{"items_size": 20, "stocks_size": 7, "fill_percentage": 0.4616915422885572, "solution_time": 0.0004909000126644969}
{"items_size": 21, "stocks_size": 7, "fill_percentage": 0.680731364275668, "solution_time": 0.00034300005063414574}
{"items_size": 18, "stocks_size": 8, "fill_percentage": 0.5341299019607844, "solution_time": 0.0004061999497935176}
{"items_size": 21, "stocks_size": 7, "fill_percentage": 0.6425009589566552, "solution_time": 0.00044159998651593924}
{"items_size": 18, "stocks_size": 8, "fill_percentage": 0.6887202625102543, "solution_time": 0.0003717000363394618}
{"items_size": 21, "stocks_size": 7, "fill_percentage": 0.6342361863488624,