{"items_size": 2464, "stocks_size": 757, "fill_percentage": 0.9906026431758675, "solution_time": 0.17473540001083165}
{"items_size": 2438, "stocks_size": 818, "fill_percentage": 0.9911167543485013, "solution_time": 0.1799464999930933}
{"items_size": 2362, "stocks_size": 815, "fill_percentage": 0.9888022974757669, "solution_time": 0.20518429996445775}
{"items_size": 2388, "stocks_size": 821, "fill_percentage": 0.9899744159379048, "solution_time": 0.2016542999772355}
{"items_size": 2400, "stocks_size": 801, "fill_percentage": 0.9907984497609489, "solution_time": 0.21441869996488094}
{"items_size": 2360, "stocks_size": 816, "fill_percentage": 0.9887323620774636, "solution_time": 0.22267060005106032}
{"items_size": 2468, "stocks_size": 801, "fill_percentage": 0.9812878787878788, "solution_time": 0.18837599991820753}
{"items_size": 2356, "stocks_size": 824, "fill_percentage": 0.9880350577731093, "solution_time": 0.16779420000966638}
{"items_size": 2407, "stocks_size": 786, "fill_percentage": 0.9819326325848065, "solution_time": 0.22471460001543164}
{"items_size": 2444, "stocks_size": 794, "fill_percentage": 0.9904265638364464, "solution_time": 0.19500599999446422}
{"items_size": 2386, "stocks_size": 805, "fill_percentage": 0.9881441052172759, "solution_time": 0.1707266999874264}
{"items_size": 2459, "stocks_size": 780, "fill_percentage": 0.990705280351414, "solution_time": 0.19352440000511706}
{"items_size": 2435, "stocks_size": 822, "fill_percentage": 0.9882182469326328, "solution_time": 0.20057190000079572}
{"items_size": 2394, "stocks_size": 821, "fill_percentage": 0.9884109563863079, "solution_time": 0.16425919998437166}
{"items_size": 2441, "stocks_size": 791, "fill_percentage": 0.9923180888369375, "solution_time": 0.19855119998101145}
{"items_size": 2345, "stocks_size": 824, "fill_percentage": 0.989657453019522, "solution_time": 0.15754349995404482}
{"items_size": 2452, "stocks_size": 818, "fill_percentage": 0.9901130497448292, "solution_time": 0.2042908000294119}
{"items_size": 2406, "stocks_size": 819, "fill_percentage": 0.9884926389264385, "solution_time": 0.2543767000315711}
{"items_size": 2448, "stocks_size": 803, "fill_percentage": 0.9899208995651094, "solution_time": 0.2384756999090314}
{"items_size": 2375, "stocks_size": 811, "fill_percentage": 0.98633574106611, "solution_time": 0.23689409997314215}
{"items_size": 2431, "stocks_size": 822, "fill_percentage": 0.9774722933895149, "solution_time": 0.28753869992215186}
{"items_size": 2461, "stocks_size": 756, "fill_percentage": 0.9873003917630383, "solution_time": 0.1894650999456644}
{"items_size": 2377, "stocks_size": 814, "fill_percentage": 0.9876811516432882, "solution_time": 0.32443749997764826}
{"items_size": 2416, "stocks_size": 774, "fill_percentage": 0.990057163564949, "solution_time": 0.2113672000123188}
{"items_size": 2452, "stocks_size": 805, "fill_percentage": 0.9875950824390445, "solution_time": 0.28478649992030114}
{"items_size": 2441, "stocks_size": 823, "fill_percentage": 0.990216870519531, "solution_time": 0.23544209997635335}
{"items_size": 2440, "stocks_size": 807, "fill_percentage": 0.989576741041244, "solution_time": 0.24737279990222305}
{"items_size": 2409, "stocks_size": 810, "fill_percentage": 0.9923374992920387, "solution_time": 0.20291699992958456}
{"items_size": 2404, "stocks_size": 784, "fill_percentage": 0.9902760734084807, "solution_time": 0.23447729996405542}
{"items_size": 2427, "stocks_size": 822, "fill_percentage": 0.9892567668054729, "solution_time": 0.20928219996858388}
{"items_size": 2409, "stocks_size": 809, "fill_percentage": 0.9865462472749922, "solution_time": 0.17983679997269064}
{"items_size": 2453, "stocks_size": 796, "fill_percentage": 0.9860688211268503, "solution_time": 0.26738730003125966}
{"items_size": 2433, "stocks_size": 768, "fill_percentage": 0.9791772636684944, "solution_time": 0.2716901999665424}
{"items_size": 2405, "stocks_size": 801, "fill_percentage": 0.9815983294509654, "solution_time": 0.32770349993370473}
{"items_size": 2465, "stocks_size": 765, "fill_percentage": 0.9831360731493803, "solution_time": 0.2775886000599712}
{"items_size": 2373, "stocks_size": 810, "fill_percentage": 0.9813007282011544, "solution_time": 0.2799388999119401}
{"items_size": 2468, "stocks_size": 790, "fill_percentage": null, "solution_time": null}
{"items_size": 2440, "stocks_size": 795, "fill_percentage": 0.9901383995146603, "solution_time": 0.23779869999270886}
{"items_size": 2460, "stocks_size": 778, "fill_percentage": 0.9871195890063814, "solution_time": 0.2640693999128416}
{"items_size": 2448, "stocks_size": 801, "fill_percentage": 0.9835974272349424, "solution_time": 0.3154162000864744}
{"items_size": 2461, "stocks_size": 792, "fill_percentage": 0.9846160009861933, "solution_time": 0.2195930000161752}
{"items_size": 2451, "stocks_size": 793, "fill_percentage": 0.9900005952380952, "solution_time": 0.25351640000008047}
{"items_size": 2428, "stocks_size": 812, "fill_percentage": 0.9893472658162237, "solution_time": 0.23046870005782694}
{"items_size": 2403, "stocks_size": 791, "fill_percentage": 0.9899135842255404, "solution_time": 0.25807660003192723}
{"items_size": 2412, "stocks_size": 804, "fill_percentage": 0.9921886414774553, "solution_time": 0.22349969996139407}
{"items_size": 2437, "stocks_size": 811, "fill_percentage": 0.9891586239968793, "solution_time": 0.3279912000289187}
{"items_size": 2423, "stocks_size": 800, "fill_percentage": 0.9902400703871292, "solution_time": 0.22076779999770224}
{"items_size": 2452, "stocks_size": 753, "fill_percentage": 0.989895275121712, "solution_time": 0.2556532999733463}
{"items_size": 2416, "stocks_size": 788, "fill_percentage": 0.9905770781665929, "solution_time": 0.19831460004206747}
{"items_size": 2438, "stocks_size": 763, "fill_percentage": 0.9900744917186618, "solution_time": 0.2587006000103429}
{"items_size": 2439, "stocks_size": 764, "fill_percentage": 0.9890770988774619, "solution_time": 0.2355560000287369}
{"items_size": 2414, "stocks_size": 801, "fill_percentage": 0.9792959023589861, "solution_time": 0.28509420005138963}
{"items_size": 2376, "stocks_size": 804, "fill_percentage": 0.9826086800126618, "solution_time": 0.3200999000109732}
{"items_size": 2447, "stocks_size": 755, "fill_percentage": 0.981906906906907, "solution_time": 0.1860799000132829}
{"items_size": 2460, "stocks_size": 777, "fill_percentage": 0.9917131827238631, "solution_time": 0.19067899999208748}
{"items_size": 2438, "stocks_size": 772, "fill_percentage": 0.9889920119128427, "solution_time": 0.2348090000450611}
{"items_size": 2446, "stocks_size": 768, "fill_percentage": 0.9888113936133287, "solution_time": 0.2702068000799045}
{"items_size": 2367, "stocks_size": 824, "fill_percentage": 0.9875173813671744, "solution_time": 0.17942299996502697}
{"items_size": 2433, "stocks_size": 822, "fill_percentage": 0.9871304660686634, "solution_time": 0.2198604999575764}
{"items_size": 2469, "stocks_size": 774, "fill_percentage": 0.9912198699205278, "solution_time": 0.24228170001879334}
{"items_size": 2405, "stocks_size": 794, "fill_percentage": 0.9873106277584109, "solution_time": 0.22761449997778982}
{"items_size": 2386, "stocks_size": 792, "fill_percentage": 0.9925845899678406, "solution_time": 0.2745345999719575}
{"items_size": 2381, "stocks_size": 817, "fill_percentage": 0.9871450397766187, "solution_time": 0.27869999990798533}
{"items_size": 2371, "stocks_size": 808, "fill_percentage": 0.9879139918295886, "solution_time": 0.22536229994148016}
{"items_size": 2360, "stocks_size": 814, "fill_percentage": 0.9884663834647496, "solution_time": 0.20322779996786267}
{"items_size": 2465, "stocks_size": 765, "fill_percentage": 0.9830278716216216, "solution_time": 0.2679370000259951}
{"items_size": 2435, "stocks_size": 807, "fill_percentage": 0.9931715050627421, "solution_time": 0.22691689990460873}
{"items_size": 2422, "stocks_size": 824, "fill_percentage": 0.985709439172138, "solution_time": 0.23806450003758073}
{"items_size": 2465, "stocks_size": 787,