{"items_size": 2464, "stocks_size": 757, "fill_percentage": 0.668912094103292, "solution_time": 0.2774205000605434}
{"items_size": 2438, "stocks_size": 818, "fill_percentage": 0.6910076099020086, "solution_time": 0.2730063000926748}
{"items_size": 2362, "stocks_size": 815, "fill_percentage": 0.646017501017501, "solution_time": 0.2936934999888763}
{"items_size": 2388, "stocks_size": 821, "fill_percentage": 0.6932086299244825, "solution_time": 0.33656329999212176}
{"items_size": 2400, "stocks_size": 801, "fill_percentage": 0.6154357171205894, "solution_time": 0.26958590000867844}
{"items_size": 2360, "stocks_size": 816, "fill_percentage": 0.6184580969269965, "solution_time": 0.2828796999529004}
{"items_size": 2468, "stocks_size": 801, "fill_percentage": 0.7106590111642743, "solution_time": 0.2940995000535622}
{"items_size": 2356, "stocks_size": 824, "fill_percentage": 0.6737889505730659, "solution_time": 0.2778788000578061}
{"items_size": 2407, "stocks_size": 786, "fill_percentage": 0.7115453859310192, "solution_time": 0.2614297999534756}
{"items_size": 2444, "stocks_size": 794, "fill_percentage": 0.6192462931593367, "solution_time": 0.29774309997446835}
{"items_size": 2386, "stocks_size": 805, "fill_percentage": 0.733947614382397, "solution_time": 0.36431249999441206}
{"items_size": 2459, "stocks_size": 780, "fill_percentage": 0.6505233467367718, "solution_time": 0.2439114999724552}
{"items_size": 2435, "stocks_size": 822, "fill_percentage": 0.6092028148761411, "solution_time": 0.2896676999516785}
{"items_size": 2394, "stocks_size": 821, "fill_percentage": 0.726032775236488, "solution_time": 0.30347469996195287}
{"items_size": 2441, "stocks_size": 791, "fill_percentage": 0.6781478831047797, "solution_time": 0.2610352999763563}
{"items_size": 2345, "stocks_size": 824, "fill_percentage": 0.6686157591445564, "solution_time": 0.2823340999893844}
{"items_size": 2452, "stocks_size": 818, "fill_percentage": 0.6345240619870088, "solution_time": 0.27744720003101975}
{"items_size": 2406, "stocks_size": 819, "fill_percentage": 0.6263176500084872, "solution_time": 0.35168849991168827}
{"items_size": 2448, "stocks_size": 803, "fill_percentage": 0.644501692057284, "solution_time": 0.3359632999636233}
{"items_size": 2375, "stocks_size": 811, "fill_percentage": 0.6383001295756398, "solution_time": 0.27624359994661063}
{"items_size": 2431, "stocks_size": 822, "fill_percentage": null, "solution_time": null}
{"items_size": 2461, "stocks_size": 756, "fill_percentage": 0.624574813050096, "solution_time": 0.3865489000454545}
{"items_size": 2377, "stocks_size": 814, "fill_percentage": null, "solution_time": null}
{"items_size": 2416, "stocks_size": 774, "fill_percentage": 0.6568184109504052, "solution_time": 0.3795055999653414}
{"items_size": 2452, "stocks_size": 805, "fill_percentage": 0.6365358929782904, "solution_time": 0.28025449998676777}
{"items_size": 2441, "stocks_size": 823, "fill_percentage": 0.668465730518787, "solution_time": 0.35881180001888424}
{"items_size": 2440, "stocks_size": 807, "fill_percentage": 0.6788255083362192, "solution_time": 0.42809089994989336}
{"items_size": 2409, "stocks_size": 810, "fill_percentage": 0.7614671423138909, "solution_time": 0.43529170006513596}
{"items_size": 2404, "stocks_size": 784, "fill_percentage": 0.604052955854471, "solution_time": 0.2923072000266984}
{"items_size": 2427, "stocks_size": 822, "fill_percentage": 0.6630985412374559, "solution_time": 0.38991349993739277}
{"items_size": 2409, "stocks_size": 809, "fill_percentage": 0.7827526562886088, "solution_time": 0.41180930007249117}
{"items_size": 2453, "stocks_size": 796, "fill_percentage": 0.7622644370059247, "solution_time": 0.33242009999230504}
{"items_size": 2433, "stocks_size": 768, "fill_percentage": 0.7448820267636177, "solution_time": 0.28873000002931803}
{"items_size": 2405, "stocks_size": 801, "fill_percentage": 0.6436480474542758, "solution_time": 0.35868069995194674}
{"items_size": 2465, "stocks_size": 765, "fill_percentage": 0.724519957521732, "solution_time": 0.3148759000468999}
{"items_size": 2373, "stocks_size": 810, "fill_percentage": 0.7055633335000036, "solution_time": 0.3671172000467777}
{"items_size": 2468, "stocks_size": 790, "fill_percentage": null, "solution_time": null}
{"items_size": 2440, "stocks_size": 795, "fill_percentage": 0.6702051005071378, "solution_time": 0.3591229000594467}
{"items_size": 2460, "stocks_size": 778, "fill_percentage": 0.6507131619071918, "solution_time": 0.400003399932757}
{"items_size": 2448, "stocks_size": 801, "fill_percentage": 0.6016828948617018, "solution_time": 0.39752610004507005}
{"items_size": 2461, "stocks_size": 792, "fill_percentage": 0.7598178272450533, "solution_time": 0.32760089996736497}
{"items_size": 2451, "stocks_size": 793, "fill_percentage": 0.7089518329070759, "solution_time": 0.3526459001004696}
{"items_size": 2428, "stocks_size": 812, "fill_percentage": 0.6988966923655892, "solution_time": 0.39979830000083894}
{"items_size": 2403, "stocks_size": 791, "fill_percentage": 0.6775314723590585, "solution_time": 0.3645634000422433}
{"items_size": 2412, "stocks_size": 804, "fill_percentage": 0.6072592688641282, "solution_time": 0.3542136999312788}
{"items_size": 2437, "stocks_size": 811, "fill_percentage": 0.6197299633431057, "solution_time": 0.3764593000523746}
{"items_size": 2423, "stocks_size": 800, "fill_percentage": 0.6775326797385621, "solution_time": 0.3706642999313772}
{"items_size": 2452, "stocks_size": 753, "fill_percentage": 0.7018426084581192, "solution_time": 0.3669436000054702}
{"items_size": 2416, "stocks_size": 788, "fill_percentage": 0.6943594953064863, "solution_time": 0.37747319997288287}
{"items_size": 2438, "stocks_size": 763, "fill_percentage": 0.6124730888551576, "solution_time": 0.32747340004425496}
{"items_size": 2439, "stocks_size": 764, "fill_percentage": 0.6801082527519309, "solution_time": 0.3072319000493735}
{"items_size": 2414, "stocks_size": 801, "fill_percentage": 0.6936087087825621, "solution_time": 0.34545130003243685}
{"items_size": 2376, "stocks_size": 804, "fill_percentage": null, "solution_time": null}
{"items_size": 2447, "stocks_size": 755, "fill_percentage": 0.7106221135560988, "solution_time": 0.36103140003979206}
{"items_size": 2460, "stocks_size": 777, "fill_percentage": 0.7310923121786841, "solution_time": 0.4448104000184685}
{"items_size": 2438, "stocks_size": 772, "fill_percentage": 0.6176235255118355, "solution_time": 0.34560500003863126}
{"items_size": 2446, "stocks_size": 768, "fill_percentage": 0.6095898197186113, "solution_time": 0.34144350001588464}
{"items_size": 2367, "stocks_size": 824, "fill_percentage": 0.7549203122021788, "solution_time": 0.421190100023523}
{"items_size": 2433, "stocks_size": 822, "fill_percentage": 0.6933892140198911, "solution_time": 0.29775919998064637}
{"items_size": 2469, "stocks_size": 774, "fill_percentage": 0.6724883923135736, "solution_time": 0.35639730002731085}
{"items_size": 2405, "stocks_size": 794, "fill_percentage": 0.7043030211045341, "solution_time": 0.4127241000533104}
{"items_size": 2386, "stocks_size": 792, "fill_percentage": 0.6039306529935333, "solution_time": 0.30504370003473014}
{"items_size": 2381, "stocks_size": 817, "fill_percentage": 0.6834081044607361, "solution_time": 0.3278251000447199}
{"items_size": 2371, "stocks_size": 808, "fill_percentage": 0.7043023195340129, "solution_time": 0.37262829998508096}
{"items_size": 2360, "stocks_size": 814, "fill_percentage": 0.7772940197245531, "solution_time": 0.41314219997730106}
{"items_size": 2465, "stocks_size": 765, "fill_percentage": 0.6733067613846724, "solution_time": 0.33528140000998974}
{"items_size": 2435, "stocks_size": 807, "fill_percentage": 0.6957657521730748, "solution_time": 0.36985680006910115}
{"items_size": 2422, "stocks_size": 824, "fill_percentage": 0.6945460356012911, "solution_time": 0.38173300004564226}
{"items_size": 2465, "stocks_size": 787, "fill_percentage": 0.7537590137751317,