{"items_size": 2464, "stocks_size": 757, "fill_percentage": 0.9906026431758675, "solution_time": 0.1595814999891445}
{"items_size": 2438, "stocks_size": 818, "fill_percentage": 0.9911167543485013, "solution_time": 0.16702169994823635}
{"items_size": 2362, "stocks_size": 815, "fill_percentage": 0.9888022974757669, "solution_time": 0.16538050002418458}
{"items_size": 2388, "stocks_size": 821, "fill_percentage": 0.9899744159379048, "solution_time": 0.18116769997868687}
{"items_size": 2400, "stocks_size": 801, "fill_percentage": 0.9929384032161561, "solution_time": 0.22710979997646064}
{"items_size": 2360, "stocks_size": 816, "fill_percentage": 0.9887323620774636, "solution_time": 0.21064129995647818}
{"items_size": 2468, "stocks_size": 801, "fill_percentage": 0.9841487763936744, "solution_time": 0.2052289000712335}
{"items_size": 2356, "stocks_size": 824, "fill_percentage": 0.9880350577731093, "solution_time": 0.20849219989031553}
{"items_size": 2407, "stocks_size": 786, "fill_percentage": 0.9819326325848065, "solution_time": 0.20770999998785555}
{"items_size": 2444, "stocks_size": 794, "fill_percentage": 0.9904265638364464, "solution_time": 0.1881067999638617}
{"items_size": 2386, "stocks_size": 805, "fill_percentage": 0.9881441052172759, "solution_time": 0.15540779998991638}
{"items_size": 2459, "stocks_size": 780, "fill_percentage": 0.990705280351414, "solution_time": 0.19724040001165122}
{"items_size": 2435, "stocks_size": 822, "fill_percentage": 0.9882182469326328, "solution_time": 0.21082159993238747}
{"items_size": 2394, "stocks_size": 821, "fill_percentage": 0.9884109563863079, "solution_time": 0.17242269997950643}
{"items_size": 2441, "stocks_size": 791, "fill_percentage": 0.9923180888369375, "solution_time": 0.1985331999603659}
{"items_size": 2345, "stocks_size": 824, "fill_percentage": 0.989657453019522, "solution_time": 0.17748180008493364}
{"items_size": 2452, "stocks_size": 818, "fill_percentage": 0.9901130497448292, "solution_time": 0.18507429992314428}
{"items_size": 2406, "stocks_size": 819, "fill_percentage": 0.9884926389264385, "solution_time": 0.2127236999804154}
{"items_size": 2448, "stocks_size": 803, "fill_percentage": 0.9899208995651094, "solution_time": 0.20474890002515167}
{"items_size": 2375, "stocks_size": 811, "fill_percentage": 0.9885178997852828, "solution_time": 0.2182566000847146}
{"items_size": 2431, "stocks_size": 822, "fill_percentage": 0.9774722933895149, "solution_time": 0.25210360006894916}
{"items_size": 2461, "stocks_size": 756, "fill_percentage": 0.990704875872566, "solution_time": 0.2116812999593094}
{"items_size": 2377, "stocks_size": 814, "fill_percentage": 0.9876811516432882, "solution_time": 0.30971340008545667}
{"items_size": 2416, "stocks_size": 774, "fill_percentage": 0.9864305805482276, "solution_time": 0.19647630001418293}
{"items_size": 2452, "stocks_size": 805, "fill_percentage": 0.9875950824390445, "solution_time": 0.2781085000606254}
{"items_size": 2441, "stocks_size": 823, "fill_percentage": 0.990216870519531, "solution_time": 0.2216326999478042}
{"items_size": 2440, "stocks_size": 807, "fill_percentage": 0.989576741041244, "solution_time": 0.20938049990218133}
{"items_size": 2409, "stocks_size": 810, "fill_percentage": 0.9870870363328216, "solution_time": 0.2100977998925373}
{"items_size": 2404, "stocks_size": 784, "fill_percentage": 0.9902760734084807, "solution_time": 0.3025101999519393}
{"items_size": 2427, "stocks_size": 822, "fill_percentage": 0.9892567668054729, "solution_time": 0.22030479996465147}
{"items_size": 2409, "stocks_size": 809, "fill_percentage": 0.9865462472749922, "solution_time": 0.22059499996248633}
{"items_size": 2453, "stocks_size": 796, "fill_percentage": 0.9860688211268503, "solution_time": 0.23541220009792596}
{"items_size": 2433, "stocks_size": 768, "fill_percentage": 0.9820914817151268, "solution_time": 0.1873333000112325}
{"items_size": 2405, "stocks_size": 801, "fill_percentage": 0.9815983294509654, "solution_time": 0.3032722999341786}
{"items_size": 2465, "stocks_size": 765, "fill_percentage": 0.9831360731493803, "solution_time": 0.30544909997843206}
{"items_size": 2373, "stocks_size": 810, "fill_percentage": 0.9841286841902067, "solution_time": 0.2840430000796914}
{"items_size": 2468, "stocks_size": 790, "fill_percentage": null, "solution_time": null}
{"items_size": 2440, "stocks_size": 795, "fill_percentage": 0.9901383995146603, "solution_time": 0.2497168000554666}
{"items_size": 2460, "stocks_size": 778, "fill_percentage": 0.9871195890063814, "solution_time": 0.24057649995665997}
{"items_size": 2448, "stocks_size": 801, "fill_percentage": 0.985792957206449, "solution_time": 0.32472160004545003}
{"items_size": 2461, "stocks_size": 792, "fill_percentage": 0.9875377101879328, "solution_time": 0.20285289990715683}
{"items_size": 2451, "stocks_size": 793, "fill_percentage": 0.9900005952380952, "solution_time": 0.2501353999832645}
{"items_size": 2428, "stocks_size": 812, "fill_percentage": 0.9893472658162237, "solution_time": 0.23356480000074953}
{"items_size": 2403, "stocks_size": 791, "fill_percentage": 0.9899135842255404, "solution_time": 0.26286989997606725}
{"items_size": 2412, "stocks_size": 804, "fill_percentage": 0.9921886414774553, "solution_time": 0.313445599982515}
{"items_size": 2437, "stocks_size": 811, "fill_percentage": 0.9891586239968793, "solution_time": 0.3226221000077203}
{"items_size": 2423, "stocks_size": 800, "fill_percentage": 0.9902400703871292, "solution_time": 0.20838530000764877}
{"items_size": 2452, "stocks_size": 753, "fill_percentage": 0.989895275121712, "solution_time": 0.19213089998811483}
{"items_size": 2416, "stocks_size": 788, "fill_percentage": 0.9905770781665929, "solution_time": 0.23861950007267296}
{"items_size": 2438, "stocks_size": 763, "fill_percentage": 0.9900744917186618, "solution_time": 0.29442539997398853}
{"items_size": 2439, "stocks_size": 764, "fill_percentage": 0.9890770988774619, "solution_time": 0.2784664999926463}
{"items_size": 2414, "stocks_size": 801, "fill_percentage": 0.9813067769018178, "solution_time": 0.2938217999180779}
{"items_size": 2376, "stocks_size": 804, "fill_percentage": 0.9826086800126618, "solution_time": 0.2867425999138504}
{"items_size": 2447, "stocks_size": 755, "fill_percentage": 0.981906906906907, "solution_time": 0.2594463999848813}
{"items_size": 2460, "stocks_size": 777, "fill_percentage": 0.9917131827238631, "solution_time": 0.2424929999979213}
{"items_size": 2438, "stocks_size": 772, "fill_percentage": 0.9889920119128427, "solution_time": 0.2537317000096664}
{"items_size": 2446, "stocks_size": 768, "fill_percentage": 0.9888113936133287, "solution_time": 0.27979979990050197}
{"items_size": 2367, "stocks_size": 824, "fill_percentage": 0.9875173813671744, "solution_time": 0.17349270009435713}
{"items_size": 2433, "stocks_size": 822, "fill_percentage": 0.9871304660686634, "solution_time": 0.24939740006811917}
{"items_size": 2469, "stocks_size": 774, "fill_percentage": 0.9912198699205278, "solution_time": 0.22923010005615652}
{"items_size": 2405, "stocks_size": 794, "fill_percentage": 0.9873106277584109, "solution_time": 0.21334599994588643}
{"items_size": 2386, "stocks_size": 792, "fill_percentage": 0.9925845899678406, "solution_time": 0.19819910009391606}
{"items_size": 2381, "stocks_size": 817, "fill_percentage": 0.9871450397766187, "solution_time": 0.2306028000311926}
{"items_size": 2371, "stocks_size": 808, "fill_percentage": 0.9879139918295886, "solution_time": 0.20021319994702935}
{"items_size": 2360, "stocks_size": 814, "fill_percentage": 0.9884663834647496, "solution_time": 0.20898110000416636}
{"items_size": 2465, "stocks_size": 765, "fill_percentage": 0.9854916006231795, "solution_time": 0.2426897999830544}
{"items_size": 2435, "stocks_size": 807, "fill_percentage": 0.9931715050627421, "solution_time": 0.2288603000342846}
{"items_size": 2422, "stocks_size": 824, "fill_percentage": 0.985709439172138, "solution_time": 0.2129793999483809}
{"items_size": 2465, "stocks_size": 787,