{"items_size": 2464, "stocks_size": 757, "fill_percentage": 0.9868360932018148, "solution_time": 0.16190039995126426}
{"items_size": 2438, "stocks_size": 818, "fill_percentage": 0.9911167543485013, "solution_time": 0.1711306000361219}
{"items_size": 2362, "stocks_size": 815, "fill_percentage": 0.9888022974757669, "solution_time": 0.16822999995201826}
{"items_size": 2388, "stocks_size": 821, "fill_percentage": 0.9899744159379048, "solution_time": 0.16674929996952415}
{"items_size": 2400, "stocks_size": 801, "fill_percentage": 0.9518229413852595, "solution_time": 0.19070859998464584}
{"items_size": 2360, "stocks_size": 816, "fill_percentage": 0.9887323620774636, "solution_time": 0.18476199998985976}
{"items_size": 2468, "stocks_size": 801, "fill_percentage": 0.9899209099795611, "solution_time": 0.19923580007161945}
{"items_size": 2356, "stocks_size": 824, "fill_percentage": 0.9880350577731093, "solution_time": 0.18950420001056045}
{"items_size": 2407, "stocks_size": 786, "fill_percentage": 0.9904219637022544, "solution_time": 0.17631360003724694}
{"items_size": 2444, "stocks_size": 794, "fill_percentage": 0.9904265638364464, "solution_time": 0.20768689992837608}
{"items_size": 2386, "stocks_size": 805, "fill_percentage": 0.9881441052172759, "solution_time": 0.18537329998798668}
{"items_size": 2459, "stocks_size": 780, "fill_percentage": 0.9876848374235134, "solution_time": 0.18556559993885458}
{"items_size": 2435, "stocks_size": 822, "fill_percentage": 0.9882182469326328, "solution_time": 0.20442140009254217}
{"items_size": 2394, "stocks_size": 821, "fill_percentage": 0.9884109563863079, "solution_time": 0.1870149999158457}
{"items_size": 2441, "stocks_size": 791, "fill_percentage": 0.9895228266148616, "solution_time": 0.19772769999690354}
{"items_size": 2345, "stocks_size": 824, "fill_percentage": 0.989657453019522, "solution_time": 0.17754199996124953}
{"items_size": 2452, "stocks_size": 818, "fill_percentage": 0.9868016348627394, "solution_time": 0.21720640000421554}
{"items_size": 2406, "stocks_size": 819, "fill_percentage": 0.986348403267162, "solution_time": 0.22759769996628165}
{"items_size": 2448, "stocks_size": 803, "fill_percentage": 0.9899208995651094, "solution_time": 0.22470829996746033}
{"items_size": 2375, "stocks_size": 811, "fill_percentage": 0.9386766611406467, "solution_time": 0.2105538999894634}
{"items_size": 2431, "stocks_size": 822, "fill_percentage": 0.9774722933895149, "solution_time": 0.2437507000286132}
{"items_size": 2461, "stocks_size": 756, "fill_percentage": 0.990704875872566, "solution_time": 0.1843475999776274}
{"items_size": 2377, "stocks_size": 814, "fill_percentage": 0.8917439697161536, "solution_time": 0.2754175999434665}
{"items_size": 2416, "stocks_size": 774, "fill_percentage": 0.990057163564949, "solution_time": 0.17890219995751977}
{"items_size": 2452, "stocks_size": 805, "fill_percentage": 0.9875950824390445, "solution_time": 0.19230899994727224}
{"items_size": 2441, "stocks_size": 823, "fill_percentage": 0.990216870519531, "solution_time": 0.159517899970524}
{"items_size": 2440, "stocks_size": 807, "fill_percentage": 0.989576741041244, "solution_time": 0.16094820003490895}
{"items_size": 2409, "stocks_size": 810, "fill_percentage": 0.9870870363328216, "solution_time": 0.1573600999545306}
{"items_size": 2404, "stocks_size": 784, "fill_percentage": 0.9902760734084807, "solution_time": 0.21213930007070303}
{"items_size": 2427, "stocks_size": 822, "fill_percentage": 0.9892567668054729, "solution_time": 0.16238270001485944}
{"items_size": 2409, "stocks_size": 809, "fill_percentage": 0.9865462472749922, "solution_time": 0.16719609999563545}
{"items_size": 2453, "stocks_size": 796, "fill_percentage": 0.9918353054609255, "solution_time": 0.18789729999843985}
{"items_size": 2433, "stocks_size": 768, "fill_percentage": 0.9909391527215694, "solution_time": 0.2631534000393003}
{"items_size": 2405, "stocks_size": 801, "fill_percentage": 0.9858941645907945, "solution_time": 0.2572945000138134}
{"items_size": 2465, "stocks_size": 765, "fill_percentage": 0.9885231201255413, "solution_time": 0.2102504000067711}
{"items_size": 2373, "stocks_size": 810, "fill_percentage": 0.9898337780115992, "solution_time": 0.17532889998983592}
{"items_size": 2468, "stocks_size": 790, "fill_percentage": null, "solution_time": null}
{"items_size": 2440, "stocks_size": 795, "fill_percentage": 0.9901383995146603, "solution_time": 0.19009019993245602}
{"items_size": 2460, "stocks_size": 778, "fill_percentage": 0.9908586783586784, "solution_time": 0.18540390010457486}
{"items_size": 2448, "stocks_size": 801, "fill_percentage": 0.9579940234891304, "solution_time": 0.20760760002303869}
{"items_size": 2461, "stocks_size": 792, "fill_percentage": 0.990476810515873, "solution_time": 0.20446749997790903}
{"items_size": 2451, "stocks_size": 793, "fill_percentage": 0.9900005952380952, "solution_time": 0.22588049992918968}
{"items_size": 2428, "stocks_size": 812, "fill_percentage": 0.9893472658162237, "solution_time": 0.16410890000406653}
{"items_size": 2403, "stocks_size": 791, "fill_percentage": 0.9899135842255404, "solution_time": 0.22008520003873855}
{"items_size": 2412, "stocks_size": 804, "fill_percentage": 0.9894851301927756, "solution_time": 0.22368659998755902}
{"items_size": 2437, "stocks_size": 811, "fill_percentage": 0.9621437876272165, "solution_time": 0.20509629999287426}
{"items_size": 2423, "stocks_size": 800, "fill_percentage": 0.986446047128941, "solution_time": 0.1956444000825286}
{"items_size": 2452, "stocks_size": 753, "fill_percentage": 0.989895275121712, "solution_time": 0.2713606000179425}
{"items_size": 2416, "stocks_size": 788, "fill_percentage": 0.9905770781665929, "solution_time": 0.2175976000726223}
{"items_size": 2438, "stocks_size": 763, "fill_percentage": 0.9900744917186618, "solution_time": 0.24316140008158982}
{"items_size": 2439, "stocks_size": 764, "fill_percentage": 0.9890770988774619, "solution_time": 0.27409600000828505}
{"items_size": 2414, "stocks_size": 801, "fill_percentage": 0.985353402785949, "solution_time": 0.25023709994275123}
{"items_size": 2376, "stocks_size": 804, "fill_percentage": 0.953758338803309, "solution_time": 0.3204720000503585}
{"items_size": 2447, "stocks_size": 755, "fill_percentage": 0.9885865457294029, "solution_time": 0.25587500003166497}
{"items_size": 2460, "stocks_size": 777, "fill_percentage": 0.9871430758910342, "solution_time": 0.15851079998537898}
{"items_size": 2438, "stocks_size": 772, "fill_percentage": 0.9889920119128427, "solution_time": 0.1721106000477448}
{"items_size": 2446, "stocks_size": 768, "fill_percentage": 0.9888113936133287, "solution_time": 0.20979540003463626}
{"items_size": 2367, "stocks_size": 824, "fill_percentage": 0.9875173813671744, "solution_time": 0.1349855000153184}
{"items_size": 2433, "stocks_size": 822, "fill_percentage": 0.9899834442942954, "solution_time": 0.2705063000321388}
{"items_size": 2469, "stocks_size": 774, "fill_percentage": 0.9912198699205278, "solution_time": 0.2544552000472322}
{"items_size": 2405, "stocks_size": 794, "fill_percentage": 0.9873106277584109, "solution_time": 0.15295359992887825}
{"items_size": 2386, "stocks_size": 792, "fill_percentage": 0.9878579966822795, "solution_time": 0.2557186000049114}
{"items_size": 2381, "stocks_size": 817, "fill_percentage": 0.9901183682096808, "solution_time": 0.2589945000363514}
{"items_size": 2371, "stocks_size": 808, "fill_percentage": 0.9879139918295886, "solution_time": 0.18936479999683797}
{"items_size": 2360, "stocks_size": 814, "fill_percentage": 0.9884663834647496, "solution_time": 0.22079039993695915}
{"items_size": 2465, "stocks_size": 765, "fill_percentage": 0.9904562938253114, "solution_time": 0.3231182999443263}
{"items_size": 2435, "stocks_size": 807, "fill_percentage": 0.9892919288710907, "solution_time": 0.2146106999134645}
{"items_size": 2422, "stocks_size": 824, "fill_percentage": 0.985709439172138,