{"items_size": 9, "stocks_size": 3, "fill_percentage": 0.8427133190295428, "solution_time": 0.7741973400115967}
{"items_size": 9, "stocks_size": 3, "fill_percentage": 0.9017373646209387, "solution_time": 79.00152015686035}
{"items_size": 9, "stocks_size": 3, "fill_percentage": 0.776732845698363, "solution_time": 0.5372610092163086}
{"items_size": 11, "stocks_size": 2, "fill_percentage": 0.7205651491365777, "solution_time": 0.596036434173584}
{"items_size": 11, "stocks_size": 2, "fill_percentage": 0.7874506544774569, "solution_time": 0.7066681385040283}
{"items_size": 9, "stocks_size": 3, "fill_percentage": 0.6922542549496353, "solution_time": 0.9795551300048828}
{"items_size": 9, "stocks_size": 3, "fill_percentage": 0.9274976873265495, "solution_time": 0.9190309047698975}
{"items_size": 9, "stocks_size": 3, "fill_percentage": 0.7748767368892873, "solution_time": 0.6100864410400391}
{"items_size": 11, "stocks_size": 2, "fill_percentage": 0.6271678769756515, "solution_time": 0.5144925117492676}
{"items_size": 11, "stocks_size": 2, "fill_percentage": 0.876618676103917, "solution_time": 0.6913943290710449}
{"items_size": 11, "stocks_size": 2, "fill_percentage": 0.5198362486043915, "solution_time": 0.42115187644958496}
{"items_size": 11, "stocks_size": 2, "fill_percentage": 0.7346290184574013, "solution_time": 0.895484209060669}
{"items_size": 9, "stocks_size": 3, "fill_percentage": 0.9595348837209302, "solution_time": 59.48231220245361}
{"items_size": 9, "stocks_size": 3, "fill_percentage": 0.8257875457875458, "solution_time": 0.5450313091278076}
{"items_size": 9, "stocks_size": 3, "fill_percentage": 0.8994830557151062, "solution_time": 1.0844812393188477}
{"items_size": 11, "stocks_size": 2, "fill_percentage": 0.7764660093409445, "solution_time": 0.8145198822021484}
{"items_size": 11, "stocks_size": 2, "fill_percentage": 0.79568136454364, "solution_time": 1.239739179611206}
{"items_size": 9, "stocks_size": 3, "fill_percentage": 0.7840071192473939, "solution_time": 0.5684432983398438}
{"items_size": 11, "stocks_size": 2, "fill_percentage": 0.7297420888970185, "solution_time": 1.4690864086151123}
{"items_size": 9, "stocks_size": 3, "fill_percentage": 0.7277046783625731, "solution_time": 0.5302071571350098}
{"items_size": 11, "stocks_size": 2, "fill_percentage": 0.893088753010932, "solution_time": 78.99029421806335}
{"items_size": 9, "stocks_size": 3, "fill_percentage": 0.7746143057503506, "solution_time": 0.7881016731262207}
{"items_size": 11, "stocks_size": 2, "fill_percentage": 0.7676620538965768, "solution_time": 4.3195295333862305}
{"items_size": 11, "stocks_size": 2, "fill_percentage": 0.5911433365292426, "solution_time": 0.5324134826660156}
{"items_size": 9, "stocks_size": 3, "fill_percentage": 0.8081439393939394, "solution_time": 0.602996826171875}
{"items_size": 9, "stocks_size": 3, "fill_percentage": 0.7045242537313433, "solution_time": 0.8312013149261475}
{"items_size": 11, "stocks_size": 2, "fill_percentage": 0.9110973597359736, "solution_time": 2.230104684829712}
{"items_size": 9, "stocks_size": 3, "fill_percentage": 0.6679241724040366, "solution_time": 0.7965466976165771}
{"items_size": 9, "stocks_size": 3, "fill_percentage": 0.9252577319587629, "solution_time": 1.8324859142303467}
{"items_size": 9, "stocks_size": 3, "fill_percentage": 0.8476249228871067, "solution_time": 2.221935272216797}
{"items_size": 11, "stocks_size": 2, "fill_percentage": 0.7351149538219689, "solution_time": 1.0692939758300781}
{"items_size": 11, "stocks_size": 2, "fill_percentage": 0.7329009433962265, "solution_time": 0.7596464157104492}
{"items_size": 11, "stocks_size": 2, "fill_percentage": 0.6221635367762128, "solution_time": 0.5090000629425049}
{"items_size": 11, "stocks_size": 2, "fill_percentage": 0.5807872034507549, "solution_time": 0.723895788192749}
{"items_size": 9, "stocks_size": 3, "fill_percentage": 0.5691403254664735, "solution_time": 52.61996078491211}
{"items_size": 9, "stocks_size": 3, "fill_percentage": 0.7698076923076923, "solution_time": 0.15587496757507324}
{"items_size": 11, "stocks_size": 2, "fill_percentage": 0.7019122609673791, "solution_time": 0.4851419925689697}
{"items_size": 11, "stocks_size": 2, "fill_percentage": 0.8419551934826884, "solution_time": 0.5266013145446777}
{"items_size": 11, "stocks_size": 2, "fill_percentage": 0.8318659819026657, "solution_time": 1.007145643234253}
{"items_size": 11, "stocks_size": 2, "fill_percentage": 0.7599802249412928, "solution_time": 0.7401957511901855}
{"items_size": 9, "stocks_size": 3, "fill_percentage": 0.8656716417910447, "solution_time": 0.4897608757019043}
{"items_size": 11, "stocks_size": 2, "fill_percentage": 0.6540750915750916, "solution_time": 0.7211606502532959}
{"items_size": 11, "stocks_size": 2, "fill_percentage": 0.8970168356798267, "solution_time": 2.7996788024902344}
{"items_size": 9, "stocks_size": 3, "fill_percentage": 0.7244807777286787, "solution_time": 0.9085681438446045}
{"items_size": 11, "stocks_size": 2, "fill_percentage": 0.7480247337684645, "solution_time": 0.5232748985290527}
{"items_size": 9, "stocks_size": 3, "fill_percentage": 0.6330872011251758, "solution_time": 0.5570394992828369}
{"items_size": 11, "stocks_size": 2, "fill_percentage": 0.6618390030313237, "solution_time": 0.09556007385253906}
{"items_size": 9, "stocks_size": 3, "fill_percentage": 0.44977420973406923, "solution_time": 1200.2388520240784}
{"items_size": 11, "stocks_size": 2, "fill_percentage": 0.5348721590909091, "solution_time": 67.91815161705017}
{"items_size": 11, "stocks_size": 2, "fill_percentage": 0.7532802249297095, "solution_time": 0.5884981155395508}
