{"items_size": 17, "stocks_size": 7, "fill_percentage": 0.9749258992229431, "solution_time": 4.016723155975342}
{"items_size": 16, "stocks_size": 7, "fill_percentage": 0.9477545575811471, "solution_time": 2.3303396701812744}
{"items_size": 18, "stocks_size": 6, "fill_percentage": 0.957812084109662, "solution_time": 3.032658815383911}
{"items_size": 16, "stocks_size": 7, "fill_percentage": 0.9751099134874486, "solution_time": 12.366540431976318}
{"items_size": 19, "stocks_size": 5, "fill_percentage": 0.9416621302848848, "solution_time": 3.3013336658477783}
{"items_size": 16, "stocks_size": 7, "fill_percentage": 0.944889341875364, "solution_time": 8.224056482315063}
{"items_size": 17, "stocks_size": 7, "fill_percentage": 0.9011877066242194, "solution_time": 1.9610052108764648}
{"items_size": 17, "stocks_size": 7, "fill_percentage": 0.964839551665899, "solution_time": 1201.1447324752808}
{"items_size": 18, "stocks_size": 6, "fill_percentage": 0.9242165753793661, "solution_time": 1201.9719507694244}
{"items_size": 21, "stocks_size": 4, "fill_percentage": 0.833498300124801, "solution_time": 2.340564012527466}
{"items_size": 17, "stocks_size": 7, "fill_percentage": 0.9274844244714534, "solution_time": 2.101714849472046}
{"items_size": 19, "stocks_size": 5, "fill_percentage": 0.9532097808470157, "solution_time": 3.30962872505188}
{"items_size": 16, "stocks_size": 7, "fill_percentage": 0.9473190851143607, "solution_time": 1.9802777767181396}
{"items_size": 21, "stocks_size": 4, "fill_percentage": 0.9646176144598858, "solution_time": 3.3101367950439453}
{"items_size": 18, "stocks_size": 6, "fill_percentage": 0.946946386946387, "solution_time": 1200.949449300766}
{"items_size": 16, "stocks_size": 7, "fill_percentage": 0.9710958445040214, "solution_time": 22.908325910568237}
{"items_size": 20, "stocks_size": 5, "fill_percentage": 0.9438645980253879, "solution_time": 1200.738296031952}
{"items_size": 17, "stocks_size": 7, "fill_percentage": 0.9671824973319103, "solution_time": 31.564163208007812}
{"items_size": 18, "stocks_size": 6, "fill_percentage": 0.9623577473008462, "solution_time": 207.90740418434143}
{"items_size": 18, "stocks_size": 6, "fill_percentage": 0.9425318271472117, "solution_time": 2.862295150756836}
{"items_size": 19, "stocks_size": 5, "fill_percentage": 0.9171974522292994, "solution_time": 2.5498335361480713}
{"items_size": 17, "stocks_size": 7, "fill_percentage": 0.9494079655543596, "solution_time": 1200.8622324466705}
{"items_size": 20, "stocks_size": 5, "fill_percentage": 0.9598341909662664, "solution_time": 2.2980239391326904}
{"items_size": 17, "stocks_size": 7, "fill_percentage": 0.933573457089423, "solution_time": 5.480579614639282}
{"items_size": 16, "stocks_size": 7, "fill_percentage": 0.9651282051282051, "solution_time": 116.50392150878906}
{"items_size": 20, "stocks_size": 5, "fill_percentage": 0.9549135478222806, "solution_time": 2.0306684970855713}
{"items_size": 21, "stocks_size": 4, "fill_percentage": 0.8047094256964885, "solution_time": 2.27449631690979}
{"items_size": 21, "stocks_size": 4, "fill_percentage": 0.9482569753205747, "solution_time": 2.480846405029297}
{"items_size": 21, "stocks_size": 4, "fill_percentage": 0.9146520380174779, "solution_time": 1201.1616690158844}
{"items_size": 17, "stocks_size": 7, "fill_percentage": 0.9873880597014926, "solution_time": 445.1340363025665}
{"items_size": 21, "stocks_size": 4, "fill_percentage": 0.8236605587682018, "solution_time": 2.9701757431030273}
{"items_size": 17, "stocks_size": 7, "fill_percentage": 0.8399550224887556, "solution_time": 1.9003217220306396}
{"items_size": 19, "stocks_size": 5, "fill_percentage": 0.9638446215139442, "solution_time": 3.338129758834839}
{"items_size": 19, "stocks_size": 5, "fill_percentage": 0.9827, "solution_time": 2.9081826210021973}
{"items_size": 17, "stocks_size": 7, "fill_percentage": 0.9624699574782769, "solution_time": 4.168547630310059}
{"items_size": 21, "stocks_size": 4, "fill_percentage": 0.7785087719298246, "solution_time": 2.2458648681640625}
{"items_size": 16, "stocks_size": 7, "fill_percentage": 0.9592160693571036, "solution_time": 741.9966125488281}
{"items_size": 19, "stocks_size": 5, "fill_percentage": 0.8763044385696396, "solution_time": 2.0873003005981445}
{"items_size": 21, "stocks_size": 4, "fill_percentage": 0.9682153639718215, "solution_time": 2.5474917888641357}
{"items_size": 17, "stocks_size": 7, "fill_percentage": 0.9525919361984936, "solution_time": 2.251131534576416}
{"items_size": 19, "stocks_size": 5, "fill_percentage": 0.9834153453617641, "solution_time": 6.439356327056885}
{"items_size": 18, "stocks_size": 6, "fill_percentage": 0.9034095111308336, "solution_time": 2.915677070617676}
{"items_size": 17, "stocks_size": 7, "fill_percentage": 0.9712760549059481, "solution_time": 37.50305700302124}
{"items_size": 21, "stocks_size": 4, "fill_percentage": 0.9350490196078431, "solution_time": 2.2740185260772705}
{"items_size": 17, "stocks_size": 7, "fill_percentage": 0.8752663497787248, "solution_time": 2.2946319580078125}
{"items_size": 17, "stocks_size": 7, "fill_percentage": 0.9605065947242206, "solution_time": 2.293104648590088}
{"items_size": 20, "stocks_size": 5, "fill_percentage": 0.9161317042866017, "solution_time": 3.4298300743103027}
{"items_size": 17, "stocks_size": 7, "fill_percentage": 0.9572182066809923, "solution_time": 1203.6645512580872}
{"items_size": 18, "stocks_size": 6, "fill_percentage": 0.9327219482120839, "solution_time": 2.4226131439208984}
{"items_size": 20, "stocks_size": 5, "fill_percentage": 0.9588763394150015, "solution_time": 8.177028894424438}
