{"items_size": 21, "stocks_size": 5, "fill_percentage": 0.6982417582417583, "solution_time": 0.00037830008659511805}
{"items_size": 16, "stocks_size": 8, "fill_percentage": 0.5940061475409836, "solution_time": 0.00028550007846206427}
{"items_size": 20, "stocks_size": 6, "fill_percentage": 0.7846385542168675, "solution_time": 0.0006535999709740281}
{"items_size": 18, "stocks_size": 7, "fill_percentage": 0.6768518518518518, "solution_time": 0.00040989997796714306}
{"items_size": 16, "stocks_size": 8, "fill_percentage": 0.5035603715170278, "solution_time": 0.0002530999481678009}
{"items_size": 20, "stocks_size": 6, "fill_percentage": 0.6639217704580546, "solution_time": 0.00033029995393007994}
{"items_size": 21, "stocks_size": 5, "fill_percentage": 0.5444729832572298, "solution_time": 0.0004328999202698469}
{"items_size": 18, "stocks_size": 7, "fill_percentage": 0.672027972027972, "solution_time": 0.00034119992051273584}
{"items_size": 20, "stocks_size": 6, "fill_percentage": 0.5697257820035827, "solution_time": 0.00025919999461621046}
{"items_size": 20, "stocks_size": 6, "fill_percentage": 0.7193273733503619, "solution_time": 0.00032029999420046806}
{"items_size": 19, "stocks_size": 6, "fill_percentage": 0.44460852605182505, "solution_time": 0.00045789999421685934}
{"items_size": 21, "stocks_size": 5, "fill_percentage": 0.677438876785282, "solution_time": 0.0004627000307664275}
{"items_size": 20, "stocks_size": 6, "fill_percentage": 0.4910344827586207, "solution_time": 0.0005182001041248441}
{"items_size": 19, "stocks_size": 6, "fill_percentage": 0.5852713178294574, "solution_time": 0.00038869993295520544}
{"items_size": 19, "stocks_size": 6, "fill_percentage": 0.5954335016835017, "solution_time": 0.00036040006671100855}
{"items_size": 19, "stocks_size": 6, "fill_percentage": 0.47231359649122806, "solution_time": 0.00040770007763057947}
{"items_size": 16, "stocks_size": 8, "fill_percentage": 0.6860131255127153, "solution_time": 0.00026729993987828493}
{"items_size": 17, "stocks_size": 8, "fill_percentage": 0.6080705009276438, "solution_time": 0.00031749997287988663}
{"items_size": 16, "stocks_size": 8, "fill_percentage": 0.45192593694229627, "solution_time": 0.0003206999972462654}
{"items_size": 20, "stocks_size": 6, "fill_percentage": 0.7366473349903342, "solution_time": 0.00039540010038763285}
{"items_size": 16, "stocks_size": 8, "fill_percentage": 0.593140243902439, "solution_time": 0.0003488999791443348}
{"items_size": 20, "stocks_size": 6, "fill_percentage": 0.5485599896680873, "solution_time": 0.0005286000669002533}
{"items_size": 16, "stocks_size": 8, "fill_percentage": 0.5981754385964912, "solution_time": 0.0002941000275313854}
{"items_size": 19, "stocks_size": 6, "fill_percentage": 0.5615384615384615, "solution_time": 0.00029959995299577713}
{"items_size": 18, "stocks_size": 7, "fill_percentage": 0.5977370087539579, "solution_time": 0.0003108000382781029}
{"items_size": 21, "stocks_size": 5, "fill_percentage": 0.5456505847953217, "solution_time": 0.0004920000210404396}
{"items_size": 20, "stocks_size": 6, "fill_percentage": 0.6989813242784381, "solution_time": 0.0003361999988555908}
{"items_size": 16, "stocks_size": 8, "fill_percentage": 0.6836199095022625, "solution_time": 0.0002647999208420515}
{"items_size": 18, "stocks_size": 7, "fill_percentage": 0.5341880341880342, "solution_time": 0.00031749997287988663}
{"items_size": 21, "stocks_size": 5, "fill_percentage": 0.7718194254445965, "solution_time": 0.00034309993498027325}
{"items_size": 20, "stocks_size": 6, "fill_percentage": 0.6132030123377664, "solution_time": 0.0006349999457597733}
{"items_size": 20, "stocks_size": 6, "fill_percentage": 0.6957171717171717, "solution_time": 0.0004304000176489353}
{"items_size": 21, "stocks_size": 5, "fill_percentage": 0.6430008854543992, "solution_time": 0.0005736000603064895}
{"items_size": 20, "stocks_size": 6, "fill_percentage": 0.7466666666666667, "solution_time": 0.00037729996256530285}
{"items_size": 19, "stocks_size": 6, "fill_percentage": null, "solution_time": null}
{"items_size": 17, "stocks_size": 8, "fill_percentage": 0.5526620370370371, "solution_time": 0.00033629999961704016}
{"items_size": 18, "stocks_size": 7, "fill_percentage": 0.6019781965201069, "solution_time": 0.00019599997904151678}
{"items_size": 21, "stocks_size": 5, "fill_percentage": null, "solution_time": null}
{"items_size": 21, "stocks_size": 5, "fill_percentage": 0.5777231777231777, "solution_time": 0.0003285000566393137}
{"items_size": 20, "stocks_size": 6, "fill_percentage": 0.5913998510796724, "solution_time": 0.0003303999546915293}
{"items_size": 21, "stocks_size": 5, "fill_percentage": 0.663560157790927, "solution_time": 0.0004202999407425523}
{"items_size": 17, "stocks_size": 8, "fill_percentage": 0.5196320279576524, "solution_time": 0.00035800004843622446}
{"items_size": 18, "stocks_size": 7, "fill_percentage": 0.6092760180995475, "solution_time": 0.00021460000425577164}
{"items_size": 21, "stocks_size": 5, "fill_percentage": null, "solution_time": null}
{"items_size": 16, "stocks_size": 8, "fill_percentage": 0.5641448760260641, "solution_time": 0.0003355999942868948}
{"items_size": 18, "stocks_size": 7, "fill_percentage": 0.5413574660633484, "solution_time": 0.00033299997448921204}
{"items_size": 20, "stocks_size": 6, "fill_percentage": 0.4797140006651147, "solution_time": 0.0006460999138653278}
{"items_size": 20, "stocks_size": 6, "fill_percentage": 0.6138552867383512, "solution_time": 0.0003899999428540468}
{"items_size": 17, "stocks_size": 8, "fill_percentage": 0.585270979020979, "solution_time": 0.00027459999546408653}
{"items_size": 18, "stocks_size": 7, "fill_percentage": 0.4647912885662432, "solution_time": 0.00033459998667240143}
{"items_size": 16, "stocks_size": 8, "fill_percentage": 0.6156806156806157, "solution_time": 0.00027489999774843454}
{"items_size": 20, "stocks_size": 6, "fill_percentage": null, "solution_time": null}
{"items_size": 21, "stocks_size": 5, "fill_percentage": 0.6643939393939394, "solution_time": 0.00036100007127970457}
{"items_size": 20, "stocks_size": 6, "fill_percentage": 0.5685299295774648, "solution_time": 0.0002911000046879053}
{"items_size": 20, "stocks_size": 6, "fill_percentage": 0.6018796992481203, "solution_time": 0.0003845000173896551}
{"items_size": 18, "stocks_size": 7, "fill_percentage": 0.580679117147708, "solution_time": 0.0003494999837130308}
{"items_size": 18, "stocks_size": 7, "fill_percentage": 0.5289922480620155, "solution_time": 0.0006446999032050371}
{"items_size": 20, "stocks_size": 6, "fill_percentage": 0.717871128515486, "solution_time": 0.0002951999194920063}
{"items_size": 21, "stocks_size": 5, "fill_percentage": 0.6214342948717949, "solution_time": 0.00037130003329366446}
{"items_size": 16, "stocks_size": 8, "fill_percentage": 0.7394152046783625, "solution_time": 0.0002940999111160636}
{"items_size": 20, "stocks_size": 6, "fill_percentage": 0.5970588235294118, "solution_time": 0.00042019993998110294}
{"items_size": 21, "stocks_size": 5, "fill_percentage": 0.6651600753295669, "solution_time": 0.0002698000753298402}
{"items_size": 20, "stocks_size": 6, "fill_percentage": null, "solution_time": null}
{"items_size": 19, "stocks_size": 6, "fill_percentage": 0.579659090909091, "solution_time": 0.0003130000550299883}
{"items_size": 19, "stocks_size": 6, "fill_percentage": 0.6800759013282732, "solution_time": 0.000300200073979795}
{"items_size": 18, "stocks_size": 7, "fill_percentage": 0.6553487217671878, "solution_time": 0.00029280001763254404}
{"items_size": 17, "stocks_size": 8, "fill_percentage": 0.45436246523203044, "solution_time": 0.00024619989562779665}
{"items_size": 18, "stocks_size": 7, "fill_percentage": 0.497679012345679, "solution_time": 0.00032570003531873226}
{"items_size": 21, "stocks_size": 5, "fill_percentage": null, "solution_time": null}
{"items_size": 20, "stocks_size": 6, "fill_percentage": 0.6067736185383245,