{"items_size": 21, "stocks_size": 5, "fill_percentage": 0.8728021978021978, "solution_time": 0.00028739997651427984}
{"items_size": 16, "stocks_size": 8, "fill_percentage": 0.7920081967213115, "solution_time": 0.0002924000145867467}
{"items_size": 20, "stocks_size": 6, "fill_percentage": 0.7846385542168675, "solution_time": 0.0004126999992877245}
{"items_size": 18, "stocks_size": 7, "fill_percentage": 0.6768518518518518, "solution_time": 0.00026300002355128527}
{"items_size": 16, "stocks_size": 8, "fill_percentage": 0.6714138286893705, "solution_time": 0.0002592999953776598}
{"items_size": 20, "stocks_size": 6, "fill_percentage": 0.6639217704580546, "solution_time": 0.0002519999397918582}
{"items_size": 21, "stocks_size": 5, "fill_percentage": 0.8167094748858448, "solution_time": 0.0003397000255063176}
{"items_size": 18, "stocks_size": 7, "fill_percentage": 0.672027972027972, "solution_time": 0.0002036000369116664}
{"items_size": 20, "stocks_size": 6, "fill_percentage": 0.6836709384042993, "solution_time": 0.00026020000223070383}
{"items_size": 20, "stocks_size": 6, "fill_percentage": 0.7193273733503619, "solution_time": 0.0002332000294700265}
{"items_size": 19, "stocks_size": 6, "fill_percentage": 0.741014210086375, "solution_time": 0.00026000000070780516}
{"items_size": 21, "stocks_size": 5, "fill_percentage": 0.9032518357137094, "solution_time": 0.0002148000057786703}
{"items_size": 20, "stocks_size": 6, "fill_percentage": 0.736551724137931, "solution_time": 0.0002901999978348613}
{"items_size": 19, "stocks_size": 6, "fill_percentage": 0.5852713178294574, "solution_time": 0.0002791999140754342}
{"items_size": 19, "stocks_size": 6, "fill_percentage": 0.5954335016835017, "solution_time": 0.00021650001872330904}
{"items_size": 19, "stocks_size": 6, "fill_percentage": 0.47231359649122806, "solution_time": 0.0005933999782428145}
{"items_size": 16, "stocks_size": 8, "fill_percentage": 0.6860131255127153, "solution_time": 0.00024720001965761185}
{"items_size": 17, "stocks_size": 8, "fill_percentage": 0.7600881261595547, "solution_time": 0.00023660005535930395}
{"items_size": 16, "stocks_size": 8, "fill_percentage": 0.9038518738845925, "solution_time": 0.00026210001669824123}
{"items_size": 20, "stocks_size": 6, "fill_percentage": 0.7366473349903342, "solution_time": 0.001281999982893467}
{"items_size": 16, "stocks_size": 8, "fill_percentage": 0.593140243902439, "solution_time": 0.0002525999443605542}
{"items_size": 20, "stocks_size": 6, "fill_percentage": 0.7314133195574497, "solution_time": 0.0002625000197440386}
{"items_size": 16, "stocks_size": 8, "fill_percentage": 0.5981754385964912, "solution_time": 0.00021540001034736633}
{"items_size": 19, "stocks_size": 6, "fill_percentage": 0.7019230769230769, "solution_time": 0.0002717999741435051}
{"items_size": 18, "stocks_size": 7, "fill_percentage": 0.7969826783386106, "solution_time": 0.00019990000873804092}
{"items_size": 21, "stocks_size": 5, "fill_percentage": 0.8184758771929824, "solution_time": 0.0002812999300658703}
{"items_size": 20, "stocks_size": 6, "fill_percentage": 0.8737266553480475, "solution_time": 0.00020330003462731838}
{"items_size": 16, "stocks_size": 8, "fill_percentage": 0.6836199095022625, "solution_time": 0.00018169998656958342}
{"items_size": 18, "stocks_size": 7, "fill_percentage": 0.8012820512820513, "solution_time": 0.00016109994612634182}
{"items_size": 21, "stocks_size": 5, "fill_percentage": 0.7718194254445965, "solution_time": 0.00037400005385279655}
{"items_size": 20, "stocks_size": 6, "fill_percentage": 0.6132030123377664, "solution_time": 0.0002864999696612358}
{"items_size": 20, "stocks_size": 6, "fill_percentage": 0.6957171717171717, "solution_time": 0.00025670009199529886}
{"items_size": 21, "stocks_size": 5, "fill_percentage": 0.6430008854543992, "solution_time": 0.00030880002304911613}
{"items_size": 20, "stocks_size": 6, "fill_percentage": 0.7466666666666667, "solution_time": 0.000206699944101274}
{"items_size": 19, "stocks_size": 6, "fill_percentage": 0.7111592111592112, "solution_time": 0.00019070005510002375}
{"items_size": 17, "stocks_size": 8, "fill_percentage": 0.8289930555555556, "solution_time": 0.00028819998260587454}
{"items_size": 18, "stocks_size": 7, "fill_percentage": 0.7223738358241282, "solution_time": 0.00018309999722987413}
{"items_size": 21, "stocks_size": 5, "fill_percentage": null, "solution_time": null}
{"items_size": 21, "stocks_size": 5, "fill_percentage": 0.7221539721539721, "solution_time": 0.00022190005984157324}
{"items_size": 20, "stocks_size": 6, "fill_percentage": 0.7392498138495904, "solution_time": 0.0002354000462219119}
{"items_size": 21, "stocks_size": 5, "fill_percentage": 0.8847468770545693, "solution_time": 0.0003063000040128827}
{"items_size": 17, "stocks_size": 8, "fill_percentage": 0.7794480419364785, "solution_time": 0.0002479000249877572}
{"items_size": 18, "stocks_size": 7, "fill_percentage": 0.7615950226244343, "solution_time": 0.0001852000132203102}
{"items_size": 21, "stocks_size": 5, "fill_percentage": null, "solution_time": null}
{"items_size": 16, "stocks_size": 8, "fill_percentage": 0.8462173140390962, "solution_time": 0.00023939996026456356}
{"items_size": 18, "stocks_size": 7, "fill_percentage": 0.8120361990950227, "solution_time": 0.00028909998945891857}
{"items_size": 20, "stocks_size": 6, "fill_percentage": 0.4797140006651147, "solution_time": 0.0004256999818608165}
{"items_size": 20, "stocks_size": 6, "fill_percentage": 0.9207829301075269, "solution_time": 0.00029429991263896227}
{"items_size": 17, "stocks_size": 8, "fill_percentage": 0.7803613053613053, "solution_time": 0.00022369995713233948}
{"items_size": 18, "stocks_size": 7, "fill_percentage": 0.6971869328493648, "solution_time": 0.00022329995408654213}
{"items_size": 16, "stocks_size": 8, "fill_percentage": 0.6156806156806157, "solution_time": 0.00021169998217374086}
{"items_size": 20, "stocks_size": 6, "fill_percentage": null, "solution_time": null}
{"items_size": 21, "stocks_size": 5, "fill_percentage": 0.8858585858585859, "solution_time": 0.00026519992388784885}
{"items_size": 20, "stocks_size": 6, "fill_percentage": 0.710662411971831, "solution_time": 0.00022869999520480633}
{"items_size": 20, "stocks_size": 6, "fill_percentage": 0.6018796992481203, "solution_time": 0.00026729993987828493}
{"items_size": 18, "stocks_size": 7, "fill_percentage": 0.725848896434635, "solution_time": 0.0002052999334409833}
{"items_size": 18, "stocks_size": 7, "fill_percentage": 0.7934883720930233, "solution_time": 0.00025079993065446615}
{"items_size": 20, "stocks_size": 6, "fill_percentage": 0.8614453542185831, "solution_time": 0.00020549993496388197}
{"items_size": 21, "stocks_size": 5, "fill_percentage": 0.7767928685897436, "solution_time": 0.00022499996703118086}
{"items_size": 16, "stocks_size": 8, "fill_percentage": 0.7394152046783625, "solution_time": 0.00019759999122470617}
{"items_size": 20, "stocks_size": 6, "fill_percentage": 0.796078431372549, "solution_time": 0.00033439998514950275}
{"items_size": 21, "stocks_size": 5, "fill_percentage": 0.6651600753295669, "solution_time": 0.00026290002278983593}
{"items_size": 20, "stocks_size": 6, "fill_percentage": 0.7657842157842157, "solution_time": 0.00020300003234297037}
{"items_size": 19, "stocks_size": 6, "fill_percentage": 0.7245738636363637, "solution_time": 0.00021620001643896103}
{"items_size": 19, "stocks_size": 6, "fill_percentage": 0.6800759013282732, "solution_time": 0.00036689999978989363}
{"items_size": 18, "stocks_size": 7, "fill_percentage": 0.6553487217671878, "solution_time": 0.00023770006373524666}
{"items_size": 17, "stocks_size": 8, "fill_percentage": 0.5452349582784365, "solution_time": 0.00019399996381253004}
{"items_size": 18, "stocks_size": 7, "fill_percentage": 0.7465185185185185, "solution_time": 0.00032460002694278955}
{"items_size": 21, "stocks_size": 5, "fill_percentage": 0.713076923076923,