{"items_size": 21, "stocks_size": 5, "fill_percentage": null, "solution_time": null}
{"items_size": 16, "stocks_size": 8, "fill_percentage": 0.5940061475409836, "solution_time": 0.0003279000520706177}
{"items_size": 20, "stocks_size": 6, "fill_percentage": 0.5230923694779116, "solution_time": 0.0005785999819636345}
{"items_size": 18, "stocks_size": 7, "fill_percentage": 0.6768518518518518, "solution_time": 0.00039389997255057096}
{"items_size": 16, "stocks_size": 8, "fill_percentage": 0.4028482972136223, "solution_time": 0.0003279000520706177}
{"items_size": 20, "stocks_size": 6, "fill_percentage": 0.6639217704580546, "solution_time": 0.00035419990308582783}
{"items_size": 21, "stocks_size": 5, "fill_percentage": 0.5444729832572298, "solution_time": 0.0004899000050500035}
{"items_size": 18, "stocks_size": 7, "fill_percentage": 0.504020979020979, "solution_time": 0.0002894001081585884}
{"items_size": 20, "stocks_size": 6, "fill_percentage": 0.5697257820035827, "solution_time": 0.0002937999088317156}
{"items_size": 20, "stocks_size": 6, "fill_percentage": 0.5994394777919683, "solution_time": 0.00024189997930079699}
{"items_size": 19, "stocks_size": 6, "fill_percentage": 0.44460852605182505, "solution_time": 0.0002901999978348613}
{"items_size": 21, "stocks_size": 5, "fill_percentage": 0.677438876785282, "solution_time": 0.000493000028654933}
{"items_size": 20, "stocks_size": 6, "fill_percentage": 0.4910344827586207, "solution_time": 0.0004447000101208687}
{"items_size": 19, "stocks_size": 6, "fill_percentage": 0.5852713178294574, "solution_time": 0.0003040999872609973}
{"items_size": 19, "stocks_size": 6, "fill_percentage": null, "solution_time": null}
{"items_size": 19, "stocks_size": 6, "fill_percentage": 0.47231359649122806, "solution_time": 0.0005221000174060464}
{"items_size": 16, "stocks_size": 8, "fill_percentage": 0.5488105004101723, "solution_time": 0.00022250006441026926}
{"items_size": 17, "stocks_size": 8, "fill_percentage": 0.6080705009276438, "solution_time": 0.00022620009258389473}
{"items_size": 16, "stocks_size": 8, "fill_percentage": 0.45192593694229627, "solution_time": 0.000251400051638484}
{"items_size": 20, "stocks_size": 6, "fill_percentage": 0.7366473349903342, "solution_time": 0.00022839999292045832}
{"items_size": 16, "stocks_size": 8, "fill_percentage": 0.593140243902439, "solution_time": 0.0002775000175461173}
{"items_size": 20, "stocks_size": 6, "fill_percentage": 0.5485599896680873, "solution_time": 0.000381499994546175}
{"items_size": 16, "stocks_size": 8, "fill_percentage": 0.5981754385964912, "solution_time": 0.00041829992551356554}
{"items_size": 19, "stocks_size": 6, "fill_percentage": 0.46794871794871795, "solution_time": 0.00042719999328255653}
{"items_size": 18, "stocks_size": 7, "fill_percentage": 0.5977370087539579, "solution_time": 0.0003399999113753438}
{"items_size": 21, "stocks_size": 5, "fill_percentage": 0.5456505847953217, "solution_time": 0.0005089000333100557}
{"items_size": 20, "stocks_size": 6, "fill_percentage": 0.5824844368986983, "solution_time": 0.00026759994216263294}
{"items_size": 16, "stocks_size": 8, "fill_percentage": 0.6836199095022625, "solution_time": 0.0003131000557914376}
{"items_size": 18, "stocks_size": 7, "fill_percentage": 0.5341880341880342, "solution_time": 0.00022069993428885937}
{"items_size": 21, "stocks_size": 5, "fill_percentage": null, "solution_time": null}
{"items_size": 20, "stocks_size": 6, "fill_percentage": 0.6132030123377664, "solution_time": 0.0003475999692454934}
{"items_size": 20, "stocks_size": 6, "fill_percentage": 0.5797643097643098, "solution_time": 0.0002842000685632229}
{"items_size": 21, "stocks_size": 5, "fill_percentage": 0.6430008854543992, "solution_time": 0.0003467999631538987}
{"items_size": 20, "stocks_size": 6, "fill_percentage": 0.56, "solution_time": 0.0003875000402331352}
{"items_size": 19, "stocks_size": 6, "fill_percentage": null, "solution_time": null}
{"items_size": 17, "stocks_size": 8, "fill_percentage": 0.5526620370370371, "solution_time": 0.00031590007711201906}
{"items_size": 18, "stocks_size": 7, "fill_percentage": 0.6019781965201069, "solution_time": 0.0002386000705882907}
{"items_size": 21, "stocks_size": 5, "fill_percentage": null, "solution_time": null}
{"items_size": 21, "stocks_size": 5, "fill_percentage": 0.5777231777231777, "solution_time": 0.00034799997229129076}
{"items_size": 20, "stocks_size": 6, "fill_percentage": 0.5913998510796724, "solution_time": 0.0004322000313550234}
{"items_size": 21, "stocks_size": 5, "fill_percentage": 0.663560157790927, "solution_time": 0.0003664999967440963}
{"items_size": 17, "stocks_size": 8, "fill_percentage": 0.5196320279576524, "solution_time": 0.0003218000056222081}
{"items_size": 18, "stocks_size": 7, "fill_percentage": 0.5077300150829562, "solution_time": 0.0002552999649196863}
{"items_size": 21, "stocks_size": 5, "fill_percentage": null, "solution_time": null}
{"items_size": 16, "stocks_size": 8, "fill_percentage": 0.5641448760260641, "solution_time": 0.0003019999712705612}
{"items_size": 18, "stocks_size": 7, "fill_percentage": 0.5413574660633484, "solution_time": 0.0004241000860929489}
{"items_size": 20, "stocks_size": 6, "fill_percentage": 0.4797140006651147, "solution_time": 0.0004653000505641103}
{"items_size": 20, "stocks_size": 6, "fill_percentage": 0.6138552867383512, "solution_time": 0.0005812000017613173}
{"items_size": 17, "stocks_size": 8, "fill_percentage": 0.46821678321678323, "solution_time": 0.0003000000724568963}
{"items_size": 18, "stocks_size": 7, "fill_percentage": 0.4647912885662432, "solution_time": 0.00034330005291849375}
{"items_size": 16, "stocks_size": 8, "fill_percentage": 0.6156806156806157, "solution_time": 0.0002940999111160636}
{"items_size": 20, "stocks_size": 6, "fill_percentage": null, "solution_time": null}
{"items_size": 21, "stocks_size": 5, "fill_percentage": 0.5315151515151515, "solution_time": 0.00039850000757724047}
{"items_size": 20, "stocks_size": 6, "fill_percentage": 0.5685299295774648, "solution_time": 0.00029230001382529736}
{"items_size": 20, "stocks_size": 6, "fill_percentage": 0.6018796992481203, "solution_time": 0.00047750002704560757}
{"items_size": 18, "stocks_size": 7, "fill_percentage": 0.580679117147708, "solution_time": 0.00027400010731071234}
{"items_size": 18, "stocks_size": 7, "fill_percentage": 0.5289922480620155, "solution_time": 0.0003413999220356345}
{"items_size": 20, "stocks_size": 6, "fill_percentage": 0.717871128515486, "solution_time": 0.0003730000462383032}
{"items_size": 21, "stocks_size": 5, "fill_percentage": 0.6214342948717949, "solution_time": 0.00039629999082535505}
{"items_size": 16, "stocks_size": 8, "fill_percentage": 0.7394152046783625, "solution_time": 0.00035500002559274435}
{"items_size": 20, "stocks_size": 6, "fill_percentage": 0.5970588235294118, "solution_time": 0.0004265999887138605}
{"items_size": 21, "stocks_size": 5, "fill_percentage": 0.6651600753295669, "solution_time": 0.0002432999899610877}
{"items_size": 20, "stocks_size": 6, "fill_percentage": 0.6381535131535132, "solution_time": 0.000269399955868721}
{"items_size": 19, "stocks_size": 6, "fill_percentage": 0.579659090909091, "solution_time": 0.0002709999680519104}
{"items_size": 19, "stocks_size": 6, "fill_percentage": 0.6800759013282732, "solution_time": 0.00032890005968511105}
{"items_size": 18, "stocks_size": 7, "fill_percentage": 0.6553487217671878, "solution_time": 0.0007599999662488699}
{"items_size": 17, "stocks_size": 8, "fill_percentage": 0.5452349582784365, "solution_time": 0.00025269994512200356}
{"items_size": 18, "stocks_size": 7, "fill_percentage": 0.497679012345679, "solution_time": 0.00045119994319975376}
{"items_size": 21, "stocks_size": 5, "fill_percentage": null, "solution_time": null}
{"items_size": 20, "stocks_size": 6, "fill_percentage": 0.48541889483065953, "solution_time": 0.0004984999541193247}
{"items_size": 16, "stocks_size": 8,