{"items_size": 21, "stocks_size": 5, "fill_percentage": 0.8728021978021978, "solution_time": 0.00036230008117854595}
{"items_size": 16, "stocks_size": 8, "fill_percentage": 0.7920081967213115, "solution_time": 0.00028359994757920504}
{"items_size": 20, "stocks_size": 6, "fill_percentage": 0.7846385542168675, "solution_time": 0.0004726999904960394}
{"items_size": 18, "stocks_size": 7, "fill_percentage": 0.6768518518518518, "solution_time": 0.00026759994216263294}
{"items_size": 16, "stocks_size": 8, "fill_percentage": 0.6714138286893705, "solution_time": 0.00024970003869384527}
{"items_size": 20, "stocks_size": 6, "fill_percentage": 0.6639217704580546, "solution_time": 0.0003336999798193574}
{"items_size": 21, "stocks_size": 5, "fill_percentage": 0.8167094748858448, "solution_time": 0.00038189999759197235}
{"items_size": 18, "stocks_size": 7, "fill_percentage": 0.672027972027972, "solution_time": 0.00024309998843818903}
{"items_size": 20, "stocks_size": 6, "fill_percentage": 0.6836709384042993, "solution_time": 0.00031340005807578564}
{"items_size": 20, "stocks_size": 6, "fill_percentage": 0.7193273733503619, "solution_time": 0.0002799000358209014}
{"items_size": 19, "stocks_size": 6, "fill_percentage": 0.741014210086375, "solution_time": 0.00033199996687471867}
{"items_size": 21, "stocks_size": 5, "fill_percentage": 0.9032518357137094, "solution_time": 0.0002509000478312373}
{"items_size": 20, "stocks_size": 6, "fill_percentage": 0.736551724137931, "solution_time": 0.00031589996069669724}
{"items_size": 19, "stocks_size": 6, "fill_percentage": 0.5852713178294574, "solution_time": 0.0002839000662788749}
{"items_size": 19, "stocks_size": 6, "fill_percentage": 0.5954335016835017, "solution_time": 0.00023290002718567848}
{"items_size": 19, "stocks_size": 6, "fill_percentage": 0.47231359649122806, "solution_time": 0.0005786999827250838}
{"items_size": 16, "stocks_size": 8, "fill_percentage": 0.6860131255127153, "solution_time": 0.00023760006297379732}
{"items_size": 17, "stocks_size": 8, "fill_percentage": 0.7600881261595547, "solution_time": 0.0001990000018849969}
{"items_size": 16, "stocks_size": 8, "fill_percentage": 0.9038518738845925, "solution_time": 0.0002717000897973776}
{"items_size": 20, "stocks_size": 6, "fill_percentage": 0.7366473349903342, "solution_time": 0.0011987000470981002}
{"items_size": 16, "stocks_size": 8, "fill_percentage": 0.593140243902439, "solution_time": 0.000313800061121583}
{"items_size": 20, "stocks_size": 6, "fill_percentage": 0.7314133195574497, "solution_time": 0.0003829000052064657}
{"items_size": 16, "stocks_size": 8, "fill_percentage": 0.5981754385964912, "solution_time": 0.0002468000166118145}
{"items_size": 19, "stocks_size": 6, "fill_percentage": 0.7019230769230769, "solution_time": 0.00030369998421519995}
{"items_size": 18, "stocks_size": 7, "fill_percentage": 0.7969826783386106, "solution_time": 0.0002891999902203679}
{"items_size": 21, "stocks_size": 5, "fill_percentage": 0.8184758771929824, "solution_time": 0.0003397000255063176}
{"items_size": 20, "stocks_size": 6, "fill_percentage": 0.8737266553480475, "solution_time": 0.00026670005172491074}
{"items_size": 16, "stocks_size": 8, "fill_percentage": 0.6836199095022625, "solution_time": 0.0002455000067129731}
{"items_size": 18, "stocks_size": 7, "fill_percentage": 0.8012820512820513, "solution_time": 0.00022990000434219837}
{"items_size": 21, "stocks_size": 5, "fill_percentage": 0.7718194254445965, "solution_time": 0.00029429991263896227}
{"items_size": 20, "stocks_size": 6, "fill_percentage": 0.6132030123377664, "solution_time": 0.0003010000800713897}
{"items_size": 20, "stocks_size": 6, "fill_percentage": 0.6957171717171717, "solution_time": 0.00031319994013756514}
{"items_size": 21, "stocks_size": 5, "fill_percentage": 0.6430008854543992, "solution_time": 0.0003763000713661313}
{"items_size": 20, "stocks_size": 6, "fill_percentage": 0.7466666666666667, "solution_time": 0.00023040000814944506}
{"items_size": 19, "stocks_size": 6, "fill_percentage": 0.7111592111592112, "solution_time": 0.0002522999420762062}
{"items_size": 17, "stocks_size": 8, "fill_percentage": 0.8289930555555556, "solution_time": 0.00039300008211284876}
{"items_size": 18, "stocks_size": 7, "fill_percentage": 0.7223738358241282, "solution_time": 0.00025260006077587605}
{"items_size": 21, "stocks_size": 5, "fill_percentage": null, "solution_time": null}
{"items_size": 21, "stocks_size": 5, "fill_percentage": 0.7221539721539721, "solution_time": 0.00024239998310804367}
{"items_size": 20, "stocks_size": 6, "fill_percentage": 0.7392498138495904, "solution_time": 0.0002191000385209918}
{"items_size": 21, "stocks_size": 5, "fill_percentage": 0.8847468770545693, "solution_time": 0.0003295999485999346}
{"items_size": 17, "stocks_size": 8, "fill_percentage": 0.7794480419364785, "solution_time": 0.0003483999753370881}
{"items_size": 18, "stocks_size": 7, "fill_percentage": 0.7615950226244343, "solution_time": 0.00022069993428885937}
{"items_size": 21, "stocks_size": 5, "fill_percentage": null, "solution_time": null}
{"items_size": 16, "stocks_size": 8, "fill_percentage": 0.8462173140390962, "solution_time": 0.0002451998880133033}
{"items_size": 18, "stocks_size": 7, "fill_percentage": 0.8120361990950227, "solution_time": 0.00033710000570863485}
{"items_size": 20, "stocks_size": 6, "fill_percentage": 0.4797140006651147, "solution_time": 0.0005904999561607838}
{"items_size": 20, "stocks_size": 6, "fill_percentage": 0.9207829301075269, "solution_time": 0.00037619995418936014}
{"items_size": 17, "stocks_size": 8, "fill_percentage": 0.7803613053613053, "solution_time": 0.0002104000886902213}
{"items_size": 18, "stocks_size": 7, "fill_percentage": 0.6971869328493648, "solution_time": 0.0003181000938639045}
{"items_size": 16, "stocks_size": 8, "fill_percentage": 0.6156806156806157, "solution_time": 0.0002896999940276146}
{"items_size": 20, "stocks_size": 6, "fill_percentage": null, "solution_time": null}
{"items_size": 21, "stocks_size": 5, "fill_percentage": 0.8858585858585859, "solution_time": 0.00028470007237046957}
{"items_size": 20, "stocks_size": 6, "fill_percentage": 0.710662411971831, "solution_time": 0.0002538000699132681}
{"items_size": 20, "stocks_size": 6, "fill_percentage": 0.6018796992481203, "solution_time": 0.0003801999846473336}
{"items_size": 18, "stocks_size": 7, "fill_percentage": 0.725848896434635, "solution_time": 0.00020510004833340645}
{"items_size": 18, "stocks_size": 7, "fill_percentage": 0.7934883720930233, "solution_time": 0.0003594000590965152}
{"items_size": 20, "stocks_size": 6, "fill_percentage": 0.8614453542185831, "solution_time": 0.0002560000866651535}
{"items_size": 21, "stocks_size": 5, "fill_percentage": 0.7767928685897436, "solution_time": 0.00031029991805553436}
{"items_size": 16, "stocks_size": 8, "fill_percentage": 0.7394152046783625, "solution_time": 0.00021269998978823423}
{"items_size": 20, "stocks_size": 6, "fill_percentage": 0.796078431372549, "solution_time": 0.0002449000021442771}
{"items_size": 21, "stocks_size": 5, "fill_percentage": 0.6651600753295669, "solution_time": 0.0003108999226242304}
{"items_size": 20, "stocks_size": 6, "fill_percentage": 0.7657842157842157, "solution_time": 0.0002764000091701746}
{"items_size": 19, "stocks_size": 6, "fill_percentage": 0.7245738636363637, "solution_time": 0.00022490008268505335}
{"items_size": 19, "stocks_size": 6, "fill_percentage": 0.6800759013282732, "solution_time": 0.00038129999302327633}
{"items_size": 18, "stocks_size": 7, "fill_percentage": 0.6553487217671878, "solution_time": 0.00029800005722790956}
{"items_size": 17, "stocks_size": 8, "fill_percentage": 0.5452349582784365, "solution_time": 0.0002443999983370304}
{"items_size": 18, "stocks_size": 7, "fill_percentage": 0.7465185185185185, "solution_time": 0.00040470005478709936}
{"items_size": 21, "stocks_size": 5, "fill_percentage": 0.713076923076923, "solution_time": 0.00026459991931915283}
{"items_size": 20, "stocks_size": 6,