{"items_size": 21, "stocks_size": 5, "fill_percentage": 0.6982417582417583, "solution_time": 0.00034090003464370966}
{"items_size": 16, "stocks_size": 8, "fill_percentage": 0.5940061475409836, "solution_time": 0.00036720000207424164}
{"items_size": 20, "stocks_size": 6, "fill_percentage": 0.7846385542168675, "solution_time": 0.0006290000164881349}
{"items_size": 18, "stocks_size": 7, "fill_percentage": 0.6768518518518518, "solution_time": 0.0002992000663653016}
{"items_size": 16, "stocks_size": 8, "fill_percentage": 0.5035603715170278, "solution_time": 0.00035879993811249733}
{"items_size": 20, "stocks_size": 6, "fill_percentage": 0.6639217704580546, "solution_time": 0.0003565000370144844}
{"items_size": 21, "stocks_size": 5, "fill_percentage": 0.5444729832572298, "solution_time": 0.0006191000575199723}
{"items_size": 18, "stocks_size": 7, "fill_percentage": 0.672027972027972, "solution_time": 0.000292200013063848}
{"items_size": 20, "stocks_size": 6, "fill_percentage": 0.5697257820035827, "solution_time": 0.00024079997092485428}
{"items_size": 20, "stocks_size": 6, "fill_percentage": 0.7193273733503619, "solution_time": 0.0002525000600144267}
{"items_size": 19, "stocks_size": 6, "fill_percentage": 0.44460852605182505, "solution_time": 0.0004072999581694603}
{"items_size": 21, "stocks_size": 5, "fill_percentage": 0.677438876785282, "solution_time": 0.00030360009986907244}
{"items_size": 20, "stocks_size": 6, "fill_percentage": 0.4910344827586207, "solution_time": 0.00034490006510168314}
{"items_size": 19, "stocks_size": 6, "fill_percentage": 0.5852713178294574, "solution_time": 0.00048399996012449265}
{"items_size": 19, "stocks_size": 6, "fill_percentage": 0.5954335016835017, "solution_time": 0.00032709992956370115}
{"items_size": 19, "stocks_size": 6, "fill_percentage": 0.47231359649122806, "solution_time": 0.000417000032030046}
{"items_size": 16, "stocks_size": 8, "fill_percentage": 0.6860131255127153, "solution_time": 0.00025379995349794626}
{"items_size": 17, "stocks_size": 8, "fill_percentage": 0.6080705009276438, "solution_time": 0.0002470000181347132}
{"items_size": 16, "stocks_size": 8, "fill_percentage": 0.45192593694229627, "solution_time": 0.00029420002829283476}
{"items_size": 20, "stocks_size": 6, "fill_percentage": 0.7366473349903342, "solution_time": 0.00035039999056607485}
{"items_size": 16, "stocks_size": 8, "fill_percentage": 0.593140243902439, "solution_time": 0.00042090006172657013}
{"items_size": 20, "stocks_size": 6, "fill_percentage": 0.5485599896680873, "solution_time": 0.00039089994970709085}
{"items_size": 16, "stocks_size": 8, "fill_percentage": 0.5981754385964912, "solution_time": 0.00027630000840872526}
{"items_size": 19, "stocks_size": 6, "fill_percentage": 0.5615384615384615, "solution_time": 0.0005322999786585569}
{"items_size": 18, "stocks_size": 7, "fill_percentage": 0.5977370087539579, "solution_time": 0.0004699999699369073}
{"items_size": 21, "stocks_size": 5, "fill_percentage": 0.5456505847953217, "solution_time": 0.0004124999977648258}
{"items_size": 20, "stocks_size": 6, "fill_percentage": 0.6989813242784381, "solution_time": 0.0002858999650925398}
{"items_size": 16, "stocks_size": 8, "fill_percentage": 0.6836199095022625, "solution_time": 0.00027379998937249184}
{"items_size": 18, "stocks_size": 7, "fill_percentage": 0.5341880341880342, "solution_time": 0.00026320002507418394}
{"items_size": 21, "stocks_size": 5, "fill_percentage": 0.7718194254445965, "solution_time": 0.0002555000828579068}
{"items_size": 20, "stocks_size": 6, "fill_percentage": 0.6132030123377664, "solution_time": 0.00043130002450197935}
{"items_size": 20, "stocks_size": 6, "fill_percentage": 0.6957171717171717, "solution_time": 0.00034279993269592524}
{"items_size": 21, "stocks_size": 5, "fill_percentage": 0.6430008854543992, "solution_time": 0.0006130000110715628}
{"items_size": 20, "stocks_size": 6, "fill_percentage": 0.7466666666666667, "solution_time": 0.00032709992956370115}
{"items_size": 19, "stocks_size": 6, "fill_percentage": null, "solution_time": null}
{"items_size": 17, "stocks_size": 8, "fill_percentage": 0.5526620370370371, "solution_time": 0.0004675000673159957}
{"items_size": 18, "stocks_size": 7, "fill_percentage": 0.6019781965201069, "solution_time": 0.00026649993378669024}
{"items_size": 21, "stocks_size": 5, "fill_percentage": null, "solution_time": null}
{"items_size": 21, "stocks_size": 5, "fill_percentage": 0.5777231777231777, "solution_time": 0.0004984999541193247}
{"items_size": 20, "stocks_size": 6, "fill_percentage": 0.5913998510796724, "solution_time": 0.0003421999281272292}
{"items_size": 21, "stocks_size": 5, "fill_percentage": 0.663560157790927, "solution_time": 0.0003608000697568059}
{"items_size": 17, "stocks_size": 8, "fill_percentage": 0.5196320279576524, "solution_time": 0.000618100049905479}
{"items_size": 18, "stocks_size": 7, "fill_percentage": 0.6092760180995475, "solution_time": 0.00027680001221597195}
{"items_size": 21, "stocks_size": 5, "fill_percentage": null, "solution_time": null}
{"items_size": 16, "stocks_size": 8, "fill_percentage": 0.5641448760260641, "solution_time": 0.00033050007186830044}
{"items_size": 18, "stocks_size": 7, "fill_percentage": 0.5413574660633484, "solution_time": 0.000453700078651309}
{"items_size": 20, "stocks_size": 6, "fill_percentage": 0.4797140006651147, "solution_time": 0.000803799950517714}
{"items_size": 20, "stocks_size": 6, "fill_percentage": 0.6138552867383512, "solution_time": 0.00043649994768202305}
{"items_size": 17, "stocks_size": 8, "fill_percentage": 0.585270979020979, "solution_time": 0.0002858999650925398}
{"items_size": 18, "stocks_size": 7, "fill_percentage": 0.4647912885662432, "solution_time": 0.00040929997339844704}
{"items_size": 16, "stocks_size": 8, "fill_percentage": 0.6156806156806157, "solution_time": 0.0002924998989328742}
{"items_size": 20, "stocks_size": 6, "fill_percentage": null, "solution_time": null}
{"items_size": 21, "stocks_size": 5, "fill_percentage": 0.6643939393939394, "solution_time": 0.0003462000750005245}
{"items_size": 20, "stocks_size": 6, "fill_percentage": 0.5685299295774648, "solution_time": 0.00028300005942583084}
{"items_size": 20, "stocks_size": 6, "fill_percentage": 0.6018796992481203, "solution_time": 0.0003790000919252634}
{"items_size": 18, "stocks_size": 7, "fill_percentage": 0.580679117147708, "solution_time": 0.0002492000348865986}
{"items_size": 18, "stocks_size": 7, "fill_percentage": 0.5289922480620155, "solution_time": 0.0005685999058187008}
{"items_size": 20, "stocks_size": 6, "fill_percentage": 0.717871128515486, "solution_time": 0.0003454000689089298}
{"items_size": 21, "stocks_size": 5, "fill_percentage": 0.6214342948717949, "solution_time": 0.0005517000099644065}
{"items_size": 16, "stocks_size": 8, "fill_percentage": 0.7394152046783625, "solution_time": 0.0003141999477520585}
{"items_size": 20, "stocks_size": 6, "fill_percentage": 0.5970588235294118, "solution_time": 0.0003559999167919159}
{"items_size": 21, "stocks_size": 5, "fill_percentage": 0.6651600753295669, "solution_time": 0.00029610004276037216}
{"items_size": 20, "stocks_size": 6, "fill_percentage": null, "solution_time": null}
{"items_size": 19, "stocks_size": 6, "fill_percentage": 0.579659090909091, "solution_time": 0.0003111999249085784}
{"items_size": 19, "stocks_size": 6, "fill_percentage": 0.6800759013282732, "solution_time": 0.00027959991712123156}
{"items_size": 18, "stocks_size": 7, "fill_percentage": 0.6553487217671878, "solution_time": 0.00033029995393007994}
{"items_size": 17, "stocks_size": 8, "fill_percentage": 0.45436246523203044, "solution_time": 0.00027220009360462427}
{"items_size": 18, "stocks_size": 7, "fill_percentage": 0.497679012345679, "solution_time": 0.00033490010537207127}
{"items_size": 21, "stocks_size": 5, "fill_percentage": null, "solution_time": null}
{"items_size": 20, "stocks_size": 6, "fill_percentage": 0.6067736185383245,