{"items_size": 21, "stocks_size": 5, "fill_percentage": 0.8728021978021978, "solution_time": 0.00029719993472099304}
{"items_size": 16, "stocks_size": 8, "fill_percentage": 0.7920081967213115, "solution_time": 0.0002514999359846115}
{"items_size": 20, "stocks_size": 6, "fill_percentage": 0.7846385542168675, "solution_time": 0.0003255000337958336}
{"items_size": 18, "stocks_size": 7, "fill_percentage": 0.6768518518518518, "solution_time": 0.0002522000577300787}
{"items_size": 16, "stocks_size": 8, "fill_percentage": 0.6714138286893705, "solution_time": 0.00023699994198977947}
{"items_size": 20, "stocks_size": 6, "fill_percentage": 0.6639217704580546, "solution_time": 0.00032110000029206276}
{"items_size": 21, "stocks_size": 5, "fill_percentage": 0.8167094748858448, "solution_time": 0.000282399938441813}
{"items_size": 18, "stocks_size": 7, "fill_percentage": 0.672027972027972, "solution_time": 0.0002930000191554427}
{"items_size": 20, "stocks_size": 6, "fill_percentage": 0.6836709384042993, "solution_time": 0.00022209994494915009}
{"items_size": 20, "stocks_size": 6, "fill_percentage": 0.7193273733503619, "solution_time": 0.000228899996727705}
{"items_size": 19, "stocks_size": 6, "fill_percentage": 0.741014210086375, "solution_time": 0.00021900003775954247}
{"items_size": 21, "stocks_size": 5, "fill_percentage": 0.9032518357137094, "solution_time": 0.0002668000524863601}
{"items_size": 20, "stocks_size": 6, "fill_percentage": 0.736551724137931, "solution_time": 0.00029820005875080824}
{"items_size": 19, "stocks_size": 6, "fill_percentage": 0.5852713178294574, "solution_time": 0.0002552000805735588}
{"items_size": 19, "stocks_size": 6, "fill_percentage": 0.5954335016835017, "solution_time": 0.00018949992954730988}
{"items_size": 19, "stocks_size": 6, "fill_percentage": 0.9446271929824561, "solution_time": 0.0005108000477775931}
{"items_size": 16, "stocks_size": 8, "fill_percentage": 0.6860131255127153, "solution_time": 0.0002272999845445156}
{"items_size": 17, "stocks_size": 8, "fill_percentage": 0.7600881261595547, "solution_time": 0.00030939991120249033}
{"items_size": 16, "stocks_size": 8, "fill_percentage": 0.9038518738845925, "solution_time": 0.0003537999000400305}
{"items_size": 20, "stocks_size": 6, "fill_percentage": 0.7366473349903342, "solution_time": 0.00026620004791766405}
{"items_size": 16, "stocks_size": 8, "fill_percentage": 0.593140243902439, "solution_time": 0.0003000000724568963}
{"items_size": 20, "stocks_size": 6, "fill_percentage": 0.7314133195574497, "solution_time": 0.00030880002304911613}
{"items_size": 16, "stocks_size": 8, "fill_percentage": 0.5981754385964912, "solution_time": 0.00019640009850263596}
{"items_size": 19, "stocks_size": 6, "fill_percentage": 0.7019230769230769, "solution_time": 0.00017619994468986988}
{"items_size": 18, "stocks_size": 7, "fill_percentage": 0.7969826783386106, "solution_time": 0.00019339995924383402}
{"items_size": 21, "stocks_size": 5, "fill_percentage": 0.8184758771929824, "solution_time": 0.0002664000494405627}
{"items_size": 20, "stocks_size": 6, "fill_percentage": 0.8737266553480475, "solution_time": 0.0003303999546915293}
{"items_size": 16, "stocks_size": 8, "fill_percentage": 0.6836199095022625, "solution_time": 0.00041530001908540726}
{"items_size": 18, "stocks_size": 7, "fill_percentage": 0.8012820512820513, "solution_time": 0.00021620001643896103}
{"items_size": 21, "stocks_size": 5, "fill_percentage": 0.7718194254445965, "solution_time": 0.00022409996017813683}
{"items_size": 20, "stocks_size": 6, "fill_percentage": 0.6132030123377664, "solution_time": 0.0002522000577300787}
{"items_size": 20, "stocks_size": 6, "fill_percentage": 0.6957171717171717, "solution_time": 0.00023120001424103975}
{"items_size": 21, "stocks_size": 5, "fill_percentage": 0.6430008854543992, "solution_time": 0.0002821999369189143}
{"items_size": 20, "stocks_size": 6, "fill_percentage": 0.7466666666666667, "solution_time": 0.0002533000661060214}
{"items_size": 19, "stocks_size": 6, "fill_percentage": 0.7111592111592112, "solution_time": 0.0001708000199869275}
{"items_size": 17, "stocks_size": 8, "fill_percentage": 0.8289930555555556, "solution_time": 0.0002300000051036477}
{"items_size": 18, "stocks_size": 7, "fill_percentage": 0.7223738358241282, "solution_time": 0.00018529989756643772}
{"items_size": 21, "stocks_size": 5, "fill_percentage": null, "solution_time": null}
{"items_size": 21, "stocks_size": 5, "fill_percentage": 0.7221539721539721, "solution_time": 0.00021490000654011965}
{"items_size": 20, "stocks_size": 6, "fill_percentage": 0.7392498138495904, "solution_time": 0.0002031000331044197}
{"items_size": 21, "stocks_size": 5, "fill_percentage": 0.8847468770545693, "solution_time": 0.0002880999818444252}
{"items_size": 17, "stocks_size": 8, "fill_percentage": 0.7794480419364785, "solution_time": 0.00021730002481490374}
{"items_size": 18, "stocks_size": 7, "fill_percentage": 0.7615950226244343, "solution_time": 0.0001783999614417553}
{"items_size": 21, "stocks_size": 5, "fill_percentage": 0.8234765234765234, "solution_time": 0.0002519999397918582}
{"items_size": 16, "stocks_size": 8, "fill_percentage": 0.8462173140390962, "solution_time": 0.0003018999705091119}
{"items_size": 18, "stocks_size": 7, "fill_percentage": 0.8120361990950227, "solution_time": 0.0003024000907316804}
{"items_size": 20, "stocks_size": 6, "fill_percentage": 0.4797140006651147, "solution_time": 0.0005570000503212214}
{"items_size": 20, "stocks_size": 6, "fill_percentage": 0.9207829301075269, "solution_time": 0.00028460007160902023}
{"items_size": 17, "stocks_size": 8, "fill_percentage": 0.7803613053613053, "solution_time": 0.0002470999024808407}
{"items_size": 18, "stocks_size": 7, "fill_percentage": 0.6971869328493648, "solution_time": 0.0003266000421717763}
{"items_size": 16, "stocks_size": 8, "fill_percentage": 0.9235209235209235, "solution_time": 0.0002753000007942319}
{"items_size": 20, "stocks_size": 6, "fill_percentage": 0.7839861751152074, "solution_time": 0.0002528000622987747}
{"items_size": 21, "stocks_size": 5, "fill_percentage": 0.8858585858585859, "solution_time": 0.00031649996526539326}
{"items_size": 20, "stocks_size": 6, "fill_percentage": 0.710662411971831, "solution_time": 0.00027810002211481333}
{"items_size": 20, "stocks_size": 6, "fill_percentage": 0.6018796992481203, "solution_time": 0.0002813999308273196}
{"items_size": 18, "stocks_size": 7, "fill_percentage": 0.725848896434635, "solution_time": 0.00026510003954172134}
{"items_size": 18, "stocks_size": 7, "fill_percentage": 0.7934883720930233, "solution_time": 0.00024419999681413174}
{"items_size": 20, "stocks_size": 6, "fill_percentage": 0.8614453542185831, "solution_time": 0.0002859999658539891}
{"items_size": 21, "stocks_size": 5, "fill_percentage": 0.6214342948717949, "solution_time": 0.00030940002761781216}
{"items_size": 16, "stocks_size": 8, "fill_percentage": 0.7394152046783625, "solution_time": 0.00021070009097456932}
{"items_size": 20, "stocks_size": 6, "fill_percentage": 0.796078431372549, "solution_time": 0.00023220002185553312}
{"items_size": 21, "stocks_size": 5, "fill_percentage": 0.8314500941619586, "solution_time": 0.00030159996822476387}
{"items_size": 20, "stocks_size": 6, "fill_percentage": 0.7657842157842157, "solution_time": 0.00024289998691529036}
{"items_size": 19, "stocks_size": 6, "fill_percentage": 0.7245738636363637, "solution_time": 0.00019699998665601015}
{"items_size": 19, "stocks_size": 6, "fill_percentage": 0.6800759013282732, "solution_time": 0.00028469995595514774}
{"items_size": 18, "stocks_size": 7, "fill_percentage": 0.6553487217671878, "solution_time": 0.00019290007185190916}
{"items_size": 17, "stocks_size": 8, "fill_percentage": 0.6815436978480457, "solution_time": 0.00019559997599571943}
{"items_size": 18, "stocks_size": 7, "fill_percentage": 0.7465185185185185, "solution_time": 0.00022409996017813683}
{"items_size": 21, "stocks_size": 5,