{"items_size": 21, "stocks_size": 5, "fill_percentage": null, "solution_time": null}
{"items_size": 16, "stocks_size": 8, "fill_percentage": 0.5940061475409836, "solution_time": 0.00033989991061389446}
{"items_size": 20, "stocks_size": 6, "fill_percentage": 0.5230923694779116, "solution_time": 0.00046010001096874475}
{"items_size": 18, "stocks_size": 7, "fill_percentage": 0.6768518518518518, "solution_time": 0.0003613000735640526}
{"items_size": 16, "stocks_size": 8, "fill_percentage": 0.4028482972136223, "solution_time": 0.0002691000699996948}
{"items_size": 20, "stocks_size": 6, "fill_percentage": 0.6639217704580546, "solution_time": 0.00030129996594041586}
{"items_size": 21, "stocks_size": 5, "fill_percentage": 0.5444729832572298, "solution_time": 0.0003645999822765589}
{"items_size": 18, "stocks_size": 7, "fill_percentage": 0.504020979020979, "solution_time": 0.00026970007456839085}
{"items_size": 20, "stocks_size": 6, "fill_percentage": 0.5697257820035827, "solution_time": 0.00026750005781650543}
{"items_size": 20, "stocks_size": 6, "fill_percentage": 0.5994394777919683, "solution_time": 0.0003524000057950616}
{"items_size": 19, "stocks_size": 6, "fill_percentage": 0.44460852605182505, "solution_time": 0.0003117000451311469}
{"items_size": 21, "stocks_size": 5, "fill_percentage": 0.677438876785282, "solution_time": 0.00033189996611326933}
{"items_size": 20, "stocks_size": 6, "fill_percentage": 0.4910344827586207, "solution_time": 0.0008574998937547207}
{"items_size": 19, "stocks_size": 6, "fill_percentage": 0.5852713178294574, "solution_time": 0.00040879996959120035}
{"items_size": 19, "stocks_size": 6, "fill_percentage": null, "solution_time": null}
{"items_size": 19, "stocks_size": 6, "fill_percentage": 0.47231359649122806, "solution_time": 0.0004957000492140651}
{"items_size": 16, "stocks_size": 8, "fill_percentage": 0.5488105004101723, "solution_time": 0.00023280002642422915}
{"items_size": 17, "stocks_size": 8, "fill_percentage": 0.6080705009276438, "solution_time": 0.0002983000595122576}
{"items_size": 16, "stocks_size": 8, "fill_percentage": 0.45192593694229627, "solution_time": 0.00025829998776316643}
{"items_size": 20, "stocks_size": 6, "fill_percentage": 0.7366473349903342, "solution_time": 0.0002610000083222985}
{"items_size": 16, "stocks_size": 8, "fill_percentage": 0.593140243902439, "solution_time": 0.00035749992821365595}
{"items_size": 20, "stocks_size": 6, "fill_percentage": 0.5485599896680873, "solution_time": 0.0003874000394716859}
{"items_size": 16, "stocks_size": 8, "fill_percentage": 0.5981754385964912, "solution_time": 0.00039439997635781765}
{"items_size": 19, "stocks_size": 6, "fill_percentage": 0.46794871794871795, "solution_time": 0.00032620003912597895}
{"items_size": 18, "stocks_size": 7, "fill_percentage": 0.5977370087539579, "solution_time": 0.0002957000397145748}
{"items_size": 21, "stocks_size": 5, "fill_percentage": 0.5456505847953217, "solution_time": 0.0006675999611616135}
{"items_size": 20, "stocks_size": 6, "fill_percentage": 0.5824844368986983, "solution_time": 0.00026949995663017035}
{"items_size": 16, "stocks_size": 8, "fill_percentage": 0.6836199095022625, "solution_time": 0.00020899996161460876}
{"items_size": 18, "stocks_size": 7, "fill_percentage": 0.5341880341880342, "solution_time": 0.00028900010511279106}
{"items_size": 21, "stocks_size": 5, "fill_percentage": null, "solution_time": null}
{"items_size": 20, "stocks_size": 6, "fill_percentage": 0.6132030123377664, "solution_time": 0.0004257999826222658}
{"items_size": 20, "stocks_size": 6, "fill_percentage": 0.5797643097643098, "solution_time": 0.00040330004412680864}
{"items_size": 21, "stocks_size": 5, "fill_percentage": 0.6430008854543992, "solution_time": 0.00044710002839565277}
{"items_size": 20, "stocks_size": 6, "fill_percentage": 0.56, "solution_time": 0.0003681998932734132}
{"items_size": 19, "stocks_size": 6, "fill_percentage": null, "solution_time": null}
{"items_size": 17, "stocks_size": 8, "fill_percentage": 0.5526620370370371, "solution_time": 0.0003408000338822603}
{"items_size": 18, "stocks_size": 7, "fill_percentage": 0.6019781965201069, "solution_time": 0.00022329995408654213}
{"items_size": 21, "stocks_size": 5, "fill_percentage": null, "solution_time": null}
{"items_size": 21, "stocks_size": 5, "fill_percentage": 0.5777231777231777, "solution_time": 0.00034140003845095634}
{"items_size": 20, "stocks_size": 6, "fill_percentage": 0.5913998510796724, "solution_time": 0.0003611000720411539}
{"items_size": 21, "stocks_size": 5, "fill_percentage": 0.663560157790927, "solution_time": 0.0004884999943897128}
{"items_size": 17, "stocks_size": 8, "fill_percentage": 0.5196320279576524, "solution_time": 0.0004173999186605215}
{"items_size": 18, "stocks_size": 7, "fill_percentage": 0.5077300150829562, "solution_time": 0.00034170004073530436}
{"items_size": 21, "stocks_size": 5, "fill_percentage": null, "solution_time": null}
{"items_size": 16, "stocks_size": 8, "fill_percentage": 0.5641448760260641, "solution_time": 0.00037480005994439125}
{"items_size": 18, "stocks_size": 7, "fill_percentage": 0.5413574660633484, "solution_time": 0.0005344999954104424}
{"items_size": 20, "stocks_size": 6, "fill_percentage": 0.4797140006651147, "solution_time": 0.0005917000817134976}
{"items_size": 20, "stocks_size": 6, "fill_percentage": 0.6138552867383512, "solution_time": 0.0005950999911874533}
{"items_size": 17, "stocks_size": 8, "fill_percentage": 0.46821678321678323, "solution_time": 0.00030699989292770624}
{"items_size": 18, "stocks_size": 7, "fill_percentage": 0.4647912885662432, "solution_time": 0.0004056000616401434}
{"items_size": 16, "stocks_size": 8, "fill_percentage": 0.6156806156806157, "solution_time": 0.0002549999626353383}
{"items_size": 20, "stocks_size": 6, "fill_percentage": null, "solution_time": null}
{"items_size": 21, "stocks_size": 5, "fill_percentage": 0.5315151515151515, "solution_time": 0.00029589992482215166}
{"items_size": 20, "stocks_size": 6, "fill_percentage": 0.5685299295774648, "solution_time": 0.00023459992371499538}
{"items_size": 20, "stocks_size": 6, "fill_percentage": 0.6018796992481203, "solution_time": 0.0003128000535070896}
{"items_size": 18, "stocks_size": 7, "fill_percentage": 0.580679117147708, "solution_time": 0.00025580008514225483}
{"items_size": 18, "stocks_size": 7, "fill_percentage": 0.5289922480620155, "solution_time": 0.000341300037689507}
{"items_size": 20, "stocks_size": 6, "fill_percentage": 0.717871128515486, "solution_time": 0.00025299994740635157}
{"items_size": 21, "stocks_size": 5, "fill_percentage": 0.6214342948717949, "solution_time": 0.00036360009107738733}
{"items_size": 16, "stocks_size": 8, "fill_percentage": 0.7394152046783625, "solution_time": 0.0003926000790670514}
{"items_size": 20, "stocks_size": 6, "fill_percentage": 0.5970588235294118, "solution_time": 0.0003594999434426427}
{"items_size": 21, "stocks_size": 5, "fill_percentage": 0.6651600753295669, "solution_time": 0.00028609996661543846}
{"items_size": 20, "stocks_size": 6, "fill_percentage": 0.6381535131535132, "solution_time": 0.00034609995782375336}
{"items_size": 19, "stocks_size": 6, "fill_percentage": 0.579659090909091, "solution_time": 0.0003624999662861228}
{"items_size": 19, "stocks_size": 6, "fill_percentage": 0.6800759013282732, "solution_time": 0.00042019993998110294}
{"items_size": 18, "stocks_size": 7, "fill_percentage": 0.6553487217671878, "solution_time": 0.0003730000462383032}
{"items_size": 17, "stocks_size": 8, "fill_percentage": 0.5452349582784365, "solution_time": 0.00030960002914071083}
{"items_size": 18, "stocks_size": 7, "fill_percentage": 0.497679012345679, "solution_time": 0.00034959998447448015}
{"items_size": 21, "stocks_size": 5, "fill_percentage": null, "solution_time": null}
{"items_size": 20, "stocks_size": 6, "fill_percentage": 0.48541889483065953, "solution_time": 0.000524899922311306}
{"items_size": 16, "stocks_size": 8, "fill_percentage": 0.546339766997044,