{"items_size": 9, "stocks_size": 2, "fill_percentage": 0.6807344477939161, "solution_time": 7.85610027378425e-05}
{"items_size": 9, "stocks_size": 2, "fill_percentage": 0.458810888252149, "solution_time": 0.00010462800855748355}
{"items_size": 9, "stocks_size": 2, "fill_percentage": 0.699273900766438, "solution_time": 0.00011576199904084206}
{"items_size": 9, "stocks_size": 2, "fill_percentage": 0.4633519553072626, "solution_time": 8.081500709522516e-05}
{"items_size": 9, "stocks_size": 2, "fill_percentage": 0.6697991391678623, "solution_time": 7.98719993326813e-05}
{"items_size": 9, "stocks_size": 2, "fill_percentage": 0.5045563961485557, "solution_time": 8.302999776788056e-05}
{"items_size": 9, "stocks_size": 2, "fill_percentage": 0.47393846936181033, "solution_time": 7.678299152757972e-05}
{"items_size": 9, "stocks_size": 2, "fill_percentage": 0.44647568790049, "solution_time": 7.516000187024474e-05}
{"items_size": 9, "stocks_size": 2, "fill_percentage": 0.4595003022365505, "solution_time": 9.53980052145198e-05}
{"items_size": 9, "stocks_size": 2, "fill_percentage": 0.5566726637739443, "solution_time": 7.757000275887549e-05}
{"items_size": 9, "stocks_size": 2, "fill_percentage": 0.7113944545638534, "solution_time": 0.00010780499724205583}
{"items_size": 9, "stocks_size": 2, "fill_percentage": 0.5929190207156309, "solution_time": 9.827400208450854e-05}
{"items_size": 9, "stocks_size": 2, "fill_percentage": 0.5170053919535462, "solution_time": 7.706500764470547e-05}
{"items_size": 9, "stocks_size": 2, "fill_percentage": 0.5705715999657212, "solution_time": 0.0001339879963779822}
{"items_size": 9, "stocks_size": 2, "fill_percentage": 0.7145467200278406, "solution_time": 8.523599535692483e-05}
{"items_size": 9, "stocks_size": 2, "fill_percentage": 0.5436046511627907, "solution_time": 9.840000711847097e-05}
{"items_size": 9, "stocks_size": 2, "fill_percentage": 0.46574147501982555, "solution_time": 0.0008251989929703996}
{"items_size": 9, "stocks_size": 2, "fill_percentage": 0.6082636497786522, "solution_time": 9.398900147061795e-05}
{"items_size": 9, "stocks_size": 2, "fill_percentage": 0.27402338180781294, "solution_time": 9.558300371281803e-05}
{"items_size": 9, "stocks_size": 2, "fill_percentage": 0.619960829117023, "solution_time": 9.2610003775917e-05}
{"items_size": 9, "stocks_size": 2, "fill_percentage": 0.7055945543501383, "solution_time": 8.241800242103636e-05}
{"items_size": 9, "stocks_size": 2, "fill_percentage": 0.6819074333800842, "solution_time": 9.121099719777703e-05}
{"items_size": 9, "stocks_size": 2, "fill_percentage": 0.35703311710481395, "solution_time": 9.116200089920312e-05}
{"items_size": 9, "stocks_size": 2, "fill_percentage": 0.4065821368636957, "solution_time": 8.687700028531253e-05}
{"items_size": 9, "stocks_size": 2, "fill_percentage": 0.6165119687347338, "solution_time": 8.877200889401138e-05}
{"items_size": 9, "stocks_size": 2, "fill_percentage": 0.4964651996415414, "solution_time": 9.168700489681214e-05}
{"items_size": 9, "stocks_size": 2, "fill_percentage": 0.5386245878473858, "solution_time": 9.598099859431386e-05}
{"items_size": 9, "stocks_size": 2, "fill_percentage": 0.4386248131539611, "solution_time": 0.0001704320020508021}
{"items_size": 9, "stocks_size": 2, "fill_percentage": 0.8862757731958762, "solution_time": 9.644799865782261e-05}
{"items_size": 9, "stocks_size": 2, "fill_percentage": 0.4858303606817281, "solution_time": 8.01739952294156e-05}
{"items_size": 9, "stocks_size": 2, "fill_percentage": 0.7171564733915806, "solution_time": 8.648900256957859e-05}
{"items_size": 9, "stocks_size": 2, "fill_percentage": 0.8122013380057344, "solution_time": 9.993600542657077e-05}
{"items_size": 9, "stocks_size": 2, "fill_percentage": 0.4921860803198255, "solution_time": 8.820799121167511e-05}
{"items_size": 9, "stocks_size": 2, "fill_percentage": 0.48944631385744874, "solution_time": 8.71499942149967e-05}
{"items_size": 9, "stocks_size": 2, "fill_percentage": 0.8200961318379492, "solution_time": 8.923800487536937e-05}
{"items_size": 9, "stocks_size": 2, "fill_percentage": 0.4271019677996422, "solution_time": 9.235700417775661e-05}
{"items_size": 9, "stocks_size": 2, "fill_percentage": 0.6926646584710575, "solution_time": 9.755700011737645e-05}
{"items_size": 9, "stocks_size": 2, "fill_percentage": 0.6495433789954338, "solution_time": 0.00011385900143068284}
{"items_size": 9, "stocks_size": 2, "fill_percentage": 0.44503116343490307, "solution_time": 8.49430070957169e-05}
{"items_size": 9, "stocks_size": 2, "fill_percentage": 0.5199463327370304, "solution_time": 8.664499910082668e-05}
{"items_size": 9, "stocks_size": 2, "fill_percentage": 0.4987704918032787, "solution_time": 0.00010311900405213237}
{"items_size": 9, "stocks_size": 2, "fill_percentage": 0.8087121212121212, "solution_time": 0.00012122400221414864}
{"items_size": 9, "stocks_size": 2, "fill_percentage": 0.34131525662470286, "solution_time": 8.474000787828118e-05}
{"items_size": 9, "stocks_size": 2, "fill_percentage": 0.823943661971831, "solution_time": 0.00012005900498479605}
{"items_size": 9, "stocks_size": 2, "fill_percentage": 0.7239596575981015, "solution_time": 9.23080078791827e-05}
{"items_size": 9, "stocks_size": 2, "fill_percentage": 0.8344068706387547, "solution_time": 7.860100595280528e-05}
{"items_size": 9, "stocks_size": 2, "fill_percentage": null, "solution_time": null}
{"items_size": 9, "stocks_size": 2, "fill_percentage": 0.578515625, "solution_time": 9.905599290505052e-05}
{"items_size": 9, "stocks_size": 2, "fill_percentage": 0.5444444444444444, "solution_time": 0.00010965399269480258}
{"items_size": 9, "stocks_size": 2, "fill_percentage": 0.41046960223493417, "solution_time": 9.336200309917331e-05}
