{"items_size": 12, "stocks_size": 3, "fill_percentage": 0.5941584158415841, "solution_time": 12.048527002334595}
{"items_size": 12, "stocks_size": 3, "fill_percentage": 0.6957240923000579, "solution_time": 1000.0943281650543}
{"items_size": 12, "stocks_size": 3, "fill_percentage": 0.8530193022843988, "solution_time": 6.414983749389648}
{"items_size": 11, "stocks_size": 4, "fill_percentage": 0.7714465408805031, "solution_time": 6.460564851760864}
{"items_size": 12, "stocks_size": 3, "fill_percentage": 0.7854477611940298, "solution_time": 4.876436471939087}
{"items_size": 12, "stocks_size": 3, "fill_percentage": 0.9077624720774385, "solution_time": 49.24572467803955}
{"items_size": 12, "stocks_size": 3, "fill_percentage": 0.725905176885569, "solution_time": 12.679285049438477}
{"items_size": 11, "stocks_size": 4, "fill_percentage": 0.7332571274878967, "solution_time": 7.592269659042358}
{"items_size": 12, "stocks_size": 3, "fill_percentage": 0.8822654143029852, "solution_time": 5.059963226318359}
{"items_size": 11, "stocks_size": 4, "fill_percentage": 0.7903775476110926, "solution_time": 4.763309955596924}
{"items_size": 12, "stocks_size": 3, "fill_percentage": 0.924560351718625, "solution_time": 194.06351518630981}
