{"items_size": 6, "stocks_size": 3, "fill_percentage": 0.6108452950558214, "solution_time": 0.06603598594665527}
{"items_size": 6, "stocks_size": 3, "fill_percentage": 0.6371693121693122, "solution_time": 0.037311553955078125}
{"items_size": 6, "stocks_size": 3, "fill_percentage": 0.6483957219251337, "solution_time": 0.2801783084869385}
{"items_size": 6, "stocks_size": 3, "fill_percentage": 0.7263681592039801, "solution_time": 0.041520118713378906}
{"items_size": 6, "stocks_size": 3, "fill_percentage": 0.8471685971685972, "solution_time": 1.0687034130096436}
{"items_size": 6, "stocks_size": 3, "fill_percentage": 0.5835631549917264, "solution_time": 0.945645809173584}
{"items_size": 6, "stocks_size": 3, "fill_percentage": 0.7557085900688655, "solution_time": 0.4256324768066406}
{"items_size": 6, "stocks_size": 3, "fill_percentage": 0.750576923076923, "solution_time": 0.033554792404174805}
{"items_size": 6, "stocks_size": 3, "fill_percentage": 0.7576069078947368, "solution_time": 0.030260562896728516}
{"items_size": 6, "stocks_size": 3, "fill_percentage": 0.882011217948718, "solution_time": 0.47333717346191406}
{"items_size": 6, "stocks_size": 3, "fill_percentage": 0.7518518518518519, "solution_time": 0.052686214447021484}
{"items_size": 6, "stocks_size": 3, "fill_percentage": 0.7625910674691162, "solution_time": 0.8878061771392822}
{"items_size": 6, "stocks_size": 3, "fill_percentage": 0.5619753086419753, "solution_time": 0.03739476203918457}
{"items_size": 6, "stocks_size": 3, "fill_percentage": 0.561498012055919, "solution_time": 0.06319475173950195}
{"items_size": 6, "stocks_size": 3, "fill_percentage": 0.8902795160617438, "solution_time": 0.3535609245300293}
{"items_size": 6, "stocks_size": 3, "fill_percentage": 0.8325, "solution_time": 0.7879533767700195}
{"items_size": 6, "stocks_size": 3, "fill_percentage": 0.7955555555555556, "solution_time": 0.04969525337219238}
{"items_size": 6, "stocks_size": 3, "fill_percentage": 0.44856129286558927, "solution_time": 0.035378217697143555}
{"items_size": 6, "stocks_size": 3, "fill_percentage": 0.7385939741750359, "solution_time": 0.11403870582580566}
{"items_size": 6, "stocks_size": 3, "fill_percentage": 0.6424425354074762, "solution_time": 0.04218316078186035}
{"items_size": 6, "stocks_size": 3, "fill_percentage": 0.5576418755900556, "solution_time": 0.4583613872528076}
{"items_size": 6, "stocks_size": 3, "fill_percentage": 0.33079654997463215, "solution_time": 0.029561996459960938}
{"items_size": 6, "stocks_size": 3, "fill_percentage": 0.41151315789473686, "solution_time": 0.030714035034179688}
{"items_size": 6, "stocks_size": 3, "fill_percentage": 0.8084313725490196, "solution_time": 1.2538456916809082}
{"items_size": 6, "stocks_size": 3, "fill_percentage": 0.43547880690737834, "solution_time": 0.034913063049316406}
{"items_size": 6, "stocks_size": 3, "fill_percentage": 0.8966141121736882, "solution_time": 0.5627195835113525}
{"items_size": 6, "stocks_size": 3, "fill_percentage": 0.7971478929658709, "solution_time": 0.3074009418487549}
{"items_size": 6, "stocks_size": 3, "fill_percentage": 0.717620722737448, "solution_time": 0.3468143939971924}
{"items_size": 6, "stocks_size": 3, "fill_percentage": 0.7369135802469136, "solution_time": 0.11291146278381348}
{"items_size": 6, "stocks_size": 3, "fill_percentage": 0.4805464805464805, "solution_time": 0.03513956069946289}
{"items_size": 6, "stocks_size": 3, "fill_percentage": 0.8803921568627451, "solution_time": 0.18134188652038574}
{"items_size": 6, "stocks_size": 3, "fill_percentage": 0.6338824686501107, "solution_time": 0.6019821166992188}
{"items_size": 6, "stocks_size": 3, "fill_percentage": 0.5029154518950437, "solution_time": 0.02669501304626465}
{"items_size": 6, "stocks_size": 3, "fill_percentage": 0.48488458674609086, "solution_time": 0.02612900733947754}
{"items_size": 6, "stocks_size": 3, "fill_percentage": 0.7478934951129087, "solution_time": 0.03551936149597168}
{"items_size": 6, "stocks_size": 3, "fill_percentage": 0.35048319041785764, "solution_time": 0.02481698989868164}
{"items_size": 6, "stocks_size": 3, "fill_percentage": 0.7593721144967682, "solution_time": 0.11529159545898438}
{"items_size": 6, "stocks_size": 3, "fill_percentage": 0.7955182072829131, "solution_time": 0.6764779090881348}
{"items_size": 6, "stocks_size": 3, "fill_percentage": 0.7722222222222223, "solution_time": 0.11011195182800293}
{"items_size": 6, "stocks_size": 3, "fill_percentage": 0.881000676132522, "solution_time": 0.6070144176483154}
{"items_size": 6, "stocks_size": 3, "fill_percentage": 0.6172422422422422, "solution_time": 0.15027523040771484}
{"items_size": 6, "stocks_size": 3, "fill_percentage": 0.8166340508806262, "solution_time": 0.23964142799377441}
{"items_size": 6, "stocks_size": 3, "fill_percentage": 0.8422619047619048, "solution_time": 0.7910549640655518}
{"items_size": 6, "stocks_size": 3, "fill_percentage": 0.9160211267605634, "solution_time": 0.9958233833312988}
{"items_size": 6, "stocks_size": 3, "fill_percentage": 0.6303088803088803, "solution_time": 0.18972301483154297}
{"items_size": 6, "stocks_size": 3, "fill_percentage": 0.3322713643178411, "solution_time": 0.02625584602355957}
{"items_size": 6, "stocks_size": 3, "fill_percentage": 0.8148148148148148, "solution_time": 0.6173794269561768}
{"items_size": 6, "stocks_size": 3, "fill_percentage": 0.5001420858198352, "solution_time": 0.04950714111328125}
{"items_size": 6, "stocks_size": 3, "fill_percentage": 0.7938523220848647, "solution_time": 0.5330960750579834}
{"items_size": 6, "stocks_size": 3, "fill_percentage": 0.7393419833178869, "solution_time": 0.42808079719543457}
