{"items_size": 524, "stocks_size": 177, "fill_percentage": 0.6714441371217836, "solution_time": 0.02356899995356798}
{"items_size": 527, "stocks_size": 167, "fill_percentage": 0.6992283150548355, "solution_time": 0.019814300001598895}
{"items_size": 514, "stocks_size": 179, "fill_percentage": 0.6051757066462948, "solution_time": 0.020320800016634166}
{"items_size": 534, "stocks_size": 167, "fill_percentage": 0.7166106034689236, "solution_time": 0.01781930006109178}
{"items_size": 518, "stocks_size": 178, "fill_percentage": 0.7493063764118729, "solution_time": 0.026173699996434152}
{"items_size": 507, "stocks_size": 177, "fill_percentage": 0.7060653317530617, "solution_time": 0.024128600023686886}
{"items_size": 509, "stocks_size": 179, "fill_percentage": 0.6163585858585858, "solution_time": 0.02231320005375892}
{"items_size": 534, "stocks_size": 176, "fill_percentage": 0.6891812865497076, "solution_time": 0.017223300063051283}
{"items_size": 522, "stocks_size": 170, "fill_percentage": 0.7207559465623982, "solution_time": 0.025097400066442788}
{"items_size": 513, "stocks_size": 175, "fill_percentage": 0.6614521174767708, "solution_time": 0.024898000061511993}
{"items_size": 526, "stocks_size": 172, "fill_percentage": 0.6799089916272297, "solution_time": 0.02037469996139407}
{"items_size": 516, "stocks_size": 174, "fill_percentage": 0.7031070947084598, "solution_time": 0.030555799952708185}
{"items_size": 514, "stocks_size": 179, "fill_percentage": 0.7009188182060154, "solution_time": 0.02114140009507537}
{"items_size": 522, "stocks_size": 176, "fill_percentage": 0.7218558558558559, "solution_time": 0.02269080001860857}
{"items_size": 506, "stocks_size": 179, "fill_percentage": 0.67124706673887, "solution_time": 0.01923580002039671}
{"items_size": 522, "stocks_size": 173, "fill_percentage": 0.7160482654600302, "solution_time": 0.02022239996585995}
{"items_size": 527, "stocks_size": 174, "fill_percentage": 0.6385005121451566, "solution_time": 0.01786550006363541}
{"items_size": 521, "stocks_size": 168, "fill_percentage": 0.675222372983567, "solution_time": 0.01969029998872429}
{"items_size": 521, "stocks_size": 169, "fill_percentage": 0.6098313823857302, "solution_time": 0.018465100089088082}
{"items_size": 534, "stocks_size": 171, "fill_percentage": 0.6787822933525145, "solution_time": 0.020089999889023602}
{"items_size": 518, "stocks_size": 179, "fill_percentage": 0.6074053633295264, "solution_time": 0.01956729998346418}
{"items_size": 514, "stocks_size": 173, "fill_percentage": 0.6333748196248197, "solution_time": 0.020857499912381172}
{"items_size": 521, "stocks_size": 178, "fill_percentage": 0.7046704832167608, "solution_time": 0.027279800036922097}
{"items_size": 532, "stocks_size": 172, "fill_percentage": 0.7039669486215538, "solution_time": 0.02326569997239858}
{"items_size": 525, "stocks_size": 177, "fill_percentage": 0.6799034240561896, "solution_time": 0.023706300067715347}
{"items_size": 515, "stocks_size": 174, "fill_percentage": 0.7310606060606061, "solution_time": 0.02002379996702075}
{"items_size": 519, "stocks_size": 169, "fill_percentage": 0.7503720960331327, "solution_time": 0.030706900055520236}
{"items_size": 510, "stocks_size": 175, "fill_percentage": 0.7319858012170385, "solution_time": 0.031806299928575754}
{"items_size": 524, "stocks_size": 171, "fill_percentage": 0.7024692191431989, "solution_time": 0.024595599970780313}
{"items_size": 521, "stocks_size": 176, "fill_percentage": 0.7001886064386065, "solution_time": 0.029007900040596724}
{"items_size": 524, "stocks_size": 173, "fill_percentage": 0.7361088991523774, "solution_time": 0.020950299920514226}
{"items_size": 519, "stocks_size": 175, "fill_percentage": 0.6571102873893017, "solution_time": 0.0184352999785915}
{"items_size": 533, "stocks_size": 179, "fill_percentage": 0.6848196014186979, "solution_time": 0.02472360001411289}
{"items_size": 522, "stocks_size": 173, "fill_percentage": 0.7305832498464919, "solution_time": 0.03193429997190833}
{"items_size": 530, "stocks_size": 173, "fill_percentage": 0.724454068305328, "solution_time": 0.02885549992788583}
{"items_size": 526, "stocks_size": 175, "fill_percentage": 0.6508821106522256, "solution_time": 0.03680179989896715}
{"items_size": 511, "stocks_size": 178, "fill_percentage": 0.6583341967378112, "solution_time": 0.017876500030979514}
{"items_size": 532, "stocks_size": 169, "fill_percentage": 0.6855342459738064, "solution_time": 0.023816000088118017}
{"items_size": 532, "stocks_size": 174, "fill_percentage": 0.7039400472944777, "solution_time": 0.017861699918285012}
{"items_size": 514, "stocks_size": 179, "fill_percentage": 0.6726256591331595, "solution_time": 0.02342700003646314}
{"items_size": 525, "stocks_size": 166, "fill_percentage": 0.7578847805974095, "solution_time": 0.018318000016734004}
{"items_size": 529, "stocks_size": 169, "fill_percentage": 0.6130727719768816, "solution_time": 0.021647999994456768}
{"items_size": 516, "stocks_size": 177, "fill_percentage": 0.6384951667209732, "solution_time": 0.018250599969178438}
{"items_size": 531, "stocks_size": 170, "fill_percentage": 0.6759625140743468, "solution_time": 0.019657500088214874}
{"items_size": 515, "stocks_size": 173, "fill_percentage": 0.6773270117595005, "solution_time": 0.02507340000011027}
{"items_size": 534, "stocks_size": 159, "fill_percentage": 0.607014652014652, "solution_time": 0.0210044999839738}
{"items_size": 530, "stocks_size": 174, "fill_percentage": 0.7007903715260514, "solution_time": 0.01610690006054938}
{"items_size": 515, "stocks_size": 176, "fill_percentage": 0.7328483245149912, "solution_time": 0.022496500052511692}
{"items_size": 513, "stocks_size": 174, "fill_percentage": 0.6921256946714612, "solution_time": 0.02704959991388023}
{"items_size": 524, "stocks_size": 173, "fill_percentage": 0.7574977663390631, "solution_time": 0.025875199935398996}
{"items_size": 508, "stocks_size": 179, "fill_percentage": 0.7333566670909168, "solution_time": 0.018559499992989004}
{"items_size": 510, "stocks_size": 179, "fill_percentage": 0.674255820807545, "solution_time": 0.017255499958992004}
{"items_size": 510, "stocks_size": 177, "fill_percentage": 0.5946645398613236, "solution_time": 0.015882300096563995}
{"items_size": 512, "stocks_size": 178, "fill_percentage": 0.7272449980627025, "solution_time": 0.026724600000306964}
{"items_size": 517, "stocks_size": 176, "fill_percentage": 0.7520825757127272, "solution_time": 0.031701300060376525}
{"items_size": 519, "stocks_size": 170, "fill_percentage": 0.6692645698427382, "solution_time": 0.023019299958832562}
{"items_size": 533, "stocks_size": 168, "fill_percentage": 0.7607650723763058, "solution_time": 0.034231600002385676}
{"items_size": 523, "stocks_size": 174, "fill_percentage": 0.6822385830132309, "solution_time": 0.02825979993212968}
{"items_size": 521, "stocks_size": 171, "fill_percentage": 0.6337077205882353, "solution_time": 0.02747810003347695}
{"items_size": 531, "stocks_size": 166, "fill_percentage": null, "solution_time": null}
{"items_size": 526, "stocks_size": 168, "fill_percentage": 0.6060491618400534, "solution_time": 0.021393199916929007}
{"items_size": 533, "stocks_size": 167, "fill_percentage": 0.6489674140195845, "solution_time": 0.024256999953649938}
{"items_size": 534, "stocks_size": 172, "fill_percentage": 0.7336632609621115, "solution_time": 0.04412860004231334}
{"items_size": 525, "stocks_size": 174, "fill_percentage": 0.7508196721311475, "solution_time": 0.028828699956648052}
{"items_size": 534, "stocks_size": 178, "fill_percentage": 0.7129410921275054, "solution_time": 0.02898459997959435}
{"items_size": 534, "stocks_size": 171, "fill_percentage": 0.705962954149427, "solution_time": 0.027502699987962842}
{"items_size": 524, "stocks_size": 169, "fill_percentage": null, "solution_time": null}
{"items_size": 533, "stocks_size": 163, "fill_percentage": 0.6507495805399595, "solution_time": 0.01929780002683401}
{"items_size": 527, "stocks_size": 169,