{"items_size": 524, "stocks_size": 177, "fill_percentage": 0.9720907656837763, "solution_time": 0.01534189993981272}
{"items_size": 527, "stocks_size": 167, "fill_percentage": 0.9743345373714921, "solution_time": 0.010863999952562153}
{"items_size": 514, "stocks_size": 179, "fill_percentage": 0.9763501400560224, "solution_time": 0.011346900020726025}
{"items_size": 534, "stocks_size": 167, "fill_percentage": 0.9663385410414272, "solution_time": 0.010416300036013126}
{"items_size": 518, "stocks_size": 178, "fill_percentage": 0.9633939125295509, "solution_time": 0.012039099936373532}
{"items_size": 507, "stocks_size": 177, "fill_percentage": 0.9743701578192252, "solution_time": 0.011074400041252375}
{"items_size": 509, "stocks_size": 179, "fill_percentage": 0.9594261006289309, "solution_time": 0.01027179998345673}
{"items_size": 534, "stocks_size": 176, "fill_percentage": 0.958130081300813, "solution_time": 0.014133500051684678}
{"items_size": 522, "stocks_size": 170, "fill_percentage": 0.9661196730517252, "solution_time": 0.011667500017210841}
{"items_size": 513, "stocks_size": 175, "fill_percentage": 0.976045197740113, "solution_time": 0.01629319996573031}
{"items_size": 526, "stocks_size": 172, "fill_percentage": 0.978114689709348, "solution_time": 0.017916499986313283}
{"items_size": 516, "stocks_size": 174, "fill_percentage": 0.9810796670350601, "solution_time": 0.015391999972052872}
{"items_size": 514, "stocks_size": 179, "fill_percentage": 0.9766901565165789, "solution_time": 0.014960200060158968}
{"items_size": 522, "stocks_size": 176, "fill_percentage": 0.9712242424242424, "solution_time": 0.011600299971178174}
{"items_size": 506, "stocks_size": 179, "fill_percentage": 0.9803740053686127, "solution_time": 0.017819799948483706}
{"items_size": 522, "stocks_size": 173, "fill_percentage": 0.9696486928104575, "solution_time": 0.01309429993852973}
{"items_size": 527, "stocks_size": 174, "fill_percentage": 0.964845218352681, "solution_time": 0.011733899940736592}
{"items_size": 521, "stocks_size": 168, "fill_percentage": 0.9646033899765243, "solution_time": 0.011822200031019747}
{"items_size": 521, "stocks_size": 169, "fill_percentage": 0.978741724816604, "solution_time": 0.011845699977129698}
{"items_size": 534, "stocks_size": 171, "fill_percentage": 0.9725835845050954, "solution_time": 0.012610699981451035}
{"items_size": 518, "stocks_size": 179, "fill_percentage": 0.9667155782568518, "solution_time": 0.012507200008258224}
{"items_size": 514, "stocks_size": 173, "fill_percentage": 0.9744227994227994, "solution_time": 0.017460400005802512}
{"items_size": 521, "stocks_size": 178, "fill_percentage": 0.9756975921462843, "solution_time": 0.011099099996499717}
{"items_size": 532, "stocks_size": 172, "fill_percentage": 0.9662291451668387, "solution_time": 0.011436300002969801}
{"items_size": 525, "stocks_size": 177, "fill_percentage": 0.9552362156161343, "solution_time": 0.01567979995161295}
{"items_size": 515, "stocks_size": 174, "fill_percentage": 0.9511648745519713, "solution_time": 0.01175189996138215}
{"items_size": 519, "stocks_size": 169, "fill_percentage": 0.9647641234711707, "solution_time": 0.011801699991337955}
{"items_size": 510, "stocks_size": 175, "fill_percentage": 0.9648903743315508, "solution_time": 0.010866899974644184}
{"items_size": 524, "stocks_size": 171, "fill_percentage": 0.9556848679041196, "solution_time": 0.01218329998664558}
{"items_size": 521, "stocks_size": 176, "fill_percentage": 0.9776218278576769, "solution_time": 0.010955799953080714}
{"items_size": 524, "stocks_size": 173, "fill_percentage": 0.9674574103145531, "solution_time": 0.011728200013749301}
{"items_size": 519, "stocks_size": 175, "fill_percentage": 0.9727809156449465, "solution_time": 0.01105999993160367}
{"items_size": 533, "stocks_size": 179, "fill_percentage": 0.9830474923590986, "solution_time": 0.011104699922725558}
{"items_size": 522, "stocks_size": 173, "fill_percentage": 0.9630415566158302, "solution_time": 0.011646099970676005}
{"items_size": 530, "stocks_size": 173, "fill_percentage": 0.9714270461366898, "solution_time": 0.011119000031612813}
{"items_size": 526, "stocks_size": 175, "fill_percentage": 0.9763231659783383, "solution_time": 0.012078600004315376}
{"items_size": 511, "stocks_size": 178, "fill_percentage": 0.9655568218821231, "solution_time": 0.011264300090260804}
{"items_size": 532, "stocks_size": 169, "fill_percentage": 0.959747944363329, "solution_time": 0.013281499966979027}
{"items_size": 532, "stocks_size": 174, "fill_percentage": 0.9537252253667117, "solution_time": 0.014985399902798235}
{"items_size": 514, "stocks_size": 179, "fill_percentage": 0.9774091609278724, "solution_time": 0.01223520003259182}
{"items_size": 525, "stocks_size": 166, "fill_percentage": 0.9424977399737016, "solution_time": 0.01496259996201843}
{"items_size": 529, "stocks_size": 169, "fill_percentage": 0.977362390108072, "solution_time": 0.013737100060097873}
{"items_size": 516, "stocks_size": 177, "fill_percentage": 0.9774493910296379, "solution_time": 0.01108379999641329}
{"items_size": 531, "stocks_size": 170, "fill_percentage": 0.9774052568372312, "solution_time": 0.013369500054977834}
{"items_size": 515, "stocks_size": 173, "fill_percentage": 0.9655512720826922, "solution_time": 0.011081599979661405}
{"items_size": 534, "stocks_size": 159, "fill_percentage": 0.9742210464432687, "solution_time": 0.011591000016778708}
{"items_size": 530, "stocks_size": 174, "fill_percentage": 0.9593343920890607, "solution_time": 0.014180100057274103}
{"items_size": 515, "stocks_size": 176, "fill_percentage": 0.9558891189325972, "solution_time": 0.014117500046268106}
{"items_size": 513, "stocks_size": 174, "fill_percentage": 0.9741028295376122, "solution_time": 0.01398650009650737}
{"items_size": 524, "stocks_size": 173, "fill_percentage": 0.9509014513618026, "solution_time": 0.01633460004813969}
{"items_size": 508, "stocks_size": 179, "fill_percentage": 0.9565521744664133, "solution_time": 0.013591700000688434}
{"items_size": 510, "stocks_size": 179, "fill_percentage": 0.9538253074838441, "solution_time": 0.012224600068293512}
{"items_size": 510, "stocks_size": 177, "fill_percentage": 0.9724514240085175, "solution_time": 0.014892600011080503}
{"items_size": 512, "stocks_size": 178, "fill_percentage": 0.9593444655295225, "solution_time": 0.012672799988649786}
{"items_size": 517, "stocks_size": 176, "fill_percentage": 0.972204305189623, "solution_time": 0.014351600082591176}
{"items_size": 519, "stocks_size": 170, "fill_percentage": 0.9620678191489361, "solution_time": 0.013711500097997487}
{"items_size": 533, "stocks_size": 168, "fill_percentage": 0.9809865406957627, "solution_time": 0.014613499981351197}
{"items_size": 523, "stocks_size": 174, "fill_percentage": 0.9631603524892671, "solution_time": 0.013743099989369512}
{"items_size": 521, "stocks_size": 171, "fill_percentage": 0.9793664772727273, "solution_time": 0.014342300011776388}
{"items_size": 531, "stocks_size": 166, "fill_percentage": 0.9674894858905645, "solution_time": 0.018783999956212938}
{"items_size": 526, "stocks_size": 168, "fill_percentage": 0.9784408155008092, "solution_time": 0.012961599975824356}
{"items_size": 533, "stocks_size": 167, "fill_percentage": 0.9827220840867993, "solution_time": 0.0176994000794366}
{"items_size": 534, "stocks_size": 172, "fill_percentage": 0.9662881973647323, "solution_time": 0.015108300023712218}
{"items_size": 525, "stocks_size": 174, "fill_percentage": 0.9744680851063829, "solution_time": 0.011542599997483194}
{"items_size": 534, "stocks_size": 178, "fill_percentage": 0.9708134020459649, "solution_time": 0.010422099963761866}
{"items_size": 534, "stocks_size": 171, "fill_percentage": 0.9797036914726741, "solution_time": 0.011570699978619814}
{"items_size": 524, "stocks_size": 169, "fill_percentage": 0.9695395647659427, "solution_time": 0.013121500029228628}
{"items_size": 533, "stocks_size": 163,