{"items_size": 524, "stocks_size": 177, "fill_percentage": 0.9720907656837763, "solution_time": 0.018122199922800064}
{"items_size": 527, "stocks_size": 167, "fill_percentage": 0.9743345373714921, "solution_time": 0.012146799941547215}
{"items_size": 514, "stocks_size": 179, "fill_percentage": 0.9763501400560224, "solution_time": 0.011296199983917177}
{"items_size": 534, "stocks_size": 167, "fill_percentage": 0.9663385410414272, "solution_time": 0.016043800045736134}
{"items_size": 518, "stocks_size": 178, "fill_percentage": 0.9633939125295509, "solution_time": 0.016689699958078563}
{"items_size": 507, "stocks_size": 177, "fill_percentage": 0.9552648606070836, "solution_time": 0.01190030004363507}
{"items_size": 509, "stocks_size": 179, "fill_percentage": 0.9594261006289309, "solution_time": 0.015643200022168458}
{"items_size": 534, "stocks_size": 176, "fill_percentage": 0.965983606557377, "solution_time": 0.017933800001628697}
{"items_size": 522, "stocks_size": 170, "fill_percentage": 0.9661196730517252, "solution_time": 0.015744399977847934}
{"items_size": 513, "stocks_size": 175, "fill_percentage": 0.976045197740113, "solution_time": 0.016098799998871982}
{"items_size": 526, "stocks_size": 172, "fill_percentage": 0.978114689709348, "solution_time": 0.01370619994122535}
{"items_size": 516, "stocks_size": 174, "fill_percentage": 0.9810796670350601, "solution_time": 0.016931999940425158}
{"items_size": 514, "stocks_size": 179, "fill_percentage": 0.9766901565165789, "solution_time": 0.011932899942621589}
{"items_size": 522, "stocks_size": 176, "fill_percentage": 0.9712242424242424, "solution_time": 0.017244899994693696}
{"items_size": 506, "stocks_size": 179, "fill_percentage": 0.9676418754287607, "solution_time": 0.012446500011719763}
{"items_size": 522, "stocks_size": 173, "fill_percentage": 0.9696486928104575, "solution_time": 0.012882699957117438}
{"items_size": 527, "stocks_size": 174, "fill_percentage": 0.9756861758622617, "solution_time": 0.01248999999370426}
{"items_size": 521, "stocks_size": 168, "fill_percentage": 0.9646033899765243, "solution_time": 0.013869700022041798}
{"items_size": 521, "stocks_size": 169, "fill_percentage": 0.978741724816604, "solution_time": 0.01263530005235225}
{"items_size": 534, "stocks_size": 171, "fill_percentage": 0.9725835845050954, "solution_time": 0.013135400018654764}
{"items_size": 518, "stocks_size": 179, "fill_percentage": 0.9667155782568518, "solution_time": 0.01280720008071512}
{"items_size": 514, "stocks_size": 173, "fill_percentage": 0.9638312472551603, "solution_time": 0.01582940004300326}
{"items_size": 521, "stocks_size": 178, "fill_percentage": 0.9756975921462843, "solution_time": 0.011051999987103045}
{"items_size": 532, "stocks_size": 172, "fill_percentage": 0.9662291451668387, "solution_time": 0.011292499955743551}
{"items_size": 525, "stocks_size": 177, "fill_percentage": 0.932125662012518, "solution_time": 0.012455400079488754}
{"items_size": 515, "stocks_size": 174, "fill_percentage": 0.9615036231884058, "solution_time": 0.013970799976959825}
{"items_size": 519, "stocks_size": 169, "fill_percentage": 0.9647641234711707, "solution_time": 0.012428099988028407}
{"items_size": 510, "stocks_size": 175, "fill_percentage": 0.9648903743315508, "solution_time": 0.017239200067706406}
{"items_size": 524, "stocks_size": 171, "fill_percentage": 0.9669282192912269, "solution_time": 0.01426930003799498}
{"items_size": 521, "stocks_size": 176, "fill_percentage": 0.9776218278576769, "solution_time": 0.015189999947324395}
{"items_size": 524, "stocks_size": 173, "fill_percentage": 0.9674574103145531, "solution_time": 0.011437800014391541}
{"items_size": 519, "stocks_size": 175, "fill_percentage": 0.9540735903440821, "solution_time": 0.010592299979180098}
{"items_size": 533, "stocks_size": 179, "fill_percentage": 0.9830474923590986, "solution_time": 0.012217700015753508}
{"items_size": 522, "stocks_size": 173, "fill_percentage": 0.9630415566158302, "solution_time": 0.011545700021088123}
{"items_size": 530, "stocks_size": 173, "fill_percentage": 0.9714270461366898, "solution_time": 0.01545190007891506}
{"items_size": 526, "stocks_size": 175, "fill_percentage": 0.9763231659783383, "solution_time": 0.012581399991177022}
{"items_size": 511, "stocks_size": 178, "fill_percentage": 0.9655568218821231, "solution_time": 0.011833199998363853}
{"items_size": 532, "stocks_size": 169, "fill_percentage": 0.959747944363329, "solution_time": 0.014661799999885261}
{"items_size": 532, "stocks_size": 174, "fill_percentage": 0.9640918039033064, "solution_time": 0.01663109997753054}
{"items_size": 514, "stocks_size": 179, "fill_percentage": 0.9774091609278724, "solution_time": 0.01611670001875609}
{"items_size": 525, "stocks_size": 166, "fill_percentage": 0.9673003120782726, "solution_time": 0.013648799969814718}
{"items_size": 529, "stocks_size": 169, "fill_percentage": 0.977362390108072, "solution_time": 0.011567099951207638}
{"items_size": 516, "stocks_size": 177, "fill_percentage": 0.9774493910296379, "solution_time": 0.011207400006242096}
{"items_size": 531, "stocks_size": 170, "fill_percentage": 0.9774052568372312, "solution_time": 0.012567300000227988}
{"items_size": 515, "stocks_size": 173, "fill_percentage": 0.9655512720826922, "solution_time": 0.01077130006160587}
{"items_size": 534, "stocks_size": 159, "fill_percentage": 0.9742210464432687, "solution_time": 0.011479799984954298}
{"items_size": 530, "stocks_size": 174, "fill_percentage": 0.9687396312271886, "solution_time": 0.01545299997087568}
{"items_size": 515, "stocks_size": 176, "fill_percentage": 0.9699463118580766, "solution_time": 0.010515299974940717}
{"items_size": 513, "stocks_size": 174, "fill_percentage": 0.9741028295376122, "solution_time": 0.011657599941827357}
{"items_size": 524, "stocks_size": 173, "fill_percentage": 0.9715732220435809, "solution_time": 0.011203599977307022}
{"items_size": 508, "stocks_size": 179, "fill_percentage": 0.9706191182085664, "solution_time": 0.012650700053200126}
{"items_size": 510, "stocks_size": 179, "fill_percentage": 0.9616435477091215, "solution_time": 0.011866400018334389}
{"items_size": 510, "stocks_size": 177, "fill_percentage": 0.8887996886099353, "solution_time": 0.009958500042557716}
{"items_size": 512, "stocks_size": 178, "fill_percentage": 0.9593444655295225, "solution_time": 0.010543799959123135}
{"items_size": 517, "stocks_size": 176, "fill_percentage": 0.972204305189623, "solution_time": 0.018878400092944503}
{"items_size": 519, "stocks_size": 170, "fill_percentage": 0.9620678191489361, "solution_time": 0.014309899997897446}
{"items_size": 533, "stocks_size": 168, "fill_percentage": 0.9809865406957627, "solution_time": 0.01728899998124689}
{"items_size": 523, "stocks_size": 174, "fill_percentage": 0.9631603524892671, "solution_time": 0.011201599962078035}
{"items_size": 521, "stocks_size": 171, "fill_percentage": 0.9793664772727273, "solution_time": 0.01133859995752573}
{"items_size": 531, "stocks_size": 166, "fill_percentage": 0.902020272559624, "solution_time": 0.018581499927677214}
{"items_size": 526, "stocks_size": 168, "fill_percentage": 0.9784408155008092, "solution_time": 0.010973699972964823}
{"items_size": 533, "stocks_size": 167, "fill_percentage": 0.9688809279729007, "solution_time": 0.012084299931302667}
{"items_size": 534, "stocks_size": 172, "fill_percentage": 0.9662881973647323, "solution_time": 0.011935200076550245}
{"items_size": 525, "stocks_size": 174, "fill_percentage": 0.9541666666666667, "solution_time": 0.017625899985432625}
{"items_size": 534, "stocks_size": 178, "fill_percentage": 0.9708134020459649, "solution_time": 0.011369199957698584}
{"items_size": 534, "stocks_size": 171, "fill_percentage": 0.9797036914726741, "solution_time": 0.012532100081443787}
{"items_size": 524, "stocks_size": 169, "fill_percentage": 0.8987702534691586, "solution_time": 0.012301500071771443}
{"items_size": 533, "stocks_size": 163,