{"items_size": 524, "stocks_size": 177, "fill_percentage": 0.6645926663348266, "solution_time": 0.023226299905218184}
{"items_size": 527, "stocks_size": 167, "fill_percentage": 0.6992283150548355, "solution_time": 0.024284600047394633}
{"items_size": 514, "stocks_size": 179, "fill_percentage": 0.610218837535014, "solution_time": 0.028290399932302535}
{"items_size": 534, "stocks_size": 167, "fill_percentage": 0.7166106034689236, "solution_time": 0.02922909997869283}
{"items_size": 518, "stocks_size": 178, "fill_percentage": 0.7356826241134752, "solution_time": 0.02803080005105585}
{"items_size": 507, "stocks_size": 177, "fill_percentage": 0.6959786841565895, "solution_time": 0.023604499991051853}
{"items_size": 509, "stocks_size": 179, "fill_percentage": 0.6089770459081836, "solution_time": 0.025764100020751357}
{"items_size": 534, "stocks_size": 176, "fill_percentage": 0.6891812865497076, "solution_time": 0.022473499993793666}
{"items_size": 522, "stocks_size": 170, "fill_percentage": 0.7094941348973607, "solution_time": 0.03567739995196462}
{"items_size": 513, "stocks_size": 175, "fill_percentage": 0.6614521174767708, "solution_time": 0.020571499946527183}
{"items_size": 526, "stocks_size": 172, "fill_percentage": 0.6799089916272297, "solution_time": 0.02688509994186461}
{"items_size": 516, "stocks_size": 174, "fill_percentage": 0.7031070947084598, "solution_time": 0.049108199891634285}
{"items_size": 514, "stocks_size": 179, "fill_percentage": 0.6927685993896664, "solution_time": 0.027075199992395937}
{"items_size": 522, "stocks_size": 176, "fill_percentage": 0.7122311111111111, "solution_time": 0.03269580006599426}
{"items_size": 506, "stocks_size": 179, "fill_percentage": 0.6593665876815449, "solution_time": 0.021837800042703748}
{"items_size": 522, "stocks_size": 173, "fill_percentage": 0.7160482654600302, "solution_time": 0.021242700051516294}
{"items_size": 527, "stocks_size": 174, "fill_percentage": 0.6292468815343571, "solution_time": 0.028661400079727173}
{"items_size": 521, "stocks_size": 168, "fill_percentage": 0.675222372983567, "solution_time": 0.02777280006557703}
{"items_size": 521, "stocks_size": 169, "fill_percentage": 0.6098313823857302, "solution_time": 0.02456209994852543}
{"items_size": 534, "stocks_size": 171, "fill_percentage": 0.6787822933525145, "solution_time": 0.022233400028198957}
{"items_size": 518, "stocks_size": 179, "fill_percentage": 0.5968417917933607, "solution_time": 0.021872100071050227}
{"items_size": 514, "stocks_size": 173, "fill_percentage": 0.6333748196248197, "solution_time": 0.023114899988286197}
{"items_size": 521, "stocks_size": 178, "fill_percentage": 0.695017462898723, "solution_time": 0.03512710006907582}
{"items_size": 532, "stocks_size": 172, "fill_percentage": 0.7039669486215538, "solution_time": 0.03050929994788021}
{"items_size": 525, "stocks_size": 177, "fill_percentage": 0.6799034240561896, "solution_time": 0.0280036999611184}
{"items_size": 515, "stocks_size": 174, "fill_percentage": 0.7310606060606061, "solution_time": 0.02393239992670715}
{"items_size": 519, "stocks_size": 169, "fill_percentage": 0.7503720960331327, "solution_time": 0.03376399993430823}
{"items_size": 510, "stocks_size": 175, "fill_percentage": 0.7319858012170385, "solution_time": 0.026319399941712618}
{"items_size": 524, "stocks_size": 171, "fill_percentage": 0.7024692191431989, "solution_time": 0.027168800006620586}
{"items_size": 521, "stocks_size": 176, "fill_percentage": 0.6908527583527584, "solution_time": 0.02720850007608533}
{"items_size": 524, "stocks_size": 173, "fill_percentage": 0.7361088991523774, "solution_time": 0.026435700012370944}
{"items_size": 519, "stocks_size": 175, "fill_percentage": 0.6485206104299643, "solution_time": 0.021620500017888844}
{"items_size": 533, "stocks_size": 179, "fill_percentage": 0.6848196014186979, "solution_time": 0.036181599949486554}
{"items_size": 522, "stocks_size": 173, "fill_percentage": 0.7182004828999412, "solution_time": 0.027634199941530824}
{"items_size": 530, "stocks_size": 173, "fill_percentage": 0.724454068305328, "solution_time": 0.036707699997350574}
{"items_size": 526, "stocks_size": 175, "fill_percentage": 0.6508821106522256, "solution_time": 0.03081879997625947}
{"items_size": 511, "stocks_size": 178, "fill_percentage": 0.6583341967378112, "solution_time": 0.03115219995379448}
{"items_size": 532, "stocks_size": 169, "fill_percentage": 0.6767453453843987, "solution_time": 0.026350000058300793}
{"items_size": 532, "stocks_size": 174, "fill_percentage": 0.7039400472944777, "solution_time": 0.0252824000781402}
{"items_size": 514, "stocks_size": 179, "fill_percentage": 0.6726256591331595, "solution_time": 0.023103600018657744}
{"items_size": 525, "stocks_size": 166, "fill_percentage": 0.7578847805974095, "solution_time": 0.025766100035980344}
{"items_size": 529, "stocks_size": 169, "fill_percentage": 0.6075495938509637, "solution_time": 0.026761200046166778}
{"items_size": 516, "stocks_size": 177, "fill_percentage": 0.6384951667209732, "solution_time": 0.018532800022512674}
{"items_size": 531, "stocks_size": 170, "fill_percentage": 0.6697036019069917, "solution_time": 0.019726800033822656}
{"items_size": 515, "stocks_size": 173, "fill_percentage": 0.6773270117595005, "solution_time": 0.02821859996765852}
{"items_size": 534, "stocks_size": 159, "fill_percentage": 0.607014652014652, "solution_time": 0.03210469998884946}
{"items_size": 530, "stocks_size": 174, "fill_percentage": 0.6958552280646003, "solution_time": 0.020032400032505393}
{"items_size": 515, "stocks_size": 176, "fill_percentage": 0.7328483245149912, "solution_time": 0.024368499987758696}
{"items_size": 513, "stocks_size": 174, "fill_percentage": 0.6831370492861176, "solution_time": 0.021814299980178475}
{"items_size": 524, "stocks_size": 173, "fill_percentage": 0.7326617740000774, "solution_time": 0.028964499942958355}
{"items_size": 508, "stocks_size": 179, "fill_percentage": 0.7333566670909168, "solution_time": 0.022168499999679625}
{"items_size": 510, "stocks_size": 179, "fill_percentage": 0.6704029304029304, "solution_time": 0.025838700006715953}
{"items_size": 510, "stocks_size": 177, "fill_percentage": 0.5862295818491062, "solution_time": 0.02075440005864948}
{"items_size": 512, "stocks_size": 178, "fill_percentage": 0.7157014266648818, "solution_time": 0.03177000000141561}
{"items_size": 517, "stocks_size": 176, "fill_percentage": 0.7520825757127272, "solution_time": 0.032542799948714674}
{"items_size": 519, "stocks_size": 170, "fill_percentage": 0.6620681766186227, "solution_time": 0.0215887000085786}
{"items_size": 533, "stocks_size": 168, "fill_percentage": 0.7607650723763058, "solution_time": 0.027012099977582693}
{"items_size": 523, "stocks_size": 174, "fill_percentage": 0.6766002476164273, "solution_time": 0.024060799973085523}
{"items_size": 521, "stocks_size": 171, "fill_percentage": 0.6263390261627907, "solution_time": 0.030291999923065305}
{"items_size": 531, "stocks_size": 166, "fill_percentage": null, "solution_time": null}
{"items_size": 526, "stocks_size": 168, "fill_percentage": 0.6015599087893864, "solution_time": 0.04881589999422431}
{"items_size": 533, "stocks_size": 167, "fill_percentage": 0.6429022980007099, "solution_time": 0.03305460000410676}
{"items_size": 534, "stocks_size": 172, "fill_percentage": 0.7336632609621115, "solution_time": 0.043417699984274805}
{"items_size": 525, "stocks_size": 174, "fill_percentage": 0.726984126984127, "solution_time": 0.03532739996444434}
{"items_size": 534, "stocks_size": 178, "fill_percentage": 0.7129410921275054, "solution_time": 0.031214999966323376}
{"items_size": 534, "stocks_size": 171, "fill_percentage": 0.705962954149427, "solution_time": 0.035393199999816716}
{"items_size": 524, "stocks_size": 169, "fill_percentage": null, "solution_time": null}
{"items_size": 533, "stocks_size": 163, "fill_percentage": 0.6507495805399595, "solution_time": 0.031413800083100796}
{"items_size": 527, "stocks_size": 169,