{"items_size": 524, "stocks_size": 177, "fill_percentage": 0.9720907656837763, "solution_time": 0.013529199990443885}
{"items_size": 527, "stocks_size": 167, "fill_percentage": 0.9743345373714921, "solution_time": 0.012089599971659482}
{"items_size": 514, "stocks_size": 179, "fill_percentage": 0.9763501400560224, "solution_time": 0.013718400034122169}
{"items_size": 534, "stocks_size": 167, "fill_percentage": 0.9663385410414272, "solution_time": 0.012157900026068091}
{"items_size": 518, "stocks_size": 178, "fill_percentage": 0.9633939125295509, "solution_time": 0.013770500081591308}
{"items_size": 507, "stocks_size": 177, "fill_percentage": 0.9743701578192252, "solution_time": 0.013426500023342669}
{"items_size": 509, "stocks_size": 179, "fill_percentage": 0.9594261006289309, "solution_time": 0.011506799957714975}
{"items_size": 534, "stocks_size": 176, "fill_percentage": 0.958130081300813, "solution_time": 0.013681399985216558}
{"items_size": 522, "stocks_size": 170, "fill_percentage": 0.9661196730517252, "solution_time": 0.0121020000660792}
{"items_size": 513, "stocks_size": 175, "fill_percentage": 0.976045197740113, "solution_time": 0.01005699997767806}
{"items_size": 526, "stocks_size": 172, "fill_percentage": 0.978114689709348, "solution_time": 0.011033699964173138}
{"items_size": 516, "stocks_size": 174, "fill_percentage": 0.9810796670350601, "solution_time": 0.011511200107634068}
{"items_size": 514, "stocks_size": 179, "fill_percentage": 0.9766901565165789, "solution_time": 0.010761699988506734}
{"items_size": 522, "stocks_size": 176, "fill_percentage": 0.9712242424242424, "solution_time": 0.010702700004912913}
{"items_size": 506, "stocks_size": 179, "fill_percentage": 0.9803740053686127, "solution_time": 0.01103789999615401}
{"items_size": 522, "stocks_size": 173, "fill_percentage": 0.9696486928104575, "solution_time": 0.011815199977718294}
{"items_size": 527, "stocks_size": 174, "fill_percentage": 0.964845218352681, "solution_time": 0.011717100045643747}
{"items_size": 521, "stocks_size": 168, "fill_percentage": 0.9646033899765243, "solution_time": 0.011306299944408238}
{"items_size": 521, "stocks_size": 169, "fill_percentage": 0.978741724816604, "solution_time": 0.012632500031031668}
{"items_size": 534, "stocks_size": 171, "fill_percentage": 0.9725835845050954, "solution_time": 0.011976700043305755}
{"items_size": 518, "stocks_size": 179, "fill_percentage": 0.9667155782568518, "solution_time": 0.012343100039288402}
{"items_size": 514, "stocks_size": 173, "fill_percentage": 0.9744227994227994, "solution_time": 0.01105740002822131}
{"items_size": 521, "stocks_size": 178, "fill_percentage": 0.9756975921462843, "solution_time": 0.010748300002887845}
{"items_size": 532, "stocks_size": 172, "fill_percentage": 0.9662291451668387, "solution_time": 0.01128840004093945}
{"items_size": 525, "stocks_size": 177, "fill_percentage": 0.9552362156161343, "solution_time": 0.013013300020247698}
{"items_size": 515, "stocks_size": 174, "fill_percentage": 0.9615036231884058, "solution_time": 0.01178030006121844}
{"items_size": 519, "stocks_size": 169, "fill_percentage": 0.9647641234711707, "solution_time": 0.013408300001174212}
{"items_size": 510, "stocks_size": 175, "fill_percentage": 0.9648903743315508, "solution_time": 0.016070600016973913}
{"items_size": 524, "stocks_size": 171, "fill_percentage": 0.9556848679041196, "solution_time": 0.014615799998864532}
{"items_size": 521, "stocks_size": 176, "fill_percentage": 0.9776218278576769, "solution_time": 0.011339299962855875}
{"items_size": 524, "stocks_size": 173, "fill_percentage": 0.9674574103145531, "solution_time": 0.015325299929827452}
{"items_size": 519, "stocks_size": 175, "fill_percentage": 0.9727809156449465, "solution_time": 0.011235399986617267}
{"items_size": 533, "stocks_size": 179, "fill_percentage": 0.9830474923590986, "solution_time": 0.013859400060027838}
{"items_size": 522, "stocks_size": 173, "fill_percentage": 0.9630415566158302, "solution_time": 0.016235099988989532}
{"items_size": 530, "stocks_size": 173, "fill_percentage": 0.9714270461366898, "solution_time": 0.011945099919103086}
{"items_size": 526, "stocks_size": 175, "fill_percentage": 0.9763231659783383, "solution_time": 0.011747400043532252}
{"items_size": 511, "stocks_size": 178, "fill_percentage": 0.9655568218821231, "solution_time": 0.01093399990350008}
{"items_size": 532, "stocks_size": 169, "fill_percentage": 0.959747944363329, "solution_time": 0.012263599899597466}
{"items_size": 532, "stocks_size": 174, "fill_percentage": 0.9537252253667117, "solution_time": 0.012350399978458881}
{"items_size": 514, "stocks_size": 179, "fill_percentage": 0.9774091609278724, "solution_time": 0.011711700004525483}
{"items_size": 525, "stocks_size": 166, "fill_percentage": 0.9547379703629704, "solution_time": 0.013514899997971952}
{"items_size": 529, "stocks_size": 169, "fill_percentage": 0.977362390108072, "solution_time": 0.017311999923549592}
{"items_size": 516, "stocks_size": 177, "fill_percentage": 0.9774493910296379, "solution_time": 0.015898699988611042}
{"items_size": 531, "stocks_size": 170, "fill_percentage": 0.9774052568372312, "solution_time": 0.013270299998112023}
{"items_size": 515, "stocks_size": 173, "fill_percentage": 0.9655512720826922, "solution_time": 0.01271649997215718}
{"items_size": 534, "stocks_size": 159, "fill_percentage": 0.9742210464432687, "solution_time": 0.011802599998190999}
{"items_size": 530, "stocks_size": 174, "fill_percentage": 0.9593343920890607, "solution_time": 0.013655000017024577}
{"items_size": 515, "stocks_size": 176, "fill_percentage": 0.9558891189325972, "solution_time": 0.01709790003951639}
{"items_size": 513, "stocks_size": 174, "fill_percentage": 0.9741028295376122, "solution_time": 0.015948700020089746}
{"items_size": 524, "stocks_size": 173, "fill_percentage": 0.9715732220435809, "solution_time": 0.016865799902006984}
{"items_size": 508, "stocks_size": 179, "fill_percentage": 0.9565521744664133, "solution_time": 0.01664859999436885}
{"items_size": 510, "stocks_size": 179, "fill_percentage": 0.9538253074838441, "solution_time": 0.01779559999704361}
{"items_size": 510, "stocks_size": 177, "fill_percentage": 0.9724514240085175, "solution_time": 0.01316259999293834}
{"items_size": 512, "stocks_size": 178, "fill_percentage": 0.9593444655295225, "solution_time": 0.014642899972386658}
{"items_size": 517, "stocks_size": 176, "fill_percentage": 0.972204305189623, "solution_time": 0.017763399984687567}
{"items_size": 519, "stocks_size": 170, "fill_percentage": 0.9620678191489361, "solution_time": 0.012406900059431791}
{"items_size": 533, "stocks_size": 168, "fill_percentage": 0.9558330396522816, "solution_time": 0.01475380000192672}
{"items_size": 523, "stocks_size": 174, "fill_percentage": 0.9631603524892671, "solution_time": 0.011509399977512658}
{"items_size": 521, "stocks_size": 171, "fill_percentage": 0.9793664772727273, "solution_time": 0.014101899927482009}
{"items_size": 531, "stocks_size": 166, "fill_percentage": 0.9674894858905645, "solution_time": 0.019169699982739985}
{"items_size": 526, "stocks_size": 168, "fill_percentage": 0.9784408155008092, "solution_time": 0.018857399933040142}
{"items_size": 533, "stocks_size": 167, "fill_percentage": 0.9827220840867993, "solution_time": 0.01799239998217672}
{"items_size": 534, "stocks_size": 172, "fill_percentage": 0.9662881973647323, "solution_time": 0.016467500012367964}
{"items_size": 525, "stocks_size": 174, "fill_percentage": 0.9744680851063829, "solution_time": 0.014749599969945848}
{"items_size": 534, "stocks_size": 178, "fill_percentage": 0.9708134020459649, "solution_time": 0.013999799964949489}
{"items_size": 534, "stocks_size": 171, "fill_percentage": 0.9797036914726741, "solution_time": 0.012461500009521842}
{"items_size": 524, "stocks_size": 169, "fill_percentage": 0.9619650369162088, "solution_time": 0.012791500077582896}
{"items_size": 533, "stocks_size": 163, "fill_percentage": 0.9801413435293217,