{"items_size": 524, "stocks_size": 177, "fill_percentage": 0.6323308864156603, "solution_time": 0.025056300102733076}
{"items_size": 527, "stocks_size": 167, "fill_percentage": 0.6603822975517891, "solution_time": 0.022576200077310205}
{"items_size": 514, "stocks_size": 179, "fill_percentage": 0.5953354512536722, "solution_time": 0.027694800053723156}
{"items_size": 534, "stocks_size": 167, "fill_percentage": 0.6713509864077284, "solution_time": 0.030266000074334443}
{"items_size": 518, "stocks_size": 178, "fill_percentage": 0.7225454343971631, "solution_time": 0.04744520003441721}
{"items_size": 507, "stocks_size": 177, "fill_percentage": 0.6673768204241269, "solution_time": 0.026261000079102814}
{"items_size": 509, "stocks_size": 179, "fill_percentage": 0.6053521825396826, "solution_time": 0.01876590005122125}
{"items_size": 534, "stocks_size": 176, "fill_percentage": null, "solution_time": null}
{"items_size": 522, "stocks_size": 170, "fill_percentage": 0.6777257407974788, "solution_time": 0.0347063000081107}
{"items_size": 513, "stocks_size": 175, "fill_percentage": 0.5972813896618602, "solution_time": 0.021963999955914915}
{"items_size": 526, "stocks_size": 172, "fill_percentage": 0.6637206823027718, "solution_time": 0.032151399995200336}
{"items_size": 516, "stocks_size": 174, "fill_percentage": 0.659162901289181, "solution_time": 0.030142499948851764}
{"items_size": 514, "stocks_size": 179, "fill_percentage": 0.6406247263173259, "solution_time": 0.03062919992953539}
{"items_size": 522, "stocks_size": 176, "fill_percentage": 0.6937316017316018, "solution_time": 0.034056799951940775}
{"items_size": 506, "stocks_size": 179, "fill_percentage": 0.6057595480326388, "solution_time": 0.020046600024215877}
{"items_size": 522, "stocks_size": 173, "fill_percentage": 0.6124097007223942, "solution_time": 0.028570599970407784}
{"items_size": 527, "stocks_size": 174, "fill_percentage": 0.5789071310116086, "solution_time": 0.02235610003117472}
{"items_size": 521, "stocks_size": 168, "fill_percentage": 0.6668862943047575, "solution_time": 0.025072099990211427}
{"items_size": 521, "stocks_size": 169, "fill_percentage": 0.5703458971952873, "solution_time": 0.03233860002364963}
{"items_size": 534, "stocks_size": 171, "fill_percentage": 0.6326514578819553, "solution_time": 0.03165480005554855}
{"items_size": 518, "stocks_size": 179, "fill_percentage": 0.5816678479342074, "solution_time": 0.02123559999745339}
{"items_size": 514, "stocks_size": 173, "fill_percentage": 0.5872349321024818, "solution_time": 0.018187299952842295}
{"items_size": 521, "stocks_size": 178, "fill_percentage": 0.6856253350217133, "solution_time": 0.03513470001053065}
{"items_size": 532, "stocks_size": 172, "fill_percentage": 0.684412311159844, "solution_time": 0.034098500036634505}
{"items_size": 525, "stocks_size": 177, "fill_percentage": null, "solution_time": null}
{"items_size": 515, "stocks_size": 174, "fill_percentage": 0.6752544529262087, "solution_time": 0.019089299952611327}
{"items_size": 519, "stocks_size": 169, "fill_percentage": 0.6986222963067098, "solution_time": 0.0384429000550881}
{"items_size": 510, "stocks_size": 175, "fill_percentage": 0.7319858012170385, "solution_time": 0.03233020007610321}
{"items_size": 524, "stocks_size": 171, "fill_percentage": 0.6522928463472561, "solution_time": 0.025711500085890293}
{"items_size": 521, "stocks_size": 176, "fill_percentage": 0.6476744609557109, "solution_time": 0.037258500000461936}
{"items_size": 524, "stocks_size": 173, "fill_percentage": 0.6910410073675379, "solution_time": 0.029425700078718364}
{"items_size": 519, "stocks_size": 175, "fill_percentage": 0.6124916876282996, "solution_time": 0.01924190006684512}
{"items_size": 533, "stocks_size": 179, "fill_percentage": 0.6553649949060657, "solution_time": 0.03061849996447563}
{"items_size": 522, "stocks_size": 173, "fill_percentage": 0.6834488466305892, "solution_time": 0.03259699989575893}
{"items_size": 530, "stocks_size": 173, "fill_percentage": 0.7123798338335726, "solution_time": 0.03081630007363856}
{"items_size": 526, "stocks_size": 175, "fill_percentage": 0.6362555463679059, "solution_time": 0.024350499967113137}
{"items_size": 511, "stocks_size": 178, "fill_percentage": 0.629710970792689, "solution_time": 0.025818699970841408}
{"items_size": 532, "stocks_size": 169, "fill_percentage": 0.643733377316867, "solution_time": 0.031115700025111437}
{"items_size": 532, "stocks_size": 174, "fill_percentage": 0.6427278692688709, "solution_time": 0.022697200067341328}
{"items_size": 514, "stocks_size": 179, "fill_percentage": 0.6448885185503488, "solution_time": 0.0242390000494197}
{"items_size": 525, "stocks_size": 166, "fill_percentage": 0.7068733049802761, "solution_time": 0.030726499971933663}
{"items_size": 529, "stocks_size": 169, "fill_percentage": 0.5763932044227091, "solution_time": 0.024984800023958087}
{"items_size": 516, "stocks_size": 177, "fill_percentage": 0.6185421927609428, "solution_time": 0.01749009999912232}
{"items_size": 531, "stocks_size": 170, "fill_percentage": 0.6181879402218385, "solution_time": 0.020605399971827865}
{"items_size": 515, "stocks_size": 173, "fill_percentage": 0.6576943447519787, "solution_time": 0.034053900046274066}
{"items_size": 534, "stocks_size": 159, "fill_percentage": 0.5677115450496746, "solution_time": 0.026053400011733174}
{"items_size": 530, "stocks_size": 174, "fill_percentage": 0.6374931766785371, "solution_time": 0.02200310002081096}
{"items_size": 515, "stocks_size": 176, "fill_percentage": 0.7016632894292468, "solution_time": 0.026316899922676384}
{"items_size": 513, "stocks_size": 174, "fill_percentage": 0.6337536481329042, "solution_time": 0.03022600000258535}
{"items_size": 524, "stocks_size": 173, "fill_percentage": 0.6875748956000727, "solution_time": 0.025516800000332296}
{"items_size": 508, "stocks_size": 179, "fill_percentage": 0.6875218753977345, "solution_time": 0.02868230000603944}
{"items_size": 510, "stocks_size": 179, "fill_percentage": null, "solution_time": null}
{"items_size": 510, "stocks_size": 177, "fill_percentage": 0.5547541680585503, "solution_time": 0.02426249999552965}
{"items_size": 512, "stocks_size": 178, "fill_percentage": 0.6729729832819038, "solution_time": 0.0410363000119105}
{"items_size": 517, "stocks_size": 176, "fill_percentage": 0.7247341184140825, "solution_time": 0.030216400045901537}
{"items_size": 519, "stocks_size": 170, "fill_percentage": 0.6413785460992908, "solution_time": 0.022851499961689115}
{"items_size": 533, "stocks_size": 168, "fill_percentage": 0.7309311479693918, "solution_time": 0.05282019998412579}
{"items_size": 523, "stocks_size": 174, "fill_percentage": 0.6346405423378892, "solution_time": 0.028211600030772388}
{"items_size": 521, "stocks_size": 171, "fill_percentage": 0.6191397270114942, "solution_time": 0.0332971999887377}
{"items_size": 531, "stocks_size": 166, "fill_percentage": null, "solution_time": null}
{"items_size": 526, "stocks_size": 168, "fill_percentage": 0.5759616147983487, "solution_time": 0.03874389990232885}
{"items_size": 533, "stocks_size": 167, "fill_percentage": 0.5930219472937582, "solution_time": 0.025240099988877773}
{"items_size": 534, "stocks_size": 172, "fill_percentage": 0.6950494051220004, "solution_time": 0.044583600014448166}
{"items_size": 525, "stocks_size": 174, "fill_percentage": 0.715625, "solution_time": 0.024468700052239}
{"items_size": 534, "stocks_size": 178, "fill_percentage": 0.7019727676332361, "solution_time": 0.028901099925860763}
{"items_size": 534, "stocks_size": 171, "fill_percentage": 0.6761335335515638, "solution_time": 0.03516620001755655}
{"items_size": 524, "stocks_size": 169, "fill_percentage": null, "solution_time": null}
{"items_size": 533, "stocks_size": 163, "fill_percentage": 0.6202456939521489, "solution_time": 0.02882010000757873}
{"items_size": 527, "stocks_size": 169, "fill_percentage": 0.6213040896867251,