{"items_size": 524, "stocks_size": 177, "fill_percentage": 0.6645926663348266, "solution_time": 0.022358300047926605}
{"items_size": 527, "stocks_size": 167, "fill_percentage": 0.6992283150548355, "solution_time": 0.025764000019989908}
{"items_size": 514, "stocks_size": 179, "fill_percentage": 0.610218837535014, "solution_time": 0.02435729990247637}
{"items_size": 534, "stocks_size": 167, "fill_percentage": 0.7166106034689236, "solution_time": 0.03306229994632304}
{"items_size": 518, "stocks_size": 178, "fill_percentage": 0.7356826241134752, "solution_time": 0.042970500071533024}
{"items_size": 507, "stocks_size": 177, "fill_percentage": 0.6959786841565895, "solution_time": 0.020521000027656555}
{"items_size": 509, "stocks_size": 179, "fill_percentage": 0.6089770459081836, "solution_time": 0.023837300017476082}
{"items_size": 534, "stocks_size": 176, "fill_percentage": 0.6891812865497076, "solution_time": 0.022432500030845404}
{"items_size": 522, "stocks_size": 170, "fill_percentage": 0.7094941348973607, "solution_time": 0.03512889996636659}
{"items_size": 513, "stocks_size": 175, "fill_percentage": 0.6614521174767708, "solution_time": 0.02553980005905032}
{"items_size": 526, "stocks_size": 172, "fill_percentage": 0.6799089916272297, "solution_time": 0.026647199993021786}
{"items_size": 516, "stocks_size": 174, "fill_percentage": 0.7031070947084598, "solution_time": 0.050418199971318245}
{"items_size": 514, "stocks_size": 179, "fill_percentage": 0.6927685993896664, "solution_time": 0.030055399984121323}
{"items_size": 522, "stocks_size": 176, "fill_percentage": 0.7122311111111111, "solution_time": 0.03427209996152669}
{"items_size": 506, "stocks_size": 179, "fill_percentage": 0.6593665876815449, "solution_time": 0.01892299996688962}
{"items_size": 522, "stocks_size": 173, "fill_percentage": 0.7160482654600302, "solution_time": 0.020270499982871115}
{"items_size": 527, "stocks_size": 174, "fill_percentage": 0.6292468815343571, "solution_time": 0.02598289994057268}
{"items_size": 521, "stocks_size": 168, "fill_percentage": 0.675222372983567, "solution_time": 0.024749699980020523}
{"items_size": 521, "stocks_size": 169, "fill_percentage": 0.6098313823857302, "solution_time": 0.020946400007233024}
{"items_size": 534, "stocks_size": 171, "fill_percentage": 0.6787822933525145, "solution_time": 0.02615629998035729}
{"items_size": 518, "stocks_size": 179, "fill_percentage": 0.5968417917933607, "solution_time": 0.024598099989816546}
{"items_size": 514, "stocks_size": 173, "fill_percentage": 0.6333748196248197, "solution_time": 0.020322500029578805}
{"items_size": 521, "stocks_size": 178, "fill_percentage": 0.695017462898723, "solution_time": 0.043322899960912764}
{"items_size": 532, "stocks_size": 172, "fill_percentage": 0.7039669486215538, "solution_time": 0.027557400055229664}
{"items_size": 525, "stocks_size": 177, "fill_percentage": 0.6799034240561896, "solution_time": 0.018344299984164536}
{"items_size": 515, "stocks_size": 174, "fill_percentage": 0.7310606060606061, "solution_time": 0.016618399997241795}
{"items_size": 519, "stocks_size": 169, "fill_percentage": 0.7503720960331327, "solution_time": 0.033978600054979324}
{"items_size": 510, "stocks_size": 175, "fill_percentage": 0.7319858012170385, "solution_time": 0.03307869995478541}
{"items_size": 524, "stocks_size": 171, "fill_percentage": 0.7024692191431989, "solution_time": 0.023674899945035577}
{"items_size": 521, "stocks_size": 176, "fill_percentage": 0.6908527583527584, "solution_time": 0.033426000038161874}
{"items_size": 524, "stocks_size": 173, "fill_percentage": 0.7361088991523774, "solution_time": 0.022513299947604537}
{"items_size": 519, "stocks_size": 175, "fill_percentage": 0.6485206104299643, "solution_time": 0.019419800024479628}
{"items_size": 533, "stocks_size": 179, "fill_percentage": 0.6848196014186979, "solution_time": 0.030129399965517223}
{"items_size": 522, "stocks_size": 173, "fill_percentage": 0.7182004828999412, "solution_time": 0.03193429997190833}
{"items_size": 530, "stocks_size": 173, "fill_percentage": 0.724454068305328, "solution_time": 0.03807599993888289}
{"items_size": 526, "stocks_size": 175, "fill_percentage": 0.6508821106522256, "solution_time": 0.026184799964539707}
{"items_size": 511, "stocks_size": 178, "fill_percentage": 0.6583341967378112, "solution_time": 0.028055100003257394}
{"items_size": 532, "stocks_size": 169, "fill_percentage": 0.6767453453843987, "solution_time": 0.03001430002041161}
{"items_size": 532, "stocks_size": 174, "fill_percentage": 0.7039400472944777, "solution_time": 0.027293600025586784}
{"items_size": 514, "stocks_size": 179, "fill_percentage": 0.6726256591331595, "solution_time": 0.02327480004169047}
{"items_size": 525, "stocks_size": 166, "fill_percentage": 0.7578847805974095, "solution_time": 0.025595600018277764}
{"items_size": 529, "stocks_size": 169, "fill_percentage": 0.6075495938509637, "solution_time": 0.02899690007325262}
{"items_size": 516, "stocks_size": 177, "fill_percentage": 0.6384951667209732, "solution_time": 0.025548200006596744}
{"items_size": 531, "stocks_size": 170, "fill_percentage": 0.6697036019069917, "solution_time": 0.021831999998539686}
{"items_size": 515, "stocks_size": 173, "fill_percentage": 0.6773270117595005, "solution_time": 0.03613749996293336}
{"items_size": 534, "stocks_size": 159, "fill_percentage": 0.607014652014652, "solution_time": 0.031715999939478934}
{"items_size": 530, "stocks_size": 174, "fill_percentage": 0.6958552280646003, "solution_time": 0.02826169994659722}
{"items_size": 515, "stocks_size": 176, "fill_percentage": 0.7328483245149912, "solution_time": 0.024481299915350974}
{"items_size": 513, "stocks_size": 174, "fill_percentage": 0.6831370492861176, "solution_time": 0.02547320001758635}
{"items_size": 524, "stocks_size": 173, "fill_percentage": 0.7326617740000774, "solution_time": 0.0367927000625059}
{"items_size": 508, "stocks_size": 179, "fill_percentage": 0.7333566670909168, "solution_time": 0.02357530000153929}
{"items_size": 510, "stocks_size": 179, "fill_percentage": 0.6704029304029304, "solution_time": 0.019344400032423437}
{"items_size": 510, "stocks_size": 177, "fill_percentage": 0.5862295818491062, "solution_time": 0.02841989998705685}
{"items_size": 512, "stocks_size": 178, "fill_percentage": 0.7157014266648818, "solution_time": 0.03288269997574389}
{"items_size": 517, "stocks_size": 176, "fill_percentage": 0.7520825757127272, "solution_time": 0.03065159998368472}
{"items_size": 519, "stocks_size": 170, "fill_percentage": 0.6620681766186227, "solution_time": 0.021878400002606213}
{"items_size": 533, "stocks_size": 168, "fill_percentage": 0.7607650723763058, "solution_time": 0.03217180003412068}
{"items_size": 523, "stocks_size": 174, "fill_percentage": 0.6766002476164273, "solution_time": 0.019765399978496134}
{"items_size": 521, "stocks_size": 171, "fill_percentage": 0.6263390261627907, "solution_time": 0.02684659999795258}
{"items_size": 531, "stocks_size": 166, "fill_percentage": null, "solution_time": null}
{"items_size": 526, "stocks_size": 168, "fill_percentage": 0.6015599087893864, "solution_time": 0.03933619998861104}
{"items_size": 533, "stocks_size": 167, "fill_percentage": 0.6429022980007099, "solution_time": 0.030456199892796576}
{"items_size": 534, "stocks_size": 172, "fill_percentage": 0.7336632609621115, "solution_time": 0.0401370000327006}
{"items_size": 525, "stocks_size": 174, "fill_percentage": 0.726984126984127, "solution_time": 0.0324296000180766}
{"items_size": 534, "stocks_size": 178, "fill_percentage": 0.7129410921275054, "solution_time": 0.030881599988788366}
{"items_size": 534, "stocks_size": 171, "fill_percentage": 0.705962954149427, "solution_time": 0.0383807000471279}
{"items_size": 524, "stocks_size": 169, "fill_percentage": null, "solution_time": null}
{"items_size": 533, "stocks_size": 163, "fill_percentage": 0.6507495805399595, "solution_time": 0.02257809997536242}
{"items_size": 527, "stocks_size": 169,