{"items_size": 524, "stocks_size": 177, "fill_percentage": 0.65130081300813, "solution_time": 0.03642259992193431}
{"items_size": 527, "stocks_size": 167, "fill_percentage": 0.6753909861325116, "solution_time": 0.029354199999943376}
{"items_size": 514, "stocks_size": 179, "fill_percentage": 0.5953354512536722, "solution_time": 0.03683570004068315}
{"items_size": 534, "stocks_size": 167, "fill_percentage": 0.70864826343038, "solution_time": 0.02940809994470328}
{"items_size": 518, "stocks_size": 178, "fill_percentage": 0.7493063764118729, "solution_time": 0.04081079992465675}
{"items_size": 507, "stocks_size": 177, "fill_percentage": 0.6861761674783277, "solution_time": 0.031877700006589293}
{"items_size": 509, "stocks_size": 179, "fill_percentage": 0.6053521825396826, "solution_time": 0.02105059998575598}
{"items_size": 534, "stocks_size": 176, "fill_percentage": 0.6812138728323699, "solution_time": 0.018389999982900918}
{"items_size": 522, "stocks_size": 170, "fill_percentage": 0.6985788405143244, "solution_time": 0.03484139998909086}
{"items_size": 513, "stocks_size": 175, "fill_percentage": 0.6302024111392855, "solution_time": 0.019372300012037158}
{"items_size": 526, "stocks_size": 172, "fill_percentage": 0.6637206823027718, "solution_time": 0.03004119999241084}
{"items_size": 516, "stocks_size": 174, "fill_percentage": 0.7031070947084598, "solution_time": 0.03303389996290207}
{"items_size": 514, "stocks_size": 179, "fill_percentage": 0.6770238584944467, "solution_time": 0.02688360004685819}
{"items_size": 522, "stocks_size": 176, "fill_percentage": 0.702859649122807, "solution_time": 0.031009200029075146}
{"items_size": 506, "stocks_size": 179, "fill_percentage": 0.6107247902296277, "solution_time": 0.0235308000119403}
{"items_size": 522, "stocks_size": 173, "fill_percentage": 0.7051990493166964, "solution_time": 0.019762100069783628}
{"items_size": 527, "stocks_size": 174, "fill_percentage": 0.5907215622567435, "solution_time": 0.021252499893307686}
{"items_size": 521, "stocks_size": 168, "fill_percentage": 0.6668862943047575, "solution_time": 0.02270109998062253}
{"items_size": 521, "stocks_size": 169, "fill_percentage": 0.5786721146725907, "solution_time": 0.02525079995393753}
{"items_size": 534, "stocks_size": 171, "fill_percentage": 0.6516310016184139, "solution_time": 0.028647599974647164}
{"items_size": 518, "stocks_size": 179, "fill_percentage": 0.5866393680020212, "solution_time": 0.02853719994891435}
{"items_size": 514, "stocks_size": 173, "fill_percentage": 0.6244540475174278, "solution_time": 0.020752100041136146}
{"items_size": 521, "stocks_size": 178, "fill_percentage": 0.6764836638880904, "solution_time": 0.045794100034981966}
{"items_size": 532, "stocks_size": 172, "fill_percentage": 0.6659146811284969, "solution_time": 0.04994439997244626}
{"items_size": 525, "stocks_size": 177, "fill_percentage": 0.6719975702880944, "solution_time": 0.021285399910993874}
{"items_size": 515, "stocks_size": 174, "fill_percentage": 0.725068306010929, "solution_time": 0.022723900037817657}
{"items_size": 519, "stocks_size": 169, "fill_percentage": 0.7367289670143485, "solution_time": 0.045964700053445995}
{"items_size": 510, "stocks_size": 175, "fill_percentage": 0.744827657378741, "solution_time": 0.04341129993554205}
{"items_size": 524, "stocks_size": 171, "fill_percentage": 0.6965160901674091, "solution_time": 0.0319393000099808}
{"items_size": 521, "stocks_size": 176, "fill_percentage": 0.6817625904796958, "solution_time": 0.04222409997601062}
{"items_size": 524, "stocks_size": 173, "fill_percentage": 0.7128633549686181, "solution_time": 0.03737340006045997}
{"items_size": 519, "stocks_size": 175, "fill_percentage": 0.6162959838247487, "solution_time": 0.02277410007081926}
{"items_size": 533, "stocks_size": 179, "fill_percentage": 0.6848196014186979, "solution_time": 0.03815480007324368}
{"items_size": 522, "stocks_size": 173, "fill_percentage": 0.7182004828999412, "solution_time": 0.03998370002955198}
{"items_size": 530, "stocks_size": 173, "fill_percentage": 0.724454068305328, "solution_time": 0.033744400017894804}
{"items_size": 526, "stocks_size": 175, "fill_percentage": 0.6434857230311776, "solution_time": 0.02871759992558509}
{"items_size": 511, "stocks_size": 178, "fill_percentage": 0.6437045479214154, "solution_time": 0.026089400053024292}
{"items_size": 532, "stocks_size": 169, "fill_percentage": 0.6516807029627543, "solution_time": 0.038535699946805835}
{"items_size": 532, "stocks_size": 174, "fill_percentage": 0.6668905711210841, "solution_time": 0.027250600047409534}
{"items_size": 514, "stocks_size": 179, "fill_percentage": 0.6584651189408824, "solution_time": 0.033882300020195544}
{"items_size": 525, "stocks_size": 166, "fill_percentage": 0.742573976948977, "solution_time": 0.030825700028799474}
{"items_size": 529, "stocks_size": 169, "fill_percentage": 0.5813621113573877, "solution_time": 0.02622699993662536}
{"items_size": 516, "stocks_size": 177, "fill_percentage": 0.6333872053872054, "solution_time": 0.028002599952742457}
{"items_size": 531, "stocks_size": 170, "fill_percentage": 0.6516035045581541, "solution_time": 0.02842450002208352}
{"items_size": 515, "stocks_size": 173, "fill_percentage": 0.6576943447519787, "solution_time": 0.044265400036238134}
{"items_size": 534, "stocks_size": 159, "fill_percentage": 0.5888948116560057, "solution_time": 0.027663499931804836}
{"items_size": 530, "stocks_size": 174, "fill_percentage": 0.6958552280646003, "solution_time": 0.027152599999681115}
{"items_size": 515, "stocks_size": 176, "fill_percentage": 0.7092080559822496, "solution_time": 0.0287978999549523}
{"items_size": 513, "stocks_size": 174, "fill_percentage": 0.6658424404434311, "solution_time": 0.026087500038556755}
{"items_size": 524, "stocks_size": 173, "fill_percentage": 0.6983182533438238, "solution_time": 0.03549749997910112}
{"items_size": 508, "stocks_size": 179, "fill_percentage": 0.6947589477703422, "solution_time": 0.025543999974615872}
{"items_size": 510, "stocks_size": 179, "fill_percentage": 0.6704029304029304, "solution_time": 0.022097200038842857}
{"items_size": 510, "stocks_size": 177, "fill_percentage": 0.5904169360051713, "solution_time": 0.020271699992008507}
{"items_size": 512, "stocks_size": 178, "fill_percentage": 0.7045185918732431, "solution_time": 0.036643799976445735}
{"items_size": 517, "stocks_size": 176, "fill_percentage": 0.7381551206069359, "solution_time": 0.030299599980935454}
{"items_size": 519, "stocks_size": 170, "fill_percentage": 0.6550248981439566, "solution_time": 0.026376400026492774}
{"items_size": 533, "stocks_size": 168, "fill_percentage": 0.7607650723763058, "solution_time": 0.04281549993902445}
{"items_size": 523, "stocks_size": 174, "fill_percentage": 0.6602308867869976, "solution_time": 0.021552100079134107}
{"items_size": 521, "stocks_size": 171, "fill_percentage": 0.6263390261627907, "solution_time": 0.02547650004271418}
{"items_size": 531, "stocks_size": 166, "fill_percentage": null, "solution_time": null}
{"items_size": 526, "stocks_size": 168, "fill_percentage": 0.5800756263326226, "solution_time": 0.04939770000055432}
{"items_size": 533, "stocks_size": 167, "fill_percentage": 0.6311059255603299, "solution_time": 0.03226340003311634}
{"items_size": 534, "stocks_size": 172, "fill_percentage": 0.7336632609621115, "solution_time": 0.05167529999744147}
{"items_size": 525, "stocks_size": 174, "fill_percentage": 0.715625, "solution_time": 0.04162710008677095}
{"items_size": 534, "stocks_size": 178, "fill_percentage": 0.6913368166084901, "solution_time": 0.04149370000232011}
{"items_size": 534, "stocks_size": 171, "fill_percentage": 0.705962954149427, "solution_time": 0.039393900078721344}
{"items_size": 524, "stocks_size": 169, "fill_percentage": null, "solution_time": null}
{"items_size": 533, "stocks_size": 163, "fill_percentage": 0.6251295183139768, "solution_time": 0.025504200020805}
{"items_size": 527, "stocks_size": 169, "fill_percentage": 0.6213040896867251,