{"items_size": 524, "stocks_size": 177, "fill_percentage": 0.65130081300813, "solution_time": 0.028496300103142858}
{"items_size": 527, "stocks_size": 167, "fill_percentage": 0.6753909861325116, "solution_time": 0.030070500099100173}
{"items_size": 514, "stocks_size": 179, "fill_percentage": 0.5953354512536722, "solution_time": 0.019775899942032993}
{"items_size": 534, "stocks_size": 167, "fill_percentage": 0.70864826343038, "solution_time": 0.030878800083883107}
{"items_size": 518, "stocks_size": 178, "fill_percentage": 0.7493063764118729, "solution_time": 0.03764320001937449}
{"items_size": 507, "stocks_size": 177, "fill_percentage": 0.6861761674783277, "solution_time": 0.028227799921296537}
{"items_size": 509, "stocks_size": 179, "fill_percentage": 0.6053521825396826, "solution_time": 0.026308700093068182}
{"items_size": 534, "stocks_size": 176, "fill_percentage": 0.6812138728323699, "solution_time": 0.023067299975082278}
{"items_size": 522, "stocks_size": 170, "fill_percentage": 0.6985788405143244, "solution_time": 0.030994299915619195}
{"items_size": 513, "stocks_size": 175, "fill_percentage": 0.6302024111392855, "solution_time": 0.019613899989053607}
{"items_size": 526, "stocks_size": 172, "fill_percentage": 0.6637206823027718, "solution_time": 0.027669099974446}
{"items_size": 516, "stocks_size": 174, "fill_percentage": 0.7031070947084598, "solution_time": 0.034113400033675134}
{"items_size": 514, "stocks_size": 179, "fill_percentage": 0.6770238584944467, "solution_time": 0.029808900086209178}
{"items_size": 522, "stocks_size": 176, "fill_percentage": 0.702859649122807, "solution_time": 0.03437310003209859}
{"items_size": 506, "stocks_size": 179, "fill_percentage": 0.6107247902296277, "solution_time": 0.02484349999576807}
{"items_size": 522, "stocks_size": 173, "fill_percentage": 0.7051990493166964, "solution_time": 0.020795500022359192}
{"items_size": 527, "stocks_size": 174, "fill_percentage": 0.5907215622567435, "solution_time": 0.021681100013665855}
{"items_size": 521, "stocks_size": 168, "fill_percentage": 0.6668862943047575, "solution_time": 0.025188300060108304}
{"items_size": 521, "stocks_size": 169, "fill_percentage": 0.5786721146725907, "solution_time": 0.03455300000496209}
{"items_size": 534, "stocks_size": 171, "fill_percentage": 0.6516310016184139, "solution_time": 0.025726799969561398}
{"items_size": 518, "stocks_size": 179, "fill_percentage": 0.5866393680020212, "solution_time": 0.02177380002103746}
{"items_size": 514, "stocks_size": 173, "fill_percentage": 0.6244540475174278, "solution_time": 0.021526500000618398}
{"items_size": 521, "stocks_size": 178, "fill_percentage": 0.6764836638880904, "solution_time": 0.0341426000231877}
{"items_size": 532, "stocks_size": 172, "fill_percentage": 0.6659146811284969, "solution_time": 0.05428040004335344}
{"items_size": 525, "stocks_size": 177, "fill_percentage": 0.6719975702880944, "solution_time": 0.027462400030344725}
{"items_size": 515, "stocks_size": 174, "fill_percentage": 0.725068306010929, "solution_time": 0.02157809992786497}
{"items_size": 519, "stocks_size": 169, "fill_percentage": 0.7367289670143485, "solution_time": 0.04313510004431009}
{"items_size": 510, "stocks_size": 175, "fill_percentage": 0.744827657378741, "solution_time": 0.04418420000001788}
{"items_size": 524, "stocks_size": 171, "fill_percentage": 0.6965160901674091, "solution_time": 0.028502000030130148}
{"items_size": 521, "stocks_size": 176, "fill_percentage": 0.6817625904796958, "solution_time": 0.04619370005093515}
{"items_size": 524, "stocks_size": 173, "fill_percentage": 0.7128633549686181, "solution_time": 0.03700430004391819}
{"items_size": 519, "stocks_size": 175, "fill_percentage": 0.6162959838247487, "solution_time": 0.025929099996574223}
{"items_size": 533, "stocks_size": 179, "fill_percentage": 0.6848196014186979, "solution_time": 0.03268820000812411}
{"items_size": 522, "stocks_size": 173, "fill_percentage": 0.7182004828999412, "solution_time": 0.036257100058719516}
{"items_size": 530, "stocks_size": 173, "fill_percentage": 0.724454068305328, "solution_time": 0.044776299968361855}
{"items_size": 526, "stocks_size": 175, "fill_percentage": 0.6434857230311776, "solution_time": 0.024590699933469296}
{"items_size": 511, "stocks_size": 178, "fill_percentage": 0.6437045479214154, "solution_time": 0.026259700069203973}
{"items_size": 532, "stocks_size": 169, "fill_percentage": 0.6516807029627543, "solution_time": 0.029035500017926097}
{"items_size": 532, "stocks_size": 174, "fill_percentage": 0.6668905711210841, "solution_time": 0.028209500014781952}
{"items_size": 514, "stocks_size": 179, "fill_percentage": 0.6584651189408824, "solution_time": 0.027483999961987138}
{"items_size": 525, "stocks_size": 166, "fill_percentage": 0.742573976948977, "solution_time": 0.022414000006392598}
{"items_size": 529, "stocks_size": 169, "fill_percentage": 0.5813621113573877, "solution_time": 0.022989199962466955}
{"items_size": 516, "stocks_size": 177, "fill_percentage": 0.6333872053872054, "solution_time": 0.024900499964132905}
{"items_size": 531, "stocks_size": 170, "fill_percentage": 0.6516035045581541, "solution_time": 0.025500199990347028}
{"items_size": 515, "stocks_size": 173, "fill_percentage": 0.6576943447519787, "solution_time": 0.03808630001731217}
{"items_size": 534, "stocks_size": 159, "fill_percentage": 0.5888948116560057, "solution_time": 0.031049299985170364}
{"items_size": 530, "stocks_size": 174, "fill_percentage": 0.6958552280646003, "solution_time": 0.024290400091558695}
{"items_size": 515, "stocks_size": 176, "fill_percentage": 0.7092080559822496, "solution_time": 0.030973600107245147}
{"items_size": 513, "stocks_size": 174, "fill_percentage": 0.6658424404434311, "solution_time": 0.029607700067572296}
{"items_size": 524, "stocks_size": 173, "fill_percentage": 0.6983182533438238, "solution_time": 0.03279829991515726}
{"items_size": 508, "stocks_size": 179, "fill_percentage": 0.6947589477703422, "solution_time": 0.021745100035332143}
{"items_size": 510, "stocks_size": 179, "fill_percentage": 0.6704029304029304, "solution_time": 0.01790219999384135}
{"items_size": 510, "stocks_size": 177, "fill_percentage": 0.5904169360051713, "solution_time": 0.022165099973790348}
{"items_size": 512, "stocks_size": 178, "fill_percentage": 0.7045185918732431, "solution_time": 0.03704349999316037}
{"items_size": 517, "stocks_size": 176, "fill_percentage": 0.7381551206069359, "solution_time": 0.036433400004170835}
{"items_size": 519, "stocks_size": 170, "fill_percentage": 0.6550248981439566, "solution_time": 0.02832679997663945}
{"items_size": 533, "stocks_size": 168, "fill_percentage": 0.7607650723763058, "solution_time": 0.04803369997534901}
{"items_size": 523, "stocks_size": 174, "fill_percentage": 0.6602308867869976, "solution_time": 0.02223280002363026}
{"items_size": 521, "stocks_size": 171, "fill_percentage": 0.6263390261627907, "solution_time": 0.025558299967087805}
{"items_size": 531, "stocks_size": 166, "fill_percentage": null, "solution_time": null}
{"items_size": 526, "stocks_size": 168, "fill_percentage": 0.5800756263326226, "solution_time": 0.039999500033445656}
{"items_size": 533, "stocks_size": 167, "fill_percentage": 0.6311059255603299, "solution_time": 0.0326393999857828}
{"items_size": 534, "stocks_size": 172, "fill_percentage": 0.7336632609621115, "solution_time": 0.05152570002246648}
{"items_size": 525, "stocks_size": 174, "fill_percentage": 0.715625, "solution_time": 0.04185150004923344}
{"items_size": 534, "stocks_size": 178, "fill_percentage": 0.6913368166084901, "solution_time": 0.03796890005469322}
{"items_size": 534, "stocks_size": 171, "fill_percentage": 0.705962954149427, "solution_time": 0.04122320003807545}
{"items_size": 524, "stocks_size": 169, "fill_percentage": null, "solution_time": null}
{"items_size": 533, "stocks_size": 163, "fill_percentage": 0.6251295183139768, "solution_time": 0.023166699917055666}
{"items_size": 527, "stocks_size": 169, "fill_percentage": 0.6213040896867251,