{"items_size": 10, "stocks_size": 4, "fill_percentage": 0.520868953032284, "solution_time": 0.00010137500066775829}
{"items_size": 10, "stocks_size": 4, "fill_percentage": 0.5670859538784067, "solution_time": 8.47910123411566e-05}
{"items_size": 12, "stocks_size": 3, "fill_percentage": 0.5498987295157429, "solution_time": 0.0001200780097860843}
{"items_size": 12, "stocks_size": 3, "fill_percentage": 0.5715024232633279, "solution_time": 9.44259954849258e-05}
{"items_size": 10, "stocks_size": 4, "fill_percentage": 0.6248221906116643, "solution_time": 0.00011353599256835878}
{"items_size": 10, "stocks_size": 4, "fill_percentage": 0.8769019876627827, "solution_time": 8.095300290733576e-05}
{"items_size": 12, "stocks_size": 3, "fill_percentage": 0.5882406069364162, "solution_time": 0.0001118990039685741}
{"items_size": 12, "stocks_size": 3, "fill_percentage": 0.6016475257050087, "solution_time": 0.00010127499990630895}
{"items_size": 12, "stocks_size": 3, "fill_percentage": 0.7935798455912231, "solution_time": 0.00010186999861616641}
{"items_size": 10, "stocks_size": 4, "fill_percentage": 0.6779969650986343, "solution_time": 9.441300062462687e-05}
{"items_size": 10, "stocks_size": 4, "fill_percentage": 0.4563677829792342, "solution_time": 6.845200550742447e-05}
{"items_size": 10, "stocks_size": 4, "fill_percentage": 0.6317624882186617, "solution_time": 8.949601033236831e-05}
{"items_size": 12, "stocks_size": 3, "fill_percentage": 0.6987036209208761, "solution_time": 8.902300032787025e-05}
{"items_size": 10, "stocks_size": 4, "fill_percentage": 0.5652918999200274, "solution_time": 8.661199535708874e-05}
{"items_size": 10, "stocks_size": 4, "fill_percentage": 0.5609856262833676, "solution_time": 8.95770062925294e-05}
{"items_size": 10, "stocks_size": 4, "fill_percentage": 0.6112579539892316, "solution_time": 9.880599100142717e-05}
{"items_size": 12, "stocks_size": 3, "fill_percentage": 0.5164915847735231, "solution_time": 0.00011125400487799197}
{"items_size": 12, "stocks_size": 3, "fill_percentage": 0.8069430841223202, "solution_time": 0.00016611300816293806}
{"items_size": 12, "stocks_size": 3, "fill_percentage": 0.5982905982905983, "solution_time": 9.498800500296056e-05}
{"items_size": 10, "stocks_size": 4, "fill_percentage": 0.804427621013994, "solution_time": 9.662299999035895e-05}
{"items_size": 12, "stocks_size": 3, "fill_percentage": 0.6348001038421599, "solution_time": 0.00010364300396759063}
{"items_size": 12, "stocks_size": 3, "fill_percentage": 0.8598123281022488, "solution_time": 0.00011181499576196074}
{"items_size": 10, "stocks_size": 4, "fill_percentage": 0.8165686372246037, "solution_time": 9.791199408937246e-05}
{"items_size": 10, "stocks_size": 4, "fill_percentage": 0.5940572267057961, "solution_time": 8.461899415124208e-05}
{"items_size": 10, "stocks_size": 4, "fill_percentage": 0.7292996270203067, "solution_time": 8.557400724384934e-05}
{"items_size": 10, "stocks_size": 4, "fill_percentage": 0.6446039664192724, "solution_time": 8.667600923217833e-05}
{"items_size": 12, "stocks_size": 3, "fill_percentage": 0.7602782392026578, "solution_time": 0.00010375700367148966}
{"items_size": 12, "stocks_size": 3, "fill_percentage": 0.4227838691692994, "solution_time": 0.00015260299551300704}
{"items_size": 10, "stocks_size": 4, "fill_percentage": 0.5518306131451257, "solution_time": 9.090999083127826e-05}
{"items_size": 12, "stocks_size": 3, "fill_percentage": 0.6392193093890749, "solution_time": 0.00011633300164248794}
{"items_size": 10, "stocks_size": 4, "fill_percentage": 0.5694279409268376, "solution_time": 9.784899884834886e-05}
{"items_size": 10, "stocks_size": 4, "fill_percentage": 0.5892578125, "solution_time": 9.097000292968005e-05}
{"items_size": 12, "stocks_size": 3, "fill_percentage": 0.6261453879047038, "solution_time": 0.00010351798846386373}
{"items_size": 12, "stocks_size": 3, "fill_percentage": 0.5217363051530314, "solution_time": 0.0001176610094262287}
{"items_size": 10, "stocks_size": 4, "fill_percentage": 0.6141260973663208, "solution_time": 8.713500574231148e-05}
{"items_size": 10, "stocks_size": 4, "fill_percentage": 0.5316455696202531, "solution_time": 0.00010091198782902211}
{"items_size": 10, "stocks_size": 4, "fill_percentage": 0.5095391840328735, "solution_time": 8.192000677809119e-05}
{"items_size": 12, "stocks_size": 3, "fill_percentage": 0.69944182052383, "solution_time": 0.00010624399874359369}
{"items_size": 10, "stocks_size": 4, "fill_percentage": 0.6674641148325359, "solution_time": 8.943599823396653e-05}
{"items_size": 12, "stocks_size": 3, "fill_percentage": 0.6606463036741921, "solution_time": 9.886299085337669e-05}
{"items_size": 10, "stocks_size": 4, "fill_percentage": 0.6329997915363769, "solution_time": 8.6369997006841e-05}
{"items_size": 10, "stocks_size": 4, "fill_percentage": 0.45647603027754413, "solution_time": 9.047500498127192e-05}
{"items_size": 12, "stocks_size": 3, "fill_percentage": 0.7688540646425074, "solution_time": 0.00012411500210873783}
{"items_size": 12, "stocks_size": 3, "fill_percentage": 0.7275429009682677, "solution_time": 0.00012227399565745145}
{"items_size": 10, "stocks_size": 4, "fill_percentage": 0.7236289315317361, "solution_time": 9.128199599217623e-05}
{"items_size": 12, "stocks_size": 3, "fill_percentage": 0.8048909591361423, "solution_time": 9.23629995668307e-05}
{"items_size": 12, "stocks_size": 3, "fill_percentage": 0.7908135775862069, "solution_time": 0.0001251219946425408}
{"items_size": 12, "stocks_size": 3, "fill_percentage": 0.7729885057471264, "solution_time": 9.711598977446556e-05}
{"items_size": 12, "stocks_size": 3, "fill_percentage": 0.6347081712062257, "solution_time": 0.00010601599933579564}
{"items_size": 10, "stocks_size": 4, "fill_percentage": 0.8832292167227295, "solution_time": 8.476999937556684e-05}
