{"items_size": 11226, "stocks_size": 3721, "fill_percentage": 0.9951517796148635, "solution_time": 2.7632596000330523}
{"items_size": 11386, "stocks_size": 3732, "fill_percentage": 0.994746201789204, "solution_time": 3.3480887000914663}
{"items_size": 10913, "stocks_size": 3801, "fill_percentage": 0.9957683747645469, "solution_time": 3.3028793999692425}
{"items_size": 11277, "stocks_size": 3762, "fill_percentage": 0.9936210596009935, "solution_time": 3.6355870000552386}
{"items_size": 11052, "stocks_size": 3697, "fill_percentage": 0.9955530735971269, "solution_time": 3.4457191000692546}
{"items_size": 11241, "stocks_size": 3743, "fill_percentage": 0.994718637983931, "solution_time": 3.505402300041169}
{"items_size": 11192, "stocks_size": 3795, "fill_percentage": 0.9958970135280818, "solution_time": 3.1632933999644592}
{"items_size": 11242, "stocks_size": 3730, "fill_percentage": 0.994909685193107, "solution_time": 2.977835400030017}
{"items_size": 11404, "stocks_size": 3759, "fill_percentage": 0.9944114131522113, "solution_time": 3.2739734000060707}
{"items_size": 11366, "stocks_size": 3736, "fill_percentage": 0.9951232392468773, "solution_time": 3.2597125999163836}
{"items_size": 11385, "stocks_size": 3520, "fill_percentage": 0.9951598165739733, "solution_time": 3.490665400051512}
{"items_size": 11440, "stocks_size": 3764, "fill_percentage": 0.9946264372158845, "solution_time": 3.3467290999833494}
{"items_size": 11174, "stocks_size": 3707, "fill_percentage": 0.994335383013075, "solution_time": 3.3270980999805033}
{"items_size": 11354, "stocks_size": 3505, "fill_percentage": 0.9940100210769862, "solution_time": 3.4002573000034317}
{"items_size": 11326, "stocks_size": 3805, "fill_percentage": 0.9947116426445518, "solution_time": 2.9901622999459505}
{"items_size": 11283, "stocks_size": 3543, "fill_percentage": 0.9956580175585152, "solution_time": 3.294735800009221}
{"items_size": 11401, "stocks_size": 3663, "fill_percentage": 0.994043093240849, "solution_time": 3.649244600092061}
{"items_size": 11437, "stocks_size": 3666, "fill_percentage": 0.9940075061164869, "solution_time": 3.4895013000350446}
{"items_size": 11417, "stocks_size": 3686, "fill_percentage": 0.9947456941005348, "solution_time": 3.3470405000261962}
{"items_size": 11403, "stocks_size": 3786, "fill_percentage": 0.9947060220676798, "solution_time": 3.4178049999754876}
{"items_size": 11266, "stocks_size": 3629, "fill_percentage": 0.9949197528139834, "solution_time": 2.8436019000364468}
{"items_size": 11264, "stocks_size": 3586, "fill_percentage": 0.9936595090683916, "solution_time": 3.036240299930796}
{"items_size": 11353, "stocks_size": 3649, "fill_percentage": 0.9945939647930745, "solution_time": 3.5038270000368357}
{"items_size": 11255, "stocks_size": 3595, "fill_percentage": 0.995652445361286, "solution_time": 3.122851499938406}
{"items_size": 11397, "stocks_size": 3614, "fill_percentage": 0.9944615869481525, "solution_time": 3.3971324999583885}
{"items_size": 11206, "stocks_size": 3791, "fill_percentage": 0.9959636971330943, "solution_time": 3.549961099983193}
{"items_size": 10999, "stocks_size": 3769, "fill_percentage": 0.9952826354880483, "solution_time": 3.158279100083746}
{"items_size": 11259, "stocks_size": 3806, "fill_percentage": 0.9948182712911714, "solution_time": 3.260849400074221}
{"items_size": 11018, "stocks_size": 3805, "fill_percentage": 0.9948302618403164, "solution_time": 3.267313400050625}
{"items_size": 11204, "stocks_size": 3716, "fill_percentage": 0.9958307171129522, "solution_time": 3.461314699961804}
{"items_size": 11166, "stocks_size": 3769, "fill_percentage": 0.9951974853514337, "solution_time": 3.3176871999166906}
{"items_size": 11176, "stocks_size": 3642, "fill_percentage": 0.9950260956427331, "solution_time": 3.008788900100626}
{"items_size": 11279, "stocks_size": 3654, "fill_percentage": 0.9947918576456584, "solution_time": 3.6038685999810696}
{"items_size": 11216, "stocks_size": 3754, "fill_percentage": 0.9948791423396186, "solution_time": 3.17919759999495}
{"items_size": 11230, "stocks_size": 3742, "fill_percentage": 0.9947789525592834, "solution_time": 3.774322400102392}
{"items_size": 11435, "stocks_size": 3677, "fill_percentage": 0.9941764995955097, "solution_time": 3.4435099000111222}
{"items_size": 11423, "stocks_size": 3754, "fill_percentage": 0.9946227147764194, "solution_time": 3.463564799982123}
{"items_size": 11296, "stocks_size": 3814, "fill_percentage": 0.993877609038625, "solution_time": 3.7642196000088006}
{"items_size": 11430, "stocks_size": 3686, "fill_percentage": 0.9958078310921653, "solution_time": 3.854172399966046}
{"items_size": 11114, "stocks_size": 3739, "fill_percentage": 0.994980157580462, "solution_time": 3.742806699941866}
{"items_size": 11295, "stocks_size": 3546, "fill_percentage": 0.9951497750203124, "solution_time": 4.050560400006361}
{"items_size": 11255, "stocks_size": 3579, "fill_percentage": 0.9943380679532885, "solution_time": 3.810882900026627}
{"items_size": 11435, "stocks_size": 3573, "fill_percentage": 0.993178925238143, "solution_time": 3.8479240000015125}
{"items_size": 11268, "stocks_size": 3713, "fill_percentage": 0.9947493983028517, "solution_time": 3.5593346999958158}
{"items_size": 11401, "stocks_size": 3528, "fill_percentage": 0.9942992700870023, "solution_time": 3.672162599978037}
{"items_size": 11373, "stocks_size": 3776, "fill_percentage": 0.995173922641612, "solution_time": 3.434135999996215}
{"items_size": 11437, "stocks_size": 3510, "fill_percentage": 0.9947446218691657, "solution_time": 3.591171699925326}
{"items_size": 11324, "stocks_size": 3520, "fill_percentage": 0.9948272572999877, "solution_time": 3.516428899951279}
{"items_size": 11387, "stocks_size": 3540, "fill_percentage": 0.9948568485385977, "solution_time": 3.6212861000094563}
{"items_size": 11374, "stocks_size": 3604, "fill_percentage": 0.9958548153644587, "solution_time": 3.513821700005792}
{"items_size": 11273, "stocks_size": 3702, "fill_percentage": 0.9956749465478361, "solution_time": 3.478149399976246}
{"items_size": 11414, "stocks_size": 3604, "fill_percentage": 0.9941697242900948, "solution_time": 3.863928099977784}
{"items_size": 11410, "stocks_size": 3540, "fill_percentage": 0.9951896705422925, "solution_time": 4.001317300018854}
{"items_size": 10905, "stocks_size": 3790, "fill_percentage": 0.9943754473435542, "solution_time": 3.5128247999818996}
{"items_size": 11321, "stocks_size": 3585, "fill_percentage": 0.9951615320415593, "solution_time": 3.6874142000451684}
{"items_size": 11385, "stocks_size": 3626, "fill_percentage": 0.9944401605059352, "solution_time": 3.5474609000375494}
{"items_size": 11303, "stocks_size": 3577, "fill_percentage": 0.9963086541049362, "solution_time": 3.849499800009653}
{"items_size": 11413, "stocks_size": 3594, "fill_percentage": 0.9949162408539203, "solution_time": 3.687931500026025}
{"items_size": 11343, "stocks_size": 3560, "fill_percentage": 0.9957836045146897, "solution_time": 3.717953099985607}
{"items_size": 11403, "stocks_size": 3800, "fill_percentage": 0.9935623717702313, "solution_time": 3.98757800005842}
{"items_size": 11016, "stocks_size": 3807, "fill_percentage": 0.9934031270499312, "solution_time": 3.350164100062102}
{"items_size": 11411, "stocks_size": 3495, "fill_percentage": 0.9948143232469824, "solution_time": 3.7440280000446364}
{"items_size": 11398, "stocks_size": 3622, "fill_percentage": 0.9946478124411982, "solution_time": 4.024563699960709}
{"items_size": 11348, "stocks_size": 3802, "fill_percentage": 0.9953367475353313, "solution_time": 3.809339000028558}
{"items_size": 11186, "stocks_size": 3675, "fill_percentage": 0.9959113296985496, "solution_time": 3.5333653000416234}
{"items_size": 11392, "stocks_size": 3628, "fill_percentage": 0.9944059343707533, "solution_time": 3.676336899981834}
{"items_size": 11447, "stocks_size": 3808, "fill_percentage": 0.9945101013698436, "solution_time": 3.8662438000319526}
{"items_size": 11056, "stocks_size": 3789,