{"items_size": 11226, "stocks_size": 3721, "fill_percentage": 0.9961368616810733, "solution_time": 4.017625299980864}
{"items_size": 11386, "stocks_size": 3732, "fill_percentage": 0.996795891566532, "solution_time": 5.4161071999697015}
{"items_size": 10913, "stocks_size": 3801, "fill_percentage": 0.9971158667371881, "solution_time": 5.724877399974503}
{"items_size": 11277, "stocks_size": 3762, "fill_percentage": 0.9964641108739866, "solution_time": 5.5462071999209}
{"items_size": 11052, "stocks_size": 3697, "fill_percentage": 0.9963585645285203, "solution_time": 6.129006200004369}
{"items_size": 11241, "stocks_size": 3743, "fill_percentage": 0.9967959350914914, "solution_time": 5.734982400084846}
{"items_size": 11192, "stocks_size": 3795, "fill_percentage": 0.997018116947157, "solution_time": 4.806926500052214}
{"items_size": 11242, "stocks_size": 3730, "fill_percentage": 0.9964854445854825, "solution_time": 5.24344819993712}
{"items_size": 11404, "stocks_size": 3759, "fill_percentage": 0.9962854569001085, "solution_time": 5.506148600019515}
{"items_size": 11366, "stocks_size": 3736, "fill_percentage": 0.9961868975078432, "solution_time": 5.0982491000322625}
{"items_size": 11385, "stocks_size": 3520, "fill_percentage": 0.9959419738843148, "solution_time": 5.521590600023046}
{"items_size": 11440, "stocks_size": 3764, "fill_percentage": 0.9968711962858272, "solution_time": 5.549810299999081}
{"items_size": 11174, "stocks_size": 3707, "fill_percentage": 0.9957417333814733, "solution_time": 4.888568899943493}
{"items_size": 11354, "stocks_size": 3505, "fill_percentage": 0.9965648112603966, "solution_time": 5.661873499979265}
{"items_size": 11326, "stocks_size": 3805, "fill_percentage": 0.9967444160715483, "solution_time": 5.054047700017691}
{"items_size": 11283, "stocks_size": 3543, "fill_percentage": 0.9973787046839456, "solution_time": 5.0628504999913275}
{"items_size": 11401, "stocks_size": 3663, "fill_percentage": 0.9967272851792291, "solution_time": 4.999267100007273}
{"items_size": 11437, "stocks_size": 3666, "fill_percentage": 0.9970111299010872, "solution_time": 4.911017799982801}
{"items_size": 11417, "stocks_size": 3686, "fill_percentage": 0.9960111774599073, "solution_time": 5.321434700046666}
{"items_size": 11403, "stocks_size": 3786, "fill_percentage": 0.9968105900145859, "solution_time": 5.381373299984261}
{"items_size": 11266, "stocks_size": 3629, "fill_percentage": 0.9966424701253968, "solution_time": 4.832123700063676}
{"items_size": 11264, "stocks_size": 3586, "fill_percentage": 0.9966292474354929, "solution_time": 5.115613200003281}
{"items_size": 11353, "stocks_size": 3649, "fill_percentage": 0.9965857124179907, "solution_time": 5.765607299981639}
{"items_size": 11255, "stocks_size": 3595, "fill_percentage": 0.9970769466029876, "solution_time": 5.454440200002864}
{"items_size": 11397, "stocks_size": 3614, "fill_percentage": 0.9974065967502729, "solution_time": 5.152374700061046}
{"items_size": 11206, "stocks_size": 3791, "fill_percentage": 0.996724939846496, "solution_time": 5.184883800102398}
{"items_size": 10999, "stocks_size": 3769, "fill_percentage": 0.9963366851354907, "solution_time": 4.891001400072128}
{"items_size": 11259, "stocks_size": 3806, "fill_percentage": 0.9966188170519098, "solution_time": 5.588701699976809}
{"items_size": 11018, "stocks_size": 3805, "fill_percentage": 0.9956406180684607, "solution_time": 5.799698599963449}
{"items_size": 11204, "stocks_size": 3716, "fill_percentage": 0.9971692269212773, "solution_time": 5.425406499998644}
{"items_size": 11166, "stocks_size": 3769, "fill_percentage": 0.9965413858644132, "solution_time": 5.720607999945059}
{"items_size": 11176, "stocks_size": 3642, "fill_percentage": 0.9964848759046031, "solution_time": 5.386471700039692}
{"items_size": 11279, "stocks_size": 3654, "fill_percentage": 0.9966850648628259, "solution_time": 5.853616400039755}
{"items_size": 11216, "stocks_size": 3754, "fill_percentage": 0.9970016031190216, "solution_time": 5.820322100073099}
{"items_size": 11230, "stocks_size": 3742, "fill_percentage": 0.9965217982296541, "solution_time": 5.952947999932803}
{"items_size": 11435, "stocks_size": 3677, "fill_percentage": 0.9971334448715378, "solution_time": 5.942593000014313}
{"items_size": 11423, "stocks_size": 3754, "fill_percentage": 0.9966607368680315, "solution_time": 6.177223200094886}
{"items_size": 11296, "stocks_size": 3814, "fill_percentage": 0.9969612250749817, "solution_time": 6.062128199962899}
{"items_size": 11430, "stocks_size": 3686, "fill_percentage": 0.9974377112871355, "solution_time": 5.886804400011897}
{"items_size": 11114, "stocks_size": 3739, "fill_percentage": 0.9965471913508598, "solution_time": 5.89090729993768}
{"items_size": 11295, "stocks_size": 3546, "fill_percentage": 0.9972995805264878, "solution_time": 5.538490300066769}
{"items_size": 11255, "stocks_size": 3579, "fill_percentage": 0.9962921150856455, "solution_time": 5.668786299997009}
{"items_size": 11435, "stocks_size": 3573, "fill_percentage": 0.9959271194414262, "solution_time": 6.16773710004054}
{"items_size": 11268, "stocks_size": 3713, "fill_percentage": 0.9967183436502858, "solution_time": 5.70904599991627}
{"items_size": 11401, "stocks_size": 3528, "fill_percentage": 0.9958770631504845, "solution_time": 6.033706900081597}
{"items_size": 11373, "stocks_size": 3776, "fill_percentage": 0.9964522395899676, "solution_time": 6.171720400103368}
{"items_size": 11437, "stocks_size": 3510, "fill_percentage": 0.9972296558549038, "solution_time": 6.3038904999848455}
{"items_size": 11324, "stocks_size": 3520, "fill_percentage": 0.9965859455567792, "solution_time": 5.9219164999667555}
{"items_size": 11387, "stocks_size": 3540, "fill_percentage": 0.9973101357125569, "solution_time": 5.819090700009838}
{"items_size": 11374, "stocks_size": 3604, "fill_percentage": 0.9970292004632592, "solution_time": 5.806134000071324}
{"items_size": 11273, "stocks_size": 3702, "fill_percentage": 0.9973415265977335, "solution_time": 5.64518680004403}
{"items_size": 11414, "stocks_size": 3604, "fill_percentage": 0.9968111074451742, "solution_time": 5.919971400056966}
{"items_size": 11410, "stocks_size": 3540, "fill_percentage": 0.9972448839438066, "solution_time": 5.990567800006829}
{"items_size": 10905, "stocks_size": 3790, "fill_percentage": 0.9967794103938836, "solution_time": 5.600837799953297}
{"items_size": 11321, "stocks_size": 3585, "fill_percentage": 0.9967026349418474, "solution_time": 5.567485300009139}
{"items_size": 11385, "stocks_size": 3626, "fill_percentage": 0.9961958996092555, "solution_time": 6.184940899955109}
{"items_size": 11303, "stocks_size": 3577, "fill_percentage": 0.9969782265400797, "solution_time": 5.79681560001336}
{"items_size": 11413, "stocks_size": 3594, "fill_percentage": 0.9970113893993717, "solution_time": 5.838615500018932}
{"items_size": 11343, "stocks_size": 3560, "fill_percentage": 0.9965885981052608, "solution_time": 5.715932200080715}
{"items_size": 11403, "stocks_size": 3800, "fill_percentage": 0.9962819570328797, "solution_time": 5.966038199956529}
{"items_size": 11016, "stocks_size": 3807, "fill_percentage": 0.9963542008364497, "solution_time": 5.464552500052378}
{"items_size": 11411, "stocks_size": 3495, "fill_percentage": 0.9960390765127011, "solution_time": 6.156274799956009}
{"items_size": 11398, "stocks_size": 3622, "fill_percentage": 0.9972657589331285, "solution_time": 5.843423699960113}
{"items_size": 11348, "stocks_size": 3802, "fill_percentage": 0.9972159920999503, "solution_time": 5.703442699974403}
{"items_size": 11186, "stocks_size": 3675, "fill_percentage": 0.9967901242713451, "solution_time": 5.560490300063975}
{"items_size": 11392, "stocks_size": 3628, "fill_percentage": 0.9968989122635469, "solution_time": 6.36247990000993}
{"items_size": 11447, "stocks_size": 3808, "fill_percentage": 0.9970194877764903, "solution_time": 6.606810099910945}
{"items_size": 11056,