{"items_size": 11226, "stocks_size": 3721, "fill_percentage": 0.9969136143984985, "solution_time": 2.5554083000170067}
{"items_size": 11386, "stocks_size": 3732, "fill_percentage": 0.995613057425842, "solution_time": 2.8296695000026375}
{"items_size": 10913, "stocks_size": 3801, "fill_percentage": 0.996692713295802, "solution_time": 3.2870214000577107}
{"items_size": 11277, "stocks_size": 3762, "fill_percentage": 0.9953217796444878, "solution_time": 3.865616999915801}
{"items_size": 11052, "stocks_size": 3697, "fill_percentage": 0.9964594092544556, "solution_time": 3.46656999993138}
{"items_size": 11241, "stocks_size": 3743, "fill_percentage": 0.9964690121744386, "solution_time": 3.5330563000170514}
{"items_size": 11192, "stocks_size": 3795, "fill_percentage": 0.9967978215100667, "solution_time": 3.190138000063598}
{"items_size": 11242, "stocks_size": 3730, "fill_percentage": 0.9966885577680139, "solution_time": 3.678070400026627}
{"items_size": 11404, "stocks_size": 3759, "fill_percentage": 0.9961493970232213, "solution_time": 3.573209199937992}
{"items_size": 11366, "stocks_size": 3736, "fill_percentage": 0.9959819646844359, "solution_time": 3.05770569993183}
{"items_size": 11385, "stocks_size": 3520, "fill_percentage": 0.9968745997619043, "solution_time": 3.0324230000842363}
{"items_size": 11440, "stocks_size": 3764, "fill_percentage": 0.9963870860550528, "solution_time": 3.2271079000784084}
{"items_size": 11174, "stocks_size": 3707, "fill_percentage": 0.9952077682286282, "solution_time": 3.564139800029807}
{"items_size": 11354, "stocks_size": 3505, "fill_percentage": 0.9956648270840024, "solution_time": 3.349922199966386}
{"items_size": 11326, "stocks_size": 3805, "fill_percentage": 0.9964958561548364, "solution_time": 2.7717659999616444}
{"items_size": 11283, "stocks_size": 3543, "fill_percentage": 0.9965384383243097, "solution_time": 3.1805254000937566}
{"items_size": 11401, "stocks_size": 3663, "fill_percentage": 0.9957369310550838, "solution_time": 3.4160470999777317}
{"items_size": 11437, "stocks_size": 3666, "fill_percentage": 0.9965070839873866, "solution_time": 3.3538303000386804}
{"items_size": 11417, "stocks_size": 3686, "fill_percentage": 0.9964463131491537, "solution_time": 3.3166406999807805}
{"items_size": 11403, "stocks_size": 3786, "fill_percentage": 0.9964097870150997, "solution_time": 2.9885614999802783}
{"items_size": 11266, "stocks_size": 3629, "fill_percentage": 0.9958013723505306, "solution_time": 3.138110699946992}
{"items_size": 11264, "stocks_size": 3586, "fill_percentage": 0.9962208490592699, "solution_time": 2.9803394000045955}
{"items_size": 11353, "stocks_size": 3649, "fill_percentage": 0.9963023481028694, "solution_time": 3.599338100058958}
{"items_size": 11255, "stocks_size": 3595, "fill_percentage": 0.9965219132354239, "solution_time": 3.2350032000103965}
{"items_size": 11397, "stocks_size": 3614, "fill_percentage": 0.9961693273087731, "solution_time": 3.1983492999570444}
{"items_size": 11206, "stocks_size": 3791, "fill_percentage": 0.9968495117878875, "solution_time": 3.0846692000050098}
{"items_size": 10999, "stocks_size": 3769, "fill_percentage": 0.9961870499765668, "solution_time": 2.791182200075127}
{"items_size": 11259, "stocks_size": 3806, "fill_percentage": 0.9965609036360618, "solution_time": 3.254417599993758}
{"items_size": 11018, "stocks_size": 3805, "fill_percentage": 0.9957233329386174, "solution_time": 2.893194400006905}
{"items_size": 11204, "stocks_size": 3716, "fill_percentage": 0.996716850104093, "solution_time": 3.2499429000308737}
{"items_size": 11166, "stocks_size": 3769, "fill_percentage": 0.9969826094537154, "solution_time": 3.3206023999955505}
{"items_size": 11176, "stocks_size": 3642, "fill_percentage": 0.995911151209304, "solution_time": 3.016390400007367}
{"items_size": 11279, "stocks_size": 3654, "fill_percentage": 0.9956487770132612, "solution_time": 3.262388200033456}
{"items_size": 11216, "stocks_size": 3754, "fill_percentage": 0.9966740448770876, "solution_time": 3.165829199948348}
{"items_size": 11230, "stocks_size": 3742, "fill_percentage": 0.9956759204786847, "solution_time": 3.4725135000189766}
{"items_size": 11435, "stocks_size": 3677, "fill_percentage": 0.9967574861793116, "solution_time": 3.584971300093457}
{"items_size": 11423, "stocks_size": 3754, "fill_percentage": 0.9963550166692099, "solution_time": 3.086741300066933}
{"items_size": 11296, "stocks_size": 3814, "fill_percentage": 0.9956304232694331, "solution_time": 3.552857600036077}
{"items_size": 11430, "stocks_size": 3686, "fill_percentage": 0.9975706547970183, "solution_time": 3.1937362999888137}
{"items_size": 11114, "stocks_size": 3739, "fill_percentage": 0.9958766441199742, "solution_time": 3.2084521999349818}
{"items_size": 11295, "stocks_size": 3546, "fill_percentage": 0.9960091034261953, "solution_time": 3.084819299983792}
{"items_size": 11255, "stocks_size": 3579, "fill_percentage": 0.9960839690060252, "solution_time": 3.155996299930848}
{"items_size": 11435, "stocks_size": 3573, "fill_percentage": 0.9956845424669228, "solution_time": 3.52301670005545}
{"items_size": 11268, "stocks_size": 3713, "fill_percentage": 0.9964579543096866, "solution_time": 3.2506992000853643}
{"items_size": 11401, "stocks_size": 3528, "fill_percentage": 0.9959641134334182, "solution_time": 3.623651299974881}
{"items_size": 11373, "stocks_size": 3776, "fill_percentage": 0.9960359731210129, "solution_time": 3.7187525000190362}
{"items_size": 11437, "stocks_size": 3510, "fill_percentage": 0.9964180833808408, "solution_time": 3.5676849000155926}
{"items_size": 11324, "stocks_size": 3520, "fill_percentage": 0.9964931476193895, "solution_time": 3.492000999976881}
{"items_size": 11387, "stocks_size": 3540, "fill_percentage": 0.9965417703526794, "solution_time": 3.7045961999101564}
{"items_size": 11374, "stocks_size": 3604, "fill_percentage": 0.9975671737421267, "solution_time": 3.3819830000866205}
{"items_size": 11273, "stocks_size": 3702, "fill_percentage": 0.9974527601104266, "solution_time": 3.6348569000838324}
{"items_size": 11414, "stocks_size": 3604, "fill_percentage": 0.9958655695940777, "solution_time": 3.9439098000293598}
{"items_size": 11410, "stocks_size": 3540, "fill_percentage": 0.9960428253972332, "solution_time": 3.64877329999581}
{"items_size": 10905, "stocks_size": 3790, "fill_percentage": 0.9962017373012143, "solution_time": 3.3892509000143036}
{"items_size": 11321, "stocks_size": 3585, "fill_percentage": 0.996891995986967, "solution_time": 3.8122087999945506}
{"items_size": 11385, "stocks_size": 3626, "fill_percentage": 0.9952859428669447, "solution_time": 3.865569799905643}
{"items_size": 11303, "stocks_size": 3577, "fill_percentage": 0.9954513439593913, "solution_time": 3.6234523999737576}
{"items_size": 11413, "stocks_size": 3594, "fill_percentage": 0.9966725738202407, "solution_time": 3.5505904000019655}
{"items_size": 11343, "stocks_size": 3560, "fill_percentage": 0.9957836045146897, "solution_time": 3.455622399924323}
{"items_size": 11403, "stocks_size": 3800, "fill_percentage": 0.9952841693398559, "solution_time": 3.7118793000699952}
{"items_size": 11016, "stocks_size": 3807, "fill_percentage": 0.996088287418291, "solution_time": 3.3900101999752223}
{"items_size": 11411, "stocks_size": 3495, "fill_percentage": 0.9948143232469824, "solution_time": 3.785407099989243}
{"items_size": 11398, "stocks_size": 3622, "fill_percentage": 0.99635269256844, "solution_time": 3.9959380999207497}
{"items_size": 11348, "stocks_size": 3802, "fill_percentage": 0.9953367475353313, "solution_time": 3.579003999941051}
{"items_size": 11186, "stocks_size": 3675, "fill_percentage": 0.9959113296985496, "solution_time": 3.461388999945484}
{"items_size": 11392, "stocks_size": 3628, "fill_percentage": 0.996131448181279, "solution_time": 3.462084099999629}
{"items_size": 11447, "stocks_size": 3808, "fill_percentage": 0.9953838990099455, "solution_time": 3.4853618999477476}
{"items_size": 11056, "stocks_size": 3789,