{"items_size": 11226, "stocks_size": 3721, "fill_percentage": 0.7242201345531508, "solution_time": 3.9768056999891996}
{"items_size": 11386, "stocks_size": 3732, "fill_percentage": 0.7170998291466891, "solution_time": 4.898522799951024}
{"items_size": 10913, "stocks_size": 3801, "fill_percentage": 0.7136251894969915, "solution_time": 5.089488300029188}
{"items_size": 11277, "stocks_size": 3762, "fill_percentage": 0.7216139093937952, "solution_time": 5.571553400019184}
{"items_size": 11052, "stocks_size": 3697, "fill_percentage": 0.7159208837835688, "solution_time": 4.9923866000026464}
{"items_size": 11241, "stocks_size": 3743, "fill_percentage": 0.7168332940264308, "solution_time": 5.515958299976774}
{"items_size": 11192, "stocks_size": 3795, "fill_percentage": 0.7248134499385805, "solution_time": 5.025262400042266}
{"items_size": 11242, "stocks_size": 3730, "fill_percentage": 0.7190211787944116, "solution_time": 5.129750599968247}
{"items_size": 11404, "stocks_size": 3759, "fill_percentage": 0.7165602788115907, "solution_time": 5.210429599974304}
{"items_size": 11366, "stocks_size": 3736, "fill_percentage": 0.7153269120734516, "solution_time": 4.683259099954739}
{"items_size": 11385, "stocks_size": 3520, "fill_percentage": 0.7161634968729437, "solution_time": 5.26564330002293}
{"items_size": 11440, "stocks_size": 3764, "fill_percentage": 0.7178260809984286, "solution_time": 4.983630599919707}
{"items_size": 11174, "stocks_size": 3707, "fill_percentage": 0.7183942815978821, "solution_time": 4.409869599970989}
{"items_size": 11354, "stocks_size": 3505, "fill_percentage": 0.7146366023610436, "solution_time": 4.638651099987328}
{"items_size": 11326, "stocks_size": 3805, "fill_percentage": 0.720382840290749, "solution_time": 4.542890299926512}
{"items_size": 11283, "stocks_size": 3543, "fill_percentage": 0.7171383464982897, "solution_time": 4.564331200090237}
{"items_size": 11401, "stocks_size": 3663, "fill_percentage": 0.716388473378536, "solution_time": 4.550515600014478}
{"items_size": 11437, "stocks_size": 3666, "fill_percentage": 0.7156274394981772, "solution_time": 4.502400799887255}
{"items_size": 11417, "stocks_size": 3686, "fill_percentage": 0.7190544170820989, "solution_time": 4.57820410002023}
{"items_size": 11403, "stocks_size": 3786, "fill_percentage": 0.7222185405507954, "solution_time": 4.698082100017928}
{"items_size": 11266, "stocks_size": 3629, "fill_percentage": 0.7173926921243879, "solution_time": 4.492597299977206}
{"items_size": 11264, "stocks_size": 3586, "fill_percentage": 0.7206399303211823, "solution_time": 4.32423479994759}
{"items_size": 11353, "stocks_size": 3649, "fill_percentage": 0.7141103386509873, "solution_time": 4.696571300039068}
{"items_size": 11255, "stocks_size": 3595, "fill_percentage": 0.7153066056953873, "solution_time": 4.595775700057857}
{"items_size": 11397, "stocks_size": 3614, "fill_percentage": 0.7162641619467867, "solution_time": 5.120311000035144}
{"items_size": 11206, "stocks_size": 3791, "fill_percentage": 0.7168082542959239, "solution_time": 4.638168099918403}
{"items_size": 10999, "stocks_size": 3769, "fill_percentage": 0.7212553909200898, "solution_time": 4.742315000039525}
{"items_size": 11259, "stocks_size": 3806, "fill_percentage": 0.7185446592939975, "solution_time": 5.209284400101751}
{"items_size": 11018, "stocks_size": 3805, "fill_percentage": 0.7232150605537002, "solution_time": 4.497200999991037}
{"items_size": 11204, "stocks_size": 3716, "fill_percentage": 0.7129974670786532, "solution_time": 4.972602800000459}
{"items_size": 11166, "stocks_size": 3769, "fill_percentage": 0.7178027821084904, "solution_time": 5.023179300012998}
{"items_size": 11176, "stocks_size": 3642, "fill_percentage": 0.7179031436652976, "solution_time": 4.822997099952772}
{"items_size": 11279, "stocks_size": 3654, "fill_percentage": 0.7186252552197934, "solution_time": 5.0779035000596195}
{"items_size": 11216, "stocks_size": 3754, "fill_percentage": 0.7210855565865508, "solution_time": 5.3183784999419}
{"items_size": 11230, "stocks_size": 3742, "fill_percentage": 0.7273259728097353, "solution_time": 5.164428799995221}
{"items_size": 11435, "stocks_size": 3677, "fill_percentage": 0.7141979024088411, "solution_time": 5.515664100064896}
{"items_size": 11423, "stocks_size": 3754, "fill_percentage": 0.7170931673457581, "solution_time": 5.59892989997752}
{"items_size": 11296, "stocks_size": 3814, "fill_percentage": 0.7223567643208193, "solution_time": 5.053286700043827}
{"items_size": 11430, "stocks_size": 3686, "fill_percentage": 0.7251760668508251, "solution_time": 5.396344100008719}
{"items_size": 11114, "stocks_size": 3739, "fill_percentage": 0.7166997788815289, "solution_time": 5.274947999976575}
{"items_size": 11295, "stocks_size": 3546, "fill_percentage": 0.7183248065875316, "solution_time": 5.563438199926168}
{"items_size": 11255, "stocks_size": 3579, "fill_percentage": 0.7175892661328003, "solution_time": 5.599596800049767}
{"items_size": 11435, "stocks_size": 3573, "fill_percentage": 0.7177724997474464, "solution_time": 5.8799094000132754}
{"items_size": 11268, "stocks_size": 3713, "fill_percentage": 0.7194840785140499, "solution_time": 5.293312499998137}
{"items_size": 11401, "stocks_size": 3528, "fill_percentage": 0.7203103426700315, "solution_time": 5.454390800092369}
{"items_size": 11373, "stocks_size": 3776, "fill_percentage": 0.7166000888736194, "solution_time": 5.146978300064802}
{"items_size": 11437, "stocks_size": 3510, "fill_percentage": 0.7248658796556, "solution_time": 5.182189199957065}
{"items_size": 11324, "stocks_size": 3520, "fill_percentage": 0.7118323990508175, "solution_time": 4.968511700048111}
{"items_size": 11387, "stocks_size": 3540, "fill_percentage": 0.7207176626189051, "solution_time": 5.5592501000501215}
{"items_size": 11374, "stocks_size": 3604, "fill_percentage": 0.717985806500025, "solution_time": 5.406281300005503}
{"items_size": 11273, "stocks_size": 3702, "fill_percentage": 0.7244854779580943, "solution_time": 5.639388100011274}
{"items_size": 11414, "stocks_size": 3604, "fill_percentage": 0.7198548037821155, "solution_time": 5.465426800074056}
{"items_size": 11410, "stocks_size": 3540, "fill_percentage": 0.7098552175270674, "solution_time": 5.118455699994229}
{"items_size": 10905, "stocks_size": 3790, "fill_percentage": 0.7208309894652635, "solution_time": 5.053888699971139}
{"items_size": 11321, "stocks_size": 3585, "fill_percentage": 0.7179403892446266, "solution_time": 4.931865100050345}
{"items_size": 11385, "stocks_size": 3626, "fill_percentage": 0.7221066967595655, "solution_time": 5.26559319999069}
{"items_size": 11303, "stocks_size": 3577, "fill_percentage": 0.7181320497675304, "solution_time": 5.553442299948074}
{"items_size": 11413, "stocks_size": 3594, "fill_percentage": 0.7156082643902343, "solution_time": 5.6359631000086665}
{"items_size": 11343, "stocks_size": 3560, "fill_percentage": 0.7165474434815686, "solution_time": 5.444860200048424}
{"items_size": 11403, "stocks_size": 3800, "fill_percentage": 0.7221277658421245, "solution_time": 5.355119000072591}
{"items_size": 11016, "stocks_size": 3807, "fill_percentage": 0.721435472150779, "solution_time": 5.245120799983852}
{"items_size": 11411, "stocks_size": 3495, "fill_percentage": 0.7213726177040582, "solution_time": 5.320430199964903}
{"items_size": 11398, "stocks_size": 3622, "fill_percentage": 0.7155787263580325, "solution_time": 5.321481899940409}
{"items_size": 11348, "stocks_size": 3802, "fill_percentage": 0.7239211972720816, "solution_time": 5.290949500049464}
{"items_size": 11186, "stocks_size": 3675, "fill_percentage": 0.7143644772420179, "solution_time": 5.014795499970205}
{"items_size": 11392, "stocks_size": 3628, "fill_percentage": 0.7234352260265661, "solution_time": 5.5872881999239326}
{"items_size": 11447, "stocks_size": 3808, "fill_percentage": 0.7217070682874255, "solution_time": 5.27169970003888}
{"items_size": 11056,