{"items_size": 11226, "stocks_size": 3721, "fill_percentage": 0.6790963391844167, "solution_time": 3.921890400000848}
{"items_size": 11386, "stocks_size": 3732, "fill_percentage": 0.679121706786751, "solution_time": 5.371930799912661}
{"items_size": 10913, "stocks_size": 3801, "fill_percentage": 0.6781934553140051, "solution_time": 4.7372100999346}
{"items_size": 11277, "stocks_size": 3762, "fill_percentage": 0.6812836197711402, "solution_time": 5.627092799986713}
{"items_size": 11052, "stocks_size": 3697, "fill_percentage": 0.6830754713362077, "solution_time": 5.09921149990987}
{"items_size": 11241, "stocks_size": 3743, "fill_percentage": 0.6827528329780898, "solution_time": 5.4877387000015005}
{"items_size": 11192, "stocks_size": 3795, "fill_percentage": 0.6833001676100894, "solution_time": 5.394447700004093}
{"items_size": 11242, "stocks_size": 3730, "fill_percentage": 0.6794919696918824, "solution_time": 4.9884204000700265}
{"items_size": 11404, "stocks_size": 3759, "fill_percentage": 0.681528534214363, "solution_time": 5.471557699958794}
{"items_size": 11366, "stocks_size": 3736, "fill_percentage": 0.6767321301043835, "solution_time": 5.289763699984178}
{"items_size": 11385, "stocks_size": 3520, "fill_percentage": 0.67676172684264, "solution_time": 4.773715600022115}
{"items_size": 11440, "stocks_size": 3764, "fill_percentage": 0.6871924499225321, "solution_time": 5.193255399935879}
{"items_size": 11174, "stocks_size": 3707, "fill_percentage": 0.680820431054229, "solution_time": 4.6031544000143185}
{"items_size": 11354, "stocks_size": 3505, "fill_percentage": 0.6723502796267476, "solution_time": 4.714388299966231}
{"items_size": 11326, "stocks_size": 3805, "fill_percentage": 0.6807665026868452, "solution_time": 5.029839499969967}
{"items_size": 11283, "stocks_size": 3543, "fill_percentage": 0.6774195439119655, "solution_time": 4.849648099974729}
{"items_size": 11401, "stocks_size": 3663, "fill_percentage": 0.679936409461715, "solution_time": 4.716163399978541}
{"items_size": 11437, "stocks_size": 3666, "fill_percentage": 0.6748834644665545, "solution_time": 4.3435783999739215}
{"items_size": 11417, "stocks_size": 3686, "fill_percentage": 0.6804132547264282, "solution_time": 4.719375899992883}
{"items_size": 11403, "stocks_size": 3786, "fill_percentage": 0.679399283916337, "solution_time": 4.841326300054789}
{"items_size": 11266, "stocks_size": 3629, "fill_percentage": 0.6811013959903891, "solution_time": 4.465195200056769}
{"items_size": 11264, "stocks_size": 3586, "fill_percentage": 0.6772980209122237, "solution_time": 4.5560947000049055}
{"items_size": 11353, "stocks_size": 3649, "fill_percentage": 0.6772773959755846, "solution_time": 5.185412700055167}
{"items_size": 11255, "stocks_size": 3595, "fill_percentage": 0.6809391167990225, "solution_time": 4.871818399988115}
{"items_size": 11397, "stocks_size": 3614, "fill_percentage": 0.682269126903514, "solution_time": 5.315075500053354}
{"items_size": 11206, "stocks_size": 3791, "fill_percentage": 0.6769978093521115, "solution_time": 4.802000900031999}
{"items_size": 10999, "stocks_size": 3769, "fill_percentage": 0.6782878469048039, "solution_time": 4.6379944999935105}
{"items_size": 11259, "stocks_size": 3806, "fill_percentage": 0.6755020429110001, "solution_time": 4.5343672999879345}
{"items_size": 11018, "stocks_size": 3805, "fill_percentage": 0.6891266292364208, "solution_time": 4.679163199965842}
{"items_size": 11204, "stocks_size": 3716, "fill_percentage": 0.6861934283106501, "solution_time": 4.906456799944863}
{"items_size": 11166, "stocks_size": 3769, "fill_percentage": 0.6856425077977962, "solution_time": 5.315680800005794}
{"items_size": 11176, "stocks_size": 3642, "fill_percentage": 0.6836330408438522, "solution_time": 5.210117700044066}
{"items_size": 11279, "stocks_size": 3654, "fill_percentage": 0.6766428971764488, "solution_time": 5.020839700009674}
{"items_size": 11216, "stocks_size": 3754, "fill_percentage": 0.6754896591659518, "solution_time": 4.988301999983378}
{"items_size": 11230, "stocks_size": 3742, "fill_percentage": 0.6826481801358864, "solution_time": 5.120328099932522}
{"items_size": 11435, "stocks_size": 3677, "fill_percentage": 0.6738437859384259, "solution_time": 5.554898599977605}
{"items_size": 11423, "stocks_size": 3754, "fill_percentage": 0.6828081132978256, "solution_time": 5.409763199975714}
{"items_size": 11296, "stocks_size": 3814, "fill_percentage": 0.6815828595186645, "solution_time": 5.358653899980709}
{"items_size": 11430, "stocks_size": 3686, "fill_percentage": 0.688875310150724, "solution_time": 5.294537500012666}
{"items_size": 11114, "stocks_size": 3739, "fill_percentage": 0.6786647589296293, "solution_time": 5.155786599963903}
{"items_size": 11295, "stocks_size": 3546, "fill_percentage": 0.679094786075664, "solution_time": 4.815734600066207}
{"items_size": 11255, "stocks_size": 3579, "fill_percentage": 0.6718658315419465, "solution_time": 5.135286799981259}
{"items_size": 11435, "stocks_size": 3573, "fill_percentage": 0.6869999569674559, "solution_time": 5.230558600043878}
{"items_size": 11268, "stocks_size": 3713, "fill_percentage": 0.6838890888964644, "solution_time": 5.173707299982198}
{"items_size": 11401, "stocks_size": 3528, "fill_percentage": 0.6764753224324991, "solution_time": 5.375521500012837}
{"items_size": 11373, "stocks_size": 3776, "fill_percentage": 0.6799671670508961, "solution_time": 5.4475450000027195}
{"items_size": 11437, "stocks_size": 3510, "fill_percentage": 0.6830812866578102, "solution_time": 5.413968299981207}
{"items_size": 11324, "stocks_size": 3520, "fill_percentage": 0.6691787773268267, "solution_time": 5.382765699992888}
{"items_size": 11387, "stocks_size": 3540, "fill_percentage": 0.6824355476069346, "solution_time": 5.542958400095813}
{"items_size": 11374, "stocks_size": 3604, "fill_percentage": 0.6780182574150092, "solution_time": 5.192001800052822}
{"items_size": 11273, "stocks_size": 3702, "fill_percentage": 0.6854143175983851, "solution_time": 5.532285000081174}
{"items_size": 11414, "stocks_size": 3604, "fill_percentage": 0.6800893798237148, "solution_time": 5.505313899950124}
{"items_size": 11410, "stocks_size": 3540, "fill_percentage": 0.6784784003704278, "solution_time": 5.3867126000113785}
{"items_size": 10905, "stocks_size": 3790, "fill_percentage": 0.6785657872507198, "solution_time": 4.740283700055443}
{"items_size": 11321, "stocks_size": 3585, "fill_percentage": 0.682282310849966, "solution_time": 4.84405750001315}
{"items_size": 11385, "stocks_size": 3626, "fill_percentage": 0.67560574999543, "solution_time": 5.469973100000061}
{"items_size": 11303, "stocks_size": 3577, "fill_percentage": 0.6809192465008933, "solution_time": 5.783789200009778}
{"items_size": 11413, "stocks_size": 3594, "fill_percentage": 0.6763417287991107, "solution_time": 5.407550600008108}
{"items_size": 11343, "stocks_size": 3560, "fill_percentage": 0.6844818118922461, "solution_time": 5.637468799948692}
{"items_size": 11403, "stocks_size": 3800, "fill_percentage": 0.6878978723859224, "solution_time": 5.550656399922445}
{"items_size": 11016, "stocks_size": 3807, "fill_percentage": 0.6806786549227343, "solution_time": 5.140862900065258}
{"items_size": 11411, "stocks_size": 3495, "fill_percentage": 0.6824111868060597, "solution_time": 5.517517699976452}
{"items_size": 11398, "stocks_size": 3622, "fill_percentage": 0.6794757611298441, "solution_time": 5.520106400013901}
{"items_size": 11348, "stocks_size": 3802, "fill_percentage": 0.6835757167135453, "solution_time": 5.303679200005718}
{"items_size": 11186, "stocks_size": 3675, "fill_percentage": 0.6792229800965012, "solution_time": 5.304545999970287}
{"items_size": 11392, "stocks_size": 3628, "fill_percentage": 0.6720394634932402, "solution_time": 5.373365800012834}
{"items_size": 11447, "stocks_size": 3808, "fill_percentage": 0.6801049236015262, "solution_time": 5.41408220003359}
{"items_size": 11056, "stocks_size": 3789, "fill_percentage": 0.6877824445792514,