{"items_size": 11226, "stocks_size": 3721, "fill_percentage": 0.9933316055952771, "solution_time": 4.164450299926102}
{"items_size": 11386, "stocks_size": 3732, "fill_percentage": 0.9940179086654186, "solution_time": 6.177628500037827}
{"items_size": 10913, "stocks_size": 3801, "fill_percentage": 0.9935545659367313, "solution_time": 5.703280000016093}
{"items_size": 11277, "stocks_size": 3762, "fill_percentage": 0.9943892544815551, "solution_time": 5.693199199973606}
{"items_size": 11052, "stocks_size": 3697, "fill_percentage": 0.9956393709767887, "solution_time": 6.064238699967973}
{"items_size": 11241, "stocks_size": 3743, "fill_percentage": 0.9947073274682987, "solution_time": 6.09378180000931}
{"items_size": 11192, "stocks_size": 3795, "fill_percentage": 0.9956067392050644, "solution_time": 6.059645100031048}
{"items_size": 11242, "stocks_size": 3730, "fill_percentage": 0.9950684459474874, "solution_time": 5.220759800053202}
{"items_size": 11404, "stocks_size": 3759, "fill_percentage": 0.9941929980293711, "solution_time": 5.623865999979898}
{"items_size": 11366, "stocks_size": 3736, "fill_percentage": 0.9934333807330155, "solution_time": 5.4779835001099855}
{"items_size": 11385, "stocks_size": 3520, "fill_percentage": 0.9952268291139581, "solution_time": 4.935312199988402}
{"items_size": 11440, "stocks_size": 3764, "fill_percentage": 0.9940753281368144, "solution_time": 5.343663400039077}
{"items_size": 11174, "stocks_size": 3707, "fill_percentage": 0.9936438174129942, "solution_time": 5.293026800034568}
{"items_size": 11354, "stocks_size": 3505, "fill_percentage": 0.9951565660315109, "solution_time": 5.380244800006039}
{"items_size": 11326, "stocks_size": 3805, "fill_percentage": 0.9932599059372701, "solution_time": 5.347700499929488}
{"items_size": 11283, "stocks_size": 3543, "fill_percentage": 0.9952162808073636, "solution_time": 5.6569461999461055}
{"items_size": 11401, "stocks_size": 3663, "fill_percentage": 0.994633741510774, "solution_time": 5.4042214000364766}
{"items_size": 11437, "stocks_size": 3666, "fill_percentage": 0.9942590800008066, "solution_time": 5.086429100017995}
{"items_size": 11417, "stocks_size": 3686, "fill_percentage": 0.993930954304896, "solution_time": 5.464651999995112}
{"items_size": 11403, "stocks_size": 3786, "fill_percentage": 0.9940531183729784, "solution_time": 5.524976399959996}
{"items_size": 11266, "stocks_size": 3629, "fill_percentage": 0.9945043543682967, "solution_time": 4.905951799941249}
{"items_size": 11264, "stocks_size": 3586, "fill_percentage": 0.9945273977593222, "solution_time": 5.054300399962813}
{"items_size": 11353, "stocks_size": 3649, "fill_percentage": 0.9951930349081417, "solution_time": 5.9895428000018}
{"items_size": 11255, "stocks_size": 3595, "fill_percentage": 0.9942407898226634, "solution_time": 5.547962700016797}
{"items_size": 11397, "stocks_size": 3614, "fill_percentage": 0.9938961009361676, "solution_time": 5.713154400000349}
{"items_size": 11206, "stocks_size": 3791, "fill_percentage": 0.993251320174606, "solution_time": 5.19088610005565}
{"items_size": 10999, "stocks_size": 3769, "fill_percentage": 0.9949132591948019, "solution_time": 5.061796099995263}
{"items_size": 11259, "stocks_size": 3806, "fill_percentage": 0.9938434660589123, "solution_time": 5.349442400038242}
{"items_size": 11018, "stocks_size": 3805, "fill_percentage": 0.9949365715682118, "solution_time": 5.841310099931434}
{"items_size": 11204, "stocks_size": 3716, "fill_percentage": 0.9943281643574746, "solution_time": 5.598233799915761}
{"items_size": 11166, "stocks_size": 3769, "fill_percentage": 0.995835477823672, "solution_time": 5.65620750002563}
{"items_size": 11176, "stocks_size": 3642, "fill_percentage": 0.9943516191235239, "solution_time": 6.016553399967961}
{"items_size": 11279, "stocks_size": 3654, "fill_percentage": 0.9938898706162334, "solution_time": 6.412013799999841}
{"items_size": 11216, "stocks_size": 3754, "fill_percentage": 0.9955930872517135, "solution_time": 6.131801799987443}
{"items_size": 11230, "stocks_size": 3742, "fill_percentage": 0.9951070618234364, "solution_time": 5.901338099967688}
{"items_size": 11435, "stocks_size": 3677, "fill_percentage": 0.9943562270470685, "solution_time": 6.1063545000506565}
{"items_size": 11423, "stocks_size": 3754, "fill_percentage": 0.9945533836558653, "solution_time": 5.439293000032194}
{"items_size": 11296, "stocks_size": 3814, "fill_percentage": 0.9955687752931986, "solution_time": 5.672793899895623}
{"items_size": 11430, "stocks_size": 3686, "fill_percentage": 0.9953289329354992, "solution_time": 6.20333990000654}
{"items_size": 11114, "stocks_size": 3739, "fill_percentage": 0.9944090923909111, "solution_time": 5.7421782000456005}
{"items_size": 11295, "stocks_size": 3546, "fill_percentage": 0.9944609457366359, "solution_time": 6.148282100097276}
{"items_size": 11255, "stocks_size": 3579, "fill_percentage": 0.9941751581516961, "solution_time": 5.606351000024006}
{"items_size": 11435, "stocks_size": 3573, "fill_percentage": 0.9945381843212179, "solution_time": 6.4108653999865055}
{"items_size": 11268, "stocks_size": 3713, "fill_percentage": 0.9946519617711158, "solution_time": 5.990837299963459}
{"items_size": 11401, "stocks_size": 3528, "fill_percentage": 0.9930663418282233, "solution_time": 6.030483899987303}
{"items_size": 11373, "stocks_size": 3776, "fill_percentage": 0.9936698155052096, "solution_time": 6.193045199965127}
{"items_size": 11437, "stocks_size": 3510, "fill_percentage": 0.9944137611413677, "solution_time": 6.309797300025821}
{"items_size": 11324, "stocks_size": 3520, "fill_percentage": 0.9945004522193165, "solution_time": 6.016855000052601}
{"items_size": 11387, "stocks_size": 3540, "fill_percentage": 0.9958941470835277, "solution_time": 5.769579199957661}
{"items_size": 11374, "stocks_size": 3604, "fill_percentage": 0.9956277181161409, "solution_time": 5.713490399997681}
{"items_size": 11273, "stocks_size": 3702, "fill_percentage": 0.9952187696674618, "solution_time": 5.835382400080562}
{"items_size": 11414, "stocks_size": 3604, "fill_percentage": 0.9939950665085743, "solution_time": 6.226099699968472}
{"items_size": 11410, "stocks_size": 3540, "fill_percentage": 0.9944170351025953, "solution_time": 5.907463099923916}
{"items_size": 10905, "stocks_size": 3790, "fill_percentage": 0.9946493243067301, "solution_time": 6.156993299955502}
{"items_size": 11321, "stocks_size": 3585, "fill_percentage": 0.9931292780043164, "solution_time": 6.272164499969222}
{"items_size": 11385, "stocks_size": 3626, "fill_percentage": 0.9927075324225652, "solution_time": 6.1872545999940485}
{"items_size": 11303, "stocks_size": 3577, "fill_percentage": 0.9948407658243086, "solution_time": 6.058675999986008}
{"items_size": 11413, "stocks_size": 3594, "fill_percentage": 0.9948680464510519, "solution_time": 5.838933299994096}
{"items_size": 11343, "stocks_size": 3560, "fill_percentage": 0.9944345920213048, "solution_time": 6.021774900029413}
{"items_size": 11403, "stocks_size": 3800, "fill_percentage": 0.9949026133304193, "solution_time": 6.038632799987681}
{"items_size": 11016, "stocks_size": 3807, "fill_percentage": 0.9949404604970564, "solution_time": 5.46463520010002}
{"items_size": 11411, "stocks_size": 3495, "fill_percentage": 0.9946301784659096, "solution_time": 5.790330399991944}
{"items_size": 11398, "stocks_size": 3622, "fill_percentage": 0.9944605619007174, "solution_time": 6.301135499961674}
{"items_size": 11348, "stocks_size": 3802, "fill_percentage": 0.9944174411441313, "solution_time": 5.955588100012392}
{"items_size": 11186, "stocks_size": 3675, "fill_percentage": 0.9939412328800289, "solution_time": 5.403980899951421}
{"items_size": 11392, "stocks_size": 3628, "fill_percentage": 0.9934077707489742, "solution_time": 6.129436000017449}
{"items_size": 11447, "stocks_size": 3808, "fill_percentage": 0.9949249638827217, "solution_time": 6.8583899000659585}
{"items_size": 11056, "stocks_size": 3789, "fill_percentage": 0.9932127852179308,