{"items_size": 11226, "stocks_size": 3721, "fill_percentage": 0.9933961611887195, "solution_time": 2.8912028999766335}
{"items_size": 11386, "stocks_size": 3732, "fill_percentage": 0.9938808543389025, "solution_time": 3.4695078000659123}
{"items_size": 10913, "stocks_size": 3801, "fill_percentage": 0.9948457491184491, "solution_time": 3.2074327000882477}
{"items_size": 11277, "stocks_size": 3762, "fill_percentage": 0.9936210596009935, "solution_time": 3.570245199953206}
{"items_size": 11052, "stocks_size": 3697, "fill_percentage": 0.9964594092544556, "solution_time": 3.7577082000207156}
{"items_size": 11241, "stocks_size": 3743, "fill_percentage": 0.994718637983931, "solution_time": 3.8932992999907583}
{"items_size": 11192, "stocks_size": 3795, "fill_percentage": 0.9958970135280818, "solution_time": 3.7226272000698373}
{"items_size": 11242, "stocks_size": 3730, "fill_percentage": 0.9957981963815047, "solution_time": 3.680384900071658}
{"items_size": 11404, "stocks_size": 3759, "fill_percentage": 0.9952793908493913, "solution_time": 3.7112444000085816}
{"items_size": 11366, "stocks_size": 3736, "fill_percentage": 0.9942659933022494, "solution_time": 3.9372197999618948}
{"items_size": 11385, "stocks_size": 3520, "fill_percentage": 0.9951598165739733, "solution_time": 3.7223274999996647}
{"items_size": 11440, "stocks_size": 3764, "fill_percentage": 0.9946264372158845, "solution_time": 3.7085867000278085}
{"items_size": 11174, "stocks_size": 3707, "fill_percentage": 0.994335383013075, "solution_time": 3.968032000004314}
{"items_size": 11354, "stocks_size": 3505, "fill_percentage": 0.994836608854535, "solution_time": 4.098891400033608}
{"items_size": 11326, "stocks_size": 3805, "fill_percentage": 0.9947116426445518, "solution_time": 3.7040928999194875}
{"items_size": 11283, "stocks_size": 3543, "fill_percentage": 0.9965384383243097, "solution_time": 3.010311200050637}
{"items_size": 11401, "stocks_size": 3663, "fill_percentage": 0.9931983335247578, "solution_time": 3.5201759999617934}
{"items_size": 11437, "stocks_size": 3666, "fill_percentage": 0.9948390115388569, "solution_time": 3.7811248999787495}
{"items_size": 11417, "stocks_size": 3686, "fill_percentage": 0.9947456941005348, "solution_time": 3.7762347999960184}
{"items_size": 11403, "stocks_size": 3786, "fill_percentage": 0.9938563226832368, "solution_time": 3.626927000004798}
{"items_size": 11266, "stocks_size": 3629, "fill_percentage": 0.9958013723505306, "solution_time": 3.6054163000080734}
{"items_size": 11264, "stocks_size": 3586, "fill_percentage": 0.9945113095855891, "solution_time": 3.3440871998900548}
{"items_size": 11353, "stocks_size": 3649, "fill_percentage": 0.9954474234681794, "solution_time": 3.5971436999971047}
{"items_size": 11255, "stocks_size": 3595, "fill_percentage": 0.9939180533615801, "solution_time": 3.1547390000196174}
{"items_size": 11397, "stocks_size": 3614, "fill_percentage": 0.9944615869481525, "solution_time": 3.2903201999142766}
{"items_size": 11206, "stocks_size": 3791, "fill_percentage": 0.9941967823297626, "solution_time": 3.1326835999498144}
{"items_size": 10999, "stocks_size": 3769, "fill_percentage": 0.9952826354880483, "solution_time": 3.305235099978745}
{"items_size": 11259, "stocks_size": 3806, "fill_percentage": 0.9956887606101604, "solution_time": 3.1658911999547854}
{"items_size": 11018, "stocks_size": 3805, "fill_percentage": 0.9948302618403164, "solution_time": 3.0311850999714807}
{"items_size": 11204, "stocks_size": 3716, "fill_percentage": 0.9949461583586395, "solution_time": 3.341729999985546}
{"items_size": 11166, "stocks_size": 3769, "fill_percentage": 0.9951974853514337, "solution_time": 3.459733600029722}
{"items_size": 11176, "stocks_size": 3642, "fill_percentage": 0.9950260956427331, "solution_time": 3.0909294000593945}
{"items_size": 11279, "stocks_size": 3654, "fill_percentage": 0.9956487770132612, "solution_time": 3.30262319999747}
{"items_size": 11216, "stocks_size": 3754, "fill_percentage": 0.9957752577917003, "solution_time": 3.4938381999963894}
{"items_size": 11230, "stocks_size": 3742, "fill_percentage": 0.9956759204786847, "solution_time": 3.0945221000583842}
{"items_size": 11435, "stocks_size": 3677, "fill_percentage": 0.9941764995955097, "solution_time": 3.5033024000003934}
{"items_size": 11423, "stocks_size": 3754, "fill_percentage": 0.9946227147764194, "solution_time": 3.286297599901445}
{"items_size": 11296, "stocks_size": 3814, "fill_percentage": 0.9947532440139628, "solution_time": 3.1949031999101862}
{"items_size": 11430, "stocks_size": 3686, "fill_percentage": 0.9949287535136, "solution_time": 3.672884300001897}
{"items_size": 11114, "stocks_size": 3739, "fill_percentage": 0.994980157580462, "solution_time": 3.421399599988945}
{"items_size": 11295, "stocks_size": 3546, "fill_percentage": 0.9951497750203124, "solution_time": 3.5946976999985054}
{"items_size": 11255, "stocks_size": 3579, "fill_percentage": 0.9943380679532885, "solution_time": 3.533637199900113}
{"items_size": 11435, "stocks_size": 3573, "fill_percentage": 0.9940126012739637, "solution_time": 3.378857900039293}
{"items_size": 11268, "stocks_size": 3713, "fill_percentage": 0.9947493983028517, "solution_time": 3.4239558998961}
{"items_size": 11401, "stocks_size": 3528, "fill_percentage": 0.9934689338720126, "solution_time": 3.3485360000049695}
{"items_size": 11373, "stocks_size": 3776, "fill_percentage": 0.9943133630489646, "solution_time": 3.0885763000696898}
{"items_size": 11437, "stocks_size": 3510, "fill_percentage": 0.9955806493993392, "solution_time": 3.7897933999774978}
{"items_size": 11324, "stocks_size": 3520, "fill_percentage": 0.993996779051604, "solution_time": 3.034151300089434}
{"items_size": 11387, "stocks_size": 3540, "fill_percentage": 0.9948568485385977, "solution_time": 3.895420999964699}
{"items_size": 11374, "stocks_size": 3604, "fill_percentage": 0.9967102590915516, "solution_time": 3.6351324999704957}
{"items_size": 11273, "stocks_size": 3702, "fill_percentage": 0.9956749465478361, "solution_time": 3.672041999991052}
{"items_size": 11414, "stocks_size": 3604, "fill_percentage": 0.9941697242900948, "solution_time": 3.7033012999454513}
{"items_size": 11410, "stocks_size": 3540, "fill_percentage": 0.9951896705422925, "solution_time": 3.8615033000241965}
{"items_size": 10905, "stocks_size": 3790, "fill_percentage": 0.9952877545415046, "solution_time": 3.5228296999121085}
{"items_size": 11321, "stocks_size": 3585, "fill_percentage": 0.9951615320415593, "solution_time": 3.8530508999247104}
{"items_size": 11385, "stocks_size": 3626, "fill_percentage": 0.9935963207766774, "solution_time": 4.0299816998885944}
{"items_size": 11303, "stocks_size": 3577, "fill_percentage": 0.9945955079529807, "solution_time": 3.9448955999687314}
{"items_size": 11413, "stocks_size": 3594, "fill_percentage": 0.9949162408539203, "solution_time": 3.743275700020604}
{"items_size": 11343, "stocks_size": 3560, "fill_percentage": 0.9948966278971068, "solution_time": 3.58703199995216}
{"items_size": 11403, "stocks_size": 3800, "fill_percentage": 0.9944223331301305, "solution_time": 3.748445500037633}
{"items_size": 11016, "stocks_size": 3807, "fill_percentage": 0.9942954238304881, "solution_time": 3.5124343000352383}
{"items_size": 11411, "stocks_size": 3495, "fill_percentage": 0.9948143232469824, "solution_time": 3.857556500006467}
{"items_size": 11398, "stocks_size": 3622, "fill_percentage": 0.9946478124411982, "solution_time": 3.9959605999756604}
{"items_size": 11348, "stocks_size": 3802, "fill_percentage": 0.9944569239081841, "solution_time": 3.7472376000368968}
{"items_size": 11186, "stocks_size": 3675, "fill_percentage": 0.9941560258448849, "solution_time": 3.8312371999491006}
{"items_size": 11392, "stocks_size": 3628, "fill_percentage": 0.9952679433880497, "solution_time": 3.8386878999881446}
{"items_size": 11447, "stocks_size": 3808, "fill_percentage": 0.9953838990099455,