{"items_size": 11226, "stocks_size": 3721, "fill_percentage": 0.6997133658357769, "solution_time": 4.009442400070839}
{"items_size": 11386, "stocks_size": 3732, "fill_percentage": 0.6985404259427398, "solution_time": 5.076055200072005}
{"items_size": 10913, "stocks_size": 3801, "fill_percentage": 0.700967674458302, "solution_time": 5.126337799942121}
{"items_size": 11277, "stocks_size": 3762, "fill_percentage": 0.701239513652657, "solution_time": 5.240409699967131}
{"items_size": 11052, "stocks_size": 3697, "fill_percentage": 0.7027896568166904, "solution_time": 5.0608289000811055}
{"items_size": 11241, "stocks_size": 3743, "fill_percentage": 0.7026617333727987, "solution_time": 5.190296499989927}
{"items_size": 11192, "stocks_size": 3795, "fill_percentage": 0.7041971806293779, "solution_time": 4.7223258999874815}
{"items_size": 11242, "stocks_size": 3730, "fill_percentage": 0.6995405002536287, "solution_time": 4.909880600054748}
{"items_size": 11404, "stocks_size": 3759, "fill_percentage": 0.6987648288532894, "solution_time": 5.32090709998738}
{"items_size": 11366, "stocks_size": 3736, "fill_percentage": 0.6977957992431945, "solution_time": 5.32613190007396}
{"items_size": 11385, "stocks_size": 3520, "fill_percentage": 0.6996866507086119, "solution_time": 4.931422600056976}
{"items_size": 11440, "stocks_size": 3764, "fill_percentage": 0.7074805493588731, "solution_time": 4.933346600038931}
{"items_size": 11174, "stocks_size": 3707, "fill_percentage": 0.7038022282280388, "solution_time": 5.0540168000152335}
{"items_size": 11354, "stocks_size": 3505, "fill_percentage": 0.6943077341392422, "solution_time": 4.682853899896145}
{"items_size": 11326, "stocks_size": 3805, "fill_percentage": 0.7036689200563495, "solution_time": 4.8581455000676215}
{"items_size": 11283, "stocks_size": 3543, "fill_percentage": 0.7021898772216222, "solution_time": 4.3242975999601185}
{"items_size": 11401, "stocks_size": 3663, "fill_percentage": 0.7023927587556784, "solution_time": 4.7489545999560505}
{"items_size": 11437, "stocks_size": 3666, "fill_percentage": 0.7019839544429627, "solution_time": 4.766468100016937}
{"items_size": 11417, "stocks_size": 3686, "fill_percentage": 0.7041571767387521, "solution_time": 4.606306699919514}
{"items_size": 11403, "stocks_size": 3786, "fill_percentage": 0.696165166140705, "solution_time": 4.622899700072594}
{"items_size": 11266, "stocks_size": 3629, "fill_percentage": 0.7034472887466126, "solution_time": 4.532871900009923}
{"items_size": 11264, "stocks_size": 3586, "fill_percentage": 0.6949350922168626, "solution_time": 4.297267599962652}
{"items_size": 11353, "stocks_size": 3649, "fill_percentage": 0.6980777586197351, "solution_time": 4.475924800033681}
{"items_size": 11255, "stocks_size": 3595, "fill_percentage": 0.7012195485020406, "solution_time": 4.356234800070524}
{"items_size": 11397, "stocks_size": 3614, "fill_percentage": 0.7027633299964791, "solution_time": 4.976884300005622}
{"items_size": 11206, "stocks_size": 3791, "fill_percentage": 0.6964670858168578, "solution_time": 4.155512299970724}
{"items_size": 10999, "stocks_size": 3769, "fill_percentage": 0.6971423811521302, "solution_time": 4.116623600013554}
{"items_size": 11259, "stocks_size": 3806, "fill_percentage": 0.696481460560688, "solution_time": 4.681791599956341}
{"items_size": 11018, "stocks_size": 3805, "fill_percentage": 0.7081393424549707, "solution_time": 4.681249600020237}
{"items_size": 11204, "stocks_size": 3716, "fill_percentage": 0.7042052573411745, "solution_time": 5.048799599986523}
{"items_size": 11166, "stocks_size": 3769, "fill_percentage": 0.7061033271425595, "solution_time": 4.926109199994244}
{"items_size": 11176, "stocks_size": 3642, "fill_percentage": 0.7033329191114576, "solution_time": 4.441412699990906}
{"items_size": 11279, "stocks_size": 3654, "fill_percentage": 0.6963858235534536, "solution_time": 4.444009899976663}
{"items_size": 11216, "stocks_size": 3754, "fill_percentage": 0.6975346617238184, "solution_time": 4.641087300027721}
{"items_size": 11230, "stocks_size": 3742, "fill_percentage": 0.6995721444730169, "solution_time": 4.468317399965599}
{"items_size": 11435, "stocks_size": 3677, "fill_percentage": 0.6925664127871503, "solution_time": 5.864548000041395}
{"items_size": 11423, "stocks_size": 3754, "fill_percentage": 0.705940378785012, "solution_time": 5.079899200005457}
{"items_size": 11296, "stocks_size": 3814, "fill_percentage": 0.7051549707364265, "solution_time": 4.9511178999673575}
{"items_size": 11430, "stocks_size": 3686, "fill_percentage": 0.7080877473206351, "solution_time": 5.2297750998986885}
{"items_size": 11114, "stocks_size": 3739, "fill_percentage": 0.7011047159249851, "solution_time": 5.237192899920046}
{"items_size": 11295, "stocks_size": 3546, "fill_percentage": 0.6994123370048997, "solution_time": 4.912014300003648}
{"items_size": 11255, "stocks_size": 3579, "fill_percentage": 0.6951732509737605, "solution_time": 5.109911700012162}
{"items_size": 11435, "stocks_size": 3573, "fill_percentage": 0.7024814751302911, "solution_time": 5.410399400047027}
{"items_size": 11268, "stocks_size": 3713, "fill_percentage": 0.7010347529408627, "solution_time": 5.046400599996559}
{"items_size": 11401, "stocks_size": 3528, "fill_percentage": 0.7002073654050924, "solution_time": 5.288171899970621}
{"items_size": 11373, "stocks_size": 3776, "fill_percentage": 0.6981125193383477, "solution_time": 4.843437399948016}
{"items_size": 11437, "stocks_size": 3510, "fill_percentage": 0.6982243669718898, "solution_time": 4.646844599978067}
{"items_size": 11324, "stocks_size": 3520, "fill_percentage": 0.6966402068801398, "solution_time": 5.020663700066507}
{"items_size": 11387, "stocks_size": 3540, "fill_percentage": 0.7022413222532725, "solution_time": 4.696260099997744}
{"items_size": 11374, "stocks_size": 3604, "fill_percentage": 0.6933472035592956, "solution_time": 5.323489399976097}
{"items_size": 11273, "stocks_size": 3702, "fill_percentage": 0.695503221096162, "solution_time": 5.079500799998641}
{"items_size": 11414, "stocks_size": 3604, "fill_percentage": 0.7018837409033623, "solution_time": 5.027213599998504}
{"items_size": 11410, "stocks_size": 3540, "fill_percentage": 0.698666780794147, "solution_time": 4.85369279992301}
{"items_size": 10905, "stocks_size": 3790, "fill_percentage": 0.70090116147368, "solution_time": 4.716124500031583}
{"items_size": 11321, "stocks_size": 3585, "fill_percentage": 0.6990934702887437, "solution_time": 5.070932700065896}
{"items_size": 11385, "stocks_size": 3626, "fill_percentage": 0.6992937882871351, "solution_time": 5.913425800041296}
{"items_size": 11303, "stocks_size": 3577, "fill_percentage": 0.6984752048128857, "solution_time": 5.241546700010076}
{"items_size": 11413, "stocks_size": 3594, "fill_percentage": 0.6985142706720056, "solution_time": 5.2904623000649735}
{"items_size": 11343, "stocks_size": 3560, "fill_percentage": 0.7000093639241183, "solution_time": 5.206588399945758}
{"items_size": 11403, "stocks_size": 3800, "fill_percentage": 0.7058047127975849, "solution_time": 5.093823199975304}
{"items_size": 11016, "stocks_size": 3807, "fill_percentage": 0.7057946006154565, "solution_time": 4.962915600044653}
{"items_size": 11411, "stocks_size": 3495, "fill_percentage": 0.7078737743290002, "solution_time": 5.063750099972822}
{"items_size": 11398, "stocks_size": 3622, "fill_percentage": 0.6982589492894151, "solution_time": 5.167937900056131}
{"items_size": 11348, "stocks_size": 3802, "fill_percentage": 0.7057840428957645, "solution_time": 5.299151899991557}
{"items_size": 11186, "stocks_size": 3675, "fill_percentage": 0.698838419409628, "solution_time": 5.235343000036664}
{"items_size": 11392, "stocks_size": 3628, "fill_percentage": 0.6932523981818953, "solution_time": 5.097714200033806}
{"items_size": 11447, "stocks_size": 3808, "fill_percentage": 0.706133565595017, "solution_time": 5.100153099978343}
{"items_size": 11056, "stocks_size": 3789, "fill_percentage": 0.706433877029429,