{"items_size": 11226, "stocks_size": 3721, "fill_percentage": 0.9925214446469871, "solution_time": 2.747936900006607}
{"items_size": 11386, "stocks_size": 3732, "fill_percentage": 0.9930181650105192, "solution_time": 3.2589762000134215}
{"items_size": 10913, "stocks_size": 3801, "fill_percentage": 0.9948457491184491, "solution_time": 3.58557680004742}
{"items_size": 11277, "stocks_size": 3762, "fill_percentage": 0.9936210596009935, "solution_time": 3.8892242999281734}
{"items_size": 11052, "stocks_size": 3697, "fill_percentage": 0.9955530735971269, "solution_time": 3.3707804000005126}
{"items_size": 11241, "stocks_size": 3743, "fill_percentage": 0.9929749205511722, "solution_time": 3.6520916000008583}
{"items_size": 11192, "stocks_size": 3795, "fill_percentage": 0.9941023781727907, "solution_time": 3.824882399989292}
{"items_size": 11242, "stocks_size": 3730, "fill_percentage": 0.994909685193107, "solution_time": 3.7036396000767127}
{"items_size": 11404, "stocks_size": 3759, "fill_percentage": 0.9944114131522113, "solution_time": 3.62384260003455}
{"items_size": 11366, "stocks_size": 3736, "fill_percentage": 0.9934107319792242, "solution_time": 3.8618552000261843}
{"items_size": 11385, "stocks_size": 3520, "fill_percentage": 0.994304700425122, "solution_time": 3.8649454000405967}
{"items_size": 11440, "stocks_size": 3764, "fill_percentage": 0.9946264372158845, "solution_time": 3.2547292999224737}
{"items_size": 11174, "stocks_size": 3707, "fill_percentage": 0.9934645258993752, "solution_time": 3.6857358999550343}
{"items_size": 11354, "stocks_size": 3505, "fill_percentage": 0.9931848057461772, "solution_time": 3.370638999971561}
{"items_size": 11326, "stocks_size": 3805, "fill_percentage": 0.9938219297055337, "solution_time": 3.498944799997844}
{"items_size": 11283, "stocks_size": 3543, "fill_percentage": 0.9956580175585152, "solution_time": 3.3769347000634298}
{"items_size": 11401, "stocks_size": 3663, "fill_percentage": 0.994043093240849, "solution_time": 3.1640680000418797}
{"items_size": 11437, "stocks_size": 3666, "fill_percentage": 0.9931785149156089, "solution_time": 3.9961500000208616}
{"items_size": 11417, "stocks_size": 3686, "fill_percentage": 0.9930508700006458, "solution_time": 3.7145917000016198}
{"items_size": 11403, "stocks_size": 3786, "fill_percentage": 0.9938563226832368, "solution_time": 3.533875900087878}
{"items_size": 11266, "stocks_size": 3629, "fill_percentage": 0.9940396929569201, "solution_time": 3.3283096000086516}
{"items_size": 11264, "stocks_size": 3586, "fill_percentage": 0.9936595090683916, "solution_time": 3.399184999987483}
{"items_size": 11353, "stocks_size": 3649, "fill_percentage": 0.9945939647930745, "solution_time": 3.320584399974905}
{"items_size": 11255, "stocks_size": 3595, "fill_percentage": 0.9939180533615801, "solution_time": 3.5858725999714807}
{"items_size": 11397, "stocks_size": 3614, "fill_percentage": 0.9927603265999997, "solution_time": 3.4418846999760717}
{"items_size": 11206, "stocks_size": 3791, "fill_percentage": 0.9941967823297626, "solution_time": 3.046115900040604}
{"items_size": 10999, "stocks_size": 3769, "fill_percentage": 0.9943798617027073, "solution_time": 3.270020200056024}
{"items_size": 11259, "stocks_size": 3806, "fill_percentage": 0.9948182712911714, "solution_time": 3.24385169998277}
{"items_size": 11018, "stocks_size": 3805, "fill_percentage": 0.9948302618403164, "solution_time": 2.909656099975109}
{"items_size": 11204, "stocks_size": 3716, "fill_percentage": 0.9940631696498731, "solution_time": 3.047307600034401}
{"items_size": 11166, "stocks_size": 3769, "fill_percentage": 0.9943073183904942, "solution_time": 3.287419700063765}
{"items_size": 11176, "stocks_size": 3642, "fill_percentage": 0.9950260956427331, "solution_time": 3.188288199948147}
{"items_size": 11279, "stocks_size": 3654, "fill_percentage": 0.9947918576456584, "solution_time": 3.042660699924454}
{"items_size": 11216, "stocks_size": 3754, "fill_percentage": 0.9957752577917003, "solution_time": 3.3849927000701427}
{"items_size": 11230, "stocks_size": 3742, "fill_percentage": 0.9947789525592834, "solution_time": 3.4057564000831917}
{"items_size": 11435, "stocks_size": 3677, "fill_percentage": 0.9941764995955097, "solution_time": 3.9711289000697434}
{"items_size": 11423, "stocks_size": 3754, "fill_percentage": 0.9946227147764194, "solution_time": 3.7208834999473765}
{"items_size": 11296, "stocks_size": 3814, "fill_percentage": 0.993877609038625, "solution_time": 3.573027400067076}
{"items_size": 11430, "stocks_size": 3686, "fill_percentage": 0.9949287535136, "solution_time": 3.3880210000788793}
{"items_size": 11114, "stocks_size": 3739, "fill_percentage": 0.994085283620765, "solution_time": 3.4380819000070915}
{"items_size": 11295, "stocks_size": 3546, "fill_percentage": 0.9942919281445605, "solution_time": 3.4626013000961393}
{"items_size": 11255, "stocks_size": 3579, "fill_percentage": 0.9943380679532885, "solution_time": 3.199625200009905}
{"items_size": 11435, "stocks_size": 3573, "fill_percentage": 0.9940126012739637, "solution_time": 3.271604000008665}
{"items_size": 11268, "stocks_size": 3713, "fill_percentage": 0.9938973155725397, "solution_time": 3.187269699992612}
{"items_size": 11401, "stocks_size": 3528, "fill_percentage": 0.9942992700870023, "solution_time": 3.368914799997583}
{"items_size": 11373, "stocks_size": 3776, "fill_percentage": 0.9934553141295946, "solution_time": 3.770061600022018}
{"items_size": 11437, "stocks_size": 3510, "fill_percentage": 0.9947446218691657, "solution_time": 3.658270699903369}
{"items_size": 11324, "stocks_size": 3520, "fill_percentage": 0.993167686207253, "solution_time": 3.6229227000148967}
{"items_size": 11387, "stocks_size": 3540, "fill_percentage": 0.9940172338121862, "solution_time": 3.707956700003706}
{"items_size": 11374, "stocks_size": 3604, "fill_percentage": 0.9950008387767595, "solution_time": 3.9072994999587536}
{"items_size": 11273, "stocks_size": 3702, "fill_percentage": 0.9956749465478361, "solution_time": 3.8583845000248402}
{"items_size": 11414, "stocks_size": 3604, "fill_percentage": 0.9941697242900948, "solution_time": 3.990183799993247}
{"items_size": 11410, "stocks_size": 3540, "fill_percentage": 0.9943379759665, "solution_time": 4.061078099999577}
{"items_size": 10905, "stocks_size": 3790, "fill_percentage": 0.9943754473435542, "solution_time": 3.403984499978833}
{"items_size": 11321, "stocks_size": 3585, "fill_percentage": 0.9942988076896069, "solution_time": 3.564301799982786}
{"items_size": 11385, "stocks_size": 3626, "fill_percentage": 0.9927539119264219, "solution_time": 3.859417200088501}
{"items_size": 11303, "stocks_size": 3577, "fill_percentage": 0.9937411422868117, "solution_time": 3.7362307000439614}
{"items_size": 11413, "stocks_size": 3594, "fill_percentage": 0.9957931749466854, "solution_time": 3.574633299955167}
{"items_size": 11343, "stocks_size": 3560, "fill_percentage": 0.9948966278971068, "solution_time": 3.4236596000846475}
{"items_size": 11403, "stocks_size": 3800, "fill_percentage": 0.9935623717702313, "solution_time": 3.9402666999958456}
{"items_size": 11016, "stocks_size": 3807, "fill_percentage": 0.9934031270499312, "solution_time": 3.574785199947655}
{"items_size": 11411, "stocks_size": 3495, "fill_percentage": 0.9948143232469824, "solution_time": 3.8605689998948947}
{"items_size": 11398, "stocks_size": 3622, "fill_percentage": 0.993798129240804, "solution_time": 3.807601400068961}
{"items_size": 11348, "stocks_size": 3802, "fill_percentage": 0.9944569239081841, "solution_time": 3.663947500055656}
{"items_size": 11186, "stocks_size": 3675, "fill_percentage": 0.9932806921807507, "solution_time": 3.857548499945551}
{"items_size": 11392, "stocks_size": 3628, "fill_percentage": 0.9944059343707533, "solution_time": 3.919020800036378}
{"items_size": 11447, "stocks_size": 3808, "fill_percentage": 0.9945101013698436,