{"items_size": 11226, "stocks_size": 3721, "fill_percentage": 0.6977624944499938, "solution_time": 4.137184099992737}
{"items_size": 11386, "stocks_size": 3732, "fill_percentage": 0.6912090731599912, "solution_time": 5.98469909990672}
{"items_size": 10913, "stocks_size": 3801, "fill_percentage": 0.7005716641423669, "solution_time": 5.059409199981019}
{"items_size": 11277, "stocks_size": 3762, "fill_percentage": 0.7000843200406319, "solution_time": 5.532738100038841}
{"items_size": 11052, "stocks_size": 3697, "fill_percentage": 0.6995757389368603, "solution_time": 5.085459099966101}
{"items_size": 11241, "stocks_size": 3743, "fill_percentage": 0.6999259870584031, "solution_time": 5.546436800039373}
{"items_size": 11192, "stocks_size": 3795, "fill_percentage": 0.6951767204949721, "solution_time": 5.764141699997708}
{"items_size": 11242, "stocks_size": 3730, "fill_percentage": 0.6940494766683317, "solution_time": 5.5124207000480965}
{"items_size": 11404, "stocks_size": 3759, "fill_percentage": 0.6948711457193978, "solution_time": 5.721066200057976}
{"items_size": 11366, "stocks_size": 3736, "fill_percentage": 0.6905375120237123, "solution_time": 5.684621400083415}
{"items_size": 11385, "stocks_size": 3520, "fill_percentage": 0.696509086808209, "solution_time": 5.7872324999189}
{"items_size": 11440, "stocks_size": 3764, "fill_percentage": 0.7019231856097994, "solution_time": 5.42030200001318}
{"items_size": 11174, "stocks_size": 3707, "fill_percentage": 0.6963922276392703, "solution_time": 5.517439299961552}
{"items_size": 11354, "stocks_size": 3505, "fill_percentage": 0.6916006811439354, "solution_time": 5.606796200037934}
{"items_size": 11326, "stocks_size": 3805, "fill_percentage": 0.6993716363953909, "solution_time": 5.322739600087516}
{"items_size": 11283, "stocks_size": 3543, "fill_percentage": 0.6977702386212397, "solution_time": 5.121293100062758}
{"items_size": 11401, "stocks_size": 3663, "fill_percentage": 0.6950221472472294, "solution_time": 5.494027700042352}
{"items_size": 11437, "stocks_size": 3666, "fill_percentage": 0.6977298667370496, "solution_time": 5.547936199931428}
{"items_size": 11417, "stocks_size": 3686, "fill_percentage": 0.6963587670098342, "solution_time": 5.006425799918361}
{"items_size": 11403, "stocks_size": 3786, "fill_percentage": 0.6938912857587585, "solution_time": 4.953435200033709}
{"items_size": 11266, "stocks_size": 3629, "fill_percentage": 0.6986498836448957, "solution_time": 4.468234000029042}
{"items_size": 11264, "stocks_size": 3586, "fill_percentage": 0.6933723715730636, "solution_time": 5.401387899997644}
{"items_size": 11353, "stocks_size": 3649, "fill_percentage": 0.6976902131391528, "solution_time": 5.074541399953887}
{"items_size": 11255, "stocks_size": 3595, "fill_percentage": 0.6976399029203194, "solution_time": 5.145317799993791}
{"items_size": 11397, "stocks_size": 3614, "fill_percentage": 0.6988215763301548, "solution_time": 4.951484700082801}
{"items_size": 11206, "stocks_size": 3791, "fill_percentage": 0.6941737030312665, "solution_time": 4.578668600064702}
{"items_size": 10999, "stocks_size": 3769, "fill_percentage": 0.6928340612085608, "solution_time": 4.7370379999047145}
{"items_size": 11259, "stocks_size": 3806, "fill_percentage": 0.696481460560688, "solution_time": 4.8843903000233695}
{"items_size": 11018, "stocks_size": 3805, "fill_percentage": 0.7041904890342057, "solution_time": 4.153241599909961}
{"items_size": 11204, "stocks_size": 3716, "fill_percentage": 0.7038054452143783, "solution_time": 4.549382900004275}
{"items_size": 11166, "stocks_size": 3769, "fill_percentage": 0.7002163564432047, "solution_time": 4.9865263000829145}
{"items_size": 11176, "stocks_size": 3642, "fill_percentage": 0.6989177949426374, "solution_time": 5.128858100040816}
{"items_size": 11279, "stocks_size": 3654, "fill_percentage": 0.6963858235534536, "solution_time": 5.21909200004302}
{"items_size": 11216, "stocks_size": 3754, "fill_percentage": 0.6975346617238184, "solution_time": 4.763438599999063}
{"items_size": 11230, "stocks_size": 3742, "fill_percentage": 0.6995721444730169, "solution_time": 4.6989193999907}
{"items_size": 11435, "stocks_size": 3677, "fill_percentage": 0.6921840997814525, "solution_time": 5.170153999933973}
{"items_size": 11423, "stocks_size": 3754, "fill_percentage": 0.6996498134012051, "solution_time": 5.352830399991944}
{"items_size": 11296, "stocks_size": 3814, "fill_percentage": 0.697407841628633, "solution_time": 5.595145999919623}
{"items_size": 11430, "stocks_size": 3686, "fill_percentage": 0.700931061284138, "solution_time": 5.260026799980551}
{"items_size": 11114, "stocks_size": 3739, "fill_percentage": 0.7003106305957885, "solution_time": 5.202549000037834}
{"items_size": 11295, "stocks_size": 3546, "fill_percentage": 0.6914839083372551, "solution_time": 5.005750700016506}
{"items_size": 11255, "stocks_size": 3579, "fill_percentage": 0.6927830150024133, "solution_time": 5.4412133999867365}
{"items_size": 11435, "stocks_size": 3573, "fill_percentage": 0.6969993228380721, "solution_time": 5.704273000010289}
{"items_size": 11268, "stocks_size": 3713, "fill_percentage": 0.695629418880379, "solution_time": 5.858388100052252}
{"items_size": 11401, "stocks_size": 3528, "fill_percentage": 0.692416880697845, "solution_time": 5.305670199915767}
{"items_size": 11373, "stocks_size": 3776, "fill_percentage": 0.6981125193383477, "solution_time": 5.288814799976535}
{"items_size": 11437, "stocks_size": 3510, "fill_percentage": 0.6911723066436612, "solution_time": 5.395465099951252}
{"items_size": 11324, "stocks_size": 3520, "fill_percentage": 0.6884580187701037, "solution_time": 5.808505699969828}
{"items_size": 11387, "stocks_size": 3540, "fill_percentage": 0.7022413222532725, "solution_time": 5.445015000062995}
{"items_size": 11374, "stocks_size": 3604, "fill_percentage": 0.6933472035592956, "solution_time": 5.226229199906811}
{"items_size": 11273, "stocks_size": 3702, "fill_percentage": 0.695503221096162, "solution_time": 5.540541999973357}
{"items_size": 11414, "stocks_size": 3604, "fill_percentage": 0.6979818802484276, "solution_time": 5.197828799951822}
{"items_size": 11410, "stocks_size": 3540, "fill_percentage": 0.6900176092887774, "solution_time": 5.155517100007273}
{"items_size": 10905, "stocks_size": 3790, "fill_percentage": 0.7005063406968451, "solution_time": 4.818448400008492}
{"items_size": 11321, "stocks_size": 3585, "fill_percentage": 0.6967067826444345, "solution_time": 5.37711370002944}
{"items_size": 11385, "stocks_size": 3626, "fill_percentage": 0.6930605190946505, "solution_time": 5.616130099981092}
{"items_size": 11303, "stocks_size": 3577, "fill_percentage": 0.6984752048128857, "solution_time": 5.965164299937896}
{"items_size": 11413, "stocks_size": 3594, "fill_percentage": 0.6925756747872437, "solution_time": 5.847804599907249}
{"items_size": 11343, "stocks_size": 3560, "fill_percentage": 0.6935699923540454, "solution_time": 5.1195684999693185}
{"items_size": 11403, "stocks_size": 3800, "fill_percentage": 0.700012240046349, "solution_time": 5.223068400053307}
{"items_size": 11016, "stocks_size": 3807, "fill_percentage": 0.6994724263995182, "solution_time": 5.1290253000333905}
{"items_size": 11411, "stocks_size": 3495, "fill_percentage": 0.699889487566476, "solution_time": 5.981411299901083}
{"items_size": 11398, "stocks_size": 3622, "fill_percentage": 0.6955257531479891, "solution_time": 5.667322300025262}
{"items_size": 11348, "stocks_size": 3802, "fill_percentage": 0.7018786297409364, "solution_time": 5.714916099910624}
{"items_size": 11186, "stocks_size": 3675, "fill_percentage": 0.6906535637983555, "solution_time": 5.514739900012501}
{"items_size": 11392, "stocks_size": 3628, "fill_percentage": 0.6909281416717492, "solution_time": 5.779841999989003}
{"items_size": 11447, "stocks_size": 3808, "fill_percentage": 0.6971579146338863, "solution_time": 5.698133200057782}
{"items_size": 11056, "stocks_size": 3789, "fill_percentage": 0.6931373606196872,