{"items_size": 11226, "stocks_size": 3721, "fill_percentage": 0.7322596968263263, "solution_time": 3.0469010999659076}
{"items_size": 11386, "stocks_size": 3732, "fill_percentage": 0.7314737974342855, "solution_time": 3.588106399984099}
{"items_size": 10913, "stocks_size": 3801, "fill_percentage": 0.7267083821318987, "solution_time": 3.58025560004171}
{"items_size": 11277, "stocks_size": 3762, "fill_percentage": 0.7273080131189946, "solution_time": 3.983175899949856}
{"items_size": 11052, "stocks_size": 3697, "fill_percentage": 0.7296865455125124, "solution_time": 3.9190631000092253}
{"items_size": 11241, "stocks_size": 3743, "fill_percentage": 0.7313805793588468, "solution_time": 4.03205809998326}
{"items_size": 11192, "stocks_size": 3795, "fill_percentage": 0.7352839256204091, "solution_time": 3.9205082999542356}
{"items_size": 11242, "stocks_size": 3730, "fill_percentage": 0.7318118879602289, "solution_time": 4.1928709000349045}
{"items_size": 11404, "stocks_size": 3759, "fill_percentage": 0.7277073149763713, "solution_time": 4.105890199891292}
{"items_size": 11366, "stocks_size": 3736, "fill_percentage": 0.7257715740500826, "solution_time": 3.8451256999978796}
{"items_size": 11385, "stocks_size": 3520, "fill_percentage": 0.7230100429495726, "solution_time": 4.26554070005659}
{"items_size": 11440, "stocks_size": 3764, "fill_percentage": 0.7325523186421212, "solution_time": 4.3833673999179155}
{"items_size": 11174, "stocks_size": 3707, "fill_percentage": 0.7286872817560587, "solution_time": 3.7209724999265745}
{"items_size": 11354, "stocks_size": 3505, "fill_percentage": 0.7242425640134817, "solution_time": 3.6313693000702187}
{"items_size": 11326, "stocks_size": 3805, "fill_percentage": 0.7339937633187954, "solution_time": 3.628670600010082}
{"items_size": 11283, "stocks_size": 3543, "fill_percentage": 0.7308045619872208, "solution_time": 3.598554499913007}
{"items_size": 11401, "stocks_size": 3663, "fill_percentage": 0.7284095974132916, "solution_time": 4.080087799928151}
{"items_size": 11437, "stocks_size": 3666, "fill_percentage": 0.728957025167607, "solution_time": 4.167271499987692}
{"items_size": 11417, "stocks_size": 3686, "fill_percentage": 0.7324899444008053, "solution_time": 4.018600400071591}
{"items_size": 11403, "stocks_size": 3786, "fill_percentage": 0.7324578384270988, "solution_time": 3.7479020999744534}
{"items_size": 11266, "stocks_size": 3629, "fill_percentage": 0.7333266064860573, "solution_time": 3.416137699969113}
{"items_size": 11264, "stocks_size": 3586, "fill_percentage": 0.7287693156230465, "solution_time": 3.711399400024675}
{"items_size": 11353, "stocks_size": 3649, "fill_percentage": 0.7248382001001608, "solution_time": 3.484289600048214}
{"items_size": 11255, "stocks_size": 3595, "fill_percentage": 0.7283811352568287, "solution_time": 3.496205000090413}
{"items_size": 11397, "stocks_size": 3614, "fill_percentage": 0.7331702251614395, "solution_time": 3.694154200027697}
{"items_size": 11206, "stocks_size": 3791, "fill_percentage": 0.7254402388842799, "solution_time": 3.944268700084649}
{"items_size": 10999, "stocks_size": 3769, "fill_percentage": 0.736168821476688, "solution_time": 3.4727095999987796}
{"items_size": 11259, "stocks_size": 3806, "fill_percentage": 0.7305985437112904, "solution_time": 3.2489981999387965}
{"items_size": 11018, "stocks_size": 3805, "fill_percentage": 0.7318279701834952, "solution_time": 3.0491880999179557}
{"items_size": 11204, "stocks_size": 3716, "fill_percentage": 0.7263538159750556, "solution_time": 3.4710670999484137}
{"items_size": 11166, "stocks_size": 3769, "fill_percentage": 0.7313427297007796, "solution_time": 3.5137775000184774}
{"items_size": 11176, "stocks_size": 3642, "fill_percentage": 0.7271522615863751, "solution_time": 3.4874198000179604}
{"items_size": 11279, "stocks_size": 3654, "fill_percentage": 0.7287663355070658, "solution_time": 3.1847883999580517}
{"items_size": 11216, "stocks_size": 3754, "fill_percentage": 0.7384306482510296, "solution_time": 3.564223499968648}
{"items_size": 11230, "stocks_size": 3742, "fill_percentage": 0.7404494781639198, "solution_time": 3.730056800064631}
{"items_size": 11435, "stocks_size": 3677, "fill_percentage": 0.7234156721875689, "solution_time": 3.9478329999838024}
{"items_size": 11423, "stocks_size": 3754, "fill_percentage": 0.7286731909580461, "solution_time": 3.693563499953598}
{"items_size": 11296, "stocks_size": 3814, "fill_percentage": 0.7363593579151091, "solution_time": 3.5193517999723554}
{"items_size": 11430, "stocks_size": 3686, "fill_percentage": 0.730214652573197, "solution_time": 3.7216747999191284}
{"items_size": 11114, "stocks_size": 3739, "fill_percentage": 0.7334400809775561, "solution_time": 3.331543500069529}
{"items_size": 11295, "stocks_size": 3546, "fill_percentage": 0.7313636542030936, "solution_time": 3.7593592000193894}
{"items_size": 11255, "stocks_size": 3579, "fill_percentage": 0.7332685983669784, "solution_time": 3.5852312000934035}
{"items_size": 11435, "stocks_size": 3573, "fill_percentage": 0.7307629312589835, "solution_time": 4.145416300045326}
{"items_size": 11268, "stocks_size": 3713, "fill_percentage": 0.7350680943429089, "solution_time": 4.081008700071834}
{"items_size": 11401, "stocks_size": 3528, "fill_percentage": 0.7321932653682143, "solution_time": 4.099875299958512}
{"items_size": 11373, "stocks_size": 3776, "fill_percentage": 0.730202205868431, "solution_time": 3.9383186999475583}
{"items_size": 11437, "stocks_size": 3510, "fill_percentage": 0.7341244738749053, "solution_time": 4.062462099944241}
{"items_size": 11324, "stocks_size": 3520, "fill_percentage": 0.7248485590649842, "solution_time": 3.978764500003308}
{"items_size": 11387, "stocks_size": 3540, "fill_percentage": 0.7353779456946008, "solution_time": 4.047350000008009}
{"items_size": 11374, "stocks_size": 3604, "fill_percentage": 0.727240705799674, "solution_time": 4.029588600038551}
{"items_size": 11273, "stocks_size": 3702, "fill_percentage": 0.7266137633747343, "solution_time": 3.8498063000151888}
{"items_size": 11414, "stocks_size": 3604, "fill_percentage": 0.7266596396887147, "solution_time": 4.084690100047737}
{"items_size": 11410, "stocks_size": 3540, "fill_percentage": 0.7235688081030672, "solution_time": 3.8129481999203563}
{"items_size": 10905, "stocks_size": 3790, "fill_percentage": 0.7308542799604828, "solution_time": 3.680420499993488}
{"items_size": 11321, "stocks_size": 3585, "fill_percentage": 0.7240247676563546, "solution_time": 3.8164799000369385}
{"items_size": 11385, "stocks_size": 3626, "fill_percentage": 0.7298230787912139, "solution_time": 4.166160900029354}
{"items_size": 11303, "stocks_size": 3577, "fill_percentage": 0.7341474699346054, "solution_time": 4.10875000001397}
{"items_size": 11413, "stocks_size": 3594, "fill_percentage": 0.733548176523745, "solution_time": 4.148143399972469}
{"items_size": 11343, "stocks_size": 3560, "fill_percentage": 0.7290632355525846, "solution_time": 3.633075700025074}
{"items_size": 11403, "stocks_size": 3800, "fill_percentage": 0.732017223992685, "solution_time": 4.082035599974915}
{"items_size": 11016, "stocks_size": 3807, "fill_percentage": 0.7309262055529447, "solution_time": 3.793366000056267}
{"items_size": 11411, "stocks_size": 3495, "fill_percentage": 0.726892016090101, "solution_time": 4.245049400022253}
{"items_size": 11398, "stocks_size": 3622, "fill_percentage": 0.729572871664543, "solution_time": 3.947423000005074}
{"items_size": 11348, "stocks_size": 3802, "fill_percentage": 0.7354882794426155, "solution_time": 3.9073305000783876}
{"items_size": 11186, "stocks_size": 3675, "fill_percentage": 0.729771339569521, "solution_time": 4.12956390006002}
{"items_size": 11392, "stocks_size": 3628, "fill_percentage": 0.7350403386282598, "solution_time": 4.078329700045288}
{"items_size": 11447, "stocks_size": 3808, "fill_percentage": 0.7313930797412135, "solution_time": 4.099110399954952}
{"items_size": 11056, "stocks_size": 3789, "fill_percentage": 0.7401250045850838,