{"items_size": 27, "stocks_size": 7, "fill_percentage": 0.9647015878810001, "solution_time": 1001.6639890670776}
{"items_size": 26, "stocks_size": 7, "fill_percentage": 0.9449208583983958, "solution_time": 1001.5754806995392}
{"items_size": 24, "stocks_size": 9, "fill_percentage": 0.9754752851711027, "solution_time": 1001.4220123291016}
{"items_size": 27, "stocks_size": 7, "fill_percentage": 0.968342719227675, "solution_time": 1001.73291015625}
{"items_size": 27, "stocks_size": 7, "fill_percentage": 0.9364888554971199, "solution_time": 1001.7682325839996}
{"items_size": 24, "stocks_size": 8, "fill_percentage": 0.9524349566377585, "solution_time": 1001.563455581665}
{"items_size": 23, "stocks_size": 9, "fill_percentage": 0.9722222222222222, "solution_time": 1001.5896124839783}
