{"items_size": 111, "stocks_size": 38, "fill_percentage": 0.6990604265930445, "solution_time": 0.005081000039353967}
{"items_size": 117, "stocks_size": 39, "fill_percentage": 0.7432699083861875, "solution_time": 0.0058596000308170915}
{"items_size": 112, "stocks_size": 37, "fill_percentage": 0.6821679587055485, "solution_time": 0.004387199995107949}
{"items_size": 114, "stocks_size": 36, "fill_percentage": 0.6021384671512362, "solution_time": 0.006736499955877662}
{"items_size": 116, "stocks_size": 38, "fill_percentage": 0.6930968766543144, "solution_time": 0.0063605000032112}
{"items_size": 112, "stocks_size": 38, "fill_percentage": 0.6555850716369812, "solution_time": 0.004443200072273612}
{"items_size": 112, "stocks_size": 39, "fill_percentage": 0.7206523855890945, "solution_time": 0.0047265999019145966}
{"items_size": 109, "stocks_size": 38, "fill_percentage": 0.7363733696710142, "solution_time": 0.00476469995919615}
{"items_size": 116, "stocks_size": 38, "fill_percentage": 0.672072972423606, "solution_time": 0.0060452999314293265}
{"items_size": 116, "stocks_size": 34, "fill_percentage": 0.7426406612529002, "solution_time": 0.003836599993519485}
{"items_size": 116, "stocks_size": 36, "fill_percentage": 0.6859915953427403, "solution_time": 0.004620700026862323}
{"items_size": 113, "stocks_size": 37, "fill_percentage": 0.6723616332954446, "solution_time": 0.005399200017563999}
{"items_size": 115, "stocks_size": 34, "fill_percentage": 0.6539182787208844, "solution_time": 0.0026839999482035637}
{"items_size": 114, "stocks_size": 39, "fill_percentage": 0.6977488789237668, "solution_time": 0.0036268000258132815}
{"items_size": 111, "stocks_size": 39, "fill_percentage": 0.6905199690127962, "solution_time": 0.005548899993300438}
{"items_size": 115, "stocks_size": 39, "fill_percentage": 0.6766630487785695, "solution_time": 0.004669099929742515}
{"items_size": 117, "stocks_size": 35, "fill_percentage": 0.6543422424061942, "solution_time": 0.006442199926823378}
{"items_size": 110, "stocks_size": 38, "fill_percentage": 0.6185026875032982, "solution_time": 0.003723700065165758}
{"items_size": 116, "stocks_size": 35, "fill_percentage": 0.6682364042623272, "solution_time": 0.005987799959257245}
{"items_size": 114, "stocks_size": 36, "fill_percentage": 0.6628218515010967, "solution_time": 0.005765200010500848}
{"items_size": 116, "stocks_size": 38, "fill_percentage": 0.674972235669334, "solution_time": 0.006798799964599311}
{"items_size": 112, "stocks_size": 36, "fill_percentage": 0.6710057606638401, "solution_time": 0.008007099968381226}
{"items_size": 115, "stocks_size": 38, "fill_percentage": 0.6806596994789273, "solution_time": 0.007977699977345765}
{"items_size": 112, "stocks_size": 38, "fill_percentage": 0.63461378141297, "solution_time": 0.005961599992588162}
{"items_size": 116, "stocks_size": 39, "fill_percentage": 0.6661918367016584, "solution_time": 0.0050926998956128955}
{"items_size": 112, "stocks_size": 36, "fill_percentage": 0.6992461686548923, "solution_time": 0.006494599976576865}
{"items_size": 111, "stocks_size": 39, "fill_percentage": 0.6349975651044686, "solution_time": 0.005364399985410273}
{"items_size": 116, "stocks_size": 36, "fill_percentage": 0.6573712242082302, "solution_time": 0.0039049999322742224}
{"items_size": 117, "stocks_size": 34, "fill_percentage": 0.6463113753294543, "solution_time": 0.005538900033570826}
{"items_size": 117, "stocks_size": 35, "fill_percentage": 0.7134588277633933, "solution_time": 0.00446409999858588}
{"items_size": 117, "stocks_size": 36, "fill_percentage": 0.6509317125901108, "solution_time": 0.0028175999177619815}
{"items_size": 115, "stocks_size": 36, "fill_percentage": 0.5932645592559426, "solution_time": 0.0033665000228211284}
{"items_size": 116, "stocks_size": 34, "fill_percentage": 0.6331994093042825, "solution_time": 0.005333899985998869}
{"items_size": 115, "stocks_size": 34, "fill_percentage": 0.6719703654680491, "solution_time": 0.004319299943745136}
{"items_size": 110, "stocks_size": 39, "fill_percentage": 0.6625901241763097, "solution_time": 0.004933499963954091}
{"items_size": 116, "stocks_size": 35, "fill_percentage": 0.6360601257341512, "solution_time": 0.004556200001388788}
{"items_size": 112, "stocks_size": 36, "fill_percentage": 0.6240975951807997, "solution_time": 0.0032514999620616436}
{"items_size": 115, "stocks_size": 35, "fill_percentage": 0.6438063948554656, "solution_time": 0.004565099952742457}
{"items_size": 115, "stocks_size": 35, "fill_percentage": 0.7154245395026968, "solution_time": 0.006848999997600913}
{"items_size": 116, "stocks_size": 36, "fill_percentage": 0.6749382403243175, "solution_time": 0.006249000085517764}
{"items_size": 110, "stocks_size": 38, "fill_percentage": 0.6392570560067986, "solution_time": 0.0034467000514268875}
{"items_size": 114, "stocks_size": 36, "fill_percentage": 0.6599378500036897, "solution_time": 0.003464299952611327}
{"items_size": 110, "stocks_size": 39, "fill_percentage": 0.6336298214345765, "solution_time": 0.004460900090634823}
{"items_size": 115, "stocks_size": 35, "fill_percentage": 0.670671255367517, "solution_time": 0.0029746999498456717}
{"items_size": 116, "stocks_size": 35, "fill_percentage": 0.6906497273678606, "solution_time": 0.004376000026240945}
{"items_size": 109, "stocks_size": 39, "fill_percentage": 0.6922450620696587, "solution_time": 0.0032549999887123704}
{"items_size": 116, "stocks_size": 34, "fill_percentage": 0.6816395681985506, "solution_time": 0.004741900018416345}
{"items_size": 116, "stocks_size": 35, "fill_percentage": 0.6866917392451835, "solution_time": 0.003421399975195527}
{"items_size": 113, "stocks_size": 37, "fill_percentage": 0.6836150063894789, "solution_time": 0.00351129996124655}
{"items_size": 117, "stocks_size": 36, "fill_percentage": 0.6957400445789946, "solution_time": 0.004695900017395616}
{"items_size": 117, "stocks_size": 33, "fill_percentage": 0.6569672542243054, "solution_time": 0.0049999000038951635}
{"items_size": 116, "stocks_size": 35, "fill_percentage": 0.6140957326369496, "solution_time": 0.003984099952504039}
{"items_size": 114, "stocks_size": 37, "fill_percentage": 0.6803317375766974, "solution_time": 0.004585799993947148}
{"items_size": 109, "stocks_size": 39, "fill_percentage": 0.7122171039455237, "solution_time": 0.0054682999616488814}
{"items_size": 114, "stocks_size": 35, "fill_percentage": 0.6897418597558158, "solution_time": 0.004359599901363254}
{"items_size": 110, "stocks_size": 38, "fill_percentage": 0.6782432271154075, "solution_time": 0.004009700031019747}
{"items_size": 109, "stocks_size": 39, "fill_percentage": 0.6825896382425983, "solution_time": 0.005452999961562455}
{"items_size": 112, "stocks_size": 39, "fill_percentage": 0.7308536893449153, "solution_time": 0.004773600026965141}
{"items_size": 117, "stocks_size": 39, "fill_percentage": 0.653283875190923, "solution_time": 0.00704070006031543}
{"items_size": 116, "stocks_size": 37, "fill_percentage": 0.665782931182108, "solution_time": 0.006797899957746267}
{"items_size": 116, "stocks_size": 39, "fill_percentage": 0.6687000495084519, "solution_time": 0.00541799992788583}
{"items_size": 116, "stocks_size": 39, "fill_percentage": 0.6349947411033846, "solution_time": 0.005419600056484342}
{"items_size": 111, "stocks_size": 38, "fill_percentage": 0.7111652223734155, "solution_time": 0.005739300046116114}
{"items_size": 115, "stocks_size": 37, "fill_percentage": 0.6618893823173193, "solution_time": 0.006443500053137541}
{"items_size": 113, "stocks_size": 38, "fill_percentage": 0.6525038212388092, "solution_time": 0.006035599973984063}
{"items_size": 117, "stocks_size": 38, "fill_percentage": 0.6618986331275151, "solution_time": 0.004452600027434528}
{"items_size": 117, "stocks_size": 33, "fill_percentage": 0.6742201729484929, "solution_time": 0.003475500037893653}
{"items_size": 117, "stocks_size": 39, "fill_percentage": 0.6288949943040943, "solution_time": 0.0072073000483214855}
{"items_size": 117, "stocks_size": 36,