{"items_size": 111, "stocks_size": 38, "fill_percentage": 0.9238827226609856, "solution_time": 0.0017871999880298972}
{"items_size": 117, "stocks_size": 39, "fill_percentage": 0.874450721908349, "solution_time": 0.002653899951837957}
{"items_size": 112, "stocks_size": 37, "fill_percentage": 0.9478622186346253, "solution_time": 0.0023077999940142035}
{"items_size": 114, "stocks_size": 36, "fill_percentage": 0.9206212992362481, "solution_time": 0.0020324999932199717}
{"items_size": 116, "stocks_size": 38, "fill_percentage": 0.8869123425010161, "solution_time": 0.0016513000009581447}
{"items_size": 112, "stocks_size": 38, "fill_percentage": 0.8754274150403573, "solution_time": 0.0026817999314516783}
{"items_size": 112, "stocks_size": 39, "fill_percentage": 0.9124431348858999, "solution_time": 0.0022239000536501408}
{"items_size": 109, "stocks_size": 38, "fill_percentage": 0.8828145511829399, "solution_time": 0.0024577000876888633}
{"items_size": 116, "stocks_size": 38, "fill_percentage": 0.9551741155795226, "solution_time": 0.002279300009831786}
{"items_size": 116, "stocks_size": 34, "fill_percentage": 0.9152546159259218, "solution_time": 0.00212760001886636}
{"items_size": 116, "stocks_size": 36, "fill_percentage": 0.9500881033746262, "solution_time": 0.0022450999822467566}
{"items_size": 113, "stocks_size": 37, "fill_percentage": 0.9126059196316252, "solution_time": 0.001740999985486269}
{"items_size": 115, "stocks_size": 34, "fill_percentage": 0.927129613433619, "solution_time": 0.001979700056836009}
{"items_size": 114, "stocks_size": 39, "fill_percentage": 0.942298608335453, "solution_time": 0.0019376999698579311}
{"items_size": 111, "stocks_size": 39, "fill_percentage": 0.9226078389804088, "solution_time": 0.0021749999141320586}
{"items_size": 115, "stocks_size": 39, "fill_percentage": 0.8919148671483812, "solution_time": 0.001775300013832748}
{"items_size": 117, "stocks_size": 35, "fill_percentage": 0.9583214076406209, "solution_time": 0.002344900043681264}
{"items_size": 110, "stocks_size": 38, "fill_percentage": 0.9232647641339575, "solution_time": 0.002116000046953559}
{"items_size": 116, "stocks_size": 35, "fill_percentage": 0.9320329281466122, "solution_time": 0.0017411001026630402}
{"items_size": 114, "stocks_size": 36, "fill_percentage": 0.8962818646498035, "solution_time": 0.001482499996200204}
{"items_size": 116, "stocks_size": 38, "fill_percentage": 0.8913583032490975, "solution_time": 0.0018548000371083617}
{"items_size": 112, "stocks_size": 36, "fill_percentage": 0.9460479858303134, "solution_time": 0.002264500013552606}
{"items_size": 115, "stocks_size": 38, "fill_percentage": 0.9287781972439737, "solution_time": 0.0022587000858038664}
{"items_size": 112, "stocks_size": 38, "fill_percentage": 0.8933964478522808, "solution_time": 0.0017209999496117234}
{"items_size": 116, "stocks_size": 39, "fill_percentage": 0.8970335011661108, "solution_time": 0.0018472999799996614}
{"items_size": 112, "stocks_size": 36, "fill_percentage": 0.9017532114314406, "solution_time": 0.001740999985486269}
{"items_size": 111, "stocks_size": 39, "fill_percentage": 0.9258729121114442, "solution_time": 0.001880299998447299}
{"items_size": 116, "stocks_size": 36, "fill_percentage": 0.9009264051887141, "solution_time": 0.0016605000710114837}
{"items_size": 117, "stocks_size": 34, "fill_percentage": 0.924334935028963, "solution_time": 0.001867000013589859}
{"items_size": 117, "stocks_size": 35, "fill_percentage": 0.9367354439019269, "solution_time": 0.0015853000804781914}
{"items_size": 117, "stocks_size": 36, "fill_percentage": 0.8809060171864252, "solution_time": 0.001352400053292513}
{"items_size": 115, "stocks_size": 36, "fill_percentage": 0.9262806750999109, "solution_time": 0.0012780999531969428}
{"items_size": 116, "stocks_size": 34, "fill_percentage": 0.9208508800345535, "solution_time": 0.0012170999543741345}
{"items_size": 115, "stocks_size": 34, "fill_percentage": 0.9022969353624369, "solution_time": 0.001716500031761825}
{"items_size": 110, "stocks_size": 39, "fill_percentage": 0.9656017973095153, "solution_time": 0.0015662000514566898}
{"items_size": 116, "stocks_size": 35, "fill_percentage": 0.8910068006779225, "solution_time": 0.0012937999563291669}
{"items_size": 112, "stocks_size": 36, "fill_percentage": 0.9367211232568708, "solution_time": 0.0020004000980407}
{"items_size": 115, "stocks_size": 35, "fill_percentage": 0.9514030304076209, "solution_time": 0.0015019000275060534}
{"items_size": 115, "stocks_size": 35, "fill_percentage": 0.9150865622423743, "solution_time": 0.002356400014832616}
{"items_size": 116, "stocks_size": 36, "fill_percentage": 0.9293720017444396, "solution_time": 0.0021668000845238566}
{"items_size": 110, "stocks_size": 38, "fill_percentage": 0.8705003950194171, "solution_time": 0.0020213000243529677}
{"items_size": 114, "stocks_size": 36, "fill_percentage": 0.954916476841306, "solution_time": 0.001408900017850101}
{"items_size": 110, "stocks_size": 39, "fill_percentage": 0.9310102033253452, "solution_time": 0.0013366000493988395}
{"items_size": 115, "stocks_size": 35, "fill_percentage": 0.9014195081584587, "solution_time": 0.0014540000120177865}
{"items_size": 116, "stocks_size": 35, "fill_percentage": 0.9148367014420855, "solution_time": 0.0015734999906271696}
{"items_size": 109, "stocks_size": 39, "fill_percentage": 0.9395746074191303, "solution_time": 0.001642499933950603}
{"items_size": 116, "stocks_size": 34, "fill_percentage": 0.942768460698556, "solution_time": 0.0015313000185415149}
{"items_size": 116, "stocks_size": 35, "fill_percentage": 0.8867824049419534, "solution_time": 0.0016967999981716275}
{"items_size": 113, "stocks_size": 37, "fill_percentage": 0.9281840327251, "solution_time": 0.0018563000485301018}
{"items_size": 117, "stocks_size": 36, "fill_percentage": 0.9208524597382297, "solution_time": 0.0013940000208094716}
{"items_size": 117, "stocks_size": 33, "fill_percentage": 0.9234762545664296, "solution_time": 0.0023627999471500516}
{"items_size": 116, "stocks_size": 35, "fill_percentage": 0.9488513119533528, "solution_time": 0.0013669999316334724}
{"items_size": 114, "stocks_size": 37, "fill_percentage": 0.9103930525009869, "solution_time": 0.001384899951517582}
{"items_size": 109, "stocks_size": 39, "fill_percentage": 0.8898035781308645, "solution_time": 0.0019396999850869179}
{"items_size": 114, "stocks_size": 35, "fill_percentage": 0.9386579460411295, "solution_time": 0.002098799915984273}
{"items_size": 110, "stocks_size": 38, "fill_percentage": 0.891483251279081, "solution_time": 0.001843299949541688}
{"items_size": 109, "stocks_size": 39, "fill_percentage": 0.9006946541830263, "solution_time": 0.0022240999387577176}
{"items_size": 112, "stocks_size": 39, "fill_percentage": 0.9164432964569423, "solution_time": 0.0018062000162899494}
{"items_size": 117, "stocks_size": 39, "fill_percentage": 0.8994551487757917, "solution_time": 0.002181399962864816}
{"items_size": 116, "stocks_size": 37, "fill_percentage": 0.9274044057421218, "solution_time": 0.0016499999910593033}
{"items_size": 116, "stocks_size": 39, "fill_percentage": 0.9133590136814268, "solution_time": 0.00270089996047318}
{"items_size": 116, "stocks_size": 39, "fill_percentage": 0.891427660930529, "solution_time": 0.0014538000104948878}
{"items_size": 111, "stocks_size": 38, "fill_percentage": 0.9113316638915475, "solution_time": 0.001961300033144653}
{"items_size": 115, "stocks_size": 37, "fill_percentage": 0.9310892264801167, "solution_time": 0.0020163999870419502}
{"items_size": 113, "stocks_size": 38, "fill_percentage": 0.903488328147243, "solution_time": 0.0013351000379770994}
{"items_size": 117, "stocks_size": 38, "fill_percentage": 0.906268124024091, "solution_time": 0.0018851000349968672}
{"items_size": 117, "stocks_size": 33, "fill_percentage": 0.9355631958833307, "solution_time": 0.0018322999821975827}
{"items_size": 117, "stocks_size": 39, "fill_percentage": 0.8956007252600439,