{"items_size": 111, "stocks_size": 38, "fill_percentage": 0.6601293447820565, "solution_time": 0.0022435999708250165}
{"items_size": 117, "stocks_size": 39, "fill_percentage": 0.6792183776921166, "solution_time": 0.0033592000836506486}
{"items_size": 112, "stocks_size": 37, "fill_percentage": 0.6893966371834728, "solution_time": 0.002257699961774051}
{"items_size": 114, "stocks_size": 36, "fill_percentage": 0.6052752832761296, "solution_time": 0.003572200075723231}
{"items_size": 116, "stocks_size": 38, "fill_percentage": 0.6296032700168309, "solution_time": 0.0026402000803500414}
{"items_size": 112, "stocks_size": 38, "fill_percentage": 0.6019657395115241, "solution_time": 0.001980600063689053}
{"items_size": 112, "stocks_size": 39, "fill_percentage": 0.6230406599882145, "solution_time": 0.0022398000583052635}
{"items_size": 109, "stocks_size": 38, "fill_percentage": 0.6456444283245504, "solution_time": 0.00205810007173568}
{"items_size": 116, "stocks_size": 38, "fill_percentage": 0.6367342026078234, "solution_time": 0.0027534000109881163}
{"items_size": 116, "stocks_size": 34, "fill_percentage": 0.6172923211366496, "solution_time": 0.001576300011947751}
{"items_size": 116, "stocks_size": 36, "fill_percentage": 0.6185944235850368, "solution_time": 0.0026412999723106623}
{"items_size": 113, "stocks_size": 37, "fill_percentage": 0.6171242386061778, "solution_time": 0.002899800078012049}
{"items_size": 115, "stocks_size": 34, "fill_percentage": 0.6115281666307726, "solution_time": 0.0027985000051558018}
{"items_size": 114, "stocks_size": 39, "fill_percentage": 0.6786256345841838, "solution_time": 0.0026066999416798353}
{"items_size": 111, "stocks_size": 39, "fill_percentage": 0.667734685957201, "solution_time": 0.0023480000672861934}
{"items_size": 115, "stocks_size": 39, "fill_percentage": 0.5935576896542208, "solution_time": 0.00188589992467314}
{"items_size": 117, "stocks_size": 35, "fill_percentage": 0.6850982149816821, "solution_time": 0.0021383999846875668}
{"items_size": 110, "stocks_size": 38, "fill_percentage": 0.6072819055232342, "solution_time": 0.0025176999624818563}
{"items_size": 116, "stocks_size": 35, "fill_percentage": 0.6682126102708814, "solution_time": 0.0023364999797195196}
{"items_size": 114, "stocks_size": 36, "fill_percentage": 0.5546321507430135, "solution_time": 0.001829999964684248}
{"items_size": 116, "stocks_size": 38, "fill_percentage": 0.6350832380680195, "solution_time": 0.002674099989235401}
{"items_size": 112, "stocks_size": 36, "fill_percentage": 0.6113018597997139, "solution_time": 0.0017241999739781022}
{"items_size": 115, "stocks_size": 38, "fill_percentage": 0.6167474244611963, "solution_time": 0.0022631000028923154}
{"items_size": 112, "stocks_size": 38, "fill_percentage": 0.6311004255789532, "solution_time": 0.002311999909579754}
{"items_size": 116, "stocks_size": 39, "fill_percentage": 0.6028137656269453, "solution_time": 0.0024438000982627273}
{"items_size": 112, "stocks_size": 36, "fill_percentage": 0.6820008649880273, "solution_time": 0.0020343000069260597}
{"items_size": 111, "stocks_size": 39, "fill_percentage": 0.6284684767391154, "solution_time": 0.0018128000665456057}
{"items_size": 116, "stocks_size": 36, "fill_percentage": 0.6755057105292338, "solution_time": 0.002762199961580336}
{"items_size": 117, "stocks_size": 34, "fill_percentage": 0.6361707418151679, "solution_time": 0.0027839000103995204}
{"items_size": 117, "stocks_size": 35, "fill_percentage": 0.6588747945863107, "solution_time": 0.0018804999999701977}
{"items_size": 117, "stocks_size": 36, "fill_percentage": 0.6757732954798816, "solution_time": 0.0017495000502094626}
{"items_size": 115, "stocks_size": 36, "fill_percentage": 0.6137970278610667, "solution_time": 0.0023842999944463372}
{"items_size": 116, "stocks_size": 34, "fill_percentage": 0.6432019308125503, "solution_time": 0.0020590999629348516}
{"items_size": 115, "stocks_size": 34, "fill_percentage": 0.7054015979003435, "solution_time": 0.0023321000626310706}
{"items_size": 110, "stocks_size": 39, "fill_percentage": 0.6581357783774194, "solution_time": 0.002896099933423102}
{"items_size": 116, "stocks_size": 35, "fill_percentage": 0.6075155965449904, "solution_time": 0.003531100112013519}
{"items_size": 112, "stocks_size": 36, "fill_percentage": 0.6090151314868668, "solution_time": 0.0018642001086845994}
{"items_size": 115, "stocks_size": 35, "fill_percentage": 0.6129869167191727, "solution_time": 0.002194999950006604}
{"items_size": 115, "stocks_size": 35, "fill_percentage": 0.6429028685234675, "solution_time": 0.002398399985395372}
{"items_size": 116, "stocks_size": 36, "fill_percentage": 0.6415540235421622, "solution_time": 0.002139999996870756}
{"items_size": 110, "stocks_size": 38, "fill_percentage": 0.5915790110480108, "solution_time": 0.0019043999491259456}
{"items_size": 114, "stocks_size": 36, "fill_percentage": 0.6153752054742154, "solution_time": 0.0015454000094905496}
{"items_size": 110, "stocks_size": 39, "fill_percentage": 0.6533770253049336, "solution_time": 0.0018833000212907791}
{"items_size": 115, "stocks_size": 35, "fill_percentage": 0.6089966885993205, "solution_time": 0.0017346999375149608}
{"items_size": 116, "stocks_size": 35, "fill_percentage": 0.6150111169238818, "solution_time": 0.0025306999450549483}
{"items_size": 109, "stocks_size": 39, "fill_percentage": 0.6563232631277995, "solution_time": 0.002275999984703958}
{"items_size": 116, "stocks_size": 34, "fill_percentage": 0.6483198488159215, "solution_time": 0.002876100013963878}
{"items_size": 116, "stocks_size": 35, "fill_percentage": 0.6324969423490356, "solution_time": 0.002269800053909421}
{"items_size": 113, "stocks_size": 37, "fill_percentage": 0.6476540200763286, "solution_time": 0.001966899959370494}
{"items_size": 117, "stocks_size": 36, "fill_percentage": 0.6481362393175637, "solution_time": 0.0017975999508053064}
{"items_size": 117, "stocks_size": 33, "fill_percentage": 0.6177227128526108, "solution_time": 0.0021041000727564096}
{"items_size": 116, "stocks_size": 35, "fill_percentage": 0.6302596517320443, "solution_time": 0.001693099969998002}
{"items_size": 114, "stocks_size": 37, "fill_percentage": 0.6449138729986258, "solution_time": 0.001701700035482645}
{"items_size": 109, "stocks_size": 39, "fill_percentage": 0.6764826175869121, "solution_time": 0.001882700016722083}
{"items_size": 114, "stocks_size": 35, "fill_percentage": 0.6960073864749168, "solution_time": 0.002063299994915724}
{"items_size": 110, "stocks_size": 38, "fill_percentage": 0.5893159120640694, "solution_time": 0.0030264999950304627}
{"items_size": 109, "stocks_size": 39, "fill_percentage": 0.6496247808044613, "solution_time": 0.0027838998939841986}
{"items_size": 112, "stocks_size": 39, "fill_percentage": 0.6139443011525025, "solution_time": 0.002617600024677813}
{"items_size": 117, "stocks_size": 39, "fill_percentage": 0.6561799543738357, "solution_time": 0.0033355000196024776}
{"items_size": 116, "stocks_size": 37, "fill_percentage": 0.6536654040148278, "solution_time": 0.0035206000320613384}
{"items_size": 116, "stocks_size": 39, "fill_percentage": 0.5931275681440357, "solution_time": 0.0017457000212743878}
{"items_size": 116, "stocks_size": 39, "fill_percentage": 0.6161725186131548, "solution_time": 0.0031985000241547823}
{"items_size": 111, "stocks_size": 38, "fill_percentage": 0.6683011248918374, "solution_time": 0.0019753999076783657}
{"items_size": 115, "stocks_size": 37, "fill_percentage": 0.6365248696296688, "solution_time": 0.003419900080189109}
{"items_size": 113, "stocks_size": 38, "fill_percentage": 0.6095411315751451, "solution_time": 0.002529699937440455}
{"items_size": 117, "stocks_size": 38, "fill_percentage": 0.6732062966031483, "solution_time": 0.0026032000314444304}
{"items_size": 117, "stocks_size": 33, "fill_percentage": 0.6166047645845057, "solution_time": 0.0030857999809086323}
{"items_size": 117, "stocks_size": 39, "fill_percentage": 0.6562937062937063,