{"items_size": 111, "stocks_size": 38, "fill_percentage": 0.6601293447820565, "solution_time": 0.0024656999157741666}
{"items_size": 117, "stocks_size": 39, "fill_percentage": 0.6792183776921166, "solution_time": 0.002205300028435886}
{"items_size": 112, "stocks_size": 37, "fill_percentage": 0.6893966371834728, "solution_time": 0.0024558999575674534}
{"items_size": 114, "stocks_size": 36, "fill_percentage": 0.6404839849152728, "solution_time": 0.002810999983921647}
{"items_size": 116, "stocks_size": 38, "fill_percentage": 0.6709130599653592, "solution_time": 0.0027450000634416938}
{"items_size": 112, "stocks_size": 38, "fill_percentage": 0.637960114249875, "solution_time": 0.002313799923285842}
{"items_size": 112, "stocks_size": 39, "fill_percentage": 0.6581446635957814, "solution_time": 0.003213500021956861}
{"items_size": 109, "stocks_size": 38, "fill_percentage": 0.6456444283245504, "solution_time": 0.0015027999179437757}
{"items_size": 116, "stocks_size": 38, "fill_percentage": 0.6734818586887333, "solution_time": 0.002638899954035878}
{"items_size": 116, "stocks_size": 34, "fill_percentage": 0.653293575494714, "solution_time": 0.0024377000518143177}
{"items_size": 116, "stocks_size": 36, "fill_percentage": 0.6185944235850368, "solution_time": 0.0025626999558880925}
{"items_size": 113, "stocks_size": 37, "fill_percentage": 0.6501847452038115, "solution_time": 0.0029560000402852893}
{"items_size": 115, "stocks_size": 34, "fill_percentage": 0.6792597908550339, "solution_time": 0.002216299995779991}
{"items_size": 114, "stocks_size": 39, "fill_percentage": 0.7194152133306209, "solution_time": 0.002045300090685487}
{"items_size": 111, "stocks_size": 39, "fill_percentage": 0.667734685957201, "solution_time": 0.002318000071682036}
{"items_size": 115, "stocks_size": 39, "fill_percentage": 0.6253588899307297, "solution_time": 0.0033201000187546015}
{"items_size": 117, "stocks_size": 35, "fill_percentage": 0.6850982149816821, "solution_time": 0.002195499953813851}
{"items_size": 110, "stocks_size": 38, "fill_percentage": 0.640566199778267, "solution_time": 0.001475999946705997}
{"items_size": 116, "stocks_size": 35, "fill_percentage": 0.6682126102708814, "solution_time": 0.001982300076633692}
{"items_size": 114, "stocks_size": 36, "fill_percentage": 0.6130551313149463, "solution_time": 0.0029703000327572227}
{"items_size": 116, "stocks_size": 38, "fill_percentage": 0.6715491840435177, "solution_time": 0.0022687000455334783}
{"items_size": 112, "stocks_size": 36, "fill_percentage": 0.646470517975873, "solution_time": 0.001496699987910688}
{"items_size": 115, "stocks_size": 38, "fill_percentage": 0.6518551807431958, "solution_time": 0.003174800076521933}
{"items_size": 112, "stocks_size": 38, "fill_percentage": 0.7098923416468931, "solution_time": 0.0021238999906927347}
{"items_size": 116, "stocks_size": 39, "fill_percentage": 0.6348973720139152, "solution_time": 0.002354099997319281}
{"items_size": 112, "stocks_size": 36, "fill_percentage": 0.6820008649880273, "solution_time": 0.002355500007979572}
{"items_size": 111, "stocks_size": 39, "fill_percentage": 0.6284684767391154, "solution_time": 0.001625100034289062}
{"items_size": 116, "stocks_size": 36, "fill_percentage": 0.6755057105292338, "solution_time": 0.0018006999744102359}
{"items_size": 117, "stocks_size": 34, "fill_percentage": 0.677566009586949, "solution_time": 0.002330200048163533}
{"items_size": 117, "stocks_size": 35, "fill_percentage": 0.6976207698774217, "solution_time": 0.002126400009728968}
{"items_size": 117, "stocks_size": 36, "fill_percentage": 0.6757732954798816, "solution_time": 0.001735700061544776}
{"items_size": 115, "stocks_size": 36, "fill_percentage": 0.6472321373622992, "solution_time": 0.002447200007736683}
{"items_size": 116, "stocks_size": 34, "fill_percentage": 0.6801722762801085, "solution_time": 0.0018455999670550227}
{"items_size": 115, "stocks_size": 34, "fill_percentage": 0.7054015979003435, "solution_time": 0.0021633999422192574}
{"items_size": 110, "stocks_size": 39, "fill_percentage": 0.6581357783774194, "solution_time": 0.0019642000552266836}
{"items_size": 116, "stocks_size": 35, "fill_percentage": 0.6686226686951132, "solution_time": 0.0024571000831201673}
{"items_size": 112, "stocks_size": 36, "fill_percentage": 0.6779333864210781, "solution_time": 0.002141500008292496}
{"items_size": 115, "stocks_size": 35, "fill_percentage": 0.6442778898818103, "solution_time": 0.0018065000185742974}
{"items_size": 115, "stocks_size": 35, "fill_percentage": 0.6429028685234675, "solution_time": 0.0026031999150291085}
{"items_size": 116, "stocks_size": 36, "fill_percentage": 0.7074846870175788, "solution_time": 0.0017386999679729342}
{"items_size": 110, "stocks_size": 38, "fill_percentage": 0.6584435915564084, "solution_time": 0.0017043999396264553}
{"items_size": 114, "stocks_size": 36, "fill_percentage": 0.6782220349694544, "solution_time": 0.002091799979098141}
{"items_size": 110, "stocks_size": 39, "fill_percentage": 0.6533770253049336, "solution_time": 0.0020875000627711415}
{"items_size": 115, "stocks_size": 35, "fill_percentage": 0.7217267213699607, "solution_time": 0.0024413999635726213}
{"items_size": 116, "stocks_size": 35, "fill_percentage": 0.6899277408942522, "solution_time": 0.003158399951644242}
{"items_size": 109, "stocks_size": 39, "fill_percentage": 0.7325993298228818, "solution_time": 0.0017076999647542834}
{"items_size": 116, "stocks_size": 34, "fill_percentage": 0.6135360196724976, "solution_time": 0.0021410000044852495}
{"items_size": 116, "stocks_size": 35, "fill_percentage": 0.671522014404736, "solution_time": 0.001775600016117096}
{"items_size": 113, "stocks_size": 37, "fill_percentage": 0.6476540200763286, "solution_time": 0.0018833999056369066}
{"items_size": 117, "stocks_size": 36, "fill_percentage": 0.6823969915243867, "solution_time": 0.002365300082601607}
{"items_size": 117, "stocks_size": 33, "fill_percentage": 0.6537955442624438, "solution_time": 0.0020073000341653824}
{"items_size": 116, "stocks_size": 35, "fill_percentage": 0.6302596517320443, "solution_time": 0.002602200023829937}
{"items_size": 114, "stocks_size": 37, "fill_percentage": 0.6800107831244103, "solution_time": 0.0023943999549373984}
{"items_size": 109, "stocks_size": 39, "fill_percentage": 0.7162769150200415, "solution_time": 0.0025610000593587756}
{"items_size": 114, "stocks_size": 35, "fill_percentage": 0.6960073864749168, "solution_time": 0.001664399984292686}
{"items_size": 110, "stocks_size": 38, "fill_percentage": 0.6218823390769282, "solution_time": 0.0015792000340297818}
{"items_size": 109, "stocks_size": 39, "fill_percentage": 0.6913883640325965, "solution_time": 0.0015526999486610293}
{"items_size": 112, "stocks_size": 39, "fill_percentage": 0.6876068415134701, "solution_time": 0.0015868000918999314}
{"items_size": 117, "stocks_size": 39, "fill_percentage": 0.6984275095696063, "solution_time": 0.002782600000500679}
{"items_size": 116, "stocks_size": 37, "fill_percentage": 0.6974625543043638, "solution_time": 0.002889600000344217}
{"items_size": 116, "stocks_size": 39, "fill_percentage": 0.6579505915100905, "solution_time": 0.0017032999312505126}
{"items_size": 116, "stocks_size": 39, "fill_percentage": 0.6161725186131548, "solution_time": 0.002800299902446568}
{"items_size": 111, "stocks_size": 38, "fill_percentage": 0.7120613001700506, "solution_time": 0.0021421000128611922}
{"items_size": 115, "stocks_size": 37, "fill_percentage": 0.6736203193575497, "solution_time": 0.00209619989618659}
{"items_size": 113, "stocks_size": 38, "fill_percentage": 0.6768019930921239, "solution_time": 0.0025792999658733606}
{"items_size": 117, "stocks_size": 38, "fill_percentage": 0.6732062966031483, "solution_time": 0.002230199985206127}
{"items_size": 117, "stocks_size": 33, "fill_percentage": 0.6166047645845057, "solution_time": 0.002480899915099144}
{"items_size": 117, "stocks_size": 39,