{"items_size": 111, "stocks_size": 38, "fill_percentage": 0.6990604265930445, "solution_time": 0.003999700071290135}
{"items_size": 117, "stocks_size": 39, "fill_percentage": 0.7432699083861875, "solution_time": 0.005673700012266636}
{"items_size": 112, "stocks_size": 37, "fill_percentage": 0.6821679587055485, "solution_time": 0.004844699986279011}
{"items_size": 114, "stocks_size": 36, "fill_percentage": 0.6368340341330695, "solution_time": 0.007073899963870645}
{"items_size": 116, "stocks_size": 38, "fill_percentage": 0.6930968766543144, "solution_time": 0.004520899965427816}
{"items_size": 112, "stocks_size": 38, "fill_percentage": 0.6986031834423871, "solution_time": 0.004405900021083653}
{"items_size": 112, "stocks_size": 39, "fill_percentage": 0.6750241695700553, "solution_time": 0.005291900015436113}
{"items_size": 109, "stocks_size": 38, "fill_percentage": 0.6808098987626546, "solution_time": 0.0046632998855784535}
{"items_size": 116, "stocks_size": 38, "fill_percentage": 0.672072972423606, "solution_time": 0.008976300014182925}
{"items_size": 116, "stocks_size": 34, "fill_percentage": 0.7004256919631409, "solution_time": 0.0040704000275582075}
{"items_size": 116, "stocks_size": 36, "fill_percentage": 0.6859915953427403, "solution_time": 0.006042300025001168}
{"items_size": 113, "stocks_size": 37, "fill_percentage": 0.6402671040690074, "solution_time": 0.008524499949999154}
{"items_size": 115, "stocks_size": 34, "fill_percentage": 0.6866514664732096, "solution_time": 0.0046539000468328595}
{"items_size": 114, "stocks_size": 39, "fill_percentage": 0.6977488789237668, "solution_time": 0.007762299966998398}
{"items_size": 111, "stocks_size": 39, "fill_percentage": 0.6905199690127962, "solution_time": 0.005171000026166439}
{"items_size": 115, "stocks_size": 39, "fill_percentage": 0.7093856416091556, "solution_time": 0.006134500028565526}
{"items_size": 117, "stocks_size": 35, "fill_percentage": 0.6543422424061942, "solution_time": 0.005991899990476668}
{"items_size": 110, "stocks_size": 38, "fill_percentage": 0.6781979747881793, "solution_time": 0.00432930001989007}
{"items_size": 116, "stocks_size": 35, "fill_percentage": 0.7004226889736962, "solution_time": 0.003703200025483966}
{"items_size": 114, "stocks_size": 36, "fill_percentage": 0.6628218515010967, "solution_time": 0.005680899950675666}
{"items_size": 116, "stocks_size": 38, "fill_percentage": 0.674972235669334, "solution_time": 0.0047058999771252275}
{"items_size": 112, "stocks_size": 36, "fill_percentage": 0.6710057606638401, "solution_time": 0.0042616999708116055}
{"items_size": 115, "stocks_size": 38, "fill_percentage": 0.6806596994789273, "solution_time": 0.00443149998318404}
{"items_size": 112, "stocks_size": 38, "fill_percentage": 0.63461378141297, "solution_time": 0.004529999918304384}
{"items_size": 116, "stocks_size": 39, "fill_percentage": 0.6661918367016584, "solution_time": 0.006640199921093881}
{"items_size": 112, "stocks_size": 36, "fill_percentage": 0.6992461686548923, "solution_time": 0.0062741999281570315}
{"items_size": 111, "stocks_size": 39, "fill_percentage": 0.6684704331480743, "solution_time": 0.0032939999364316463}
{"items_size": 116, "stocks_size": 36, "fill_percentage": 0.6573712242082302, "solution_time": 0.004341699997894466}
{"items_size": 117, "stocks_size": 34, "fill_percentage": 0.684796088612903, "solution_time": 0.005661400035023689}
{"items_size": 117, "stocks_size": 35, "fill_percentage": 0.7134588277633933, "solution_time": 0.004186400095932186}
{"items_size": 117, "stocks_size": 36, "fill_percentage": 0.6792768564171523, "solution_time": 0.003616599948145449}
{"items_size": 115, "stocks_size": 36, "fill_percentage": 0.6931194701201127, "solution_time": 0.004574600025080144}
{"items_size": 116, "stocks_size": 34, "fill_percentage": 0.7262954691699156, "solution_time": 0.004902199958451092}
{"items_size": 115, "stocks_size": 34, "fill_percentage": 0.7066972140053748, "solution_time": 0.00887759996112436}
{"items_size": 110, "stocks_size": 39, "fill_percentage": 0.7038564467167279, "solution_time": 0.004288200056180358}
{"items_size": 116, "stocks_size": 35, "fill_percentage": 0.6618461415879845, "solution_time": 0.003465099958702922}
{"items_size": 112, "stocks_size": 36, "fill_percentage": 0.6529637348895373, "solution_time": 0.004978699958883226}
{"items_size": 115, "stocks_size": 35, "fill_percentage": 0.6438063948554656, "solution_time": 0.008774899994023144}
{"items_size": 115, "stocks_size": 35, "fill_percentage": 0.7154245395026968, "solution_time": 0.007207500049844384}
{"items_size": 116, "stocks_size": 36, "fill_percentage": 0.7063122483138061, "solution_time": 0.002875100006349385}
{"items_size": 110, "stocks_size": 38, "fill_percentage": 0.6733255297540152, "solution_time": 0.005393599974922836}
{"items_size": 114, "stocks_size": 36, "fill_percentage": 0.6876788872465674, "solution_time": 0.004349299939349294}
{"items_size": 110, "stocks_size": 39, "fill_percentage": 0.6336298214345765, "solution_time": 0.0055201000068336725}
{"items_size": 115, "stocks_size": 35, "fill_percentage": 0.670671255367517, "solution_time": 0.004762999946251512}
{"items_size": 116, "stocks_size": 35, "fill_percentage": 0.6906497273678606, "solution_time": 0.004129800014197826}
{"items_size": 109, "stocks_size": 39, "fill_percentage": 0.7385704327309776, "solution_time": 0.002677000011317432}
{"items_size": 116, "stocks_size": 34, "fill_percentage": 0.6816395681985506, "solution_time": 0.0046401999425143}
{"items_size": 116, "stocks_size": 35, "fill_percentage": 0.6530759516507306, "solution_time": 0.0033967000199481845}
{"items_size": 113, "stocks_size": 37, "fill_percentage": 0.6511414200038692, "solution_time": 0.004405400017276406}
{"items_size": 117, "stocks_size": 36, "fill_percentage": 0.7298608384591895, "solution_time": 0.00624660006724298}
{"items_size": 117, "stocks_size": 33, "fill_percentage": 0.6962820500430073, "solution_time": 0.004690299974754453}
{"items_size": 116, "stocks_size": 35, "fill_percentage": 0.6140957326369496, "solution_time": 0.006793800042942166}
{"items_size": 114, "stocks_size": 37, "fill_percentage": 0.6504012634157347, "solution_time": 0.00579460000153631}
{"items_size": 109, "stocks_size": 39, "fill_percentage": 0.7122171039455237, "solution_time": 0.005004399921745062}
{"items_size": 114, "stocks_size": 35, "fill_percentage": 0.6897418597558158, "solution_time": 0.004768199985846877}
{"items_size": 110, "stocks_size": 38, "fill_percentage": 0.6782432271154075, "solution_time": 0.004481400013901293}
{"items_size": 109, "stocks_size": 39, "fill_percentage": 0.6825896382425983, "solution_time": 0.00691739993635565}
{"items_size": 112, "stocks_size": 39, "fill_percentage": 0.6856200094797098, "solution_time": 0.005816400051116943}
{"items_size": 117, "stocks_size": 39, "fill_percentage": 0.6997779595652682, "solution_time": 0.006316400016658008}
{"items_size": 116, "stocks_size": 37, "fill_percentage": 0.7134613471296388, "solution_time": 0.004890399985015392}
{"items_size": 116, "stocks_size": 39, "fill_percentage": 0.6687000495084519, "solution_time": 0.0062837000004947186}
{"items_size": 116, "stocks_size": 39, "fill_percentage": 0.6349947411033846, "solution_time": 0.005987799959257245}
{"items_size": 111, "stocks_size": 38, "fill_percentage": 0.7111652223734155, "solution_time": 0.004790600039996207}
{"items_size": 115, "stocks_size": 37, "fill_percentage": 0.6618893823173193, "solution_time": 0.00805570010561496}
{"items_size": 113, "stocks_size": 38, "fill_percentage": 0.6525038212388092, "solution_time": 0.006784299970604479}
{"items_size": 117, "stocks_size": 38, "fill_percentage": 0.6989643188934384, "solution_time": 0.005333899985998869}
{"items_size": 117, "stocks_size": 33, "fill_percentage": 0.6742201729484929, "solution_time": 0.005726399947889149}
{"items_size": 117, "stocks_size": 39, "fill_percentage": 0.6675439220428195, "solution_time": 0.006876499974168837}
{"items_size": 117, "stocks_size": 36,