{"items_size": 237, "stocks_size": 84, "fill_percentage": 0.6425226807140767, "solution_time": 0.008173299953341484}
{"items_size": 248, "stocks_size": 83, "fill_percentage": 0.6871909303856576, "solution_time": 0.00967639998998493}
{"items_size": 248, "stocks_size": 75, "fill_percentage": 0.6817305632897837, "solution_time": 0.010452400078065693}
{"items_size": 235, "stocks_size": 84, "fill_percentage": 0.669974681601964, "solution_time": 0.010466099949553609}
{"items_size": 242, "stocks_size": 82, "fill_percentage": 0.6249423621632304, "solution_time": 0.014208100037649274}
{"items_size": 248, "stocks_size": 77, "fill_percentage": 0.7129277480154673, "solution_time": 0.014299200032837689}
{"items_size": 243, "stocks_size": 84, "fill_percentage": 0.6420284807677424, "solution_time": 0.007866399944759905}
{"items_size": 245, "stocks_size": 78, "fill_percentage": 0.6890867003367004, "solution_time": 0.012054899940267205}
{"items_size": 249, "stocks_size": 78, "fill_percentage": 0.7104995085336431, "solution_time": 0.012398699996992946}
{"items_size": 238, "stocks_size": 83, "fill_percentage": 0.6481232717445953, "solution_time": 0.010046500014141202}
{"items_size": 245, "stocks_size": 78, "fill_percentage": 0.6616801948051948, "solution_time": 0.00983350002206862}
{"items_size": 246, "stocks_size": 78, "fill_percentage": 0.6860070640561636, "solution_time": 0.012264600023627281}
{"items_size": 244, "stocks_size": 79, "fill_percentage": 0.6875142821986676, "solution_time": 0.012967500020749867}
{"items_size": 243, "stocks_size": 83, "fill_percentage": 0.6650392214301989, "solution_time": 0.009901899960823357}
{"items_size": 246, "stocks_size": 83, "fill_percentage": 0.6769062409183377, "solution_time": 0.012248000013642013}
{"items_size": 243, "stocks_size": 83, "fill_percentage": 0.6694501576854518, "solution_time": 0.006085300003178418}
{"items_size": 246, "stocks_size": 80, "fill_percentage": 0.7124606290719248, "solution_time": 0.008570099947974086}
{"items_size": 242, "stocks_size": 80, "fill_percentage": 0.646069126528955, "solution_time": 0.008798299939371645}
{"items_size": 246, "stocks_size": 82, "fill_percentage": 0.733663013454513, "solution_time": 0.010825100005604327}
{"items_size": 246, "stocks_size": 78, "fill_percentage": 0.7180983872056144, "solution_time": 0.010248999926261604}
{"items_size": 240, "stocks_size": 84, "fill_percentage": 0.7454636591478697, "solution_time": 0.006722199963405728}
{"items_size": 248, "stocks_size": 77, "fill_percentage": 0.6479069586828208, "solution_time": 0.007092299987562001}
{"items_size": 248, "stocks_size": 78, "fill_percentage": 0.6790450310559006, "solution_time": 0.009792899945750833}
{"items_size": 246, "stocks_size": 79, "fill_percentage": 0.7000220458553792, "solution_time": 0.007063800003379583}
{"items_size": 248, "stocks_size": 77, "fill_percentage": 0.6911871661330369, "solution_time": 0.0071841999888420105}
{"items_size": 249, "stocks_size": 82, "fill_percentage": 0.7023073588207903, "solution_time": 0.008804699988104403}
{"items_size": 247, "stocks_size": 75, "fill_percentage": 0.6523251996936208, "solution_time": 0.009107199963182211}
{"items_size": 246, "stocks_size": 77, "fill_percentage": 0.6586778026589198, "solution_time": 0.007096800021827221}
{"items_size": 247, "stocks_size": 81, "fill_percentage": 0.7169734681531414, "solution_time": 0.01423369999974966}
{"items_size": 247, "stocks_size": 76, "fill_percentage": 0.6327133773173717, "solution_time": 0.011316000018268824}
{"items_size": 246, "stocks_size": 81, "fill_percentage": 0.6126580552810061, "solution_time": 0.00843759998679161}
{"items_size": 245, "stocks_size": 78, "fill_percentage": 0.7195938588850174, "solution_time": 0.011000299942679703}
{"items_size": 240, "stocks_size": 84, "fill_percentage": 0.6442516351855248, "solution_time": 0.010193999973125756}
{"items_size": 247, "stocks_size": 83, "fill_percentage": 0.6683760683760683, "solution_time": 0.014806699939072132}
{"items_size": 238, "stocks_size": 83, "fill_percentage": 0.7079587700647793, "solution_time": 0.0081430000718683}
{"items_size": 236, "stocks_size": 84, "fill_percentage": 0.686525632177806, "solution_time": 0.010492400033399463}
{"items_size": 244, "stocks_size": 80, "fill_percentage": 0.6357505807200929, "solution_time": 0.008631300064735115}
{"items_size": 238, "stocks_size": 82, "fill_percentage": null, "solution_time": null}
{"items_size": 237, "stocks_size": 84, "fill_percentage": 0.7101453127768917, "solution_time": 0.008557999972254038}
{"items_size": 249, "stocks_size": 82, "fill_percentage": 0.6393336681183163, "solution_time": 0.009296700009144843}
{"items_size": 240, "stocks_size": 79, "fill_percentage": 0.7161949405820821, "solution_time": 0.007675900007598102}
{"items_size": 239, "stocks_size": 83, "fill_percentage": 0.6796901866980505, "solution_time": 0.010536299902014434}
{"items_size": 243, "stocks_size": 80, "fill_percentage": 0.6579129434212347, "solution_time": 0.008439800003543496}
{"items_size": 245, "stocks_size": 82, "fill_percentage": 0.6699815639117725, "solution_time": 0.006865900009870529}
{"items_size": 239, "stocks_size": 84, "fill_percentage": 0.6974882491186839, "solution_time": 0.014238600037060678}
{"items_size": 234, "stocks_size": 84, "fill_percentage": 0.6600469151102063, "solution_time": 0.006356399971991777}
{"items_size": 249, "stocks_size": 74, "fill_percentage": 0.6741278108465608, "solution_time": 0.010723700048401952}
{"items_size": 248, "stocks_size": 84, "fill_percentage": 0.6604090997719162, "solution_time": 0.007201100001111627}
{"items_size": 246, "stocks_size": 81, "fill_percentage": 0.6532695374800638, "solution_time": 0.005932100000791252}
{"items_size": 239, "stocks_size": 83, "fill_percentage": 0.6606516730114206, "solution_time": 0.0051469000754877925}
{"items_size": 249, "stocks_size": 82, "fill_percentage": 0.6621981534090909, "solution_time": 0.007784500019624829}
{"items_size": 242, "stocks_size": 83, "fill_percentage": 0.7046247739602169, "solution_time": 0.012767500011250377}
{"items_size": 247, "stocks_size": 79, "fill_percentage": 0.6556024668474467, "solution_time": 0.009656900074332952}
{"items_size": 249, "stocks_size": 83, "fill_percentage": 0.743539994708528, "solution_time": 0.0088244000216946}
{"items_size": 248, "stocks_size": 83, "fill_percentage": 0.7511550151975684, "solution_time": 0.011115200002677739}
{"items_size": 247, "stocks_size": 76, "fill_percentage": 0.7099087763447625, "solution_time": 0.009616499999538064}
{"items_size": 242, "stocks_size": 83, "fill_percentage": 0.7383737120579226, "solution_time": 0.012643499998375773}
{"items_size": 240, "stocks_size": 81, "fill_percentage": 0.6978473331204088, "solution_time": 0.012550799991004169}
{"items_size": 233, "stocks_size": 84, "fill_percentage": 0.7325462110753183, "solution_time": 0.009337599971331656}
{"items_size": 241, "stocks_size": 81, "fill_percentage": 0.6960151802656547, "solution_time": 0.01067939994391054}
{"items_size": 247, "stocks_size": 84, "fill_percentage": 0.6991134751773049, "solution_time": 0.010975499986670911}
{"items_size": 242, "stocks_size": 81, "fill_percentage": 0.7008768811470554, "solution_time": 0.010909400065429509}
{"items_size": 240, "stocks_size": 84, "fill_percentage": 0.6482147914896453, "solution_time": 0.00883179996162653}
{"items_size": 249, "stocks_size": 74, "fill_percentage": 0.64449445089689, "solution_time": 0.009143600007519126}
{"items_size": 247, "stocks_size": 78, "fill_percentage": 0.6476089222430685, "solution_time": 0.01053279999177903}
{"items_size": 236, "stocks_size": 82, "fill_percentage": 0.7064645781684321, "solution_time": 0.005282900063320994}
{"items_size": 243, "stocks_size": 82, "fill_percentage": 0.6432096158658659, "solution_time": 0.007297499920241535}
{"items_size": 236, "stocks_size": 84, "fill_percentage": 0.6018393272499553, "solution_time": 0.007088000071235001}
{"items_size": 247,