{"items_size": 237, "stocks_size": 84, "fill_percentage": 0.963784021071115, "solution_time": 0.0048226999351754785}
{"items_size": 248, "stocks_size": 83, "fill_percentage": 0.953200322793009, "solution_time": 0.0052671999437734485}
{"items_size": 248, "stocks_size": 75, "fill_percentage": 0.9544227886056972, "solution_time": 0.005641499999910593}
{"items_size": 235, "stocks_size": 84, "fill_percentage": 0.9429273296620235, "solution_time": 0.004799999995157123}
{"items_size": 242, "stocks_size": 82, "fill_percentage": 0.9474932587636073, "solution_time": 0.004166499944403768}
{"items_size": 248, "stocks_size": 77, "fill_percentage": 0.9587649025035595, "solution_time": 0.005006699939258397}
{"items_size": 243, "stocks_size": 84, "fill_percentage": 0.9395538742942572, "solution_time": 0.005042899982072413}
{"items_size": 245, "stocks_size": 78, "fill_percentage": 0.9396636822773187, "solution_time": 0.003990500001236796}
{"items_size": 249, "stocks_size": 78, "fill_percentage": 0.957629772371432, "solution_time": 0.006186199956573546}
{"items_size": 238, "stocks_size": 83, "fill_percentage": 0.9444081959706959, "solution_time": 0.0032650999492034316}
{"items_size": 245, "stocks_size": 78, "fill_percentage": 0.9263522727272727, "solution_time": 0.0040877999272197485}
{"items_size": 246, "stocks_size": 78, "fill_percentage": 0.9329696071163825, "solution_time": 0.004557100008241832}
{"items_size": 244, "stocks_size": 79, "fill_percentage": 0.9625199950781346, "solution_time": 0.003668899997137487}
{"items_size": 243, "stocks_size": 83, "fill_percentage": 0.9359811264573169, "solution_time": 0.0052001000149175525}
{"items_size": 246, "stocks_size": 83, "fill_percentage": 0.9538224303849304, "solution_time": 0.004618900013156235}
{"items_size": 243, "stocks_size": 83, "fill_percentage": 0.9459621793381384, "solution_time": 0.003058800008147955}
{"items_size": 246, "stocks_size": 80, "fill_percentage": 0.9573689703153989, "solution_time": 0.0036075999960303307}
{"items_size": 242, "stocks_size": 80, "fill_percentage": 0.9550587087819334, "solution_time": 0.003041999996639788}
{"items_size": 246, "stocks_size": 82, "fill_percentage": 0.925053364790473, "solution_time": 0.003734799916855991}
{"items_size": 246, "stocks_size": 78, "fill_percentage": 0.9465842376801281, "solution_time": 0.005553499911911786}
{"items_size": 240, "stocks_size": 84, "fill_percentage": 0.9487719298245614, "solution_time": 0.004079399979673326}
{"items_size": 248, "stocks_size": 77, "fill_percentage": 0.9635539385539386, "solution_time": 0.003749100025743246}
{"items_size": 248, "stocks_size": 78, "fill_percentage": 0.970064330079858, "solution_time": 0.0045374000910669565}
{"items_size": 246, "stocks_size": 79, "fill_percentage": 0.9459757376424043, "solution_time": 0.0036014000652357936}
{"items_size": 248, "stocks_size": 77, "fill_percentage": 0.9369426029803388, "solution_time": 0.004578299936838448}
{"items_size": 249, "stocks_size": 82, "fill_percentage": 0.9598200570550801, "solution_time": 0.003982100053690374}
{"items_size": 247, "stocks_size": 75, "fill_percentage": 0.9422475106685633, "solution_time": 0.003128600073978305}
{"items_size": 246, "stocks_size": 77, "fill_percentage": 0.9644924967505613, "solution_time": 0.005639899987727404}
{"items_size": 247, "stocks_size": 81, "fill_percentage": 0.945101389838232, "solution_time": 0.005227399989962578}
{"items_size": 247, "stocks_size": 76, "fill_percentage": 0.9381612146429994, "solution_time": 0.004236200009472668}
{"items_size": 246, "stocks_size": 81, "fill_percentage": 0.8889548253096952, "solution_time": 0.003392699989490211}
{"items_size": 245, "stocks_size": 78, "fill_percentage": 0.9594584785133565, "solution_time": 0.005759499967098236}
{"items_size": 240, "stocks_size": 84, "fill_percentage": 0.9663774527782871, "solution_time": 0.003837199998088181}
{"items_size": 247, "stocks_size": 83, "fill_percentage": 0.9624615384615385, "solution_time": 0.0038726000348106027}
{"items_size": 238, "stocks_size": 83, "fill_percentage": 0.9384569742719167, "solution_time": 0.004842199967242777}
{"items_size": 236, "stocks_size": 84, "fill_percentage": 0.9268096034400383, "solution_time": 0.004775500041432679}
{"items_size": 244, "stocks_size": 80, "fill_percentage": 0.9622170951439244, "solution_time": 0.0034507999662309885}
{"items_size": 238, "stocks_size": 82, "fill_percentage": 0.9310549100022785, "solution_time": 0.0046397000551223755}
{"items_size": 237, "stocks_size": 84, "fill_percentage": 0.9468604170358557, "solution_time": 0.0036669999826699495}
{"items_size": 249, "stocks_size": 82, "fill_percentage": 0.9493136284181061, "solution_time": 0.003966699936427176}
{"items_size": 240, "stocks_size": 79, "fill_percentage": 0.9689696254934053, "solution_time": 0.00514549994841218}
{"items_size": 239, "stocks_size": 83, "fill_percentage": 0.9566010035009599, "solution_time": 0.003923000069335103}
{"items_size": 243, "stocks_size": 80, "fill_percentage": 0.9439620492565541, "solution_time": 0.0038958999793976545}
{"items_size": 245, "stocks_size": 82, "fill_percentage": 0.952862668674521, "solution_time": 0.0031999999191612005}
{"items_size": 239, "stocks_size": 84, "fill_percentage": 0.955817230273752, "solution_time": 0.0038969999877735972}
{"items_size": 234, "stocks_size": 84, "fill_percentage": 0.936840782737067, "solution_time": 0.005507299909368157}
{"items_size": 249, "stocks_size": 74, "fill_percentage": 0.9630397297808012, "solution_time": 0.005579199991188943}
{"items_size": 248, "stocks_size": 84, "fill_percentage": 0.9459914131867989, "solution_time": 0.0033629999961704016}
{"items_size": 246, "stocks_size": 81, "fill_percentage": 0.9581286549707603, "solution_time": 0.002953500021249056}
{"items_size": 239, "stocks_size": 83, "fill_percentage": 0.9525675285280948, "solution_time": 0.003737000050023198}
{"items_size": 249, "stocks_size": 82, "fill_percentage": 0.9519098455255682, "solution_time": 0.003399199922569096}
{"items_size": 242, "stocks_size": 83, "fill_percentage": 0.9394996986136227, "solution_time": 0.005684600095264614}
{"items_size": 247, "stocks_size": 79, "fill_percentage": 0.9469813410018676, "solution_time": 0.004249799996614456}
{"items_size": 249, "stocks_size": 83, "fill_percentage": 0.9500788821275636, "solution_time": 0.0034460999304428697}
{"items_size": 248, "stocks_size": 83, "fill_percentage": 0.9685946248600223, "solution_time": 0.0032743000192567706}
{"items_size": 247, "stocks_size": 76, "fill_percentage": 0.9523166511941936, "solution_time": 0.003464299952611327}
{"items_size": 242, "stocks_size": 83, "fill_percentage": 0.9493376297887576, "solution_time": 0.004191800020635128}
{"items_size": 240, "stocks_size": 81, "fill_percentage": 0.9405768402927249, "solution_time": 0.005049100029282272}
{"items_size": 233, "stocks_size": 84, "fill_percentage": 0.9385748329402516, "solution_time": 0.004051600000821054}
{"items_size": 241, "stocks_size": 81, "fill_percentage": 0.9381074168797954, "solution_time": 0.003741399967111647}
{"items_size": 247, "stocks_size": 84, "fill_percentage": 0.9411142935079105, "solution_time": 0.004688799963332713}
{"items_size": 242, "stocks_size": 81, "fill_percentage": 0.9557412015641664, "solution_time": 0.004202999989502132}
{"items_size": 240, "stocks_size": 84, "fill_percentage": 0.937596394833237, "solution_time": 0.00380469998344779}
{"items_size": 249, "stocks_size": 74, "fill_percentage": 0.9667416763453349, "solution_time": 0.003938199952244759}
{"items_size": 247, "stocks_size": 78, "fill_percentage": 0.9400774677721964, "solution_time": 0.0036708000116050243}
{"items_size": 236, "stocks_size": 82, "fill_percentage": 0.9419527708912429, "solution_time": 0.0030387999722734094}
{"items_size": 243, "stocks_size": 82, "fill_percentage": 0.9648144237987988, "solution_time": 0.0051030999748036265}
{"items_size": 236, "stocks_size": 84, "fill_percentage": 0.9558624609263996,