{"items_size": 237, "stocks_size": 84, "fill_percentage": 0.6581939656095419, "solution_time": 0.007716100080870092}
{"items_size": 248, "stocks_size": 83, "fill_percentage": 0.6871909303856576, "solution_time": 0.00842600001487881}
{"items_size": 248, "stocks_size": 75, "fill_percentage": 0.7017814622100714, "solution_time": 0.010592499980702996}
{"items_size": 235, "stocks_size": 84, "fill_percentage": 0.669974681601964, "solution_time": 0.009038399904966354}
{"items_size": 242, "stocks_size": 82, "fill_percentage": 0.6385280656885179, "solution_time": 0.011084500001743436}
{"items_size": 248, "stocks_size": 77, "fill_percentage": 0.7316890045421901, "solution_time": 0.009352299966849387}
{"items_size": 243, "stocks_size": 84, "fill_percentage": 0.6420284807677424, "solution_time": 0.007888899999670684}
{"items_size": 245, "stocks_size": 78, "fill_percentage": 0.6890867003367004, "solution_time": 0.008972199982963502}
{"items_size": 249, "stocks_size": 78, "fill_percentage": 0.6882963988919668, "solution_time": 0.012239000061526895}
{"items_size": 238, "stocks_size": 83, "fill_percentage": 0.6610857371794872, "solution_time": 0.008622599998489022}
{"items_size": 245, "stocks_size": 78, "fill_percentage": 0.6811413770053476, "solution_time": 0.009998399997130036}
{"items_size": 246, "stocks_size": 78, "fill_percentage": 0.6860070640561636, "solution_time": 0.00916070002131164}
{"items_size": 244, "stocks_size": 79, "fill_percentage": 0.6875142821986676, "solution_time": 0.00883200007956475}
{"items_size": 243, "stocks_size": 83, "fill_percentage": 0.6830132544418259, "solution_time": 0.00883909990079701}
{"items_size": 246, "stocks_size": 83, "fill_percentage": 0.7235894299471886, "solution_time": 0.014977299957536161}
{"items_size": 243, "stocks_size": 83, "fill_percentage": 0.679910316399287, "solution_time": 0.007257699966430664}
{"items_size": 246, "stocks_size": 80, "fill_percentage": 0.729423977383161, "solution_time": 0.006762300035916269}
{"items_size": 242, "stocks_size": 80, "fill_percentage": 0.6557119493129693, "solution_time": 0.007929099956527352}
{"items_size": 246, "stocks_size": 82, "fill_percentage": 0.7598652639350314, "solution_time": 0.010290300007909536}
{"items_size": 246, "stocks_size": 78, "fill_percentage": 0.7180983872056144, "solution_time": 0.010635299957357347}
{"items_size": 240, "stocks_size": 84, "fill_percentage": 0.7636456996148909, "solution_time": 0.0075014999601989985}
{"items_size": 248, "stocks_size": 77, "fill_percentage": 0.6592737474316421, "solution_time": 0.006125499960035086}
{"items_size": 248, "stocks_size": 78, "fill_percentage": 0.696456442108616, "solution_time": 0.009179900051094592}
{"items_size": 246, "stocks_size": 79, "fill_percentage": 0.7000220458553792, "solution_time": 0.009381999960169196}
{"items_size": 248, "stocks_size": 77, "fill_percentage": 0.6911871661330369, "solution_time": 0.006382299936376512}
{"items_size": 249, "stocks_size": 82, "fill_percentage": 0.7023073588207903, "solution_time": 0.009869700064882636}
{"items_size": 247, "stocks_size": 75, "fill_percentage": 0.6523251996936208, "solution_time": 0.008001800044439733}
{"items_size": 246, "stocks_size": 77, "fill_percentage": 0.6924561515132235, "solution_time": 0.009651699918322265}
{"items_size": 247, "stocks_size": 81, "fill_percentage": 0.7169734681531414, "solution_time": 0.011027999920770526}
{"items_size": 247, "stocks_size": 76, "fill_percentage": 0.6327133773173717, "solution_time": 0.006859899964183569}
{"items_size": 246, "stocks_size": 81, "fill_percentage": 0.6126580552810061, "solution_time": 0.006300800014287233}
{"items_size": 245, "stocks_size": 78, "fill_percentage": 0.7462454832881662, "solution_time": 0.007324900012463331}
{"items_size": 240, "stocks_size": 84, "fill_percentage": 0.6599650897022449, "solution_time": 0.00782439997419715}
{"items_size": 247, "stocks_size": 83, "fill_percentage": 0.6683760683760683, "solution_time": 0.014199600089341402}
{"items_size": 238, "stocks_size": 83, "fill_percentage": 0.7079587700647793, "solution_time": 0.006826699944213033}
{"items_size": 236, "stocks_size": 84, "fill_percentage": 0.7129304641846448, "solution_time": 0.010472800000570714}
{"items_size": 244, "stocks_size": 80, "fill_percentage": 0.647309682187731, "solution_time": 0.008503500022925436}
{"items_size": 238, "stocks_size": 82, "fill_percentage": null, "solution_time": null}
{"items_size": 237, "stocks_size": 84, "fill_percentage": 0.7101453127768917, "solution_time": 0.006418599979951978}
{"items_size": 249, "stocks_size": 82, "fill_percentage": 0.6393336681183163, "solution_time": 0.007038600044324994}
{"items_size": 240, "stocks_size": 79, "fill_percentage": 0.7321103837061284, "solution_time": 0.005822999984957278}
{"items_size": 239, "stocks_size": 83, "fill_percentage": 0.6796901866980505, "solution_time": 0.010345500078983605}
{"items_size": 243, "stocks_size": 80, "fill_percentage": 0.6480933472507685, "solution_time": 0.006079099955968559}
{"items_size": 245, "stocks_size": 82, "fill_percentage": 0.680616191910372, "solution_time": 0.005228399997577071}
{"items_size": 239, "stocks_size": 84, "fill_percentage": 0.6974882491186839, "solution_time": 0.0071517000906169415}
{"items_size": 234, "stocks_size": 84, "fill_percentage": 0.6600469151102063, "solution_time": 0.0058157999301329255}
{"items_size": 249, "stocks_size": 74, "fill_percentage": 0.7222797973356009, "solution_time": 0.010782299912534654}
{"items_size": 248, "stocks_size": 84, "fill_percentage": 0.6604090997719162, "solution_time": 0.005396900000050664}
{"items_size": 246, "stocks_size": 81, "fill_percentage": 0.6633198380566802, "solution_time": 0.0054954999359324574}
{"items_size": 239, "stocks_size": 83, "fill_percentage": 0.6606516730114206, "solution_time": 0.005778599996119738}
{"items_size": 249, "stocks_size": 82, "fill_percentage": 0.676913667929293, "solution_time": 0.011053399997763336}
{"items_size": 242, "stocks_size": 83, "fill_percentage": 0.6803273679615889, "solution_time": 0.009299900033511221}
{"items_size": 247, "stocks_size": 79, "fill_percentage": 0.6556024668474467, "solution_time": 0.01129880000371486}
{"items_size": 249, "stocks_size": 83, "fill_percentage": 0.743539994708528, "solution_time": 0.006209100014530122}
{"items_size": 248, "stocks_size": 83, "fill_percentage": 0.7511550151975684, "solution_time": 0.006550900056026876}
{"items_size": 247, "stocks_size": 76, "fill_percentage": 0.7099087763447625, "solution_time": 0.006272300030104816}
{"items_size": 242, "stocks_size": 83, "fill_percentage": 0.7383737120579226, "solution_time": 0.011677499976940453}
{"items_size": 240, "stocks_size": 81, "fill_percentage": 0.6978473331204088, "solution_time": 0.008961200015619397}
{"items_size": 233, "stocks_size": 84, "fill_percentage": 0.7508598663522013, "solution_time": 0.007058100076392293}
{"items_size": 241, "stocks_size": 81, "fill_percentage": 0.6960151802656547, "solution_time": 0.011634099995717406}
{"items_size": 247, "stocks_size": 84, "fill_percentage": 0.6991134751773049, "solution_time": 0.008912999997846782}
{"items_size": 242, "stocks_size": 81, "fill_percentage": 0.7250450494624711, "solution_time": 0.008942199987359345}
{"items_size": 240, "stocks_size": 84, "fill_percentage": 0.6482147914896453, "solution_time": 0.005060299998149276}
{"items_size": 249, "stocks_size": 74, "fill_percentage": 0.6582070987883131, "solution_time": 0.008429399924352765}
{"items_size": 247, "stocks_size": 78, "fill_percentage": 0.6623273068395019, "solution_time": 0.01009839994367212}
{"items_size": 236, "stocks_size": 82, "fill_percentage": 0.7064645781684321, "solution_time": 0.006963100051507354}
{"items_size": 243, "stocks_size": 82, "fill_percentage": 0.6432096158658659, "solution_time": 0.006742099998518825}
{"items_size": 236, "stocks_size": 84, "fill_percentage": 0.6131947862546714, "solution_time": 0.00830129999667406}
{"items_size": 247, "stocks_size": 83, "fill_percentage": 0.7008111285266457,