{"items_size": 237, "stocks_size": 84, "fill_percentage": 0.963784021071115, "solution_time": 0.004266900010406971}
{"items_size": 248, "stocks_size": 83, "fill_percentage": 0.953200322793009, "solution_time": 0.0036292000440880656}
{"items_size": 248, "stocks_size": 75, "fill_percentage": 0.9544227886056972, "solution_time": 0.004046899965032935}
{"items_size": 235, "stocks_size": 84, "fill_percentage": 0.9429273296620235, "solution_time": 0.004877600003965199}
{"items_size": 242, "stocks_size": 82, "fill_percentage": 0.9474932587636073, "solution_time": 0.0033556999405846}
{"items_size": 248, "stocks_size": 77, "fill_percentage": 0.9587649025035595, "solution_time": 0.003166800015605986}
{"items_size": 243, "stocks_size": 84, "fill_percentage": 0.9395538742942572, "solution_time": 0.0035791000118479133}
{"items_size": 245, "stocks_size": 78, "fill_percentage": 0.9396636822773187, "solution_time": 0.002697200048714876}
{"items_size": 249, "stocks_size": 78, "fill_percentage": 0.957629772371432, "solution_time": 0.005018899915739894}
{"items_size": 238, "stocks_size": 83, "fill_percentage": 0.9721849076168929, "solution_time": 0.002876599901355803}
{"items_size": 245, "stocks_size": 78, "fill_percentage": 0.9263522727272727, "solution_time": 0.004584200098179281}
{"items_size": 246, "stocks_size": 78, "fill_percentage": 0.9329696071163825, "solution_time": 0.0048034000210464}
{"items_size": 244, "stocks_size": 79, "fill_percentage": 0.9314709629788399, "solution_time": 0.003716500010341406}
{"items_size": 243, "stocks_size": 83, "fill_percentage": 0.9359811264573169, "solution_time": 0.003562699886970222}
{"items_size": 246, "stocks_size": 83, "fill_percentage": 0.9538224303849304, "solution_time": 0.004352999967522919}
{"items_size": 243, "stocks_size": 83, "fill_percentage": 0.9669835611012082, "solution_time": 0.002993699978105724}
{"items_size": 246, "stocks_size": 80, "fill_percentage": 0.9573689703153989, "solution_time": 0.004013300058431923}
{"items_size": 242, "stocks_size": 80, "fill_percentage": 0.9550587087819334, "solution_time": 0.0031071000266820192}
{"items_size": 246, "stocks_size": 82, "fill_percentage": 0.925053364790473, "solution_time": 0.004053300013765693}
{"items_size": 246, "stocks_size": 78, "fill_percentage": 0.9465842376801281, "solution_time": 0.003785500070080161}
{"items_size": 240, "stocks_size": 84, "fill_percentage": 0.9487719298245614, "solution_time": 0.0031281999545171857}
{"items_size": 248, "stocks_size": 77, "fill_percentage": 0.9635539385539386, "solution_time": 0.0034357999684289098}
{"items_size": 248, "stocks_size": 78, "fill_percentage": 0.9366138359391732, "solution_time": 0.003734199912287295}
{"items_size": 246, "stocks_size": 79, "fill_percentage": 0.9459757376424043, "solution_time": 0.003481099964119494}
{"items_size": 248, "stocks_size": 77, "fill_percentage": 0.9582367530480738, "solution_time": 0.0035476000048220158}
{"items_size": 249, "stocks_size": 82, "fill_percentage": 0.9598200570550801, "solution_time": 0.004267700016498566}
{"items_size": 247, "stocks_size": 75, "fill_percentage": 0.9422475106685633, "solution_time": 0.003179199993610382}
{"items_size": 246, "stocks_size": 77, "fill_percentage": 0.9644924967505613, "solution_time": 0.0036850000033155084}
{"items_size": 247, "stocks_size": 81, "fill_percentage": 0.945101389838232, "solution_time": 0.0037881999742239714}
{"items_size": 247, "stocks_size": 76, "fill_percentage": 0.9381612146429994, "solution_time": 0.003932299907319248}
{"items_size": 246, "stocks_size": 81, "fill_percentage": 0.8889548253096952, "solution_time": 0.0030095999827608466}
{"items_size": 245, "stocks_size": 78, "fill_percentage": 0.9594584785133565, "solution_time": 0.005409099976532161}
{"items_size": 240, "stocks_size": 84, "fill_percentage": 0.9330540923376566, "solution_time": 0.003131299978122115}
{"items_size": 247, "stocks_size": 83, "fill_percentage": 0.9624615384615385, "solution_time": 0.0037968000397086143}
{"items_size": 238, "stocks_size": 83, "fill_percentage": 0.9384569742719167, "solution_time": 0.0033455999800935388}
{"items_size": 236, "stocks_size": 84, "fill_percentage": 0.9268096034400383, "solution_time": 0.004523399984464049}
{"items_size": 244, "stocks_size": 80, "fill_percentage": 0.9622170951439244, "solution_time": 0.0031392000382766128}
{"items_size": 238, "stocks_size": 82, "fill_percentage": 0.9310549100022785, "solution_time": 0.0029106999281793833}
{"items_size": 237, "stocks_size": 84, "fill_percentage": 0.9468604170358557, "solution_time": 0.0029008000856265426}
{"items_size": 249, "stocks_size": 82, "fill_percentage": 0.9493136284181061, "solution_time": 0.0035598999820649624}
{"items_size": 240, "stocks_size": 79, "fill_percentage": 0.9412847790507365, "solution_time": 0.002950900001451373}
{"items_size": 239, "stocks_size": 83, "fill_percentage": 0.9566010035009599, "solution_time": 0.005143000045791268}
{"items_size": 243, "stocks_size": 80, "fill_percentage": 0.9439620492565541, "solution_time": 0.0035196999087929726}
{"items_size": 245, "stocks_size": 82, "fill_percentage": 0.952862668674521, "solution_time": 0.0030885000014677644}
{"items_size": 239, "stocks_size": 84, "fill_percentage": 0.955817230273752, "solution_time": 0.0039750998839735985}
{"items_size": 234, "stocks_size": 84, "fill_percentage": 0.936840782737067, "solution_time": 0.003716000006534159}
{"items_size": 249, "stocks_size": 74, "fill_percentage": 0.9630397297808012, "solution_time": 0.00413959997240454}
{"items_size": 248, "stocks_size": 84, "fill_percentage": 0.9722689524419877, "solution_time": 0.003510400070808828}
{"items_size": 246, "stocks_size": 81, "fill_percentage": 0.9581286549707603, "solution_time": 0.0029776999726891518}
{"items_size": 239, "stocks_size": 83, "fill_percentage": 0.9525675285280948, "solution_time": 0.0030128000071272254}
{"items_size": 249, "stocks_size": 82, "fill_percentage": 0.9519098455255682, "solution_time": 0.003016300033777952}
{"items_size": 242, "stocks_size": 83, "fill_percentage": 0.9394996986136227, "solution_time": 0.003905800054781139}
{"items_size": 247, "stocks_size": 79, "fill_percentage": 0.9469813410018676, "solution_time": 0.005221200059168041}
{"items_size": 249, "stocks_size": 83, "fill_percentage": 0.9500788821275636, "solution_time": 0.0031054000137373805}
{"items_size": 248, "stocks_size": 83, "fill_percentage": 0.9437588652482269, "solution_time": 0.003083899966441095}
{"items_size": 247, "stocks_size": 76, "fill_percentage": 0.9523166511941936, "solution_time": 0.003424599999561906}
{"items_size": 242, "stocks_size": 83, "fill_percentage": 0.9493376297887576, "solution_time": 0.003955500083975494}
{"items_size": 240, "stocks_size": 81, "fill_percentage": 0.9405768402927249, "solution_time": 0.003643200034275651}
{"items_size": 233, "stocks_size": 84, "fill_percentage": 0.9385748329402516, "solution_time": 0.003148099989630282}
{"items_size": 241, "stocks_size": 81, "fill_percentage": 0.9381074168797954, "solution_time": 0.003641700022853911}
{"items_size": 247, "stocks_size": 84, "fill_percentage": 0.9411142935079105, "solution_time": 0.0037498000310733914}
{"items_size": 242, "stocks_size": 81, "fill_percentage": 0.9557412015641664, "solution_time": 0.004290499957278371}
{"items_size": 240, "stocks_size": 84, "fill_percentage": 0.954643602012023, "solution_time": 0.003514899988658726}
{"items_size": 249, "stocks_size": 74, "fill_percentage": 0.9667416763453349, "solution_time": 0.0036169999511912465}
{"items_size": 247, "stocks_size": 78, "fill_percentage": 0.9714133833646029, "solution_time": 0.0036116999108344316}
{"items_size": 236, "stocks_size": 82, "fill_percentage": 0.9419527708912429, "solution_time": 0.003080999944359064}
{"items_size": 243, "stocks_size": 82, "fill_percentage": 0.9648144237987988, "solution_time": 0.00335719995200634}
{"items_size": 236, "stocks_size": 84, "fill_percentage": 0.9558624609263996,