{"items_size": 237, "stocks_size": 84, "fill_percentage": 0.963784021071115, "solution_time": 0.0036151999374851584}
{"items_size": 248, "stocks_size": 83, "fill_percentage": 0.953200322793009, "solution_time": 0.0037932000122964382}
{"items_size": 248, "stocks_size": 75, "fill_percentage": 0.9544227886056972, "solution_time": 0.004060399951413274}
{"items_size": 235, "stocks_size": 84, "fill_percentage": 0.9429273296620235, "solution_time": 0.0037500999169424176}
{"items_size": 242, "stocks_size": 82, "fill_percentage": 0.9474932587636073, "solution_time": 0.003102599992416799}
{"items_size": 248, "stocks_size": 77, "fill_percentage": 0.9587649025035595, "solution_time": 0.0030963000608608127}
{"items_size": 243, "stocks_size": 84, "fill_percentage": 0.9395538742942572, "solution_time": 0.0029195999959483743}
{"items_size": 245, "stocks_size": 78, "fill_percentage": 0.9396636822773187, "solution_time": 0.002851799945347011}
{"items_size": 249, "stocks_size": 78, "fill_percentage": 0.957629772371432, "solution_time": 0.004616499994881451}
{"items_size": 238, "stocks_size": 83, "fill_percentage": 0.9721849076168929, "solution_time": 0.0028376999543979764}
{"items_size": 245, "stocks_size": 78, "fill_percentage": 0.9263522727272727, "solution_time": 0.003445599926635623}
{"items_size": 246, "stocks_size": 78, "fill_percentage": 0.9329696071163825, "solution_time": 0.004430400091223419}
{"items_size": 244, "stocks_size": 79, "fill_percentage": 0.9314709629788399, "solution_time": 0.00406399997882545}
{"items_size": 243, "stocks_size": 83, "fill_percentage": 0.9359811264573169, "solution_time": 0.0033223999198526144}
{"items_size": 246, "stocks_size": 83, "fill_percentage": 0.9538224303849304, "solution_time": 0.004452799912542105}
{"items_size": 243, "stocks_size": 83, "fill_percentage": 0.9669835611012082, "solution_time": 0.0028801000444218516}
{"items_size": 246, "stocks_size": 80, "fill_percentage": 0.9573689703153989, "solution_time": 0.0031869999365881085}
{"items_size": 242, "stocks_size": 80, "fill_percentage": 0.9550587087819334, "solution_time": 0.0030930000357329845}
{"items_size": 246, "stocks_size": 82, "fill_percentage": 0.925053364790473, "solution_time": 0.00436340004671365}
{"items_size": 246, "stocks_size": 78, "fill_percentage": 0.9465842376801281, "solution_time": 0.005078299902379513}
{"items_size": 240, "stocks_size": 84, "fill_percentage": 0.9487719298245614, "solution_time": 0.0033181000035256147}
{"items_size": 248, "stocks_size": 77, "fill_percentage": 0.9635539385539386, "solution_time": 0.004296900006011128}
{"items_size": 248, "stocks_size": 78, "fill_percentage": 0.9366138359391732, "solution_time": 0.0040577000472694635}
{"items_size": 246, "stocks_size": 79, "fill_percentage": 0.9459757376424043, "solution_time": 0.003616499947384}
{"items_size": 248, "stocks_size": 77, "fill_percentage": 0.9582367530480738, "solution_time": 0.004405899904668331}
{"items_size": 249, "stocks_size": 82, "fill_percentage": 0.9598200570550801, "solution_time": 0.003452699980698526}
{"items_size": 247, "stocks_size": 75, "fill_percentage": 0.9422475106685633, "solution_time": 0.002973599941469729}
{"items_size": 246, "stocks_size": 77, "fill_percentage": 0.9644924967505613, "solution_time": 0.003938400070182979}
{"items_size": 247, "stocks_size": 81, "fill_percentage": 0.945101389838232, "solution_time": 0.0037847000639885664}
{"items_size": 247, "stocks_size": 76, "fill_percentage": 0.9381612146429994, "solution_time": 0.005156700033694506}
{"items_size": 246, "stocks_size": 81, "fill_percentage": 0.8889548253096952, "solution_time": 0.003023299970664084}
{"items_size": 245, "stocks_size": 78, "fill_percentage": 0.9594584785133565, "solution_time": 0.004614999983459711}
{"items_size": 240, "stocks_size": 84, "fill_percentage": 0.9330540923376566, "solution_time": 0.0033511000219732523}
{"items_size": 247, "stocks_size": 83, "fill_percentage": 0.9624615384615385, "solution_time": 0.003422899986617267}
{"items_size": 238, "stocks_size": 83, "fill_percentage": 0.9384569742719167, "solution_time": 0.004842299968004227}
{"items_size": 236, "stocks_size": 84, "fill_percentage": 0.9268096034400383, "solution_time": 0.0044395000440999866}
{"items_size": 244, "stocks_size": 80, "fill_percentage": 0.9622170951439244, "solution_time": 0.0032291000243276358}
{"items_size": 238, "stocks_size": 82, "fill_percentage": 0.9310549100022785, "solution_time": 0.0032073999755084515}
{"items_size": 237, "stocks_size": 84, "fill_percentage": 0.9468604170358557, "solution_time": 0.0029465999687090516}
{"items_size": 249, "stocks_size": 82, "fill_percentage": 0.9493136284181061, "solution_time": 0.005374899948947132}
{"items_size": 240, "stocks_size": 79, "fill_percentage": 0.9412847790507365, "solution_time": 0.0030088999774307013}
{"items_size": 239, "stocks_size": 83, "fill_percentage": 0.9566010035009599, "solution_time": 0.0034180000657215714}
{"items_size": 243, "stocks_size": 80, "fill_percentage": 0.9439620492565541, "solution_time": 0.0035918999928981066}
{"items_size": 245, "stocks_size": 82, "fill_percentage": 0.952862668674521, "solution_time": 0.0029790999833494425}
{"items_size": 239, "stocks_size": 84, "fill_percentage": 0.955817230273752, "solution_time": 0.003844000049866736}
{"items_size": 234, "stocks_size": 84, "fill_percentage": 0.936840782737067, "solution_time": 0.003575999988242984}
{"items_size": 249, "stocks_size": 74, "fill_percentage": 0.9630397297808012, "solution_time": 0.004061699961312115}
{"items_size": 248, "stocks_size": 84, "fill_percentage": 0.9722689524419877, "solution_time": 0.0032532999757677317}
{"items_size": 246, "stocks_size": 81, "fill_percentage": 0.9581286549707603, "solution_time": 0.00292780005838722}
{"items_size": 239, "stocks_size": 83, "fill_percentage": 0.9525675285280948, "solution_time": 0.0032379000913351774}
{"items_size": 249, "stocks_size": 82, "fill_percentage": 0.9519098455255682, "solution_time": 0.0031518000178039074}
{"items_size": 242, "stocks_size": 83, "fill_percentage": 0.9394996986136227, "solution_time": 0.00399140000808984}
{"items_size": 247, "stocks_size": 79, "fill_percentage": 0.9469813410018676, "solution_time": 0.004357900004833937}
{"items_size": 249, "stocks_size": 83, "fill_percentage": 0.9500788821275636, "solution_time": 0.003031600033864379}
{"items_size": 248, "stocks_size": 83, "fill_percentage": 0.9437588652482269, "solution_time": 0.0029946999857202172}
{"items_size": 247, "stocks_size": 76, "fill_percentage": 0.9523166511941936, "solution_time": 0.003331799991428852}
{"items_size": 242, "stocks_size": 83, "fill_percentage": 0.9493376297887576, "solution_time": 0.0038708000211045146}
{"items_size": 240, "stocks_size": 81, "fill_percentage": 0.9405768402927249, "solution_time": 0.003541399957612157}
{"items_size": 233, "stocks_size": 84, "fill_percentage": 0.9385748329402516, "solution_time": 0.003144599962979555}
{"items_size": 241, "stocks_size": 81, "fill_percentage": 0.9381074168797954, "solution_time": 0.003526599961332977}
{"items_size": 247, "stocks_size": 84, "fill_percentage": 0.9411142935079105, "solution_time": 0.003802599967457354}
{"items_size": 242, "stocks_size": 81, "fill_percentage": 0.9557412015641664, "solution_time": 0.003590799984522164}
{"items_size": 240, "stocks_size": 84, "fill_percentage": 0.954643602012023, "solution_time": 0.0032725000055506825}
{"items_size": 249, "stocks_size": 74, "fill_percentage": 0.9667416763453349, "solution_time": 0.003548300010152161}
{"items_size": 247, "stocks_size": 78, "fill_percentage": 0.9714133833646029, "solution_time": 0.0037056999281048775}
{"items_size": 236, "stocks_size": 82, "fill_percentage": 0.9419527708912429, "solution_time": 0.0028744000010192394}
{"items_size": 243, "stocks_size": 82, "fill_percentage": 0.9648144237987988, "solution_time": 0.0033230000408366323}
{"items_size": 236, "stocks_size": 84, "fill_percentage": 0.9558624609263996, "solution_time": 0.0030918000265955925}
{"items_size": 247,