{"items_size": 237, "stocks_size": 84, "fill_percentage": 0.9305500893100421, "solution_time": 0.0038441000506281853}
{"items_size": 248, "stocks_size": 83, "fill_percentage": 0.953200322793009, "solution_time": 0.004799600108526647}
{"items_size": 248, "stocks_size": 75, "fill_percentage": 0.9544227886056972, "solution_time": 0.004367100074887276}
{"items_size": 235, "stocks_size": 84, "fill_percentage": 0.9429273296620235, "solution_time": 0.0028938999166712165}
{"items_size": 242, "stocks_size": 82, "fill_percentage": 0.9474932587636073, "solution_time": 0.00400319998152554}
{"items_size": 248, "stocks_size": 77, "fill_percentage": 0.9587649025035595, "solution_time": 0.0034694999922066927}
{"items_size": 243, "stocks_size": 84, "fill_percentage": 0.9395538742942572, "solution_time": 0.0031576999463140965}
{"items_size": 245, "stocks_size": 78, "fill_percentage": 0.9396636822773187, "solution_time": 0.0031391000375151634}
{"items_size": 249, "stocks_size": 78, "fill_percentage": 0.957629772371432, "solution_time": 0.005903600016608834}
{"items_size": 238, "stocks_size": 83, "fill_percentage": 0.9444081959706959, "solution_time": 0.0029543000273406506}
{"items_size": 245, "stocks_size": 78, "fill_percentage": 0.9263522727272727, "solution_time": 0.004242900060489774}
{"items_size": 246, "stocks_size": 78, "fill_percentage": 0.9329696071163825, "solution_time": 0.004368300084024668}
{"items_size": 244, "stocks_size": 79, "fill_percentage": 0.9625199950781346, "solution_time": 0.0049866000190377235}
{"items_size": 243, "stocks_size": 83, "fill_percentage": 0.9359811264573169, "solution_time": 0.0035430999705567956}
{"items_size": 246, "stocks_size": 83, "fill_percentage": 0.9538224303849304, "solution_time": 0.005785200046375394}
{"items_size": 243, "stocks_size": 83, "fill_percentage": 0.9459621793381384, "solution_time": 0.0032755000283941627}
{"items_size": 246, "stocks_size": 80, "fill_percentage": 0.9573689703153989, "solution_time": 0.003576399991288781}
{"items_size": 242, "stocks_size": 80, "fill_percentage": 0.9550587087819334, "solution_time": 0.004011099925264716}
{"items_size": 246, "stocks_size": 82, "fill_percentage": 0.925053364790473, "solution_time": 0.005827600019983947}
{"items_size": 246, "stocks_size": 78, "fill_percentage": 0.9465842376801281, "solution_time": 0.004058800055645406}
{"items_size": 240, "stocks_size": 84, "fill_percentage": 0.9487719298245614, "solution_time": 0.0033170999959111214}
{"items_size": 248, "stocks_size": 77, "fill_percentage": 0.9635539385539386, "solution_time": 0.00348469999153167}
{"items_size": 248, "stocks_size": 78, "fill_percentage": 0.9366138359391732, "solution_time": 0.0043759000254794955}
{"items_size": 246, "stocks_size": 79, "fill_percentage": 0.9459757376424043, "solution_time": 0.0045556999975815415}
{"items_size": 248, "stocks_size": 77, "fill_percentage": 0.9369426029803388, "solution_time": 0.0037193000316619873}
{"items_size": 249, "stocks_size": 82, "fill_percentage": 0.9598200570550801, "solution_time": 0.003941899980418384}
{"items_size": 247, "stocks_size": 75, "fill_percentage": 0.9217638691322901, "solution_time": 0.0033236000454053283}
{"items_size": 246, "stocks_size": 77, "fill_percentage": 0.9644924967505613, "solution_time": 0.004325399990193546}
{"items_size": 247, "stocks_size": 81, "fill_percentage": 0.945101389838232, "solution_time": 0.0050403999630361795}
{"items_size": 247, "stocks_size": 76, "fill_percentage": 0.9381612146429994, "solution_time": 0.005735800019465387}
{"items_size": 246, "stocks_size": 81, "fill_percentage": 0.9445145018915511, "solution_time": 0.0032154000364243984}
{"items_size": 245, "stocks_size": 78, "fill_percentage": 0.9158467294900222, "solution_time": 0.00604650005698204}
{"items_size": 240, "stocks_size": 84, "fill_percentage": 0.9663774527782871, "solution_time": 0.0035611999919638038}
{"items_size": 247, "stocks_size": 83, "fill_percentage": 0.9624615384615385, "solution_time": 0.0037491999100893736}
{"items_size": 238, "stocks_size": 83, "fill_percentage": 0.9384569742719167, "solution_time": 0.005521899904124439}
{"items_size": 236, "stocks_size": 84, "fill_percentage": 0.9268096034400383, "solution_time": 0.005842500017024577}
{"items_size": 244, "stocks_size": 80, "fill_percentage": 0.9622170951439244, "solution_time": 0.005019599921070039}
{"items_size": 238, "stocks_size": 82, "fill_percentage": 0.9310549100022785, "solution_time": 0.0036059999838471413}
{"items_size": 237, "stocks_size": 84, "fill_percentage": 0.9190115812406834, "solution_time": 0.0032018000492826104}
{"items_size": 249, "stocks_size": 82, "fill_percentage": 0.9493136284181061, "solution_time": 0.0050406999653205276}
{"items_size": 240, "stocks_size": 79, "fill_percentage": 0.9412847790507365, "solution_time": 0.003091000020503998}
{"items_size": 239, "stocks_size": 83, "fill_percentage": 0.9566010035009599, "solution_time": 0.003407499985769391}
{"items_size": 243, "stocks_size": 80, "fill_percentage": 0.9238777503362019, "solution_time": 0.003380300011485815}
{"items_size": 245, "stocks_size": 82, "fill_percentage": 0.952862668674521, "solution_time": 0.004840599955059588}
{"items_size": 239, "stocks_size": 84, "fill_percentage": 0.955817230273752, "solution_time": 0.003447400056757033}
{"items_size": 234, "stocks_size": 84, "fill_percentage": 0.9680688088283025, "solution_time": 0.0035929000005126}
{"items_size": 249, "stocks_size": 74, "fill_percentage": 0.9630397297808012, "solution_time": 0.004015399958007038}
{"items_size": 248, "stocks_size": 84, "fill_percentage": 0.9459914131867989, "solution_time": 0.004395399941131473}
{"items_size": 246, "stocks_size": 81, "fill_percentage": 0.9581286549707603, "solution_time": 0.0031177999917417765}
{"items_size": 239, "stocks_size": 83, "fill_percentage": 0.9525675285280948, "solution_time": 0.0031920999754220247}
{"items_size": 249, "stocks_size": 82, "fill_percentage": 0.9519098455255682, "solution_time": 0.0032095001079142094}
{"items_size": 242, "stocks_size": 83, "fill_percentage": 0.9394996986136227, "solution_time": 0.003964899922721088}
{"items_size": 247, "stocks_size": 79, "fill_percentage": 0.9469813410018676, "solution_time": 0.004025000031106174}
{"items_size": 249, "stocks_size": 83, "fill_percentage": 0.9500788821275636, "solution_time": 0.0033092000521719456}
{"items_size": 248, "stocks_size": 83, "fill_percentage": 0.9437588652482269, "solution_time": 0.003810600028373301}
{"items_size": 247, "stocks_size": 76, "fill_percentage": 0.9523166511941936, "solution_time": 0.0034499000757932663}
{"items_size": 242, "stocks_size": 83, "fill_percentage": 0.9493376297887576, "solution_time": 0.005828900029882789}
{"items_size": 240, "stocks_size": 81, "fill_percentage": 0.9405768402927249, "solution_time": 0.003627199912443757}
{"items_size": 233, "stocks_size": 84, "fill_percentage": 0.9385748329402516, "solution_time": 0.0029107999289408326}
{"items_size": 241, "stocks_size": 81, "fill_percentage": 0.9381074168797954, "solution_time": 0.0037327000172808766}
{"items_size": 247, "stocks_size": 84, "fill_percentage": 0.9411142935079105, "solution_time": 0.004412800073623657}
{"items_size": 242, "stocks_size": 81, "fill_percentage": 0.9557412015641664, "solution_time": 0.004578400054015219}
{"items_size": 240, "stocks_size": 84, "fill_percentage": 0.954643602012023, "solution_time": 0.004103900049813092}
{"items_size": 249, "stocks_size": 74, "fill_percentage": 0.9667416763453349, "solution_time": 0.0035128999734297395}
{"items_size": 247, "stocks_size": 78, "fill_percentage": 0.9400774677721964, "solution_time": 0.005203699925914407}
{"items_size": 236, "stocks_size": 82, "fill_percentage": 0.9419527708912429, "solution_time": 0.003999799955636263}
{"items_size": 243, "stocks_size": 82, "fill_percentage": 0.9648144237987988, "solution_time": 0.003463999950326979}
{"items_size": 236, "stocks_size": 84, "fill_percentage": 0.9558624609263996, "solution_time": 0.003331499989144504}
{"items_size": 247,