{"items_size": 237, "stocks_size": 84, "fill_percentage": 0.6275802927904935, "solution_time": 0.013243499910458922}
{"items_size": 248, "stocks_size": 83, "fill_percentage": 0.6715729546950745, "solution_time": 0.01053580001462251}
{"items_size": 248, "stocks_size": 75, "fill_percentage": 0.6118094798754469, "solution_time": 0.00911909993737936}
{"items_size": 235, "stocks_size": 84, "fill_percentage": 0.6364759475218659, "solution_time": 0.007238499936647713}
{"items_size": 242, "stocks_size": 82, "fill_percentage": 0.5874458204334365, "solution_time": 0.009851299924775958}
{"items_size": 248, "stocks_size": 77, "fill_percentage": 0.6781507846976397, "solution_time": 0.007468000054359436}
{"items_size": 243, "stocks_size": 84, "fill_percentage": 0.5836622552434022, "solution_time": 0.006255500018596649}
{"items_size": 245, "stocks_size": 78, "fill_percentage": 0.6328347247990105, "solution_time": 0.006391900009475648}
{"items_size": 249, "stocks_size": 78, "fill_percentage": 0.6478083754277334, "solution_time": 0.009279999998398125}
{"items_size": 238, "stocks_size": 83, "fill_percentage": 0.61211642331434, "solution_time": 0.007724900031462312}
{"items_size": 245, "stocks_size": 78, "fill_percentage": 0.6433001893939394, "solution_time": 0.008614599937573075}
{"items_size": 246, "stocks_size": 78, "fill_percentage": 0.6478955604974879, "solution_time": 0.008282899972982705}
{"items_size": 244, "stocks_size": 79, "fill_percentage": 0.6143744649434901, "solution_time": 0.007238100050017238}
{"items_size": 243, "stocks_size": 83, "fill_percentage": 0.6650392214301989, "solution_time": 0.008078000042587519}
{"items_size": 246, "stocks_size": 83, "fill_percentage": 0.6994697822822823, "solution_time": 0.009532699943520129}
{"items_size": 243, "stocks_size": 83, "fill_percentage": 0.6043647256882551, "solution_time": 0.006678100093267858}
{"items_size": 246, "stocks_size": 80, "fill_percentage": 0.6807957122242837, "solution_time": 0.011110799969173968}
{"items_size": 242, "stocks_size": 80, "fill_percentage": 0.6367058058546223, "solution_time": 0.006180700031109154}
{"items_size": 246, "stocks_size": 82, "fill_percentage": 0.709207579672696, "solution_time": 0.008957100100815296}
{"items_size": 246, "stocks_size": 78, "fill_percentage": 0.6717694589988006, "solution_time": 0.009442299953661859}
{"items_size": 240, "stocks_size": 84, "fill_percentage": 0.6806407322654462, "solution_time": 0.007650199928320944}
{"items_size": 248, "stocks_size": 77, "fill_percentage": 0.5871656813063063, "solution_time": 0.006200899952091277}
{"items_size": 248, "stocks_size": 78, "fill_percentage": 0.6790450310559006, "solution_time": 0.008801900083199143}
{"items_size": 246, "stocks_size": 79, "fill_percentage": 0.648168560977203, "solution_time": 0.0063735999865457416}
{"items_size": 248, "stocks_size": 77, "fill_percentage": 0.6292898079718694, "solution_time": 0.0065128999995067716}
{"items_size": 249, "stocks_size": 82, "fill_percentage": 0.6696419002709861, "solution_time": 0.00809979997575283}
{"items_size": 247, "stocks_size": 75, "fill_percentage": 0.5808375065765117, "solution_time": 0.0076027000322937965}
{"items_size": 246, "stocks_size": 77, "fill_percentage": 0.6280416257910632, "solution_time": 0.009043299942277372}
{"items_size": 247, "stocks_size": 81, "fill_percentage": 0.6707171153690679, "solution_time": 0.008079900057055056}
{"items_size": 247, "stocks_size": 76, "fill_percentage": 0.604592782769933, "solution_time": 0.008000100031495094}
{"items_size": 246, "stocks_size": 81, "fill_percentage": 0.5667087011349307, "solution_time": 0.006282999995164573}
{"items_size": 245, "stocks_size": 78, "fill_percentage": 0.6716209349593496, "solution_time": 0.008397000026889145}
{"items_size": 240, "stocks_size": 84, "fill_percentage": 0.6013015261731565, "solution_time": 0.009952399996109307}
{"items_size": 247, "stocks_size": 83, "fill_percentage": 0.6331983805668017, "solution_time": 0.014367199968546629}
{"items_size": 238, "stocks_size": 83, "fill_percentage": 0.6508653208660067, "solution_time": 0.0054663000628352165}
{"items_size": 236, "stocks_size": 84, "fill_percentage": 0.6620068596000273, "solution_time": 0.010881199967116117}
{"items_size": 244, "stocks_size": 80, "fill_percentage": 0.5836398773823804, "solution_time": 0.010345800081267953}
{"items_size": 238, "stocks_size": 82, "fill_percentage": null, "solution_time": null}
{"items_size": 237, "stocks_size": 84, "fill_percentage": 0.6648168885570901, "solution_time": 0.009470799937844276}
{"items_size": 249, "stocks_size": 82, "fill_percentage": 0.5695881770508636, "solution_time": 0.0077062000054866076}
{"items_size": 240, "stocks_size": 79, "fill_percentage": 0.6588993453355155, "solution_time": 0.007089599967002869}
{"items_size": 239, "stocks_size": 83, "fill_percentage": 0.6622622331929723, "solution_time": 0.007553800009191036}
{"items_size": 243, "stocks_size": 80, "fill_percentage": 0.6030868648027985, "solution_time": 0.007181699969805777}
{"items_size": 245, "stocks_size": 82, "fill_percentage": 0.6125545727193349, "solution_time": 0.008948600036092103}
{"items_size": 239, "stocks_size": 84, "fill_percentage": 0.6451766304347826, "solution_time": 0.00871480000205338}
{"items_size": 234, "stocks_size": 84, "fill_percentage": 0.6050430055176891, "solution_time": 0.00835040002129972}
{"items_size": 249, "stocks_size": 74, "fill_percentage": 0.6973735974274767, "solution_time": 0.014369800104759634}
{"items_size": 248, "stocks_size": 84, "fill_percentage": 0.5833613714651926, "solution_time": 0.00995179999154061}
{"items_size": 246, "stocks_size": 81, "fill_percentage": 0.5906272530641673, "solution_time": 0.00860349996946752}
{"items_size": 239, "stocks_size": 83, "fill_percentage": 0.6023588783339423, "solution_time": 0.008725699968636036}
{"items_size": 249, "stocks_size": 82, "fill_percentage": 0.62165540932282, "solution_time": 0.010061099892482162}
{"items_size": 242, "stocks_size": 83, "fill_percentage": 0.6803273679615889, "solution_time": 0.011049599968828261}
{"items_size": 247, "stocks_size": 79, "fill_percentage": 0.6236218587085469, "solution_time": 0.00990309996996075}
{"items_size": 249, "stocks_size": 83, "fill_percentage": 0.6577469183960056, "solution_time": 0.007401900016702712}
{"items_size": 248, "stocks_size": 83, "fill_percentage": 0.6816036249014973, "solution_time": 0.008934500045143068}
{"items_size": 247, "stocks_size": 76, "fill_percentage": 0.6617793677790159, "solution_time": 0.0060276000294834375}
{"items_size": 242, "stocks_size": 83, "fill_percentage": 0.7120032223415682, "solution_time": 0.009311899892054498}
{"items_size": 240, "stocks_size": 81, "fill_percentage": 0.6978473331204088, "solution_time": 0.012579599977470934}
{"items_size": 233, "stocks_size": 84, "fill_percentage": 0.6825998785020011, "solution_time": 0.00723439990542829}
{"items_size": 241, "stocks_size": 81, "fill_percentage": 0.6538324420677362, "solution_time": 0.014159100013785064}
{"items_size": 247, "stocks_size": 84, "fill_percentage": 0.6439203060843598, "solution_time": 0.011909499997273088}
{"items_size": 242, "stocks_size": 81, "fill_percentage": 0.6570720760753643, "solution_time": 0.012961900094524026}
{"items_size": 240, "stocks_size": 84, "fill_percentage": null, "solution_time": null}
{"items_size": 249, "stocks_size": 74, "fill_percentage": 0.6065830126088376, "solution_time": 0.010712899966165423}
{"items_size": 247, "stocks_size": 78, "fill_percentage": 0.6071333646028768, "solution_time": 0.006908899988047779}
{"items_size": 236, "stocks_size": 82, "fill_percentage": 0.6605902549107417, "solution_time": 0.0066095000365749}
{"items_size": 243, "stocks_size": 82, "fill_percentage": 0.5788886542792793, "solution_time": 0.006748999934643507}
{"items_size": 236, "stocks_size": 84, "fill_percentage": 0.5508359944321625, "solution_time": 0.009607499931007624}
{"items_size": 247, "stocks_size": 83,