{"items_size": 237, "stocks_size": 84, "fill_percentage": 0.6581939656095419, "solution_time": 0.010441599995829165}
{"items_size": 248, "stocks_size": 83, "fill_percentage": 0.6871909303856576, "solution_time": 0.007816099910996854}
{"items_size": 248, "stocks_size": 75, "fill_percentage": 0.7017814622100714, "solution_time": 0.00819040008354932}
{"items_size": 235, "stocks_size": 84, "fill_percentage": 0.669974681601964, "solution_time": 0.007591299945488572}
{"items_size": 242, "stocks_size": 82, "fill_percentage": 0.6385280656885179, "solution_time": 0.01286340004298836}
{"items_size": 248, "stocks_size": 77, "fill_percentage": 0.7316890045421901, "solution_time": 0.007800400024279952}
{"items_size": 243, "stocks_size": 84, "fill_percentage": 0.6420284807677424, "solution_time": 0.00639019999653101}
{"items_size": 245, "stocks_size": 78, "fill_percentage": 0.6890867003367004, "solution_time": 0.006377599900588393}
{"items_size": 249, "stocks_size": 78, "fill_percentage": 0.6882963988919668, "solution_time": 0.013110600062645972}
{"items_size": 238, "stocks_size": 83, "fill_percentage": 0.6610857371794872, "solution_time": 0.007283999933861196}
{"items_size": 245, "stocks_size": 78, "fill_percentage": 0.6811413770053476, "solution_time": 0.008220099960453808}
{"items_size": 246, "stocks_size": 78, "fill_percentage": 0.6860070640561636, "solution_time": 0.008174599963240325}
{"items_size": 244, "stocks_size": 79, "fill_percentage": 0.6875142821986676, "solution_time": 0.009858200093731284}
{"items_size": 243, "stocks_size": 83, "fill_percentage": 0.6830132544418259, "solution_time": 0.006611699936911464}
{"items_size": 246, "stocks_size": 83, "fill_percentage": 0.7235894299471886, "solution_time": 0.013771999976597726}
{"items_size": 243, "stocks_size": 83, "fill_percentage": 0.679910316399287, "solution_time": 0.006106000044383109}
{"items_size": 246, "stocks_size": 80, "fill_percentage": 0.729423977383161, "solution_time": 0.008678799960762262}
{"items_size": 242, "stocks_size": 80, "fill_percentage": 0.6557119493129693, "solution_time": 0.0067263999953866005}
{"items_size": 246, "stocks_size": 82, "fill_percentage": 0.7598652639350314, "solution_time": 0.011916200048290193}
{"items_size": 246, "stocks_size": 78, "fill_percentage": 0.7180983872056144, "solution_time": 0.012045799987390637}
{"items_size": 240, "stocks_size": 84, "fill_percentage": 0.7636456996148909, "solution_time": 0.005817799945361912}
{"items_size": 248, "stocks_size": 77, "fill_percentage": 0.6592737474316421, "solution_time": 0.006183299934491515}
{"items_size": 248, "stocks_size": 78, "fill_percentage": 0.696456442108616, "solution_time": 0.008939699968323112}
{"items_size": 246, "stocks_size": 79, "fill_percentage": 0.7000220458553792, "solution_time": 0.008612100034952164}
{"items_size": 248, "stocks_size": 77, "fill_percentage": 0.6911871661330369, "solution_time": 0.006594500038772821}
{"items_size": 249, "stocks_size": 82, "fill_percentage": 0.7023073588207903, "solution_time": 0.010100100073032081}
{"items_size": 247, "stocks_size": 75, "fill_percentage": 0.6523251996936208, "solution_time": 0.006627700058743358}
{"items_size": 246, "stocks_size": 77, "fill_percentage": 0.6924561515132235, "solution_time": 0.009099200018681586}
{"items_size": 247, "stocks_size": 81, "fill_percentage": 0.7169734681531414, "solution_time": 0.008445199928246439}
{"items_size": 247, "stocks_size": 76, "fill_percentage": 0.6327133773173717, "solution_time": 0.006985499989241362}
{"items_size": 246, "stocks_size": 81, "fill_percentage": 0.6126580552810061, "solution_time": 0.006207600003108382}
{"items_size": 245, "stocks_size": 78, "fill_percentage": 0.7462454832881662, "solution_time": 0.00819480000063777}
{"items_size": 240, "stocks_size": 84, "fill_percentage": 0.6599650897022449, "solution_time": 0.008492200053296983}
{"items_size": 247, "stocks_size": 83, "fill_percentage": 0.6683760683760683, "solution_time": 0.011260599945671856}
{"items_size": 238, "stocks_size": 83, "fill_percentage": 0.7079587700647793, "solution_time": 0.0048325000097975135}
{"items_size": 236, "stocks_size": 84, "fill_percentage": 0.7129304641846448, "solution_time": 0.008967800065875053}
{"items_size": 244, "stocks_size": 80, "fill_percentage": 0.647309682187731, "solution_time": 0.006800899980589747}
{"items_size": 238, "stocks_size": 82, "fill_percentage": null, "solution_time": null}
{"items_size": 237, "stocks_size": 84, "fill_percentage": 0.7101453127768917, "solution_time": 0.008171600056812167}
{"items_size": 249, "stocks_size": 82, "fill_percentage": 0.6393336681183163, "solution_time": 0.009359100018627942}
{"items_size": 240, "stocks_size": 79, "fill_percentage": 0.7321103837061284, "solution_time": 0.0070328000001609325}
{"items_size": 239, "stocks_size": 83, "fill_percentage": 0.6796901866980505, "solution_time": 0.007745299953967333}
{"items_size": 243, "stocks_size": 80, "fill_percentage": 0.6480933472507685, "solution_time": 0.005401199916377664}
{"items_size": 245, "stocks_size": 82, "fill_percentage": 0.680616191910372, "solution_time": 0.00553680001758039}
{"items_size": 239, "stocks_size": 84, "fill_percentage": 0.6974882491186839, "solution_time": 0.008930200012400746}
{"items_size": 234, "stocks_size": 84, "fill_percentage": 0.6600469151102063, "solution_time": 0.006022299989126623}
{"items_size": 249, "stocks_size": 74, "fill_percentage": 0.7222797973356009, "solution_time": 0.011581300059333444}
{"items_size": 248, "stocks_size": 84, "fill_percentage": 0.6604090997719162, "solution_time": 0.00560929998755455}
{"items_size": 246, "stocks_size": 81, "fill_percentage": 0.6633198380566802, "solution_time": 0.00625990005210042}
{"items_size": 239, "stocks_size": 83, "fill_percentage": 0.6606516730114206, "solution_time": 0.005887200008146465}
{"items_size": 249, "stocks_size": 82, "fill_percentage": 0.676913667929293, "solution_time": 0.007992499973624945}
{"items_size": 242, "stocks_size": 83, "fill_percentage": 0.6803273679615889, "solution_time": 0.010586899938061833}
{"items_size": 247, "stocks_size": 79, "fill_percentage": 0.6556024668474467, "solution_time": 0.011352099943906069}
{"items_size": 249, "stocks_size": 83, "fill_percentage": 0.743539994708528, "solution_time": 0.006280099973082542}
{"items_size": 248, "stocks_size": 83, "fill_percentage": 0.7511550151975684, "solution_time": 0.006733500049449503}
{"items_size": 247, "stocks_size": 76, "fill_percentage": 0.7099087763447625, "solution_time": 0.006675000069662929}
{"items_size": 242, "stocks_size": 83, "fill_percentage": 0.7383737120579226, "solution_time": 0.00950289994943887}
{"items_size": 240, "stocks_size": 81, "fill_percentage": 0.6978473331204088, "solution_time": 0.008459199918434024}
{"items_size": 233, "stocks_size": 84, "fill_percentage": 0.7508598663522013, "solution_time": 0.006090899929404259}
{"items_size": 241, "stocks_size": 81, "fill_percentage": 0.6960151802656547, "solution_time": 0.014807399944402277}
{"items_size": 247, "stocks_size": 84, "fill_percentage": 0.6991134751773049, "solution_time": 0.006526699988171458}
{"items_size": 242, "stocks_size": 81, "fill_percentage": 0.7250450494624711, "solution_time": 0.008517300011590123}
{"items_size": 240, "stocks_size": 84, "fill_percentage": 0.6482147914896453, "solution_time": 0.004852000041864812}
{"items_size": 249, "stocks_size": 74, "fill_percentage": 0.6582070987883131, "solution_time": 0.007345300051383674}
{"items_size": 247, "stocks_size": 78, "fill_percentage": 0.6623273068395019, "solution_time": 0.007944399956613779}
{"items_size": 236, "stocks_size": 82, "fill_percentage": 0.7064645781684321, "solution_time": 0.004671100061386824}
{"items_size": 243, "stocks_size": 82, "fill_percentage": 0.6432096158658659, "solution_time": 0.006438700016587973}
{"items_size": 236, "stocks_size": 84, "fill_percentage": 0.6131947862546714, "solution_time": 0.005692700040526688}
{"items_size": 247,