{"items_size": 237, "stocks_size": 84, "fill_percentage": 0.6425226807140767, "solution_time": 0.012593999970704317}
{"items_size": 248, "stocks_size": 83, "fill_percentage": 0.6871909303856576, "solution_time": 0.010074499994516373}
{"items_size": 248, "stocks_size": 75, "fill_percentage": 0.6118094798754469, "solution_time": 0.009771800017915666}
{"items_size": 235, "stocks_size": 84, "fill_percentage": 0.6880821054290442, "solution_time": 0.008991400012746453}
{"items_size": 242, "stocks_size": 82, "fill_percentage": 0.6119227296181631, "solution_time": 0.007680300041101873}
{"items_size": 248, "stocks_size": 77, "fill_percentage": 0.7129277480154673, "solution_time": 0.009348499937914312}
{"items_size": 243, "stocks_size": 84, "fill_percentage": 0.6315034237059761, "solution_time": 0.006792100029997528}
{"items_size": 245, "stocks_size": 78, "fill_percentage": 0.6890867003367004, "solution_time": 0.00881120003759861}
{"items_size": 249, "stocks_size": 78, "fill_percentage": 0.6882963988919668, "solution_time": 0.012967099901288748}
{"items_size": 238, "stocks_size": 83, "fill_percentage": 0.6236657897919691, "solution_time": 0.007153499987907708}
{"items_size": 245, "stocks_size": 78, "fill_percentage": 0.6433001893939394, "solution_time": 0.009903000085614622}
{"items_size": 246, "stocks_size": 78, "fill_percentage": 0.6478955604974879, "solution_time": 0.011580999940633774}
{"items_size": 244, "stocks_size": 79, "fill_percentage": 0.6562636330078191, "solution_time": 0.012326300027780235}
{"items_size": 243, "stocks_size": 83, "fill_percentage": 0.6830132544418259, "solution_time": 0.009114700020290911}
{"items_size": 246, "stocks_size": 83, "fill_percentage": 0.7494319095881596, "solution_time": 0.012386100017465651}
{"items_size": 243, "stocks_size": 83, "fill_percentage": 0.6128769049233009, "solution_time": 0.009769299998879433}
{"items_size": 246, "stocks_size": 80, "fill_percentage": 0.6962683420475628, "solution_time": 0.012383900000713766}
{"items_size": 242, "stocks_size": 80, "fill_percentage": 0.6367058058546223, "solution_time": 0.008457200019620359}
{"items_size": 246, "stocks_size": 82, "fill_percentage": 0.709207579672696, "solution_time": 0.011583699961192906}
{"items_size": 246, "stocks_size": 78, "fill_percentage": 0.7180983872056144, "solution_time": 0.011050299974158406}
{"items_size": 240, "stocks_size": 84, "fill_percentage": 0.6806407322654462, "solution_time": 0.009509199997410178}
{"items_size": 248, "stocks_size": 77, "fill_percentage": 0.6369254848068407, "solution_time": 0.0058654999593272805}
{"items_size": 248, "stocks_size": 78, "fill_percentage": 0.646709553386572, "solution_time": 0.00893560005351901}
{"items_size": 246, "stocks_size": 79, "fill_percentage": 0.6603981564673389, "solution_time": 0.006711800000630319}
{"items_size": 248, "stocks_size": 77, "fill_percentage": 0.6486525712940807, "solution_time": 0.006514400010928512}
{"items_size": 249, "stocks_size": 82, "fill_percentage": 0.6855857550393429, "solution_time": 0.007662199903279543}
{"items_size": 247, "stocks_size": 75, "fill_percentage": 0.5971991264800753, "solution_time": 0.00689540000166744}
{"items_size": 246, "stocks_size": 77, "fill_percentage": 0.6586778026589198, "solution_time": 0.0077751000644639134}
{"items_size": 247, "stocks_size": 81, "fill_percentage": 0.6930743525480367, "solution_time": 0.010624999995343387}
{"items_size": 247, "stocks_size": 76, "fill_percentage": 0.618333527832886, "solution_time": 0.009849500027485192}
{"items_size": 246, "stocks_size": 81, "fill_percentage": 0.5597122974172154, "solution_time": 0.007883100071921945}
{"items_size": 245, "stocks_size": 78, "fill_percentage": 0.6947802775441547, "solution_time": 0.009574900032021105}
{"items_size": 240, "stocks_size": 84, "fill_percentage": 0.6149674699498191, "solution_time": 0.01157279999461025}
{"items_size": 247, "stocks_size": 83, "fill_percentage": 0.6331983805668017, "solution_time": 0.01201720000244677}
{"items_size": 238, "stocks_size": 83, "fill_percentage": 0.6508653208660067, "solution_time": 0.00925570004619658}
{"items_size": 236, "stocks_size": 84, "fill_percentage": 0.686525632177806, "solution_time": 0.014215600094757974}
{"items_size": 244, "stocks_size": 80, "fill_percentage": 0.6138281469021587, "solution_time": 0.009761399938724935}
{"items_size": 238, "stocks_size": 82, "fill_percentage": null, "solution_time": null}
{"items_size": 237, "stocks_size": 84, "fill_percentage": 0.679269429612679, "solution_time": 0.00770429999101907}
{"items_size": 249, "stocks_size": 82, "fill_percentage": 0.62654699475595, "solution_time": 0.009168499964289367}
{"items_size": 240, "stocks_size": 79, "fill_percentage": 0.7009567503569314, "solution_time": 0.009332099929451942}
{"items_size": 239, "stocks_size": 83, "fill_percentage": 0.645705677363148, "solution_time": 0.008416600059717894}
{"items_size": 243, "stocks_size": 80, "fill_percentage": 0.6115810459972041, "solution_time": 0.00690269994083792}
{"items_size": 245, "stocks_size": 82, "fill_percentage": 0.6596741552362068, "solution_time": 0.005990699981339276}
{"items_size": 239, "stocks_size": 84, "fill_percentage": 0.6974882491186839, "solution_time": 0.007053900044411421}
{"items_size": 234, "stocks_size": 84, "fill_percentage": 0.6050430055176891, "solution_time": 0.00659620005171746}
{"items_size": 249, "stocks_size": 74, "fill_percentage": 0.6973735974274767, "solution_time": 0.013487099902704358}
{"items_size": 248, "stocks_size": 84, "fill_percentage": 0.593248852337484, "solution_time": 0.009001599973998964}
{"items_size": 246, "stocks_size": 81, "fill_percentage": 0.6435192458758837, "solution_time": 0.0059752999804914}
{"items_size": 239, "stocks_size": 83, "fill_percentage": 0.6501651385191758, "solution_time": 0.006050199968740344}
{"items_size": 249, "stocks_size": 82, "fill_percentage": 0.6346065636837122, "solution_time": 0.011733599938452244}
{"items_size": 242, "stocks_size": 83, "fill_percentage": 0.6803273679615889, "solution_time": 0.016086399904452264}
{"items_size": 247, "stocks_size": 79, "fill_percentage": 0.6236218587085469, "solution_time": 0.014675799990072846}
{"items_size": 249, "stocks_size": 83, "fill_percentage": 0.7277199948211126, "solution_time": 0.007801199913956225}
{"items_size": 248, "stocks_size": 83, "fill_percentage": 0.7361319148936171, "solution_time": 0.00999329995829612}
{"items_size": 247, "stocks_size": 76, "fill_percentage": 0.6972318339100346, "solution_time": 0.0061567999655380845}
{"items_size": 242, "stocks_size": 83, "fill_percentage": 0.7120032223415682, "solution_time": 0.008645800058729947}
{"items_size": 240, "stocks_size": 81, "fill_percentage": 0.6978473331204088, "solution_time": 0.011871299939230084}
{"items_size": 233, "stocks_size": 84, "fill_percentage": 0.7325462110753183, "solution_time": 0.007515799952670932}
{"items_size": 241, "stocks_size": 81, "fill_percentage": 0.674264705882353, "solution_time": 0.010740000056102872}
{"items_size": 247, "stocks_size": 84, "fill_percentage": 0.6991134751773049, "solution_time": 0.011398099944926798}
{"items_size": 242, "stocks_size": 81, "fill_percentage": 0.6570720760753643, "solution_time": 0.01196260005235672}
{"items_size": 240, "stocks_size": 84, "fill_percentage": 0.6403097330568447, "solution_time": 0.005146500072441995}
{"items_size": 249, "stocks_size": 74, "fill_percentage": 0.6187146728610143, "solution_time": 0.013810800039209425}
{"items_size": 247, "stocks_size": 78, "fill_percentage": 0.6476089222430685, "solution_time": 0.007602599915117025}
{"items_size": 236, "stocks_size": 82, "fill_percentage": 0.6692822319490409, "solution_time": 0.005576299969106913}
{"items_size": 243, "stocks_size": 82, "fill_percentage": 0.5788886542792793, "solution_time": 0.006750200060196221}
{"items_size": 236, "stocks_size": 84, "fill_percentage": 0.5908967940272288, "solution_time": 0.006863799993880093}
{"items_size": 247, "stocks_size": 83, "fill_percentage": 0.6852375478927203,