{"items_size": 237, "stocks_size": 84, "fill_percentage": 0.6425226807140767, "solution_time": 0.013081799959763885}
{"items_size": 248, "stocks_size": 83, "fill_percentage": 0.6871909303856576, "solution_time": 0.009750699973665178}
{"items_size": 248, "stocks_size": 75, "fill_percentage": 0.6118094798754469, "solution_time": 0.017839399981312454}
{"items_size": 235, "stocks_size": 84, "fill_percentage": 0.6880821054290442, "solution_time": 0.009956499910913408}
{"items_size": 242, "stocks_size": 82, "fill_percentage": 0.6119227296181631, "solution_time": 0.009273200063034892}
{"items_size": 248, "stocks_size": 77, "fill_percentage": 0.7129277480154673, "solution_time": 0.010164999985136092}
{"items_size": 243, "stocks_size": 84, "fill_percentage": 0.6315034237059761, "solution_time": 0.00640070007648319}
{"items_size": 245, "stocks_size": 78, "fill_percentage": 0.6890867003367004, "solution_time": 0.008993100025691092}
{"items_size": 249, "stocks_size": 78, "fill_percentage": 0.6882963988919668, "solution_time": 0.014449900016188622}
{"items_size": 238, "stocks_size": 83, "fill_percentage": 0.6236657897919691, "solution_time": 0.009389300015754998}
{"items_size": 245, "stocks_size": 78, "fill_percentage": 0.6433001893939394, "solution_time": 0.00942729995585978}
{"items_size": 246, "stocks_size": 78, "fill_percentage": 0.6478955604974879, "solution_time": 0.011405900004319847}
{"items_size": 244, "stocks_size": 79, "fill_percentage": 0.6562636330078191, "solution_time": 0.010376499965786934}
{"items_size": 243, "stocks_size": 83, "fill_percentage": 0.6830132544418259, "solution_time": 0.008535400032997131}
{"items_size": 246, "stocks_size": 83, "fill_percentage": 0.7494319095881596, "solution_time": 0.009273899951949716}
{"items_size": 243, "stocks_size": 83, "fill_percentage": 0.6128769049233009, "solution_time": 0.0065457000164315104}
{"items_size": 246, "stocks_size": 80, "fill_percentage": 0.6962683420475628, "solution_time": 0.01270780002232641}
{"items_size": 242, "stocks_size": 80, "fill_percentage": 0.6367058058546223, "solution_time": 0.006854299921542406}
{"items_size": 246, "stocks_size": 82, "fill_percentage": 0.709207579672696, "solution_time": 0.0102377999573946}
{"items_size": 246, "stocks_size": 78, "fill_percentage": 0.7180983872056144, "solution_time": 0.009041400044225156}
{"items_size": 240, "stocks_size": 84, "fill_percentage": 0.6806407322654462, "solution_time": 0.0075107000302523375}
{"items_size": 248, "stocks_size": 77, "fill_percentage": 0.6369254848068407, "solution_time": 0.005648500053212047}
{"items_size": 248, "stocks_size": 78, "fill_percentage": 0.646709553386572, "solution_time": 0.00867919996380806}
{"items_size": 246, "stocks_size": 79, "fill_percentage": 0.6603981564673389, "solution_time": 0.006312500103376806}
{"items_size": 248, "stocks_size": 77, "fill_percentage": 0.6486525712940807, "solution_time": 0.0067128000082448125}
{"items_size": 249, "stocks_size": 82, "fill_percentage": 0.6855857550393429, "solution_time": 0.007207499933429062}
{"items_size": 247, "stocks_size": 75, "fill_percentage": 0.5971991264800753, "solution_time": 0.006060499930754304}
{"items_size": 246, "stocks_size": 77, "fill_percentage": 0.6586778026589198, "solution_time": 0.0079797999933362}
{"items_size": 247, "stocks_size": 81, "fill_percentage": 0.6930743525480367, "solution_time": 0.009962000069208443}
{"items_size": 247, "stocks_size": 76, "fill_percentage": 0.618333527832886, "solution_time": 0.01024980004876852}
{"items_size": 246, "stocks_size": 81, "fill_percentage": 0.5597122974172154, "solution_time": 0.00980090000666678}
{"items_size": 245, "stocks_size": 78, "fill_percentage": 0.6947802775441547, "solution_time": 0.010709499940276146}
{"items_size": 240, "stocks_size": 84, "fill_percentage": 0.6149674699498191, "solution_time": 0.010537700029090047}
{"items_size": 247, "stocks_size": 83, "fill_percentage": 0.6331983805668017, "solution_time": 0.014038700028322637}
{"items_size": 238, "stocks_size": 83, "fill_percentage": 0.6508653208660067, "solution_time": 0.006689500063657761}
{"items_size": 236, "stocks_size": 84, "fill_percentage": 0.686525632177806, "solution_time": 0.016097199986688793}
{"items_size": 244, "stocks_size": 80, "fill_percentage": 0.6138281469021587, "solution_time": 0.007692200015299022}
{"items_size": 238, "stocks_size": 82, "fill_percentage": null, "solution_time": null}
{"items_size": 237, "stocks_size": 84, "fill_percentage": 0.679269429612679, "solution_time": 0.008853800012730062}
{"items_size": 249, "stocks_size": 82, "fill_percentage": 0.62654699475595, "solution_time": 0.01075200003106147}
{"items_size": 240, "stocks_size": 79, "fill_percentage": 0.7009567503569314, "solution_time": 0.008498099981807172}
{"items_size": 239, "stocks_size": 83, "fill_percentage": 0.645705677363148, "solution_time": 0.009981099981814623}
{"items_size": 243, "stocks_size": 80, "fill_percentage": 0.6115810459972041, "solution_time": 0.00798859994392842}
{"items_size": 245, "stocks_size": 82, "fill_percentage": 0.6596741552362068, "solution_time": 0.006882600020617247}
{"items_size": 239, "stocks_size": 84, "fill_percentage": 0.6974882491186839, "solution_time": 0.009513200027868152}
{"items_size": 234, "stocks_size": 84, "fill_percentage": 0.6050430055176891, "solution_time": 0.008409000001847744}
{"items_size": 249, "stocks_size": 74, "fill_percentage": 0.6973735974274767, "solution_time": 0.017932500108145177}
{"items_size": 248, "stocks_size": 84, "fill_percentage": 0.593248852337484, "solution_time": 0.011072500026784837}
{"items_size": 246, "stocks_size": 81, "fill_percentage": 0.6435192458758837, "solution_time": 0.006455300026573241}
{"items_size": 239, "stocks_size": 83, "fill_percentage": 0.6501651385191758, "solution_time": 0.007029199972748756}
{"items_size": 249, "stocks_size": 82, "fill_percentage": 0.6346065636837122, "solution_time": 0.01140389998909086}
{"items_size": 242, "stocks_size": 83, "fill_percentage": 0.6803273679615889, "solution_time": 0.011756699997931719}
{"items_size": 247, "stocks_size": 79, "fill_percentage": 0.6236218587085469, "solution_time": 0.012665599933825433}
{"items_size": 249, "stocks_size": 83, "fill_percentage": 0.7277199948211126, "solution_time": 0.009120899951085448}
{"items_size": 248, "stocks_size": 83, "fill_percentage": 0.7361319148936171, "solution_time": 0.008703400031663477}
{"items_size": 247, "stocks_size": 76, "fill_percentage": 0.6972318339100346, "solution_time": 0.00807780004106462}
{"items_size": 242, "stocks_size": 83, "fill_percentage": 0.7120032223415682, "solution_time": 0.013009299989789724}
{"items_size": 240, "stocks_size": 81, "fill_percentage": 0.6978473331204088, "solution_time": 0.013408300001174212}
{"items_size": 233, "stocks_size": 84, "fill_percentage": 0.7325462110753183, "solution_time": 0.010530699975788593}
{"items_size": 241, "stocks_size": 81, "fill_percentage": 0.674264705882353, "solution_time": 0.012300800066441298}
{"items_size": 247, "stocks_size": 84, "fill_percentage": 0.6991134751773049, "solution_time": 0.01330459991004318}
{"items_size": 242, "stocks_size": 81, "fill_percentage": 0.6570720760753643, "solution_time": 0.012510300031863153}
{"items_size": 240, "stocks_size": 84, "fill_percentage": 0.6403097330568447, "solution_time": 0.005576199968345463}
{"items_size": 249, "stocks_size": 74, "fill_percentage": 0.6187146728610143, "solution_time": 0.009527500020340085}
{"items_size": 247, "stocks_size": 78, "fill_percentage": 0.6476089222430685, "solution_time": 0.010201400029473007}
{"items_size": 236, "stocks_size": 82, "fill_percentage": 0.6692822319490409, "solution_time": 0.008244900032877922}
{"items_size": 243, "stocks_size": 82, "fill_percentage": 0.5788886542792793, "solution_time": 0.006897600018419325}
{"items_size": 236, "stocks_size": 84, "fill_percentage": 0.5908967940272288, "solution_time": 0.007377199945040047}
{"items_size": 247, "stocks_size": 83, "fill_percentage": 0.6852375478927203,