{"items_size": 9, "stocks_size": 3, "fill_percentage": 0.5455711080243616, "solution_time": 9.23629995668307e-05}
{"items_size": 9, "stocks_size": 3, "fill_percentage": 0.6136660268714011, "solution_time": 7.630899199284613e-05}
{"items_size": 9, "stocks_size": 3, "fill_percentage": 0.6882716049382716, "solution_time": 8.826999692246318e-05}
{"items_size": 11, "stocks_size": 2, "fill_percentage": 0.45568004538363355, "solution_time": 0.00012140200124122202}
{"items_size": 11, "stocks_size": 2, "fill_percentage": 0.7874506544774569, "solution_time": 8.335401071235538e-05}
{"items_size": 9, "stocks_size": 3, "fill_percentage": 0.6922542549496353, "solution_time": 7.63970019761473e-05}
{"items_size": 9, "stocks_size": 3, "fill_percentage": 0.7202765804597702, "solution_time": 8.216299465857446e-05}
{"items_size": 9, "stocks_size": 3, "fill_percentage": 0.7748767368892873, "solution_time": 8.137000259011984e-05}
{"items_size": 11, "stocks_size": 2, "fill_percentage": 0.6271678769756515, "solution_time": 0.00010613299673423171}
{"items_size": 11, "stocks_size": 2, "fill_percentage": 0.876618676103917, "solution_time": 0.00011743500363081694}
{"items_size": 11, "stocks_size": 2, "fill_percentage": 0.5198362486043915, "solution_time": 0.00010940300126094371}
{"items_size": 11, "stocks_size": 2, "fill_percentage": 0.48707350676716105, "solution_time": 0.00014687998918816447}
{"items_size": 9, "stocks_size": 3, "fill_percentage": 0.6766707667076671, "solution_time": 8.353800512850285e-05}
{"items_size": 9, "stocks_size": 3, "fill_percentage": 0.8257875457875458, "solution_time": 9.945599595084786e-05}
{"items_size": 9, "stocks_size": 3, "fill_percentage": 0.54375, "solution_time": 7.91930069681257e-05}
{"items_size": 11, "stocks_size": 2, "fill_percentage": 0.47734885946721967, "solution_time": 0.0001062969968188554}
{"items_size": 11, "stocks_size": 2, "fill_percentage": 0.79568136454364, "solution_time": 9.219799540005624e-05}
{"items_size": 9, "stocks_size": 3, "fill_percentage": 0.7840071192473939, "solution_time": 8.481499389745295e-05}
{"items_size": 11, "stocks_size": 2, "fill_percentage": 0.7297420888970185, "solution_time": 8.923698624130338e-05}
{"items_size": 9, "stocks_size": 3, "fill_percentage": 0.7277046783625731, "solution_time": 0.00010242599819321185}
{"items_size": 11, "stocks_size": 2, "fill_percentage": 0.893088753010932, "solution_time": 0.00037088198587298393}
{"items_size": 9, "stocks_size": 3, "fill_percentage": 0.7746143057503506, "solution_time": 7.306699990294874e-05}
{"items_size": 11, "stocks_size": 2, "fill_percentage": 0.7676620538965768, "solution_time": 8.960500417742878e-05}
{"items_size": 11, "stocks_size": 2, "fill_percentage": 0.5911433365292426, "solution_time": 9.331999171990901e-05}
{"items_size": 9, "stocks_size": 3, "fill_percentage": 0.34297886022023955, "solution_time": 0.00010827100777532905}
{"items_size": 9, "stocks_size": 3, "fill_percentage": 0.7045242537313433, "solution_time": 9.03979962458834e-05}
{"items_size": 11, "stocks_size": 2, "fill_percentage": 0.5491731940818103, "solution_time": 0.0001108150026993826}
{"items_size": 9, "stocks_size": 3, "fill_percentage": 0.6679241724040366, "solution_time": 8.167000487446785e-05}
{"items_size": 9, "stocks_size": 3, "fill_percentage": 0.5220130866790532, "solution_time": 8.426400017924607e-05}
{"items_size": 9, "stocks_size": 3, "fill_percentage": 0.5476285372658429, "solution_time": 8.267600787803531e-05}
{"items_size": 11, "stocks_size": 2, "fill_percentage": 0.7351149538219689, "solution_time": 0.00011327399988658726}
{"items_size": 11, "stocks_size": 2, "fill_percentage": 0.7329009433962265, "solution_time": 0.0001224470033776015}
{"items_size": 11, "stocks_size": 2, "fill_percentage": 0.6221635367762128, "solution_time": 0.00010625799768604338}
{"items_size": 11, "stocks_size": 2, "fill_percentage": 0.5807872034507549, "solution_time": 8.655599958728999e-05}
{"items_size": 9, "stocks_size": 3, "fill_percentage": 0.5691403254664735, "solution_time": 7.074499444570392e-05}
{"items_size": 9, "stocks_size": 3, "fill_percentage": 0.7698076923076923, "solution_time": 9.96100134216249e-05}
{"items_size": 11, "stocks_size": 2, "fill_percentage": 0.7019122609673791, "solution_time": 0.00010946099064312875}
{"items_size": 11, "stocks_size": 2, "fill_percentage": 0.8419551934826884, "solution_time": 8.700099715497345e-05}
{"items_size": 11, "stocks_size": 2, "fill_percentage": 0.5259373792037109, "solution_time": 9.639700874686241e-05}
{"items_size": 11, "stocks_size": 2, "fill_percentage": 0.48110476488537673, "solution_time": 7.820500468369573e-05}
{"items_size": 9, "stocks_size": 3, "fill_percentage": 0.8656716417910447, "solution_time": 0.00010137099889107049}
{"items_size": 11, "stocks_size": 2, "fill_percentage": 0.4614018087855297, "solution_time": 0.00010361601016484201}
{"items_size": 11, "stocks_size": 2, "fill_percentage": 0.8970168356798267, "solution_time": 8.424300176557153e-05}
{"items_size": 9, "stocks_size": 3, "fill_percentage": 0.7244807777286787, "solution_time": 7.927000115159899e-05}
{"items_size": 11, "stocks_size": 2, "fill_percentage": 0.7480247337684645, "solution_time": 0.0001385100040351972}
{"items_size": 9, "stocks_size": 3, "fill_percentage": 0.6330872011251758, "solution_time": 0.00012168199464213103}
{"items_size": 11, "stocks_size": 2, "fill_percentage": 0.6618390030313237, "solution_time": 9.960099123418331e-05}
{"items_size": 9, "stocks_size": 3, "fill_percentage": 0.44977420973406923, "solution_time": 8.780499047134072e-05}
{"items_size": 11, "stocks_size": 2, "fill_percentage": 0.5348721590909091, "solution_time": 0.0001092870079446584}
{"items_size": 11, "stocks_size": 2, "fill_percentage": 0.47446871310507677, "solution_time": 9.585599764250219e-05}
