{"items_size": 54, "stocks_size": 17, "fill_percentage": 0.8452136907387705, "solution_time": 0.0009350000182166696}
{"items_size": 54, "stocks_size": 17, "fill_percentage": 0.8247075339260646, "solution_time": 0.0012080000014975667}
{"items_size": 53, "stocks_size": 18, "fill_percentage": 0.883293911092687, "solution_time": 0.0007128000725060701}
{"items_size": 52, "stocks_size": 17, "fill_percentage": 0.8570743788447711, "solution_time": 0.0008507999591529369}
{"items_size": 54, "stocks_size": 16, "fill_percentage": 0.8824916725424883, "solution_time": 0.0006810999475419521}
{"items_size": 51, "stocks_size": 18, "fill_percentage": 0.8821272167541083, "solution_time": 0.0006122000049799681}
{"items_size": 50, "stocks_size": 18, "fill_percentage": 0.7925470314229096, "solution_time": 0.0008931000484153628}
{"items_size": 54, "stocks_size": 16, "fill_percentage": 0.8695744275213422, "solution_time": 0.000838099978864193}
{"items_size": 53, "stocks_size": 16, "fill_percentage": 0.9353550090315409, "solution_time": 0.0009512000251561403}
{"items_size": 50, "stocks_size": 18, "fill_percentage": 0.8198179417691612, "solution_time": 0.000852599972859025}
{"items_size": 52, "stocks_size": 17, "fill_percentage": 0.8823346372688478, "solution_time": 0.0008336000610142946}
{"items_size": 53, "stocks_size": 17, "fill_percentage": 0.807788521672199, "solution_time": 0.000901399995200336}
{"items_size": 53, "stocks_size": 18, "fill_percentage": 0.908933301228028, "solution_time": 0.0010420000180602074}
{"items_size": 53, "stocks_size": 16, "fill_percentage": 0.9151830060365248, "solution_time": 0.0010809999657794833}
{"items_size": 54, "stocks_size": 16, "fill_percentage": 0.9214598478085279, "solution_time": 0.001003099954687059}
{"items_size": 52, "stocks_size": 18, "fill_percentage": 0.886732412886259, "solution_time": 0.002308199997060001}
{"items_size": 53, "stocks_size": 17, "fill_percentage": 0.859248950323159, "solution_time": 0.0007969998987391591}
{"items_size": 53, "stocks_size": 18, "fill_percentage": 0.867344435661915, "solution_time": 0.0009974000276997685}
{"items_size": 51, "stocks_size": 18, "fill_percentage": 0.8742987416463647, "solution_time": 0.0008327999385073781}
{"items_size": 51, "stocks_size": 18, "fill_percentage": 0.8026351169669266, "solution_time": 0.000748799997381866}
{"items_size": 54, "stocks_size": 16, "fill_percentage": 0.8051728856856126, "solution_time": 0.0006745000137016177}
{"items_size": 50, "stocks_size": 18, "fill_percentage": 0.9389756507136859, "solution_time": 0.0007495000027120113}
{"items_size": 52, "stocks_size": 17, "fill_percentage": 0.8917322834645669, "solution_time": 0.0010870000114664435}
{"items_size": 54, "stocks_size": 16, "fill_percentage": 0.8397601640513552, "solution_time": 0.0006525999633595347}
{"items_size": 53, "stocks_size": 17, "fill_percentage": 0.7997261732714688, "solution_time": 0.0009452999802306294}
{"items_size": 52, "stocks_size": 18, "fill_percentage": 0.8636269751110193, "solution_time": 0.0007092999294400215}
{"items_size": 50, "stocks_size": 18, "fill_percentage": 0.7113924050632912, "solution_time": 0.0011495000217109919}
{"items_size": 53, "stocks_size": 17, "fill_percentage": 0.7655118462226196, "solution_time": 0.0008246999932453036}
{"items_size": 53, "stocks_size": 18, "fill_percentage": 0.8999677395339604, "solution_time": 0.0006770000327378511}
{"items_size": 54, "stocks_size": 16, "fill_percentage": 0.8980820121308635, "solution_time": 0.0009105999488383532}
{"items_size": 53, "stocks_size": 17, "fill_percentage": 0.7937418952019596, "solution_time": 0.0006595999002456665}
{"items_size": 53, "stocks_size": 18, "fill_percentage": 0.819079283887468, "solution_time": 0.0006628000410273671}
{"items_size": 52, "stocks_size": 17, "fill_percentage": 0.8420119741610209, "solution_time": 0.0008926000446081161}
{"items_size": 54, "stocks_size": 18, "fill_percentage": 0.9219498383785952, "solution_time": 0.0012527999933809042}
{"items_size": 52, "stocks_size": 17, "fill_percentage": 0.8817154786025665, "solution_time": 0.0010158999357372522}
{"items_size": 53, "stocks_size": 18, "fill_percentage": 0.7944964077538295, "solution_time": 0.0010725000174716115}
{"items_size": 52, "stocks_size": 17, "fill_percentage": 0.8680894308943089, "solution_time": 0.0007356000132858753}
{"items_size": 51, "stocks_size": 18, "fill_percentage": 0.8732004178209728, "solution_time": 0.0010351999662816525}
{"items_size": 54, "stocks_size": 16, "fill_percentage": 0.8655126231834809, "solution_time": 0.0009071999229490757}
{"items_size": 54, "stocks_size": 18, "fill_percentage": 0.8429062919120649, "solution_time": 0.0006262999959290028}
{"items_size": 54, "stocks_size": 18, "fill_percentage": 0.8868928209173899, "solution_time": 0.0006948000518605113}
{"items_size": 52, "stocks_size": 17, "fill_percentage": 0.8618023269819093, "solution_time": 0.0010856000008061528}
{"items_size": 50, "stocks_size": 18, "fill_percentage": 0.8628612891522555, "solution_time": 0.0007773999823257327}
{"items_size": 53, "stocks_size": 16, "fill_percentage": 0.8493372829682804, "solution_time": 0.0009673999156802893}
{"items_size": 53, "stocks_size": 16, "fill_percentage": 0.7960532807104095, "solution_time": 0.0011582999723032117}
{"items_size": 53, "stocks_size": 17, "fill_percentage": 0.86886267107126, "solution_time": 0.0007897999603301287}
{"items_size": 53, "stocks_size": 17, "fill_percentage": 0.8472621775805744, "solution_time": 0.0013192999176681042}
{"items_size": 54, "stocks_size": 16, "fill_percentage": 0.839875631558492, "solution_time": 0.0008963999571278691}
{"items_size": 53, "stocks_size": 18, "fill_percentage": 0.8117490298751695, "solution_time": 0.0008448000298812985}
{"items_size": 50, "stocks_size": 18, "fill_percentage": 0.8734805510534847, "solution_time": 0.0008830999722704291}
{"items_size": 52, "stocks_size": 17, "fill_percentage": 0.8947825835047365, "solution_time": 0.0007689999183639884}
{"items_size": 53, "stocks_size": 17, "fill_percentage": 0.8738343270217738, "solution_time": 0.0010289999190717936}
{"items_size": 52, "stocks_size": 17, "fill_percentage": 0.9307729182528269, "solution_time": 0.001007899991236627}
{"items_size": 54, "stocks_size": 16, "fill_percentage": 0.8634130090780379, "solution_time": 0.0005804999964311719}
{"items_size": 54, "stocks_size": 17, "fill_percentage": 0.8432204459933833, "solution_time": 0.0009096999419853091}
{"items_size": 54, "stocks_size": 18, "fill_percentage": 0.8852235067924815, "solution_time": 0.0008214000845327973}
{"items_size": 52, "stocks_size": 18, "fill_percentage": 0.9221018498047019, "solution_time": 0.000589099945500493}
{"items_size": 54, "stocks_size": 16, "fill_percentage": 0.9094682864293999, "solution_time": 0.0009391000494360924}
{"items_size": 54, "stocks_size": 17, "fill_percentage": 0.9076224710816166, "solution_time": 0.0008054999634623528}
{"items_size": 53, "stocks_size": 16, "fill_percentage": 0.8289280760848029, "solution_time": 0.0007084000390022993}
{"items_size": 50, "stocks_size": 18, "fill_percentage": 0.8667698406233879, "solution_time": 0.0008553999941796064}
{"items_size": 51, "stocks_size": 18, "fill_percentage": 0.8600352344140306, "solution_time": 0.0008645999478176236}
{"items_size": 53, "stocks_size": 17, "fill_percentage": 0.8124535071981797, "solution_time": 0.0005762000801041722}
{"items_size": 54, "stocks_size": 16, "fill_percentage": 0.8473697099223046, "solution_time": 0.0006682999664917588}
{"items_size": 52, "stocks_size": 17, "fill_percentage": 0.8916484974879135, "solution_time": 0.0007281999569386244}
{"items_size": 54, "stocks_size": 16, "fill_percentage": 0.8436360361982801, "solution_time": 0.0010257000103592873}
{"items_size": 52, "stocks_size": 17, "fill_percentage": 0.8694863784327005, "solution_time": 0.000834600068628788}
{"items_size": 54, "stocks_size": 18, "fill_percentage": 0.8813871453026924, "solution_time": 0.000741699943318963}
{"items_size": 54, "stocks_size": 18,