{"items_size": 54, "stocks_size": 17, "fill_percentage": 0.5910897377733418, "solution_time": 0.0017477000365033746}
{"items_size": 54, "stocks_size": 17, "fill_percentage": 0.6413858359414805, "solution_time": 0.0022452999837696552}
{"items_size": 53, "stocks_size": 18, "fill_percentage": 0.5916857236197322, "solution_time": 0.0020709000527858734}
{"items_size": 52, "stocks_size": 17, "fill_percentage": 0.655585431434857, "solution_time": 0.0021343999542295933}
{"items_size": 54, "stocks_size": 16, "fill_percentage": 0.6080037522823593, "solution_time": 0.001435499987564981}
{"items_size": 51, "stocks_size": 18, "fill_percentage": 0.6081608250504447, "solution_time": 0.0015756000066176057}
{"items_size": 50, "stocks_size": 18, "fill_percentage": 0.6765823758156293, "solution_time": 0.0014012000756338239}
{"items_size": 54, "stocks_size": 16, "fill_percentage": 0.6360495204450023, "solution_time": 0.0016546000260859728}
{"items_size": 53, "stocks_size": 16, "fill_percentage": 0.5735128112287278, "solution_time": 0.0025277999229729176}
{"items_size": 50, "stocks_size": 18, "fill_percentage": 0.5481408062442892, "solution_time": 0.0011247999500483274}
{"items_size": 52, "stocks_size": 17, "fill_percentage": 0.6200777869761485, "solution_time": 0.001319300034083426}
{"items_size": 53, "stocks_size": 17, "fill_percentage": 0.5387589437546122, "solution_time": 0.0025957999750971794}
{"items_size": 53, "stocks_size": 18, "fill_percentage": 0.6148583714755754, "solution_time": 0.001486700028181076}
{"items_size": 53, "stocks_size": 16, "fill_percentage": 0.6342966088230622, "solution_time": 0.0023113000206649303}
{"items_size": 54, "stocks_size": 16, "fill_percentage": 0.5355148730111671, "solution_time": 0.0019809999503195286}
{"items_size": 52, "stocks_size": 18, "fill_percentage": 0.6717000677317821, "solution_time": 0.0018493999959900975}
{"items_size": 53, "stocks_size": 17, "fill_percentage": 0.6745740740740741, "solution_time": 0.0017911000177264214}
{"items_size": 53, "stocks_size": 18, "fill_percentage": 0.6437269895213821, "solution_time": 0.0027115000411868095}
{"items_size": 51, "stocks_size": 18, "fill_percentage": 0.5769639222395941, "solution_time": 0.0015849999617785215}
{"items_size": 51, "stocks_size": 18, "fill_percentage": 0.6291073515605541, "solution_time": 0.001666500000283122}
{"items_size": 54, "stocks_size": 16, "fill_percentage": 0.6136383389247162, "solution_time": 0.0017463999101892114}
{"items_size": 50, "stocks_size": 18, "fill_percentage": 0.5735092001887219, "solution_time": 0.0018229999113827944}
{"items_size": 52, "stocks_size": 17, "fill_percentage": 0.6805944694847119, "solution_time": 0.0015081000747159123}
{"items_size": 54, "stocks_size": 16, "fill_percentage": 0.5663114224299909, "solution_time": 0.002303500077687204}
{"items_size": 53, "stocks_size": 17, "fill_percentage": 0.6850403961428199, "solution_time": 0.0020474999910220504}
{"items_size": 52, "stocks_size": 18, "fill_percentage": 0.5620148526496186, "solution_time": 0.0012754000490531325}
{"items_size": 50, "stocks_size": 18, "fill_percentage": 0.5898462289480108, "solution_time": 0.0024645000230520964}
{"items_size": 53, "stocks_size": 17, "fill_percentage": 0.6635731308003797, "solution_time": 0.002093799994327128}
{"items_size": 53, "stocks_size": 18, "fill_percentage": 0.6080410435249145, "solution_time": 0.0018130999524146318}
{"items_size": 54, "stocks_size": 16, "fill_percentage": 0.6022898605352431, "solution_time": 0.0013245000736787915}
{"items_size": 53, "stocks_size": 17, "fill_percentage": 0.6107805454948629, "solution_time": 0.001768499962054193}
{"items_size": 53, "stocks_size": 18, "fill_percentage": 0.7018320476858345, "solution_time": 0.002042700070887804}
{"items_size": 52, "stocks_size": 17, "fill_percentage": 0.5863057281167291, "solution_time": 0.001891900086775422}
{"items_size": 54, "stocks_size": 18, "fill_percentage": 0.6104801037386536, "solution_time": 0.0012468999484553933}
{"items_size": 52, "stocks_size": 17, "fill_percentage": 0.6177887717788771, "solution_time": 0.0020963000133633614}
{"items_size": 53, "stocks_size": 18, "fill_percentage": 0.5494344103493531, "solution_time": 0.0011652999091893435}
{"items_size": 52, "stocks_size": 17, "fill_percentage": 0.6202697095435684, "solution_time": 0.002006299910135567}
{"items_size": 51, "stocks_size": 18, "fill_percentage": 0.5764007554636208, "solution_time": 0.0018711000448092818}
{"items_size": 54, "stocks_size": 16, "fill_percentage": 0.625662885629651, "solution_time": 0.0018338999943807721}
{"items_size": 54, "stocks_size": 18, "fill_percentage": 0.6415510252389265, "solution_time": 0.0017979000695049763}
{"items_size": 54, "stocks_size": 18, "fill_percentage": 0.6265844958277598, "solution_time": 0.0012357999803498387}
{"items_size": 52, "stocks_size": 17, "fill_percentage": 0.6016413292075878, "solution_time": 0.0017718999879434705}
{"items_size": 50, "stocks_size": 18, "fill_percentage": 0.5525938738366615, "solution_time": 0.0012792999623343349}
{"items_size": 53, "stocks_size": 16, "fill_percentage": 0.5961421720390943, "solution_time": 0.0017800999339669943}
{"items_size": 53, "stocks_size": 16, "fill_percentage": 0.5877146655497077, "solution_time": 0.002221300033852458}
{"items_size": 53, "stocks_size": 17, "fill_percentage": 0.6020115882129825, "solution_time": 0.0019444000208750367}
{"items_size": 53, "stocks_size": 17, "fill_percentage": 0.6067849285888886, "solution_time": 0.001325799967162311}
{"items_size": 54, "stocks_size": 16, "fill_percentage": 0.6705699820349502, "solution_time": 0.0010685999877750874}
{"items_size": 53, "stocks_size": 18, "fill_percentage": 0.6399152308117572, "solution_time": 0.0013401999603956938}
{"items_size": 50, "stocks_size": 18, "fill_percentage": 0.577300952349072, "solution_time": 0.001496099983341992}
{"items_size": 52, "stocks_size": 17, "fill_percentage": 0.6295118720065219, "solution_time": 0.001853700028732419}
{"items_size": 53, "stocks_size": 17, "fill_percentage": 0.5913948298032724, "solution_time": 0.001575100002810359}
{"items_size": 52, "stocks_size": 17, "fill_percentage": 0.5725684747350345, "solution_time": 0.0015566999791190028}
{"items_size": 54, "stocks_size": 16, "fill_percentage": 0.5762325607248069, "solution_time": 0.002791399951092899}
{"items_size": 54, "stocks_size": 17, "fill_percentage": 0.5688559502512991, "solution_time": 0.0015343999257311225}
{"items_size": 54, "stocks_size": 18, "fill_percentage": 0.6707174483908684, "solution_time": 0.0018060000147670507}
{"items_size": 52, "stocks_size": 18, "fill_percentage": 0.5706120215256453, "solution_time": 0.0015480000292882323}
{"items_size": 54, "stocks_size": 16, "fill_percentage": 0.6738279924919153, "solution_time": 0.002513699932023883}
{"items_size": 54, "stocks_size": 17, "fill_percentage": 0.6603352891869237, "solution_time": 0.0016102000372484326}
{"items_size": 53, "stocks_size": 16, "fill_percentage": 0.6314296063752717, "solution_time": 0.0011351000284776092}
{"items_size": 50, "stocks_size": 18, "fill_percentage": 0.5863101250711675, "solution_time": 0.001994500053115189}
{"items_size": 51, "stocks_size": 18, "fill_percentage": 0.6544348626423098, "solution_time": 0.0013997000642120838}
{"items_size": 53, "stocks_size": 17, "fill_percentage": 0.6472044060234244, "solution_time": 0.0017971000634133816}
{"items_size": 54, "stocks_size": 16, "fill_percentage": 0.5646491618454236, "solution_time": 0.0018686000257730484}
{"items_size": 52, "stocks_size": 17, "fill_percentage": 0.662130135861276, "solution_time": 0.0013880999758839607}
{"items_size": 54, "stocks_size": 16, "fill_percentage": 0.5631508557861361, "solution_time": 0.001308299950323999}
{"items_size": 52, "stocks_size": 17, "fill_percentage": 0.6384695596374429, "solution_time": 0.001001100055873394}
{"items_size": 54, "stocks_size": 18, "fill_percentage": 0.6629921567097202, "solution_time": 0.0014267000369727612}
{"items_size": 54, "stocks_size": 18,