{"items_size": 54, "stocks_size": 17, "fill_percentage": 0.6507242033762861, "solution_time": 0.0016488999826833606}
{"items_size": 54, "stocks_size": 17, "fill_percentage": 0.6802794611494962, "solution_time": 0.0013112000888213515}
{"items_size": 53, "stocks_size": 18, "fill_percentage": 0.6466660715879675, "solution_time": 0.0013108999701216817}
{"items_size": 52, "stocks_size": 17, "fill_percentage": 0.6908661586347536, "solution_time": 0.001307200058363378}
{"items_size": 54, "stocks_size": 16, "fill_percentage": 0.5951334688791238, "solution_time": 0.0015203000511974096}
{"items_size": 51, "stocks_size": 18, "fill_percentage": 0.6170422492493404, "solution_time": 0.0011607999913394451}
{"items_size": 50, "stocks_size": 18, "fill_percentage": 0.720762047417324, "solution_time": 0.0014968999894335866}
{"items_size": 54, "stocks_size": 16, "fill_percentage": 0.5350137500488746, "solution_time": 0.0008981999708339572}
{"items_size": 53, "stocks_size": 16, "fill_percentage": 0.6395050586614734, "solution_time": 0.001667700009420514}
{"items_size": 50, "stocks_size": 18, "fill_percentage": 0.5789103518212597, "solution_time": 0.0011856000637635589}
{"items_size": 52, "stocks_size": 17, "fill_percentage": 0.6331419457735247, "solution_time": 0.0006511000683531165}
{"items_size": 53, "stocks_size": 17, "fill_percentage": 0.5828965182073802, "solution_time": 0.0013665000442415476}
{"items_size": 53, "stocks_size": 18, "fill_percentage": 0.6908618386134446, "solution_time": 0.0005901000695303082}
{"items_size": 53, "stocks_size": 16, "fill_percentage": 0.608628633376245, "solution_time": 0.0010948999552056193}
{"items_size": 54, "stocks_size": 16, "fill_percentage": 0.5355148730111671, "solution_time": 0.002835499937646091}
{"items_size": 52, "stocks_size": 18, "fill_percentage": 0.6155952750442737, "solution_time": 0.0013671000488102436}
{"items_size": 53, "stocks_size": 17, "fill_percentage": 0.6523343063340556, "solution_time": 0.0013265999732539058}
{"items_size": 53, "stocks_size": 18, "fill_percentage": 0.636745637906195, "solution_time": 0.001337299938313663}
{"items_size": 51, "stocks_size": 18, "fill_percentage": 0.6379886810301241, "solution_time": 0.0010501000797376037}
{"items_size": 51, "stocks_size": 18, "fill_percentage": 0.6686691782914164, "solution_time": 0.0015800000401213765}
{"items_size": 54, "stocks_size": 16, "fill_percentage": 0.6816373817339255, "solution_time": 0.0015429999912157655}
{"items_size": 50, "stocks_size": 18, "fill_percentage": 0.6771787046456426, "solution_time": 0.0013809999218210578}
{"items_size": 52, "stocks_size": 17, "fill_percentage": 0.6372034671532847, "solution_time": 0.0010888999095186591}
{"items_size": 54, "stocks_size": 16, "fill_percentage": 0.599910829445391, "solution_time": 0.0006978999590501189}
{"items_size": 53, "stocks_size": 17, "fill_percentage": 0.6237294838837255, "solution_time": 0.00117790000513196}
{"items_size": 52, "stocks_size": 18, "fill_percentage": 0.6294574810410041, "solution_time": 0.0008120000129565597}
{"items_size": 50, "stocks_size": 18, "fill_percentage": 0.62037274734302, "solution_time": 0.0012235000031068921}
{"items_size": 53, "stocks_size": 17, "fill_percentage": 0.6715621874938724, "solution_time": 0.0008301000343635678}
{"items_size": 53, "stocks_size": 18, "fill_percentage": 0.674753939754777, "solution_time": 0.0008336000610142946}
{"items_size": 54, "stocks_size": 16, "fill_percentage": 0.6844002641300662, "solution_time": 0.0008855999913066626}
{"items_size": 53, "stocks_size": 17, "fill_percentage": 0.6592667943194511, "solution_time": 0.001183799933642149}
{"items_size": 53, "stocks_size": 18, "fill_percentage": 0.6106937187750276, "solution_time": 0.000763899995945394}
{"items_size": 52, "stocks_size": 17, "fill_percentage": 0.5420956534969823, "solution_time": 0.0009873999515548348}
{"items_size": 54, "stocks_size": 18, "fill_percentage": 0.6624677878746779, "solution_time": 0.0008423000108450651}
{"items_size": 52, "stocks_size": 17, "fill_percentage": 0.6847953076941418, "solution_time": 0.0007690000347793102}
{"items_size": 53, "stocks_size": 18, "fill_percentage": 0.6258965916169796, "solution_time": 0.0008699999889358878}
{"items_size": 52, "stocks_size": 17, "fill_percentage": 0.6992468893254747, "solution_time": 0.0010235999943688512}
{"items_size": 51, "stocks_size": 18, "fill_percentage": 0.6734736768363165, "solution_time": 0.000916199991479516}
{"items_size": 54, "stocks_size": 16, "fill_percentage": 0.5849082091669255, "solution_time": 0.0011638000141829252}
{"items_size": 54, "stocks_size": 18, "fill_percentage": 0.6208481273622724, "solution_time": 0.0013543999521061778}
{"items_size": 54, "stocks_size": 18, "fill_percentage": 0.6612718900205035, "solution_time": 0.001016999944113195}
{"items_size": 52, "stocks_size": 17, "fill_percentage": 0.6476583573200094, "solution_time": 0.0009536000434309244}
{"items_size": 50, "stocks_size": 18, "fill_percentage": 0.6113705496765348, "solution_time": 0.0008400999940931797}
{"items_size": 53, "stocks_size": 16, "fill_percentage": 0.6177229124076112, "solution_time": 0.0011904999846592546}
{"items_size": 53, "stocks_size": 16, "fill_percentage": 0.7374771480804387, "solution_time": 0.0013923000078648329}
{"items_size": 53, "stocks_size": 17, "fill_percentage": 0.5970451273137639, "solution_time": 0.001041000010445714}
{"items_size": 53, "stocks_size": 17, "fill_percentage": 0.6032983247981946, "solution_time": 0.0011647999053820968}
{"items_size": 54, "stocks_size": 16, "fill_percentage": 0.621324697728614, "solution_time": 0.0009594999719411135}
{"items_size": 53, "stocks_size": 18, "fill_percentage": 0.6675958858021724, "solution_time": 0.0009607999818399549}
{"items_size": 50, "stocks_size": 18, "fill_percentage": 0.5975330884900562, "solution_time": 0.0012465000618249178}
{"items_size": 52, "stocks_size": 17, "fill_percentage": 0.6159783020561195, "solution_time": 0.0010414000134915113}
{"items_size": 53, "stocks_size": 17, "fill_percentage": 0.6704985337243402, "solution_time": 0.0009132999693974853}
{"items_size": 52, "stocks_size": 17, "fill_percentage": 0.5926245107544257, "solution_time": 0.0010809000814333558}
{"items_size": 54, "stocks_size": 16, "fill_percentage": 0.6254348744143021, "solution_time": 0.0009281000820919871}
{"items_size": 54, "stocks_size": 17, "fill_percentage": 0.6207518405592325, "solution_time": 0.000820700079202652}
{"items_size": 54, "stocks_size": 18, "fill_percentage": 0.6647542696479797, "solution_time": 0.0011087000602856278}
{"items_size": 52, "stocks_size": 18, "fill_percentage": 0.6372510737992971, "solution_time": 0.0010043000802397728}
{"items_size": 54, "stocks_size": 16, "fill_percentage": 0.6428617661653974, "solution_time": 0.0008409000001847744}
{"items_size": 54, "stocks_size": 17, "fill_percentage": 0.6545850367268256, "solution_time": 0.0006398999830707908}
{"items_size": 53, "stocks_size": 16, "fill_percentage": 0.6964193564496529, "solution_time": 0.0006538999732583761}
{"items_size": 50, "stocks_size": 18, "fill_percentage": 0.582767433369843, "solution_time": 0.000776599976234138}
{"items_size": 51, "stocks_size": 18, "fill_percentage": 0.6994568239168556, "solution_time": 0.0008443999104201794}
{"items_size": 53, "stocks_size": 17, "fill_percentage": 0.6398662852810422, "solution_time": 0.0010015000589191914}
{"items_size": 54, "stocks_size": 16, "fill_percentage": 0.6189105691056911, "solution_time": 0.0009216000325977802}
{"items_size": 52, "stocks_size": 17, "fill_percentage": 0.6436293964691392, "solution_time": 0.0007749999640509486}
{"items_size": 54, "stocks_size": 16, "fill_percentage": 0.5757301092283349, "solution_time": 0.0008895000210031867}
{"items_size": 52, "stocks_size": 17, "fill_percentage": 0.6476120738751933, "solution_time": 0.0007609999738633633}
{"items_size": 54, "stocks_size": 18, "fill_percentage": 0.7303187259558555, "solution_time": 0.0010005999356508255}
{"items_size": 54, "stocks_size": 18,