{"items_size": 54, "stocks_size": 17, "fill_percentage": 0.8452136907387705, "solution_time": 0.0009861000580713153}
{"items_size": 54, "stocks_size": 17, "fill_percentage": 0.8247075339260646, "solution_time": 0.001199199934490025}
{"items_size": 53, "stocks_size": 18, "fill_percentage": 0.883293911092687, "solution_time": 0.0009293999755755067}
{"items_size": 52, "stocks_size": 17, "fill_percentage": 0.8570743788447711, "solution_time": 0.0008510000770911574}
{"items_size": 54, "stocks_size": 16, "fill_percentage": 0.8824916725424883, "solution_time": 0.0007085999241098762}
{"items_size": 51, "stocks_size": 18, "fill_percentage": 0.8821272167541083, "solution_time": 0.0008535999804735184}
{"items_size": 50, "stocks_size": 18, "fill_percentage": 0.7925470314229096, "solution_time": 0.0006011000368744135}
{"items_size": 54, "stocks_size": 16, "fill_percentage": 0.8695744275213422, "solution_time": 0.0008490999462082982}
{"items_size": 53, "stocks_size": 16, "fill_percentage": 0.9353550090315409, "solution_time": 0.0010935000609606504}
{"items_size": 50, "stocks_size": 18, "fill_percentage": 0.8198179417691612, "solution_time": 0.0008664000779390335}
{"items_size": 52, "stocks_size": 17, "fill_percentage": 0.8823346372688478, "solution_time": 0.001119100023061037}
{"items_size": 53, "stocks_size": 17, "fill_percentage": 0.807788521672199, "solution_time": 0.0007365000201389194}
{"items_size": 53, "stocks_size": 18, "fill_percentage": 0.908933301228028, "solution_time": 0.000658600009046495}
{"items_size": 53, "stocks_size": 16, "fill_percentage": 0.9151830060365248, "solution_time": 0.000712399953044951}
{"items_size": 54, "stocks_size": 16, "fill_percentage": 0.9214598478085279, "solution_time": 0.000825399998575449}
{"items_size": 52, "stocks_size": 18, "fill_percentage": 0.886732412886259, "solution_time": 0.0017543999711051583}
{"items_size": 53, "stocks_size": 17, "fill_percentage": 0.859248950323159, "solution_time": 0.001120000029914081}
{"items_size": 53, "stocks_size": 18, "fill_percentage": 0.867344435661915, "solution_time": 0.00083430006634444}
{"items_size": 51, "stocks_size": 18, "fill_percentage": 0.8742987416463647, "solution_time": 0.0009328000014647841}
{"items_size": 51, "stocks_size": 18, "fill_percentage": 0.8026351169669266, "solution_time": 0.0008619999280199409}
{"items_size": 54, "stocks_size": 16, "fill_percentage": 0.9083470564018115, "solution_time": 0.0005707000382244587}
{"items_size": 50, "stocks_size": 18, "fill_percentage": 0.9389756507136859, "solution_time": 0.0009907999774441123}
{"items_size": 52, "stocks_size": 17, "fill_percentage": 0.8917322834645669, "solution_time": 0.000597400008700788}
{"items_size": 54, "stocks_size": 16, "fill_percentage": 0.8397601640513552, "solution_time": 0.0006772999186068773}
{"items_size": 53, "stocks_size": 17, "fill_percentage": 0.7997261732714688, "solution_time": 0.0009639000054448843}
{"items_size": 52, "stocks_size": 18, "fill_percentage": 0.8636269751110193, "solution_time": 0.0007858999306336045}
{"items_size": 50, "stocks_size": 18, "fill_percentage": 0.9121310485392919, "solution_time": 0.0014527000021189451}
{"items_size": 53, "stocks_size": 17, "fill_percentage": 0.9285849849524171, "solution_time": 0.0011304001091048121}
{"items_size": 53, "stocks_size": 18, "fill_percentage": 0.7726197831227763, "solution_time": 0.0012437000405043364}
{"items_size": 54, "stocks_size": 16, "fill_percentage": 0.8980820121308635, "solution_time": 0.0009460999863222241}
{"items_size": 53, "stocks_size": 17, "fill_percentage": 0.7937418952019596, "solution_time": 0.0008734000148251653}
{"items_size": 53, "stocks_size": 18, "fill_percentage": 0.819079283887468, "solution_time": 0.0007653000066056848}
{"items_size": 52, "stocks_size": 17, "fill_percentage": 0.8420119741610209, "solution_time": 0.000776899978518486}
{"items_size": 54, "stocks_size": 18, "fill_percentage": 0.9219498383785952, "solution_time": 0.0010800999589264393}
{"items_size": 52, "stocks_size": 17, "fill_percentage": 0.8817154786025665, "solution_time": 0.0007101999362930655}
{"items_size": 53, "stocks_size": 18, "fill_percentage": 0.7944964077538295, "solution_time": 0.001411300036124885}
{"items_size": 52, "stocks_size": 17, "fill_percentage": 0.8680894308943089, "solution_time": 0.001171699957922101}
{"items_size": 51, "stocks_size": 18, "fill_percentage": 0.8732004178209728, "solution_time": 0.0006488999351859093}
{"items_size": 54, "stocks_size": 16, "fill_percentage": 0.8655126231834809, "solution_time": 0.0006813999498263001}
{"items_size": 54, "stocks_size": 18, "fill_percentage": 0.8429062919120649, "solution_time": 0.0006621000356972218}
{"items_size": 54, "stocks_size": 18, "fill_percentage": 0.8868928209173899, "solution_time": 0.0007293999660760164}
{"items_size": 52, "stocks_size": 17, "fill_percentage": 0.8618023269819093, "solution_time": 0.0007818000158295035}
{"items_size": 50, "stocks_size": 18, "fill_percentage": 0.8628612891522555, "solution_time": 0.0008547999896109104}
{"items_size": 53, "stocks_size": 16, "fill_percentage": 0.8493372829682804, "solution_time": 0.0008775999303907156}
{"items_size": 53, "stocks_size": 16, "fill_percentage": 0.7960532807104095, "solution_time": 0.0010351999662816525}
{"items_size": 53, "stocks_size": 17, "fill_percentage": 0.86886267107126, "solution_time": 0.0007261000573635101}
{"items_size": 53, "stocks_size": 17, "fill_percentage": 0.8472621775805744, "solution_time": 0.0008921000408008695}
{"items_size": 54, "stocks_size": 16, "fill_percentage": 0.839875631558492, "solution_time": 0.0006679999642074108}
{"items_size": 53, "stocks_size": 18, "fill_percentage": 0.8117490298751695, "solution_time": 0.0008046000730246305}
{"items_size": 50, "stocks_size": 18, "fill_percentage": 0.8734805510534847, "solution_time": 0.0010291000362485647}
{"items_size": 52, "stocks_size": 17, "fill_percentage": 0.8947825835047365, "solution_time": 0.0008199999574571848}
{"items_size": 53, "stocks_size": 17, "fill_percentage": 0.8738343270217738, "solution_time": 0.0009433000814169645}
{"items_size": 52, "stocks_size": 17, "fill_percentage": 0.9307729182528269, "solution_time": 0.0007196000078693032}
{"items_size": 54, "stocks_size": 16, "fill_percentage": 0.8634130090780379, "solution_time": 0.0011503000278025866}
{"items_size": 54, "stocks_size": 17, "fill_percentage": 0.8432204459933833, "solution_time": 0.0008229999803006649}
{"items_size": 54, "stocks_size": 18, "fill_percentage": 0.8852235067924815, "solution_time": 0.0010180000681430101}
{"items_size": 52, "stocks_size": 18, "fill_percentage": 0.9221018498047019, "solution_time": 0.0007559999357908964}
{"items_size": 54, "stocks_size": 16, "fill_percentage": 0.9094682864293999, "solution_time": 0.0008786000544205308}
{"items_size": 54, "stocks_size": 17, "fill_percentage": 0.9076224710816166, "solution_time": 0.0009217000333592296}
{"items_size": 53, "stocks_size": 16, "fill_percentage": 0.8289280760848029, "solution_time": 0.001075900043360889}
{"items_size": 50, "stocks_size": 18, "fill_percentage": 0.8667698406233879, "solution_time": 0.0009184000082314014}
{"items_size": 51, "stocks_size": 18, "fill_percentage": 0.8600352344140306, "solution_time": 0.0006918000290170312}
{"items_size": 53, "stocks_size": 17, "fill_percentage": 0.8124535071981797, "solution_time": 0.0006125000072643161}
{"items_size": 54, "stocks_size": 16, "fill_percentage": 0.8473697099223046, "solution_time": 0.0005594000685960054}
{"items_size": 52, "stocks_size": 17, "fill_percentage": 0.8916484974879135, "solution_time": 0.0007947999984025955}
{"items_size": 54, "stocks_size": 16, "fill_percentage": 0.8436360361982801, "solution_time": 0.0008491999469697475}
{"items_size": 52, "stocks_size": 17, "fill_percentage": 0.8694863784327005, "solution_time": 0.0006972999544814229}
{"items_size": 54, "stocks_size": 18, "fill_percentage": 0.8813871453026924, "solution_time": 0.0009103999473154545}
{"items_size": 54, "stocks_size": 18,