{"items_size": 54, "stocks_size": 17, "fill_percentage": 0.8299233062399674, "solution_time": 0.0007710999343544245}
{"items_size": 54, "stocks_size": 17, "fill_percentage": 0.882082082082082, "solution_time": 0.0007754999678581953}
{"items_size": 53, "stocks_size": 18, "fill_percentage": 0.8222595509953919, "solution_time": 0.0013160000089555979}
{"items_size": 52, "stocks_size": 17, "fill_percentage": 0.9044260222003653, "solution_time": 0.0008045999566093087}
{"items_size": 54, "stocks_size": 16, "fill_percentage": 0.8556341348420556, "solution_time": 0.0005051000043749809}
{"items_size": 51, "stocks_size": 18, "fill_percentage": 0.8522862947990197, "solution_time": 0.0006909000221639872}
{"items_size": 50, "stocks_size": 18, "fill_percentage": 0.8268270418299951, "solution_time": 0.0006895000115036964}
{"items_size": 54, "stocks_size": 16, "fill_percentage": 0.9105629741360188, "solution_time": 0.0007749999640509486}
{"items_size": 53, "stocks_size": 16, "fill_percentage": 0.8604799795481417, "solution_time": 0.0007990999147295952}
{"items_size": 50, "stocks_size": 18, "fill_percentage": 0.8822033898305085, "solution_time": 0.000924500054679811}
{"items_size": 52, "stocks_size": 17, "fill_percentage": 0.8013484325480934, "solution_time": 0.0006096999859437346}
{"items_size": 53, "stocks_size": 17, "fill_percentage": 0.8933549691423707, "solution_time": 0.0009501000167801976}
{"items_size": 53, "stocks_size": 18, "fill_percentage": 0.8693088916012252, "solution_time": 0.0007012999849393964}
{"items_size": 53, "stocks_size": 16, "fill_percentage": 0.8924960878312924, "solution_time": 0.000651199952699244}
{"items_size": 54, "stocks_size": 16, "fill_percentage": 0.7648781692750145, "solution_time": 0.0005380000220611691}
{"items_size": 52, "stocks_size": 18, "fill_percentage": 0.8884614371162816, "solution_time": 0.0006883000023663044}
{"items_size": 53, "stocks_size": 17, "fill_percentage": 0.8382308949076098, "solution_time": 0.0006056999554857612}
{"items_size": 53, "stocks_size": 18, "fill_percentage": 0.8346097356273605, "solution_time": 0.0009069000370800495}
{"items_size": 51, "stocks_size": 18, "fill_percentage": 0.9044393063583815, "solution_time": 0.0007834000280126929}
{"items_size": 51, "stocks_size": 18, "fill_percentage": 0.8577362137875186, "solution_time": 0.0006952000549063087}
{"items_size": 54, "stocks_size": 16, "fill_percentage": 0.8653511459737713, "solution_time": 0.0007339000003412366}
{"items_size": 50, "stocks_size": 18, "fill_percentage": 0.7885043855938179, "solution_time": 0.0008267000084742904}
{"items_size": 52, "stocks_size": 17, "fill_percentage": 0.9285615356915321, "solution_time": 0.0009119000751525164}
{"items_size": 54, "stocks_size": 16, "fill_percentage": 0.8583373203016427, "solution_time": 0.0008874000050127506}
{"items_size": 53, "stocks_size": 17, "fill_percentage": 0.826788990825688, "solution_time": 0.0010303999297320843}
{"items_size": 52, "stocks_size": 18, "fill_percentage": 0.8979624708061529, "solution_time": 0.0008275000145658851}
{"items_size": 50, "stocks_size": 18, "fill_percentage": 0.8114842175957018, "solution_time": 0.0009981999173760414}
{"items_size": 53, "stocks_size": 17, "fill_percentage": 0.904622292657158, "solution_time": 0.000773100065998733}
{"items_size": 53, "stocks_size": 18, "fill_percentage": 0.8784942589990795, "solution_time": 0.0007279999554157257}
{"items_size": 54, "stocks_size": 16, "fill_percentage": 0.9231380289827162, "solution_time": 0.0009345000144094229}
{"items_size": 53, "stocks_size": 17, "fill_percentage": 0.8776220062662631, "solution_time": 0.0005857000360265374}
{"items_size": 53, "stocks_size": 18, "fill_percentage": 0.9022679250598676, "solution_time": 0.0005584999453276396}
{"items_size": 52, "stocks_size": 17, "fill_percentage": 0.820000383590019, "solution_time": 0.0005773999728262424}
{"items_size": 54, "stocks_size": 18, "fill_percentage": 0.8612519285871721, "solution_time": 0.001227000029757619}
{"items_size": 52, "stocks_size": 17, "fill_percentage": 0.7827378519063581, "solution_time": 0.0010034999577328563}
{"items_size": 53, "stocks_size": 18, "fill_percentage": 0.8165795889933821, "solution_time": 0.0008194000693038106}
{"items_size": 52, "stocks_size": 17, "fill_percentage": 0.8120654063450674, "solution_time": 0.0006978999590501189}
{"items_size": 51, "stocks_size": 18, "fill_percentage": 0.8565319077848312, "solution_time": 0.0006319000385701656}
{"items_size": 54, "stocks_size": 16, "fill_percentage": 0.8499833140299562, "solution_time": 0.0007450999692082405}
{"items_size": 54, "stocks_size": 18, "fill_percentage": 0.8695957327344188, "solution_time": 0.0007262000581249595}
{"items_size": 54, "stocks_size": 18, "fill_percentage": 0.91254232571084, "solution_time": 0.0009859999408945441}
{"items_size": 52, "stocks_size": 17, "fill_percentage": 0.8339977154579574, "solution_time": 0.000619600061327219}
{"items_size": 50, "stocks_size": 18, "fill_percentage": 0.8081933169718709, "solution_time": 0.0006625999230891466}
{"items_size": 53, "stocks_size": 16, "fill_percentage": 0.9070777046530424, "solution_time": 0.0010728000197559595}
{"items_size": 53, "stocks_size": 16, "fill_percentage": 0.8583207000186175, "solution_time": 0.0007877000607550144}
{"items_size": 53, "stocks_size": 17, "fill_percentage": 0.8293034485243775, "solution_time": 0.0005657000001519918}
{"items_size": 53, "stocks_size": 17, "fill_percentage": 0.8619509412435824, "solution_time": 0.000901399995200336}
{"items_size": 54, "stocks_size": 16, "fill_percentage": 0.8207860227090996, "solution_time": 0.0007501000072807074}
{"items_size": 53, "stocks_size": 18, "fill_percentage": 0.85544305668465, "solution_time": 0.0006207999540492892}
{"items_size": 50, "stocks_size": 18, "fill_percentage": 0.8123984266434274, "solution_time": 0.0006726999999955297}
{"items_size": 52, "stocks_size": 17, "fill_percentage": 0.9426252021851252, "solution_time": 0.000801699934527278}
{"items_size": 53, "stocks_size": 17, "fill_percentage": 0.8377897359659959, "solution_time": 0.0011897999793291092}
{"items_size": 52, "stocks_size": 17, "fill_percentage": 0.8524793388429752, "solution_time": 0.0008640999440103769}
{"items_size": 54, "stocks_size": 16, "fill_percentage": 0.8230172801608934, "solution_time": 0.0007691000355407596}
{"items_size": 54, "stocks_size": 17, "fill_percentage": 0.8113973268529769, "solution_time": 0.0006419999990612268}
{"items_size": 54, "stocks_size": 18, "fill_percentage": 0.8459325516741206, "solution_time": 0.0009252000600099564}
{"items_size": 52, "stocks_size": 18, "fill_percentage": 0.8840944956073203, "solution_time": 0.0004824999487027526}
{"items_size": 54, "stocks_size": 16, "fill_percentage": 0.8403655234657039, "solution_time": 0.0008340999484062195}
{"items_size": 54, "stocks_size": 17, "fill_percentage": 0.9183511692429647, "solution_time": 0.0007427000673487782}
{"items_size": 53, "stocks_size": 16, "fill_percentage": 0.8684713111350992, "solution_time": 0.000457199988886714}
{"items_size": 50, "stocks_size": 18, "fill_percentage": 0.8310944496511506, "solution_time": 0.00043640006333589554}
{"items_size": 51, "stocks_size": 18, "fill_percentage": 0.9136312849162012, "solution_time": 0.0007278999546542764}
{"items_size": 53, "stocks_size": 17, "fill_percentage": 0.8079986074241698, "solution_time": 0.0010299000423401594}
{"items_size": 54, "stocks_size": 16, "fill_percentage": 0.8879738714568995, "solution_time": 0.0005100000416859984}
{"items_size": 52, "stocks_size": 17, "fill_percentage": 0.8375281966045351, "solution_time": 0.000646800035610795}
{"items_size": 54, "stocks_size": 16, "fill_percentage": 0.8195774832699121, "solution_time": 0.0009033000096678734}
{"items_size": 52, "stocks_size": 17, "fill_percentage": 0.8986001354707609, "solution_time": 0.0006599999032914639}
{"items_size": 54, "stocks_size": 18, "fill_percentage": 0.8287240269242026,