{"items_size": 54, "stocks_size": 17, "fill_percentage": 0.7317741681831458, "solution_time": 0.0015927000204101205}
{"items_size": 54, "stocks_size": 17, "fill_percentage": 0.6098375404418761, "solution_time": 0.001115199993364513}
{"items_size": 53, "stocks_size": 18, "fill_percentage": 0.6466660715879675, "solution_time": 0.0008954999502748251}
{"items_size": 52, "stocks_size": 17, "fill_percentage": 0.6155493927512671, "solution_time": 0.0009689999278634787}
{"items_size": 54, "stocks_size": 16, "fill_percentage": 0.5951334688791238, "solution_time": 0.0013307000044733286}
{"items_size": 51, "stocks_size": 18, "fill_percentage": 0.5605935355873357, "solution_time": 0.0006924999179318547}
{"items_size": 50, "stocks_size": 18, "fill_percentage": 0.6346157809054753, "solution_time": 0.0007776999846100807}
{"items_size": 54, "stocks_size": 16, "fill_percentage": 0.5350137500488746, "solution_time": 0.0010194999631494284}
{"items_size": 53, "stocks_size": 16, "fill_percentage": 0.6395050586614734, "solution_time": 0.0013737999834120274}
{"items_size": 50, "stocks_size": 18, "fill_percentage": 0.5789103518212597, "solution_time": 0.0009348000166937709}
{"items_size": 52, "stocks_size": 17, "fill_percentage": 0.6331419457735247, "solution_time": 0.0007927999831736088}
{"items_size": 53, "stocks_size": 17, "fill_percentage": 0.5828965182073802, "solution_time": 0.0011402999516576529}
{"items_size": 53, "stocks_size": 18, "fill_percentage": 0.6239648247020514, "solution_time": 0.000764199998229742}
{"items_size": 53, "stocks_size": 16, "fill_percentage": 0.5437006325091548, "solution_time": 0.0009517999133095145}
{"items_size": 54, "stocks_size": 16, "fill_percentage": 0.5355148730111671, "solution_time": 0.0010216999799013138}
{"items_size": 52, "stocks_size": 18, "fill_percentage": 0.6155952750442737, "solution_time": 0.0013538000639528036}
{"items_size": 53, "stocks_size": 17, "fill_percentage": 0.6523343063340556, "solution_time": 0.0010334999533370137}
{"items_size": 53, "stocks_size": 18, "fill_percentage": 0.5656741622966848, "solution_time": 0.0013589999871328473}
{"items_size": 51, "stocks_size": 18, "fill_percentage": 0.6379886810301241, "solution_time": 0.0009859000565484166}
{"items_size": 51, "stocks_size": 18, "fill_percentage": 0.5976846205653749, "solution_time": 0.0010942000662907958}
{"items_size": 54, "stocks_size": 16, "fill_percentage": 0.5483891011899213, "solution_time": 0.0010177999502047896}
{"items_size": 50, "stocks_size": 18, "fill_percentage": 0.592656972060881, "solution_time": 0.0009626999963074923}
{"items_size": 52, "stocks_size": 17, "fill_percentage": 0.5719111475074214, "solution_time": 0.0007609999738633633}
{"items_size": 54, "stocks_size": 16, "fill_percentage": 0.599910829445391, "solution_time": 0.0007239000406116247}
{"items_size": 53, "stocks_size": 17, "fill_percentage": 0.7110459873760144, "solution_time": 0.0009571999544277787}
{"items_size": 52, "stocks_size": 18, "fill_percentage": 0.7045516776544432, "solution_time": 0.0008142000297084451}
{"items_size": 50, "stocks_size": 18, "fill_percentage": 0.62037274734302, "solution_time": 0.0009736999636515975}
{"items_size": 53, "stocks_size": 17, "fill_percentage": 0.6715621874938724, "solution_time": 0.0008305999217554927}
{"items_size": 53, "stocks_size": 18, "fill_percentage": 0.6029560909106023, "solution_time": 0.0009723000694066286}
{"items_size": 54, "stocks_size": 16, "fill_percentage": 0.6844002641300662, "solution_time": 0.0009365999139845371}
{"items_size": 53, "stocks_size": 17, "fill_percentage": 0.6592667943194511, "solution_time": 0.0007749000797048211}
{"items_size": 53, "stocks_size": 18, "fill_percentage": 0.6106937187750276, "solution_time": 0.001047199941240251}
{"items_size": 52, "stocks_size": 17, "fill_percentage": 0.5420956534969823, "solution_time": 0.0008208000799641013}
{"items_size": 54, "stocks_size": 18, "fill_percentage": 0.5903994923244289, "solution_time": 0.0006922000320628285}
{"items_size": 52, "stocks_size": 17, "fill_percentage": 0.6847953076941418, "solution_time": 0.000734600005671382}
{"items_size": 53, "stocks_size": 18, "fill_percentage": 0.7090062299643138, "solution_time": 0.0008779000490903854}
{"items_size": 52, "stocks_size": 17, "fill_percentage": 0.6104917095483133, "solution_time": 0.0010016000596806407}
{"items_size": 51, "stocks_size": 18, "fill_percentage": 0.5447359474161378, "solution_time": 0.0009572999551892281}
{"items_size": 54, "stocks_size": 16, "fill_percentage": 0.5849082091669255, "solution_time": 0.0009380000410601497}
{"items_size": 54, "stocks_size": 18, "fill_percentage": 0.5637822096258353, "solution_time": 0.0008417000062763691}
{"items_size": 54, "stocks_size": 18, "fill_percentage": 0.6612718900205035, "solution_time": 0.0009371000342071056}
{"items_size": 52, "stocks_size": 17, "fill_percentage": 0.6476583573200094, "solution_time": 0.0008451000321656466}
{"items_size": 50, "stocks_size": 18, "fill_percentage": 0.6113705496765348, "solution_time": 0.001101900008507073}
{"items_size": 53, "stocks_size": 16, "fill_percentage": 0.6177229124076112, "solution_time": 0.0009603999787941575}
{"items_size": 53, "stocks_size": 16, "fill_percentage": 0.6426125049780964, "solution_time": 0.0010610000463202596}
{"items_size": 53, "stocks_size": 17, "fill_percentage": 0.5970451273137639, "solution_time": 0.0013007000088691711}
{"items_size": 53, "stocks_size": 17, "fill_percentage": 0.5410037672405741, "solution_time": 0.0008642000611871481}
{"items_size": 54, "stocks_size": 16, "fill_percentage": 0.621324697728614, "solution_time": 0.0007733000675216317}
{"items_size": 53, "stocks_size": 18, "fill_percentage": 0.6010385114668975, "solution_time": 0.000803499948233366}
{"items_size": 50, "stocks_size": 18, "fill_percentage": 0.5975330884900562, "solution_time": 0.0009700000518932939}
{"items_size": 52, "stocks_size": 17, "fill_percentage": 0.6159783020561195, "solution_time": 0.000793800107203424}
{"items_size": 53, "stocks_size": 17, "fill_percentage": 0.5952483672771092, "solution_time": 0.0008732000133022666}
{"items_size": 52, "stocks_size": 17, "fill_percentage": 0.662891111378881, "solution_time": 0.0009482000023126602}
{"items_size": 54, "stocks_size": 16, "fill_percentage": 0.6254348744143021, "solution_time": 0.0013281999854370952}
{"items_size": 54, "stocks_size": 17, "fill_percentage": 0.7051531151003168, "solution_time": 0.0009974000276997685}
{"items_size": 54, "stocks_size": 18, "fill_percentage": 0.5888430795119899, "solution_time": 0.0010319000575691462}
{"items_size": 52, "stocks_size": 18, "fill_percentage": 0.5795454545454546, "solution_time": 0.0009589000837877393}
{"items_size": 54, "stocks_size": 16, "fill_percentage": 0.6428617661653974, "solution_time": 0.0012707000132650137}
{"items_size": 54, "stocks_size": 17, "fill_percentage": 0.5911246510790287, "solution_time": 0.000985700055025518}
{"items_size": 53, "stocks_size": 16, "fill_percentage": 0.6209609190625325, "solution_time": 0.0010695999953895807}
{"items_size": 50, "stocks_size": 18, "fill_percentage": 0.650501263346646, "solution_time": 0.0008770000422373414}
{"items_size": 51, "stocks_size": 18, "fill_percentage": 0.6217068998289299, "solution_time": 0.0006249999860301614}
{"items_size": 53, "stocks_size": 17, "fill_percentage": 0.5755959946678241, "solution_time": 0.0009147999808192253}
{"items_size": 54, "stocks_size": 16, "fill_percentage": 0.6189105691056911, "solution_time": 0.0013365999329835176}
{"items_size": 52, "stocks_size": 17, "fill_percentage": 0.6436293964691392, "solution_time": 0.0013587001012638211}
{"items_size": 54, "stocks_size": 16, "fill_percentage": 0.5757301092283349, "solution_time": 0.0010551000013947487}
{"items_size": 52, "stocks_size": 17, "fill_percentage": 0.6476120738751933, "solution_time": 0.000889300019480288}
{"items_size": 54, "stocks_size": 18, "fill_percentage": 0.5777411292653485,