{"items_size": 54, "stocks_size": 17, "fill_percentage": 0.6507242033762861, "solution_time": 0.000988100073300302}
{"items_size": 54, "stocks_size": 17, "fill_percentage": 0.6802794611494962, "solution_time": 0.0009694999316707253}
{"items_size": 53, "stocks_size": 18, "fill_percentage": 0.5773693774108196, "solution_time": 0.0011079000541940331}
{"items_size": 52, "stocks_size": 17, "fill_percentage": 0.5536936998933352, "solution_time": 0.00109779997728765}
{"items_size": 54, "stocks_size": 16, "fill_percentage": 0.5951334688791238, "solution_time": 0.0014516999945044518}
{"items_size": 51, "stocks_size": 18, "fill_percentage": 0.5605935355873357, "solution_time": 0.0007366999052464962}
{"items_size": 50, "stocks_size": 18, "fill_percentage": 0.561612109054436, "solution_time": 0.001097199972718954}
{"items_size": 54, "stocks_size": 16, "fill_percentage": 0.5350137500488746, "solution_time": 0.0013786000199615955}
{"items_size": 53, "stocks_size": 16, "fill_percentage": 0.6395050586614734, "solution_time": 0.0010321000590920448}
{"items_size": 50, "stocks_size": 18, "fill_percentage": 0.5789103518212597, "solution_time": 0.0012676999904215336}
{"items_size": 52, "stocks_size": 17, "fill_percentage": 0.6331419457735247, "solution_time": 0.0009403000585734844}
{"items_size": 53, "stocks_size": 17, "fill_percentage": 0.5828965182073802, "solution_time": 0.001221699989400804}
{"items_size": 53, "stocks_size": 18, "fill_percentage": 0.6239648247020514, "solution_time": 0.0010062999790534377}
{"items_size": 53, "stocks_size": 16, "fill_percentage": 0.5437006325091548, "solution_time": 0.001123500056564808}
{"items_size": 54, "stocks_size": 16, "fill_percentage": null, "solution_time": null}
{"items_size": 52, "stocks_size": 18, "fill_percentage": 0.6155952750442737, "solution_time": 0.0010629999451339245}
{"items_size": 53, "stocks_size": 17, "fill_percentage": 0.6523343063340556, "solution_time": 0.0009474999969825149}
{"items_size": 53, "stocks_size": 18, "fill_percentage": 0.636745637906195, "solution_time": 0.001153400051407516}
{"items_size": 51, "stocks_size": 18, "fill_percentage": 0.5749456170262802, "solution_time": 0.0007181999972090125}
{"items_size": 51, "stocks_size": 18, "fill_percentage": 0.5976846205653749, "solution_time": 0.0010056999744847417}
{"items_size": 54, "stocks_size": 16, "fill_percentage": 0.5483891011899213, "solution_time": 0.0013867000816389918}
{"items_size": 50, "stocks_size": 18, "fill_percentage": 0.592656972060881, "solution_time": 0.0011918999953195453}
{"items_size": 52, "stocks_size": 17, "fill_percentage": 0.6372034671532847, "solution_time": 0.0007821999024599791}
{"items_size": 54, "stocks_size": 16, "fill_percentage": 0.599910829445391, "solution_time": 0.0011354000307619572}
{"items_size": 53, "stocks_size": 17, "fill_percentage": 0.5516939814247984, "solution_time": 0.0011255000717937946}
{"items_size": 52, "stocks_size": 18, "fill_percentage": 0.6294574810410041, "solution_time": 0.0007541000377386808}
{"items_size": 50, "stocks_size": 18, "fill_percentage": 0.62037274734302, "solution_time": 0.0011541000567376614}
{"items_size": 53, "stocks_size": 17, "fill_percentage": 0.5918060547414985, "solution_time": 0.0009588999673724174}
{"items_size": 53, "stocks_size": 18, "fill_percentage": 0.6029560909106023, "solution_time": 0.0010317000560462475}
{"items_size": 54, "stocks_size": 16, "fill_percentage": 0.6844002641300662, "solution_time": 0.0006782999262213707}
{"items_size": 53, "stocks_size": 17, "fill_percentage": 0.5255935248938572, "solution_time": 0.0012484999606385827}
{"items_size": 53, "stocks_size": 18, "fill_percentage": 0.5430528707566046, "solution_time": 0.001402100082486868}
{"items_size": 52, "stocks_size": 17, "fill_percentage": 0.4888797411180863, "solution_time": 0.0008880000095814466}
{"items_size": 54, "stocks_size": 18, "fill_percentage": 0.5903994923244289, "solution_time": 0.0010405000066384673}
{"items_size": 52, "stocks_size": 17, "fill_percentage": 0.596750399966756, "solution_time": 0.001240300014615059}
{"items_size": 53, "stocks_size": 18, "fill_percentage": 0.559905742990431, "solution_time": 0.0011182999005541205}
{"items_size": 52, "stocks_size": 17, "fill_percentage": 0.6104917095483133, "solution_time": 0.001463899970985949}
{"items_size": 51, "stocks_size": 18, "fill_percentage": 0.6026705952418268, "solution_time": 0.0007508000126108527}
{"items_size": 54, "stocks_size": 16, "fill_percentage": 0.5252055990878436, "solution_time": 0.0010146999265998602}
{"items_size": 54, "stocks_size": 18, "fill_percentage": 0.5637822096258353, "solution_time": 0.0011705999495461583}
{"items_size": 54, "stocks_size": 18, "fill_percentage": 0.6612718900205035, "solution_time": 0.0010506000835448503}
{"items_size": 52, "stocks_size": 17, "fill_percentage": 0.5779737960225528, "solution_time": 0.0008050000760704279}
{"items_size": 50, "stocks_size": 18, "fill_percentage": 0.5591765827662326, "solution_time": 0.002046199981123209}
{"items_size": 53, "stocks_size": 16, "fill_percentage": 0.6177229124076112, "solution_time": 0.0007544999243691564}
{"items_size": 53, "stocks_size": 16, "fill_percentage": 0.5623181335052534, "solution_time": 0.001154600060544908}
{"items_size": 53, "stocks_size": 17, "fill_percentage": 0.5970451273137639, "solution_time": 0.0007218999089673162}
{"items_size": 53, "stocks_size": 17, "fill_percentage": 0.5410037672405741, "solution_time": 0.0009825000306591392}
{"items_size": 54, "stocks_size": 16, "fill_percentage": 0.707523435346016, "solution_time": 0.0007801000028848648}
{"items_size": 53, "stocks_size": 18, "fill_percentage": 0.6010385114668975, "solution_time": 0.0009626999963074923}
{"items_size": 50, "stocks_size": 18, "fill_percentage": 0.49927624341381505, "solution_time": 0.000776899978518486}
{"items_size": 52, "stocks_size": 17, "fill_percentage": 0.6159783020561195, "solution_time": 0.0012989999959245324}
{"items_size": 53, "stocks_size": 17, "fill_percentage": 0.5952483672771092, "solution_time": 0.0010525999823585153}
{"items_size": 52, "stocks_size": 17, "fill_percentage": 0.5354095701540957, "solution_time": 0.0012115000281482935}
{"items_size": 54, "stocks_size": 16, "fill_percentage": 0.5579555443928168, "solution_time": 0.0010024000657722354}
{"items_size": 54, "stocks_size": 17, "fill_percentage": 0.5541926702961094, "solution_time": 0.0012479000724852085}
{"items_size": 54, "stocks_size": 18, "fill_percentage": 0.5243425488873904, "solution_time": 0.0012370999902486801}
{"items_size": 52, "stocks_size": 18, "fill_percentage": 0.5302593659942363, "solution_time": 0.001242100028321147}
{"items_size": 54, "stocks_size": 16, "fill_percentage": 0.5724605660051105, "solution_time": 0.001261599943973124}
{"items_size": 54, "stocks_size": 17, "fill_percentage": 0.5911246510790287, "solution_time": 0.0009444000897929072}
{"items_size": 53, "stocks_size": 16, "fill_percentage": 0.6209609190625325, "solution_time": 0.0011813000310212374}
{"items_size": 50, "stocks_size": 18, "fill_percentage": 0.650501263346646, "solution_time": 0.0008141999132931232}
{"items_size": 51, "stocks_size": 18, "fill_percentage": 0.5571112246636007, "solution_time": 0.0007911999709904194}
{"items_size": 53, "stocks_size": 17, "fill_percentage": 0.6398662852810422, "solution_time": 0.0008236999856308103}
{"items_size": 54, "stocks_size": 16, "fill_percentage": 0.6189105691056911, "solution_time": 0.0011272999690845609}
{"items_size": 52, "stocks_size": 17, "fill_percentage": 0.6436293964691392, "solution_time": 0.0007858999306336045}
{"items_size": 54, "stocks_size": 16, "fill_percentage": 0.5161059314447826, "solution_time": 0.0008065999718382955}
{"items_size": 52, "stocks_size": 17, "fill_percentage": 0.6476120738751933, "solution_time": 0.0007942999945953488}
{"items_size": 54, "stocks_size": 18, "fill_percentage": 0.6463092226639024, "solution_time": 0.0008521999698132277}
{"items_size": 54,