{"items_size": 1130, "stocks_size": 363, "fill_percentage": 0.6133052760274617, "solution_time": 0.07643280003685504}
{"items_size": 1121, "stocks_size": 378, "fill_percentage": 0.6974940068547593, "solution_time": 0.0891368999145925}
{"items_size": 1125, "stocks_size": 376, "fill_percentage": 0.7424893658090929, "solution_time": 0.11029939993750304}
{"items_size": 1128, "stocks_size": 380, "fill_percentage": 0.6944015186202687, "solution_time": 0.10509249998722225}
{"items_size": 1111, "stocks_size": 374, "fill_percentage": 0.5893767395315382, "solution_time": 0.07000319997314364}
{"items_size": 1144, "stocks_size": 372, "fill_percentage": 0.704505593086908, "solution_time": 0.06627670000307262}
{"items_size": 1138, "stocks_size": 371, "fill_percentage": 0.5942688348583235, "solution_time": 0.07529389997944236}
{"items_size": 1123, "stocks_size": 371, "fill_percentage": 0.6756074906897132, "solution_time": 0.06728780001867563}
{"items_size": 1128, "stocks_size": 369, "fill_percentage": 0.6421119043665947, "solution_time": 0.08064349996857345}
{"items_size": 1126, "stocks_size": 357, "fill_percentage": 0.7159905470185027, "solution_time": 0.0853770999237895}
{"items_size": 1139, "stocks_size": 371, "fill_percentage": 0.6724612933606781, "solution_time": 0.09340530005283654}
{"items_size": 1120, "stocks_size": 380, "fill_percentage": 0.6636400807321572, "solution_time": 0.07557980006095022}
{"items_size": 1100, "stocks_size": 379, "fill_percentage": 0.596625903991456, "solution_time": 0.08968360000289977}
{"items_size": 1104, "stocks_size": 371, "fill_percentage": 0.6777633892089423, "solution_time": 0.06332900002598763}
{"items_size": 1124, "stocks_size": 360, "fill_percentage": null, "solution_time": null}
{"items_size": 1137, "stocks_size": 361, "fill_percentage": 0.6880609350259338, "solution_time": 0.07555159996263683}
{"items_size": 1109, "stocks_size": 367, "fill_percentage": null, "solution_time": null}
{"items_size": 1144, "stocks_size": 375, "fill_percentage": 0.6638928252768593, "solution_time": 0.07663310004863888}
{"items_size": 1126, "stocks_size": 364, "fill_percentage": 0.6373362930077692, "solution_time": 0.07683460006956011}
{"items_size": 1120, "stocks_size": 375, "fill_percentage": 0.6179484440354006, "solution_time": 0.08000650000758469}
{"items_size": 1123, "stocks_size": 377, "fill_percentage": null, "solution_time": null}
{"items_size": 1132, "stocks_size": 368, "fill_percentage": 0.6358620516930474, "solution_time": 0.06759059999603778}
{"items_size": 1101, "stocks_size": 373, "fill_percentage": 0.70197687605143, "solution_time": 0.07545949995983392}
{"items_size": 1133, "stocks_size": 361, "fill_percentage": 0.6478411938938254, "solution_time": 0.08378750004339963}
{"items_size": 1142, "stocks_size": 360, "fill_percentage": null, "solution_time": null}
{"items_size": 1138, "stocks_size": 376, "fill_percentage": 0.6151604669703169, "solution_time": 0.07534690003376454}
{"items_size": 1125, "stocks_size": 375, "fill_percentage": null, "solution_time": null}
{"items_size": 1125, "stocks_size": 383, "fill_percentage": 0.647868957392767, "solution_time": 0.08287130005192012}
{"items_size": 1145, "stocks_size": 378, "fill_percentage": 0.6609004097318611, "solution_time": 0.09284130006562918}
{"items_size": 1146, "stocks_size": 345, "fill_percentage": 0.6179084805335257, "solution_time": 0.07770669995807111}
{"items_size": 1130, "stocks_size": 383, "fill_percentage": 0.6883186089666253, "solution_time": 0.065154799958691}
{"items_size": 1124, "stocks_size": 372, "fill_percentage": null, "solution_time": null}
{"items_size": 1117, "stocks_size": 364, "fill_percentage": 0.6770765432098765, "solution_time": 0.0681285000173375}
{"items_size": 1141, "stocks_size": 375, "fill_percentage": 0.674431630264373, "solution_time": 0.0821157000027597}
{"items_size": 1146, "stocks_size": 370, "fill_percentage": 0.5961544381430482, "solution_time": 0.0730053000152111}
{"items_size": 1110, "stocks_size": 381, "fill_percentage": 0.6504288191542704, "solution_time": 0.07477169996127486}
{"items_size": 1130, "stocks_size": 365, "fill_percentage": 0.6029665898617511, "solution_time": 0.07305050001014024}
{"items_size": 1132, "stocks_size": 366, "fill_percentage": 0.5920561563142941, "solution_time": 0.08795080007985234}
{"items_size": 1130, "stocks_size": 372, "fill_percentage": 0.6009878496334655, "solution_time": 0.07227360003162175}
{"items_size": 1107, "stocks_size": 379, "fill_percentage": 0.655503817883394, "solution_time": 0.0695111999521032}
{"items_size": 1134, "stocks_size": 359, "fill_percentage": null, "solution_time": null}
{"items_size": 1118, "stocks_size": 379, "fill_percentage": 0.7108866841660364, "solution_time": 0.08233570004813373}
{"items_size": 1088, "stocks_size": 382, "fill_percentage": 0.5980835155971272, "solution_time": 0.06564689998049289}
{"items_size": 1121, "stocks_size": 362, "fill_percentage": 0.6841394898288666, "solution_time": 0.08801569999195635}
{"items_size": 1126, "stocks_size": 360, "fill_percentage": 0.6945835448738756, "solution_time": 0.0738826000597328}
{"items_size": 1143, "stocks_size": 356, "fill_percentage": 0.658535758129254, "solution_time": 0.0919077000580728}
{"items_size": 1093, "stocks_size": 381, "fill_percentage": 0.6080623106766898, "solution_time": 0.08301709999796003}
{"items_size": 1141, "stocks_size": 377, "fill_percentage": null, "solution_time": null}
{"items_size": 1109, "stocks_size": 374, "fill_percentage": 0.6782097823640177, "solution_time": 0.0737815999891609}
{"items_size": 1101, "stocks_size": 373, "fill_percentage": 0.7079450775266206, "solution_time": 0.0628036999842152}
{"items_size": 1110, "stocks_size": 377, "fill_percentage": 0.6482000142714428, "solution_time": 0.08206490008160472}
{"items_size": 1142, "stocks_size": 372, "fill_percentage": 0.6896425289593641, "solution_time": 0.07434539997484535}
{"items_size": 1146, "stocks_size": 345, "fill_percentage": 0.7078033975842106, "solution_time": 0.09217349998652935}
{"items_size": 1103, "stocks_size": 379, "fill_percentage": 0.694286285086405, "solution_time": 0.07909680006559938}
{"items_size": 1098, "stocks_size": 382, "fill_percentage": 0.6076739716691143, "solution_time": 0.061422199942171574}
{"items_size": 1105, "stocks_size": 370, "fill_percentage": 0.6155559651817716, "solution_time": 0.06577330001164228}
{"items_size": 1106, "stocks_size": 377, "fill_percentage": 0.6476301476301476, "solution_time": 0.09204909997060895}
{"items_size": 1144, "stocks_size": 371, "fill_percentage": 0.6916314037668788, "solution_time": 0.08102779998444021}
{"items_size": 1139, "stocks_size": 371, "fill_percentage": 0.6418879650625683, "solution_time": 0.06975569995120168}
{"items_size": 1143, "stocks_size": 363, "fill_percentage": 0.6359634775246306, "solution_time": 0.06801479996647686}
{"items_size": 1135, "stocks_size": 383, "fill_percentage": 0.6693574220001282, "solution_time": 0.08546959992963821}
{"items_size": 1121, "stocks_size": 382, "fill_percentage": 0.5908665634275391, "solution_time": 0.09528669994324446}
{"items_size": 1106, "stocks_size": 374, "fill_percentage": 0.5952338276162195, "solution_time": 0.09766079997643828}
{"items_size": 1118, "stocks_size": 366, "fill_percentage": 0.683671386130909, "solution_time": 0.0991605999879539}
{"items_size": 1125, "stocks_size": 382, "fill_percentage": 0.6072830684475012, "solution_time": 0.07744310004636645}
{"items_size": 1116, "stocks_size": 372, "fill_percentage": 0.6043621782539136, "solution_time": 0.09120989998336881}
{"items_size": 1120, "stocks_size": 363, "fill_percentage": 0.6630792216829293, "solution_time": 0.0984593000030145}
{"items_size": 1089, "stocks_size": 381, "fill_percentage": 0.6473412682429076, "solution_time": 0.08903290005400777}
{"items_size": 1118, "stocks_size": 381, "fill_percentage": 0.69553777837533, "solution_time": 0.090771000017412}
{"items_size": 1107, "stocks_size": 372,