{"items_size": 1130, "stocks_size": 363, "fill_percentage": 0.9830079891468194, "solution_time": 0.06124199996702373}
{"items_size": 1121, "stocks_size": 378, "fill_percentage": 0.9764916095966629, "solution_time": 0.03915289998985827}
{"items_size": 1125, "stocks_size": 376, "fill_percentage": 0.9739146226846543, "solution_time": 0.04614180000498891}
{"items_size": 1128, "stocks_size": 380, "fill_percentage": 0.9819819455236122, "solution_time": 0.0460854999255389}
{"items_size": 1111, "stocks_size": 374, "fill_percentage": 0.9762496762496763, "solution_time": 0.05322599993087351}
{"items_size": 1144, "stocks_size": 372, "fill_percentage": 0.9805399482730064, "solution_time": 0.05175059998873621}
{"items_size": 1138, "stocks_size": 371, "fill_percentage": 0.9717098515926641, "solution_time": 0.05039970006328076}
{"items_size": 1123, "stocks_size": 371, "fill_percentage": 0.9845743309441551, "solution_time": 0.049512699944898486}
{"items_size": 1128, "stocks_size": 369, "fill_percentage": 0.9786032388663968, "solution_time": 0.0502266000257805}
{"items_size": 1126, "stocks_size": 357, "fill_percentage": 0.9737471439451637, "solution_time": 0.039267900050617754}
{"items_size": 1139, "stocks_size": 371, "fill_percentage": 0.9874882055656805, "solution_time": 0.047091900021769106}
{"items_size": 1120, "stocks_size": 380, "fill_percentage": 0.9835241484231969, "solution_time": 0.048012400045990944}
{"items_size": 1100, "stocks_size": 379, "fill_percentage": 0.9855655755808229, "solution_time": 0.04284979996737093}
{"items_size": 1104, "stocks_size": 371, "fill_percentage": 0.9871771103695464, "solution_time": 0.03888220002409071}
{"items_size": 1124, "stocks_size": 360, "fill_percentage": 0.9272140586808877, "solution_time": 0.04722220008261502}
{"items_size": 1137, "stocks_size": 361, "fill_percentage": 0.981041720262783, "solution_time": 0.04058560007251799}
{"items_size": 1109, "stocks_size": 367, "fill_percentage": 0.9190248659190638, "solution_time": 0.06155310000758618}
{"items_size": 1144, "stocks_size": 375, "fill_percentage": 0.9823819509164337, "solution_time": 0.050425499910488725}
{"items_size": 1126, "stocks_size": 364, "fill_percentage": 0.9790963341858483, "solution_time": 0.04373529995791614}
{"items_size": 1120, "stocks_size": 375, "fill_percentage": 0.9828009828009828, "solution_time": 0.04506210004910827}
{"items_size": 1123, "stocks_size": 377, "fill_percentage": 0.900044612216884, "solution_time": 0.05449030001182109}
{"items_size": 1132, "stocks_size": 368, "fill_percentage": 0.9815320261033619, "solution_time": 0.053081999998539686}
{"items_size": 1101, "stocks_size": 373, "fill_percentage": 0.9854675375337382, "solution_time": 0.0440952000208199}
{"items_size": 1133, "stocks_size": 361, "fill_percentage": 0.9811507936507936, "solution_time": 0.042313799960538745}
{"items_size": 1142, "stocks_size": 360, "fill_percentage": 0.9363817025581731, "solution_time": 0.052041999995708466}
{"items_size": 1138, "stocks_size": 376, "fill_percentage": 0.9797000029527269, "solution_time": 0.05507829994894564}
{"items_size": 1125, "stocks_size": 375, "fill_percentage": 0.9544179833051128, "solution_time": 0.053787400014698505}
{"items_size": 1125, "stocks_size": 383, "fill_percentage": 0.9812752044720856, "solution_time": 0.057790899998508394}
{"items_size": 1145, "stocks_size": 378, "fill_percentage": 0.9842185957877356, "solution_time": 0.06615460000466555}
{"items_size": 1146, "stocks_size": 345, "fill_percentage": 0.9816418414149627, "solution_time": 0.05875480000395328}
{"items_size": 1130, "stocks_size": 383, "fill_percentage": 0.9801058453763904, "solution_time": 0.049963400000706315}
{"items_size": 1124, "stocks_size": 372, "fill_percentage": 0.894253703130907, "solution_time": 0.04982369998469949}
{"items_size": 1117, "stocks_size": 364, "fill_percentage": 0.9828530465949821, "solution_time": 0.0444924000184983}
{"items_size": 1141, "stocks_size": 375, "fill_percentage": 0.9761510438036978, "solution_time": 0.05617560003884137}
{"items_size": 1146, "stocks_size": 370, "fill_percentage": 0.9825508332357648, "solution_time": 0.05083550000563264}
{"items_size": 1110, "stocks_size": 381, "fill_percentage": 0.9807247038810484, "solution_time": 0.05580440000630915}
{"items_size": 1130, "stocks_size": 365, "fill_percentage": 0.9837875939849624, "solution_time": 0.04815200006123632}
{"items_size": 1132, "stocks_size": 366, "fill_percentage": 0.9617438032147688, "solution_time": 0.057608700008131564}
{"items_size": 1130, "stocks_size": 372, "fill_percentage": 0.9747365123408445, "solution_time": 0.054199500009417534}
{"items_size": 1107, "stocks_size": 379, "fill_percentage": 0.9776048318433376, "solution_time": 0.05371520004700869}
{"items_size": 1134, "stocks_size": 359, "fill_percentage": 0.9619794198671204, "solution_time": 0.07522600004449487}
{"items_size": 1118, "stocks_size": 379, "fill_percentage": 0.9785146123226619, "solution_time": 0.051102800061926246}
{"items_size": 1088, "stocks_size": 382, "fill_percentage": 0.9817597331500013, "solution_time": 0.05267359991557896}
{"items_size": 1121, "stocks_size": 362, "fill_percentage": 0.9781994459833795, "solution_time": 0.049837599974125624}
{"items_size": 1126, "stocks_size": 360, "fill_percentage": 0.9868168655830062, "solution_time": 0.05021310003940016}
{"items_size": 1143, "stocks_size": 356, "fill_percentage": 0.9770666411374259, "solution_time": 0.07250309991650283}
{"items_size": 1093, "stocks_size": 381, "fill_percentage": 0.9853272479578477, "solution_time": 0.053092600079253316}
{"items_size": 1141, "stocks_size": 377, "fill_percentage": 0.9378014623928668, "solution_time": 0.0485377999721095}
{"items_size": 1109, "stocks_size": 374, "fill_percentage": 0.9783026064188928, "solution_time": 0.047338300035335124}
{"items_size": 1101, "stocks_size": 373, "fill_percentage": 0.9873970818134445, "solution_time": 0.04332840000279248}
{"items_size": 1110, "stocks_size": 377, "fill_percentage": 0.9863913260652392, "solution_time": 0.04836049990262836}
{"items_size": 1142, "stocks_size": 372, "fill_percentage": 0.982415300687396, "solution_time": 0.04729770007543266}
{"items_size": 1146, "stocks_size": 345, "fill_percentage": 0.9806026237364585, "solution_time": 0.042694499948993325}
{"items_size": 1103, "stocks_size": 379, "fill_percentage": 0.9793574749894322, "solution_time": 0.04723169992212206}
{"items_size": 1098, "stocks_size": 382, "fill_percentage": 0.9844318341039653, "solution_time": 0.04289039992727339}
{"items_size": 1105, "stocks_size": 370, "fill_percentage": 0.9821738562091503, "solution_time": 0.040773199987597764}
{"items_size": 1106, "stocks_size": 377, "fill_percentage": 0.9800420818119934, "solution_time": 0.052941499976441264}
{"items_size": 1144, "stocks_size": 371, "fill_percentage": 0.9844843404969987, "solution_time": 0.0482223000144586}
{"items_size": 1139, "stocks_size": 371, "fill_percentage": 0.9777982472973837, "solution_time": 0.05868370004463941}
{"items_size": 1143, "stocks_size": 363, "fill_percentage": 0.9807629532909965, "solution_time": 0.04593449993990362}
{"items_size": 1135, "stocks_size": 383, "fill_percentage": 0.9786174967217063, "solution_time": 0.043882900034077466}
{"items_size": 1121, "stocks_size": 382, "fill_percentage": 0.9837778314935676, "solution_time": 0.05011359998025}
{"items_size": 1106, "stocks_size": 374, "fill_percentage": 0.9796556746183612, "solution_time": 0.06966050004120916}
{"items_size": 1118, "stocks_size": 366, "fill_percentage": 0.9815084256334833, "solution_time": 0.048235800000838935}
{"items_size": 1125, "stocks_size": 382, "fill_percentage": 0.9744132870998543, "solution_time": 0.05501949996687472}
{"items_size": 1116, "stocks_size": 372, "fill_percentage": 0.9828219889080634, "solution_time": 0.052673200028948486}
{"items_size": 1120, "stocks_size": 363, "fill_percentage": 0.9815070965024152,