{"items_size": 1130, "stocks_size": 363, "fill_percentage": 0.9830079891468194, "solution_time": 0.04985289997421205}
{"items_size": 1121, "stocks_size": 378, "fill_percentage": 0.9764916095966629, "solution_time": 0.05507599993143231}
{"items_size": 1125, "stocks_size": 376, "fill_percentage": 0.9739146226846543, "solution_time": 0.05244529992341995}
{"items_size": 1128, "stocks_size": 380, "fill_percentage": 0.9819819455236122, "solution_time": 0.04137699992861599}
{"items_size": 1111, "stocks_size": 374, "fill_percentage": 0.9863662532056314, "solution_time": 0.050173499970696867}
{"items_size": 1144, "stocks_size": 372, "fill_percentage": 0.9805399482730064, "solution_time": 0.06133229995612055}
{"items_size": 1138, "stocks_size": 371, "fill_percentage": 0.9717098515926641, "solution_time": 0.06302730005700141}
{"items_size": 1123, "stocks_size": 371, "fill_percentage": 0.9786072137869178, "solution_time": 0.045271200011484325}
{"items_size": 1128, "stocks_size": 369, "fill_percentage": 0.9692832080200501, "solution_time": 0.06287929997779429}
{"items_size": 1126, "stocks_size": 357, "fill_percentage": 0.9835829736819836, "solution_time": 0.051449400023557246}
{"items_size": 1139, "stocks_size": 371, "fill_percentage": 0.9786713465874155, "solution_time": 0.04929320001974702}
{"items_size": 1120, "stocks_size": 380, "fill_percentage": 0.9835241484231969, "solution_time": 0.044038499938324094}
{"items_size": 1100, "stocks_size": 379, "fill_percentage": 0.9793670499482391, "solution_time": 0.05236560001503676}
{"items_size": 1104, "stocks_size": 371, "fill_percentage": 0.9800751167697656, "solution_time": 0.044314300059340894}
{"items_size": 1124, "stocks_size": 360, "fill_percentage": 0.9661726325750426, "solution_time": 0.06209819996729493}
{"items_size": 1137, "stocks_size": 361, "fill_percentage": 0.9624143458274138, "solution_time": 0.055155100068077445}
{"items_size": 1109, "stocks_size": 367, "fill_percentage": 0.9686125385405961, "solution_time": 0.0666763000190258}
{"items_size": 1144, "stocks_size": 375, "fill_percentage": 0.9823819509164337, "solution_time": 0.049363199970684946}
{"items_size": 1126, "stocks_size": 364, "fill_percentage": 0.9862430227565478, "solution_time": 0.04268620000220835}
{"items_size": 1120, "stocks_size": 375, "fill_percentage": 0.9776009776009776, "solution_time": 0.057255899999290705}
{"items_size": 1123, "stocks_size": 377, "fill_percentage": 0.9762022332506204, "solution_time": 0.06181849993299693}
{"items_size": 1132, "stocks_size": 368, "fill_percentage": 0.9815320261033619, "solution_time": 0.049182399990968406}
{"items_size": 1101, "stocks_size": 373, "fill_percentage": 0.9760821324143693, "solution_time": 0.04275380005128682}
{"items_size": 1133, "stocks_size": 361, "fill_percentage": 0.9811507936507936, "solution_time": 0.05683450005017221}
{"items_size": 1142, "stocks_size": 360, "fill_percentage": 0.975947126609927, "solution_time": 0.06460440007504076}
{"items_size": 1138, "stocks_size": 376, "fill_percentage": 0.966279454967073, "solution_time": 0.06604009994771332}
{"items_size": 1125, "stocks_size": 375, "fill_percentage": 0.9777778640153779, "solution_time": 0.08267869998235255}
{"items_size": 1125, "stocks_size": 383, "fill_percentage": 0.9812752044720856, "solution_time": 0.05445030005648732}
{"items_size": 1145, "stocks_size": 378, "fill_percentage": 0.9842185957877356, "solution_time": 0.0438655000180006}
{"items_size": 1146, "stocks_size": 345, "fill_percentage": 0.9816418414149627, "solution_time": 0.04615080007351935}
{"items_size": 1130, "stocks_size": 383, "fill_percentage": 0.9695670728454615, "solution_time": 0.07954529998824}
{"items_size": 1124, "stocks_size": 372, "fill_percentage": 0.9775242908718417, "solution_time": 0.04923580004833639}
{"items_size": 1117, "stocks_size": 364, "fill_percentage": 0.9765527065527065, "solution_time": 0.052839100011624396}
{"items_size": 1141, "stocks_size": 375, "fill_percentage": 0.9761510438036978, "solution_time": 0.057583099929615855}
{"items_size": 1146, "stocks_size": 370, "fill_percentage": 0.9825508332357648, "solution_time": 0.051373799913562834}
{"items_size": 1110, "stocks_size": 381, "fill_percentage": 0.9807247038810484, "solution_time": 0.049816700047813356}
{"items_size": 1130, "stocks_size": 365, "fill_percentage": 0.9837875939849624, "solution_time": 0.05234619998373091}
{"items_size": 1132, "stocks_size": 366, "fill_percentage": 0.9896204351920085, "solution_time": 0.05290660005994141}
{"items_size": 1130, "stocks_size": 372, "fill_percentage": 0.9796101949025487, "solution_time": 0.05580780003219843}
{"items_size": 1107, "stocks_size": 379, "fill_percentage": 0.9776048318433376, "solution_time": 0.05540520010981709}
{"items_size": 1134, "stocks_size": 359, "fill_percentage": 0.974054475346624, "solution_time": 0.06263409997336566}
{"items_size": 1118, "stocks_size": 379, "fill_percentage": 0.9785146123226619, "solution_time": 0.0395603000652045}
{"items_size": 1088, "stocks_size": 382, "fill_percentage": 0.9817597331500013, "solution_time": 0.04304389993194491}
{"items_size": 1121, "stocks_size": 362, "fill_percentage": 0.9781994459833795, "solution_time": 0.044068300048820674}
{"items_size": 1126, "stocks_size": 360, "fill_percentage": 0.974927505756705, "solution_time": 0.055571099976077676}
{"items_size": 1143, "stocks_size": 356, "fill_percentage": 0.9717851998339804, "solution_time": 0.047173599945381284}
{"items_size": 1093, "stocks_size": 381, "fill_percentage": 0.9853272479578477, "solution_time": 0.040659000049345195}
{"items_size": 1141, "stocks_size": 377, "fill_percentage": 0.9846915355125101, "solution_time": 0.06343029998242855}
{"items_size": 1109, "stocks_size": 374, "fill_percentage": 0.9783026064188928, "solution_time": 0.055457400041632354}
{"items_size": 1101, "stocks_size": 373, "fill_percentage": 0.9745737430885946, "solution_time": 0.04177070001605898}
{"items_size": 1110, "stocks_size": 377, "fill_percentage": 0.9757849677204516, "solution_time": 0.053125199978239834}
{"items_size": 1142, "stocks_size": 372, "fill_percentage": 0.982415300687396, "solution_time": 0.048795999959111214}
{"items_size": 1146, "stocks_size": 345, "fill_percentage": 0.9806026237364585, "solution_time": 0.0456216000020504}
{"items_size": 1103, "stocks_size": 379, "fill_percentage": 0.9793574749894322, "solution_time": 0.04439149994868785}
{"items_size": 1098, "stocks_size": 382, "fill_percentage": 0.9844318341039653, "solution_time": 0.04151570005342364}
{"items_size": 1105, "stocks_size": 370, "fill_percentage": 0.9821738562091503, "solution_time": 0.0639392000157386}
{"items_size": 1106, "stocks_size": 377, "fill_percentage": 0.9800420818119934, "solution_time": 0.03962529997806996}
{"items_size": 1144, "stocks_size": 371, "fill_percentage": 0.9844843404969987, "solution_time": 0.04361659998539835}
{"items_size": 1139, "stocks_size": 371, "fill_percentage": 0.9727580501463663, "solution_time": 0.050499600009061396}
{"items_size": 1143, "stocks_size": 363, "fill_percentage": 0.9748901212353618, "solution_time": 0.0597084000473842}
{"items_size": 1135, "stocks_size": 383, "fill_percentage": 0.9724626696982993, "solution_time": 0.04977119993418455}
{"items_size": 1121, "stocks_size": 382, "fill_percentage": 0.9887971061440449, "solution_time": 0.05824369995389134}
{"items_size": 1106, "stocks_size": 374, "fill_percentage": 0.9796556746183612, "solution_time": 0.05320089997258037}
{"items_size": 1118, "stocks_size": 366, "fill_percentage": 0.9815084256334833, "solution_time": 0.04691220005042851}
{"items_size": 1125, "stocks_size": 382, "fill_percentage": 0.9656347890178736, "solution_time": 0.05499020009301603}
{"items_size": 1116, "stocks_size": 372, "fill_percentage": 0.9780740565944979, "solution_time": 0.04876250005327165}
{"items_size": 1120, "stocks_size": 363, "fill_percentage": 0.9815070965024152,