{"items_size": 1130, "stocks_size": 363, "fill_percentage": 0.9830079891468194, "solution_time": 0.048840899951756}
{"items_size": 1121, "stocks_size": 378, "fill_percentage": 0.9868798182093934, "solution_time": 0.04131300002336502}
{"items_size": 1125, "stocks_size": 376, "fill_percentage": 0.9739146226846543, "solution_time": 0.03935900004580617}
{"items_size": 1128, "stocks_size": 380, "fill_percentage": 0.9819819455236122, "solution_time": 0.050870100036263466}
{"items_size": 1111, "stocks_size": 374, "fill_percentage": 0.9863662532056314, "solution_time": 0.05740139994304627}
{"items_size": 1144, "stocks_size": 372, "fill_percentage": 0.9748391346202564, "solution_time": 0.06824729999061674}
{"items_size": 1138, "stocks_size": 371, "fill_percentage": 0.9673524083119796, "solution_time": 0.054207899956963956}
{"items_size": 1123, "stocks_size": 371, "fill_percentage": 0.9727119896074785, "solution_time": 0.05258370004594326}
{"items_size": 1128, "stocks_size": 369, "fill_percentage": 0.9692832080200501, "solution_time": 0.05388859997037798}
{"items_size": 1126, "stocks_size": 357, "fill_percentage": 0.9835829736819836, "solution_time": 0.04626730002928525}
{"items_size": 1139, "stocks_size": 371, "fill_percentage": 0.9786713465874155, "solution_time": 0.04559959995094687}
{"items_size": 1120, "stocks_size": 380, "fill_percentage": 0.9835241484231969, "solution_time": 0.04867499996908009}
{"items_size": 1100, "stocks_size": 379, "fill_percentage": 0.9793670499482391, "solution_time": 0.050462499959394336}
{"items_size": 1104, "stocks_size": 371, "fill_percentage": 0.9800751167697656, "solution_time": 0.044426799984648824}
{"items_size": 1124, "stocks_size": 360, "fill_percentage": 0.962130069258829, "solution_time": 0.06389519991353154}
{"items_size": 1137, "stocks_size": 361, "fill_percentage": 0.9624143458274138, "solution_time": 0.061084299930371344}
{"items_size": 1109, "stocks_size": 367, "fill_percentage": 0.9686125385405961, "solution_time": 0.05390810000244528}
{"items_size": 1144, "stocks_size": 375, "fill_percentage": 0.9823819509164337, "solution_time": 0.046108399983495474}
{"items_size": 1126, "stocks_size": 364, "fill_percentage": 0.9790963341858483, "solution_time": 0.052076100022532046}
{"items_size": 1120, "stocks_size": 375, "fill_percentage": 0.9776009776009776, "solution_time": 0.05113170004915446}
{"items_size": 1123, "stocks_size": 377, "fill_percentage": 0.9762022332506204, "solution_time": 0.07067810010630637}
{"items_size": 1132, "stocks_size": 368, "fill_percentage": 0.9815320261033619, "solution_time": 0.07655009999871254}
{"items_size": 1101, "stocks_size": 373, "fill_percentage": 0.9854675375337382, "solution_time": 0.05658390000462532}
{"items_size": 1133, "stocks_size": 361, "fill_percentage": 0.9811507936507936, "solution_time": 0.046703799976967275}
{"items_size": 1142, "stocks_size": 360, "fill_percentage": 0.975947126609927, "solution_time": 0.07130650000181049}
{"items_size": 1138, "stocks_size": 376, "fill_percentage": 0.9575348445148824, "solution_time": 0.05946539994329214}
{"items_size": 1125, "stocks_size": 375, "fill_percentage": 0.9777778640153779, "solution_time": 0.07845220004674047}
{"items_size": 1125, "stocks_size": 383, "fill_percentage": 0.9812752044720856, "solution_time": 0.0693075000308454}
{"items_size": 1145, "stocks_size": 378, "fill_percentage": 0.9842185957877356, "solution_time": 0.04759099998045713}
{"items_size": 1146, "stocks_size": 345, "fill_percentage": 0.9816418414149627, "solution_time": 0.04350190004333854}
{"items_size": 1130, "stocks_size": 383, "fill_percentage": 0.9695670728454615, "solution_time": 0.05916639999486506}
{"items_size": 1124, "stocks_size": 372, "fill_percentage": 0.9735826606667133, "solution_time": 0.06114610005170107}
{"items_size": 1117, "stocks_size": 364, "fill_percentage": 0.9765527065527065, "solution_time": 0.04922739998437464}
{"items_size": 1141, "stocks_size": 375, "fill_percentage": 0.9761510438036978, "solution_time": 0.05192450003232807}
{"items_size": 1146, "stocks_size": 370, "fill_percentage": 0.9825508332357648, "solution_time": 0.06163050001487136}
{"items_size": 1110, "stocks_size": 381, "fill_percentage": 0.9807247038810484, "solution_time": 0.03847620007582009}
{"items_size": 1130, "stocks_size": 365, "fill_percentage": 0.9837875939849624, "solution_time": 0.043642799952067435}
{"items_size": 1132, "stocks_size": 366, "fill_percentage": 0.9848626446382008, "solution_time": 0.0487750000320375}
{"items_size": 1130, "stocks_size": 372, "fill_percentage": 0.9796101949025487, "solution_time": 0.055968299973756075}
{"items_size": 1107, "stocks_size": 379, "fill_percentage": 0.9776048318433376, "solution_time": 0.037805399973876774}
{"items_size": 1134, "stocks_size": 359, "fill_percentage": 0.9699959150326798, "solution_time": 0.06827719998545945}
{"items_size": 1118, "stocks_size": 379, "fill_percentage": 0.9785146123226619, "solution_time": 0.044710799935273826}
{"items_size": 1088, "stocks_size": 382, "fill_percentage": 0.9817597331500013, "solution_time": 0.04615149996243417}
{"items_size": 1121, "stocks_size": 362, "fill_percentage": 0.9781994459833795, "solution_time": 0.053977400064468384}
{"items_size": 1126, "stocks_size": 360, "fill_percentage": 0.974927505756705, "solution_time": 0.05042330001015216}
{"items_size": 1143, "stocks_size": 356, "fill_percentage": 0.9717851998339804, "solution_time": 0.05787769996095449}
{"items_size": 1093, "stocks_size": 381, "fill_percentage": 0.9853272479578477, "solution_time": 0.06120070000179112}
{"items_size": 1141, "stocks_size": 377, "fill_percentage": 0.9846915355125101, "solution_time": 0.05746419995557517}
{"items_size": 1109, "stocks_size": 374, "fill_percentage": 0.9870374511190615, "solution_time": 0.03773930005263537}
{"items_size": 1101, "stocks_size": 373, "fill_percentage": 0.9745737430885946, "solution_time": 0.04594770004041493}
{"items_size": 1110, "stocks_size": 377, "fill_percentage": 0.9757849677204516, "solution_time": 0.05363579990807921}
{"items_size": 1142, "stocks_size": 372, "fill_percentage": 0.982415300687396, "solution_time": 0.04628540005069226}
{"items_size": 1146, "stocks_size": 345, "fill_percentage": 0.9806026237364585, "solution_time": 0.04495490004774183}
{"items_size": 1103, "stocks_size": 379, "fill_percentage": 0.9793574749894322, "solution_time": 0.04298000002745539}
{"items_size": 1098, "stocks_size": 382, "fill_percentage": 0.9844318341039653, "solution_time": 0.04872860002797097}
{"items_size": 1105, "stocks_size": 370, "fill_percentage": 0.9821738562091503, "solution_time": 0.041691499995067716}
{"items_size": 1106, "stocks_size": 377, "fill_percentage": 0.9800420818119934, "solution_time": 0.05978809995576739}
{"items_size": 1144, "stocks_size": 371, "fill_percentage": 0.9844843404969987, "solution_time": 0.05024710006546229}
{"items_size": 1139, "stocks_size": 371, "fill_percentage": 0.9677695473251029, "solution_time": 0.05371710006147623}
{"items_size": 1143, "stocks_size": 363, "fill_percentage": 0.9807629532909965, "solution_time": 0.05382130003999919}
{"items_size": 1135, "stocks_size": 383, "fill_percentage": 0.9724626696982993, "solution_time": 0.051301299943588674}
{"items_size": 1121, "stocks_size": 382, "fill_percentage": 0.9887971061440449, "solution_time": 0.04973259998951107}
{"items_size": 1106, "stocks_size": 374, "fill_percentage": 0.9796556746183612, "solution_time": 0.04904549999628216}
{"items_size": 1118, "stocks_size": 366, "fill_percentage": 0.9815084256334833, "solution_time": 0.048289100057445467}
{"items_size": 1125, "stocks_size": 382, "fill_percentage": 0.9613045881702598, "solution_time": 0.058338899980299175}
{"items_size": 1116, "stocks_size": 372, "fill_percentage": 0.9733717774762551, "solution_time": 0.05326519999653101}
{"items_size": 1120, "stocks_size": 363, "fill_percentage": 0.9815070965024152, "solution_time": 0.04705229995306581}
{"items_size": 1089, "stocks_size": 381, "fill_percentage": 0.9871954340704341,