{"items_size": 1130, "stocks_size": 363, "fill_percentage": 0.9830079891468194, "solution_time": 0.04351699992548674}
{"items_size": 1121, "stocks_size": 378, "fill_percentage": 0.9764916095966629, "solution_time": 0.03962219995446503}
{"items_size": 1125, "stocks_size": 376, "fill_percentage": 0.9739146226846543, "solution_time": 0.04853900009766221}
{"items_size": 1128, "stocks_size": 380, "fill_percentage": 0.9819819455236122, "solution_time": 0.04106229997705668}
{"items_size": 1111, "stocks_size": 374, "fill_percentage": 0.9863662532056314, "solution_time": 0.05694530007895082}
{"items_size": 1144, "stocks_size": 372, "fill_percentage": 0.9805399482730064, "solution_time": 0.06580840004608035}
{"items_size": 1138, "stocks_size": 371, "fill_percentage": 0.9717098515926641, "solution_time": 0.04856150003615767}
{"items_size": 1123, "stocks_size": 371, "fill_percentage": 0.9786072137869178, "solution_time": 0.04150900000240654}
{"items_size": 1128, "stocks_size": 369, "fill_percentage": 0.9692832080200501, "solution_time": 0.0689767999574542}
{"items_size": 1126, "stocks_size": 357, "fill_percentage": 0.9835829736819836, "solution_time": 0.04263789998367429}
{"items_size": 1139, "stocks_size": 371, "fill_percentage": 0.9786713465874155, "solution_time": 0.05744889995548874}
{"items_size": 1120, "stocks_size": 380, "fill_percentage": 0.9835241484231969, "solution_time": 0.04198470001574606}
{"items_size": 1100, "stocks_size": 379, "fill_percentage": 0.9793670499482391, "solution_time": 0.05732639995403588}
{"items_size": 1104, "stocks_size": 371, "fill_percentage": 0.9800751167697656, "solution_time": 0.05353819997981191}
{"items_size": 1124, "stocks_size": 360, "fill_percentage": 0.9661726325750426, "solution_time": 0.05313030001707375}
{"items_size": 1137, "stocks_size": 361, "fill_percentage": 0.9624143458274138, "solution_time": 0.054637999972328544}
{"items_size": 1109, "stocks_size": 367, "fill_percentage": 0.9686125385405961, "solution_time": 0.05965070007368922}
{"items_size": 1144, "stocks_size": 375, "fill_percentage": 0.9823819509164337, "solution_time": 0.0427448000991717}
{"items_size": 1126, "stocks_size": 364, "fill_percentage": 0.9862430227565478, "solution_time": 0.0494521000655368}
{"items_size": 1120, "stocks_size": 375, "fill_percentage": 0.9776009776009776, "solution_time": 0.045227899914607406}
{"items_size": 1123, "stocks_size": 377, "fill_percentage": 0.9762022332506204, "solution_time": 0.06628579995594919}
{"items_size": 1132, "stocks_size": 368, "fill_percentage": 0.9815320261033619, "solution_time": 0.051587099907919765}
{"items_size": 1101, "stocks_size": 373, "fill_percentage": 0.9760821324143693, "solution_time": 0.0470422999933362}
{"items_size": 1133, "stocks_size": 361, "fill_percentage": 0.9811507936507936, "solution_time": 0.04744520003441721}
{"items_size": 1142, "stocks_size": 360, "fill_percentage": 0.975947126609927, "solution_time": 0.08070330007467419}
{"items_size": 1138, "stocks_size": 376, "fill_percentage": 0.966279454967073, "solution_time": 0.06542850006371737}
{"items_size": 1125, "stocks_size": 375, "fill_percentage": 0.9777778640153779, "solution_time": 0.08760970004368573}
{"items_size": 1125, "stocks_size": 383, "fill_percentage": 0.9812752044720856, "solution_time": 0.06122140004299581}
{"items_size": 1145, "stocks_size": 378, "fill_percentage": 0.9842185957877356, "solution_time": 0.05470650002826005}
{"items_size": 1146, "stocks_size": 345, "fill_percentage": 0.9816418414149627, "solution_time": 0.0602924000704661}
{"items_size": 1130, "stocks_size": 383, "fill_percentage": 0.9695670728454615, "solution_time": 0.09280610003042966}
{"items_size": 1124, "stocks_size": 372, "fill_percentage": 0.9775242908718417, "solution_time": 0.056275099981576204}
{"items_size": 1117, "stocks_size": 364, "fill_percentage": 0.9765527065527065, "solution_time": 0.05273310001939535}
{"items_size": 1141, "stocks_size": 375, "fill_percentage": 0.9761510438036978, "solution_time": 0.06467350001912564}
{"items_size": 1146, "stocks_size": 370, "fill_percentage": 0.9825508332357648, "solution_time": 0.05597760004457086}
{"items_size": 1110, "stocks_size": 381, "fill_percentage": 0.9807247038810484, "solution_time": 0.03974799998104572}
{"items_size": 1130, "stocks_size": 365, "fill_percentage": 0.9837875939849624, "solution_time": 0.058181799948215485}
{"items_size": 1132, "stocks_size": 366, "fill_percentage": 0.9896204351920085, "solution_time": 0.06054299999959767}
{"items_size": 1130, "stocks_size": 372, "fill_percentage": 0.9796101949025487, "solution_time": 0.051725200028158724}
{"items_size": 1107, "stocks_size": 379, "fill_percentage": 0.9776048318433376, "solution_time": 0.045882900012657046}
{"items_size": 1134, "stocks_size": 359, "fill_percentage": 0.974054475346624, "solution_time": 0.061801600037142634}
{"items_size": 1118, "stocks_size": 379, "fill_percentage": 0.9785146123226619, "solution_time": 0.03755120001733303}
{"items_size": 1088, "stocks_size": 382, "fill_percentage": 0.9817597331500013, "solution_time": 0.04819660005159676}
{"items_size": 1121, "stocks_size": 362, "fill_percentage": 0.9781994459833795, "solution_time": 0.04570939997211099}
{"items_size": 1126, "stocks_size": 360, "fill_percentage": 0.974927505756705, "solution_time": 0.04856489994563162}
{"items_size": 1143, "stocks_size": 356, "fill_percentage": 0.9717851998339804, "solution_time": 0.05228569998871535}
{"items_size": 1093, "stocks_size": 381, "fill_percentage": 0.9853272479578477, "solution_time": 0.061160400044173}
{"items_size": 1141, "stocks_size": 377, "fill_percentage": 0.9846915355125101, "solution_time": 0.06037379999179393}
{"items_size": 1109, "stocks_size": 374, "fill_percentage": 0.9783026064188928, "solution_time": 0.050846299971453846}
{"items_size": 1101, "stocks_size": 373, "fill_percentage": 0.9745737430885946, "solution_time": 0.047521700034849346}
{"items_size": 1110, "stocks_size": 377, "fill_percentage": 0.9757849677204516, "solution_time": 0.05389159999322146}
{"items_size": 1142, "stocks_size": 372, "fill_percentage": 0.982415300687396, "solution_time": 0.059710699948482215}
{"items_size": 1146, "stocks_size": 345, "fill_percentage": 0.9806026237364585, "solution_time": 0.05616939999163151}
{"items_size": 1103, "stocks_size": 379, "fill_percentage": 0.9793574749894322, "solution_time": 0.04685239994432777}
{"items_size": 1098, "stocks_size": 382, "fill_percentage": 0.9844318341039653, "solution_time": 0.04157669993583113}
{"items_size": 1105, "stocks_size": 370, "fill_percentage": 0.9821738562091503, "solution_time": 0.042707799933850765}
{"items_size": 1106, "stocks_size": 377, "fill_percentage": 0.9800420818119934, "solution_time": 0.047841900028288364}
{"items_size": 1144, "stocks_size": 371, "fill_percentage": 0.9844843404969987, "solution_time": 0.040589399985037744}
{"items_size": 1139, "stocks_size": 371, "fill_percentage": 0.9727580501463663, "solution_time": 0.057953599956817925}
{"items_size": 1143, "stocks_size": 363, "fill_percentage": 0.9748901212353618, "solution_time": 0.06556869996711612}
{"items_size": 1135, "stocks_size": 383, "fill_percentage": 0.9724626696982993, "solution_time": 0.043020399985834956}
{"items_size": 1121, "stocks_size": 382, "fill_percentage": 0.9887971061440449, "solution_time": 0.05342200002633035}
{"items_size": 1106, "stocks_size": 374, "fill_percentage": 0.9796556746183612, "solution_time": 0.05812669999431819}
{"items_size": 1118, "stocks_size": 366, "fill_percentage": 0.9815084256334833, "solution_time": 0.049629999906755984}
{"items_size": 1125, "stocks_size": 382, "fill_percentage": 0.9656347890178736, "solution_time": 0.054711999953724444}
{"items_size": 1116, "stocks_size": 372, "fill_percentage": 0.9780740565944979, "solution_time": 0.050261200056411326}
{"items_size": 1120, "stocks_size": 363, "fill_percentage": 0.9815070965024152,