{"items_size": 1130, "stocks_size": 363, "fill_percentage": 0.6133052760274617, "solution_time": 0.0827773999189958}
{"items_size": 1121, "stocks_size": 378, "fill_percentage": 0.6974940068547593, "solution_time": 0.10666520008817315}
{"items_size": 1125, "stocks_size": 376, "fill_percentage": 0.7424893658090929, "solution_time": 0.09380070003680885}
{"items_size": 1128, "stocks_size": 380, "fill_percentage": 0.6944015186202687, "solution_time": 0.08403459994588047}
{"items_size": 1111, "stocks_size": 374, "fill_percentage": 0.5893767395315382, "solution_time": 0.0811418000375852}
{"items_size": 1144, "stocks_size": 372, "fill_percentage": 0.704505593086908, "solution_time": 0.07999470003414899}
{"items_size": 1138, "stocks_size": 371, "fill_percentage": 0.5942688348583235, "solution_time": 0.07496609992813319}
{"items_size": 1123, "stocks_size": 371, "fill_percentage": 0.6756074906897132, "solution_time": 0.08173159998841584}
{"items_size": 1128, "stocks_size": 369, "fill_percentage": 0.6421119043665947, "solution_time": 0.06997970002703369}
{"items_size": 1126, "stocks_size": 357, "fill_percentage": 0.7159905470185027, "solution_time": 0.09101029997691512}
{"items_size": 1139, "stocks_size": 371, "fill_percentage": 0.6724612933606781, "solution_time": 0.11546220001764596}
{"items_size": 1120, "stocks_size": 380, "fill_percentage": 0.6636400807321572, "solution_time": 0.08028770005330443}
{"items_size": 1100, "stocks_size": 379, "fill_percentage": 0.596625903991456, "solution_time": 0.06275839998852462}
{"items_size": 1104, "stocks_size": 371, "fill_percentage": 0.6777633892089423, "solution_time": 0.07867660000920296}
{"items_size": 1124, "stocks_size": 360, "fill_percentage": null, "solution_time": null}
{"items_size": 1137, "stocks_size": 361, "fill_percentage": 0.6880609350259338, "solution_time": 0.07833349995780736}
{"items_size": 1109, "stocks_size": 367, "fill_percentage": null, "solution_time": null}
{"items_size": 1144, "stocks_size": 375, "fill_percentage": 0.6638928252768593, "solution_time": 0.0766181000508368}
{"items_size": 1126, "stocks_size": 364, "fill_percentage": 0.6373362930077692, "solution_time": 0.09661180002149194}
{"items_size": 1120, "stocks_size": 375, "fill_percentage": 0.6179484440354006, "solution_time": 0.06398530001752079}
{"items_size": 1123, "stocks_size": 377, "fill_percentage": null, "solution_time": null}
{"items_size": 1132, "stocks_size": 368, "fill_percentage": 0.6358620516930474, "solution_time": 0.09004700009245425}
{"items_size": 1101, "stocks_size": 373, "fill_percentage": 0.70197687605143, "solution_time": 0.08609450003132224}
{"items_size": 1133, "stocks_size": 361, "fill_percentage": 0.6478411938938254, "solution_time": 0.06684620003215969}
{"items_size": 1142, "stocks_size": 360, "fill_percentage": null, "solution_time": null}
{"items_size": 1138, "stocks_size": 376, "fill_percentage": 0.6151604669703169, "solution_time": 0.06968760001473129}
{"items_size": 1125, "stocks_size": 375, "fill_percentage": null, "solution_time": null}
{"items_size": 1125, "stocks_size": 383, "fill_percentage": 0.647868957392767, "solution_time": 0.08138790004886687}
{"items_size": 1145, "stocks_size": 378, "fill_percentage": 0.6609004097318611, "solution_time": 0.07698060001712292}
{"items_size": 1146, "stocks_size": 345, "fill_percentage": 0.6179084805335257, "solution_time": 0.07633440010249615}
{"items_size": 1130, "stocks_size": 383, "fill_percentage": 0.6883186089666253, "solution_time": 0.0709389999974519}
{"items_size": 1124, "stocks_size": 372, "fill_percentage": null, "solution_time": null}
{"items_size": 1117, "stocks_size": 364, "fill_percentage": 0.6770765432098765, "solution_time": 0.07088040001690388}
{"items_size": 1141, "stocks_size": 375, "fill_percentage": 0.674431630264373, "solution_time": 0.06562229990959167}
{"items_size": 1146, "stocks_size": 370, "fill_percentage": 0.5961544381430482, "solution_time": 0.06702489999588579}
{"items_size": 1110, "stocks_size": 381, "fill_percentage": 0.6504288191542704, "solution_time": 0.07205770001746714}
{"items_size": 1130, "stocks_size": 365, "fill_percentage": 0.6029665898617511, "solution_time": 0.0719553999369964}
{"items_size": 1132, "stocks_size": 366, "fill_percentage": 0.5920561563142941, "solution_time": 0.06862479995470494}
{"items_size": 1130, "stocks_size": 372, "fill_percentage": 0.6009878496334655, "solution_time": 0.08208990003913641}
{"items_size": 1107, "stocks_size": 379, "fill_percentage": 0.655503817883394, "solution_time": 0.07159669999964535}
{"items_size": 1134, "stocks_size": 359, "fill_percentage": null, "solution_time": null}
{"items_size": 1118, "stocks_size": 379, "fill_percentage": 0.7108866841660364, "solution_time": 0.08992419997230172}
{"items_size": 1088, "stocks_size": 382, "fill_percentage": 0.5980835155971272, "solution_time": 0.08299989998340607}
{"items_size": 1121, "stocks_size": 362, "fill_percentage": 0.6841394898288666, "solution_time": 0.10773859999608248}
{"items_size": 1126, "stocks_size": 360, "fill_percentage": 0.6945835448738756, "solution_time": 0.08666229993104935}
{"items_size": 1143, "stocks_size": 356, "fill_percentage": 0.658535758129254, "solution_time": 0.08947410003747791}
{"items_size": 1093, "stocks_size": 381, "fill_percentage": 0.6080623106766898, "solution_time": 0.07343670004047453}
{"items_size": 1141, "stocks_size": 377, "fill_percentage": null, "solution_time": null}
{"items_size": 1109, "stocks_size": 374, "fill_percentage": 0.6782097823640177, "solution_time": 0.0822833999991417}
{"items_size": 1101, "stocks_size": 373, "fill_percentage": 0.7079450775266206, "solution_time": 0.07092590001411736}
{"items_size": 1110, "stocks_size": 377, "fill_percentage": 0.6482000142714428, "solution_time": 0.07879260007757694}
{"items_size": 1142, "stocks_size": 372, "fill_percentage": 0.6896425289593641, "solution_time": 0.0745558999478817}
{"items_size": 1146, "stocks_size": 345, "fill_percentage": 0.7078033975842106, "solution_time": 0.08441590005531907}
{"items_size": 1103, "stocks_size": 379, "fill_percentage": 0.694286285086405, "solution_time": 0.07484000001568347}
{"items_size": 1098, "stocks_size": 382, "fill_percentage": 0.6076739716691143, "solution_time": 0.06837720004841685}
{"items_size": 1105, "stocks_size": 370, "fill_percentage": 0.6155559651817716, "solution_time": 0.0719744999660179}
{"items_size": 1106, "stocks_size": 377, "fill_percentage": 0.6476301476301476, "solution_time": 0.08018579997587949}
{"items_size": 1144, "stocks_size": 371, "fill_percentage": 0.6916314037668788, "solution_time": 0.10835420002695173}
{"items_size": 1139, "stocks_size": 371, "fill_percentage": 0.6418879650625683, "solution_time": 0.0980015000095591}
{"items_size": 1143, "stocks_size": 363, "fill_percentage": 0.6359634775246306, "solution_time": 0.07527439994737506}
{"items_size": 1135, "stocks_size": 383, "fill_percentage": 0.6693574220001282, "solution_time": 0.08128099993336946}
{"items_size": 1121, "stocks_size": 382, "fill_percentage": 0.5908665634275391, "solution_time": 0.0926640999969095}
{"items_size": 1106, "stocks_size": 374, "fill_percentage": 0.5952338276162195, "solution_time": 0.08535680000204593}
{"items_size": 1118, "stocks_size": 366, "fill_percentage": 0.683671386130909, "solution_time": 0.09497089998330921}
{"items_size": 1125, "stocks_size": 382, "fill_percentage": 0.6072830684475012, "solution_time": 0.08767400006763637}
{"items_size": 1116, "stocks_size": 372, "fill_percentage": 0.6043621782539136, "solution_time": 0.09316090005449951}
{"items_size": 1120, "stocks_size": 363, "fill_percentage": 0.6630792216829293, "solution_time": 0.09621889994014055}
{"items_size": 1089, "stocks_size": 381, "fill_percentage": 0.6473412682429076, "solution_time": 0.08586630003992468}
{"items_size": 1118, "stocks_size": 381, "fill_percentage": 0.69553777837533, "solution_time": 0.10383210005238652}
{"items_size": 1107, "stocks_size": 372, "fill_percentage": null, "solution_time": null}
{"items_size": 1103,