{"items_size": 1130, "stocks_size": 363, "fill_percentage": 0.6298314661000579, "solution_time": 0.10029219998978078}
{"items_size": 1121, "stocks_size": 378, "fill_percentage": 0.7191217279975425, "solution_time": 0.10671019996516407}
{"items_size": 1125, "stocks_size": 376, "fill_percentage": 0.7652186321093712, "solution_time": 0.1530463999370113}
{"items_size": 1128, "stocks_size": 380, "fill_percentage": 0.7201200933839823, "solution_time": 0.12135979998856783}
{"items_size": 1111, "stocks_size": 374, "fill_percentage": 0.5967670434755075, "solution_time": 0.08450330002233386}
{"items_size": 1144, "stocks_size": 372, "fill_percentage": 0.7104759794690004, "solution_time": 0.0972190999891609}
{"items_size": 1138, "stocks_size": 371, "fill_percentage": 0.6420225805165817, "solution_time": 0.09077720006462187}
{"items_size": 1123, "stocks_size": 371, "fill_percentage": 0.705110001200181, "solution_time": 0.077583699952811}
{"items_size": 1128, "stocks_size": 369, "fill_percentage": 0.6947081013112987, "solution_time": 0.07664480002131313}
{"items_size": 1126, "stocks_size": 357, "fill_percentage": 0.7107643386461049, "solution_time": 0.0969383999472484}
{"items_size": 1139, "stocks_size": 371, "fill_percentage": 0.6808148497999412, "solution_time": 0.09203519998118281}
{"items_size": 1120, "stocks_size": 380, "fill_percentage": 0.6869842041749968, "solution_time": 0.09528469992801547}
{"items_size": 1100, "stocks_size": 379, "fill_percentage": 0.620395860325777, "solution_time": 0.08792039996478707}
{"items_size": 1104, "stocks_size": 371, "fill_percentage": 0.7022187692319454, "solution_time": 0.0935556999174878}
{"items_size": 1124, "stocks_size": 360, "fill_percentage": null, "solution_time": null}
{"items_size": 1137, "stocks_size": 361, "fill_percentage": 0.6911884847305971, "solution_time": 0.08901009999681264}
{"items_size": 1109, "stocks_size": 367, "fill_percentage": null, "solution_time": null}
{"items_size": 1144, "stocks_size": 375, "fill_percentage": 0.6825940316226863, "solution_time": 0.08396740001626313}
{"items_size": 1126, "stocks_size": 364, "fill_percentage": 0.6688875946418171, "solution_time": 0.08887710003182292}
{"items_size": 1120, "stocks_size": 375, "fill_percentage": 0.6575323301301949, "solution_time": 0.08437739999499172}
{"items_size": 1123, "stocks_size": 377, "fill_percentage": null, "solution_time": null}
{"items_size": 1132, "stocks_size": 368, "fill_percentage": 0.6499923195084485, "solution_time": 0.09999480005353689}
{"items_size": 1101, "stocks_size": 373, "fill_percentage": 0.7268696730745303, "solution_time": 0.08313679997809231}
{"items_size": 1133, "stocks_size": 361, "fill_percentage": 0.6669892094768942, "solution_time": 0.10130530002061278}
{"items_size": 1142, "stocks_size": 360, "fill_percentage": null, "solution_time": null}
{"items_size": 1138, "stocks_size": 376, "fill_percentage": 0.6279382808242997, "solution_time": 0.07052489998750389}
{"items_size": 1125, "stocks_size": 375, "fill_percentage": null, "solution_time": null}
{"items_size": 1125, "stocks_size": 383, "fill_percentage": 0.6658653173203438, "solution_time": 0.10546140000224113}
{"items_size": 1145, "stocks_size": 378, "fill_percentage": 0.6944486538806866, "solution_time": 0.09976200002711266}
{"items_size": 1146, "stocks_size": 345, "fill_percentage": 0.6320159800890855, "solution_time": 0.09290199994575232}
{"items_size": 1130, "stocks_size": 383, "fill_percentage": 0.736079492037779, "solution_time": 0.0750892999349162}
{"items_size": 1124, "stocks_size": 372, "fill_percentage": 0.6596953547687019, "solution_time": 0.09397839999292046}
{"items_size": 1117, "stocks_size": 364, "fill_percentage": 0.7020378904249872, "solution_time": 0.09546799992676824}
{"items_size": 1141, "stocks_size": 375, "fill_percentage": 0.7216680868587649, "solution_time": 0.08997309999540448}
{"items_size": 1146, "stocks_size": 370, "fill_percentage": 0.6075314312373813, "solution_time": 0.10070179996546358}
{"items_size": 1110, "stocks_size": 381, "fill_percentage": 0.660698747877759, "solution_time": 0.10681289993226528}
{"items_size": 1130, "stocks_size": 365, "fill_percentage": 0.6201125592417062, "solution_time": 0.09504570008721203}
{"items_size": 1132, "stocks_size": 366, "fill_percentage": 0.6207619093477145, "solution_time": 0.08636140008457005}
{"items_size": 1130, "stocks_size": 372, "fill_percentage": 0.6381825373957972, "solution_time": 0.08034260000567883}
{"items_size": 1107, "stocks_size": 379, "fill_percentage": 0.6750128600823045, "solution_time": 0.09623919997829944}
{"items_size": 1134, "stocks_size": 359, "fill_percentage": 0.6907982777680806, "solution_time": 0.07971429999452084}
{"items_size": 1118, "stocks_size": 379, "fill_percentage": 0.7232499308471848, "solution_time": 0.13981859991326928}
{"items_size": 1088, "stocks_size": 382, "fill_percentage": 0.6145661321687016, "solution_time": 0.08416859991848469}
{"items_size": 1121, "stocks_size": 362, "fill_percentage": 0.7057894736842105, "solution_time": 0.09520840004552156}
{"items_size": 1126, "stocks_size": 360, "fill_percentage": 0.700597255219104, "solution_time": 0.08721220004372299}
{"items_size": 1143, "stocks_size": 356, "fill_percentage": 0.663395800624673, "solution_time": 0.0990439000306651}
{"items_size": 1093, "stocks_size": 381, "fill_percentage": 0.6307936120103977, "solution_time": 0.0832428999710828}
{"items_size": 1141, "stocks_size": 377, "fill_percentage": 0.645699367549187, "solution_time": 0.07614899997133762}
{"items_size": 1109, "stocks_size": 374, "fill_percentage": 0.7178454189956811, "solution_time": 0.10561870003584772}
{"items_size": 1101, "stocks_size": 373, "fill_percentage": 0.7618495250540283, "solution_time": 0.07684480003081262}
{"items_size": 1110, "stocks_size": 377, "fill_percentage": 0.6980615538307846, "solution_time": 0.06852840003557503}
{"items_size": 1142, "stocks_size": 372, "fill_percentage": 0.7132604237867396, "solution_time": 0.12281309999525547}
{"items_size": 1146, "stocks_size": 345, "fill_percentage": 0.7354519678023439, "solution_time": 0.14832600008230656}
{"items_size": 1103, "stocks_size": 379, "fill_percentage": 0.7075740608775323, "solution_time": 0.09593839989975095}
{"items_size": 1098, "stocks_size": 382, "fill_percentage": 0.6310460475025418, "solution_time": 0.11361549992579967}
{"items_size": 1105, "stocks_size": 370, "fill_percentage": 0.6241852544132918, "solution_time": 0.10207409993745387}
{"items_size": 1106, "stocks_size": 377, "fill_percentage": 0.6631422469745824, "solution_time": 0.13951140001881868}
{"items_size": 1144, "stocks_size": 371, "fill_percentage": 0.7050178180333345, "solution_time": 0.14786130003631115}
{"items_size": 1139, "stocks_size": 371, "fill_percentage": 0.6715838495672423, "solution_time": 0.09662439988460392}
{"items_size": 1143, "stocks_size": 363, "fill_percentage": 0.6512266009852217, "solution_time": 0.10708700004033744}
{"items_size": 1135, "stocks_size": 383, "fill_percentage": 0.7158405763056925, "solution_time": 0.09195959998760372}
{"items_size": 1121, "stocks_size": 382, "fill_percentage": 0.6075367799505731, "solution_time": 0.10311100003309548}
{"items_size": 1106, "stocks_size": 374, "fill_percentage": 0.6326027674665651, "solution_time": 0.10347269999329001}
{"items_size": 1118, "stocks_size": 366, "fill_percentage": 0.7080882213498702, "solution_time": 0.13513399998191744}
{"items_size": 1125, "stocks_size": 382, "fill_percentage": 0.6160083998907124, "solution_time": 0.10914730001240969}
{"items_size": 1116, "stocks_size": 372, "fill_percentage": 0.657341979594354, "solution_time": 0.0957357999868691}
{"items_size": 1120, "stocks_size": 363, "fill_percentage": 0.7062063255322255, "solution_time": 0.08502390002831817}
{"items_size": 1089, "stocks_size": 381, "fill_percentage": 0.6581302893802894, "solution_time": 0.11119440000038594}
{"items_size": 1118, "stocks_size": 381, "fill_percentage": 0.7055695732557434, "solution_time": 0.1027658999664709}
{"items_size": 1107,