{"items_size": 1130, "stocks_size": 363, "fill_percentage": 0.9830079891468194, "solution_time": 0.0430330999661237}
{"items_size": 1121, "stocks_size": 378, "fill_percentage": 0.9868798182093934, "solution_time": 0.04188949998933822}
{"items_size": 1125, "stocks_size": 376, "fill_percentage": 0.9739146226846543, "solution_time": 0.04064030002336949}
{"items_size": 1128, "stocks_size": 380, "fill_percentage": 0.9819819455236122, "solution_time": 0.044777699979022145}
{"items_size": 1111, "stocks_size": 374, "fill_percentage": 0.9863662532056314, "solution_time": 0.05460290005430579}
{"items_size": 1144, "stocks_size": 372, "fill_percentage": 0.9748391346202564, "solution_time": 0.05541360005736351}
{"items_size": 1138, "stocks_size": 371, "fill_percentage": 0.9673524083119796, "solution_time": 0.06049969990272075}
{"items_size": 1123, "stocks_size": 371, "fill_percentage": 0.9727119896074785, "solution_time": 0.051250599906779826}
{"items_size": 1128, "stocks_size": 369, "fill_percentage": 0.9692832080200501, "solution_time": 0.05340750003233552}
{"items_size": 1126, "stocks_size": 357, "fill_percentage": 0.9835829736819836, "solution_time": 0.050160299986600876}
{"items_size": 1139, "stocks_size": 371, "fill_percentage": 0.9786713465874155, "solution_time": 0.04708199994638562}
{"items_size": 1120, "stocks_size": 380, "fill_percentage": 0.9835241484231969, "solution_time": 0.04852279997430742}
{"items_size": 1100, "stocks_size": 379, "fill_percentage": 0.9793670499482391, "solution_time": 0.05109039996750653}
{"items_size": 1104, "stocks_size": 371, "fill_percentage": 0.9800751167697656, "solution_time": 0.050431499956175685}
{"items_size": 1124, "stocks_size": 360, "fill_percentage": 0.962130069258829, "solution_time": 0.06999610003549606}
{"items_size": 1137, "stocks_size": 361, "fill_percentage": 0.9624143458274138, "solution_time": 0.04344030003994703}
{"items_size": 1109, "stocks_size": 367, "fill_percentage": 0.9686125385405961, "solution_time": 0.06372630002442747}
{"items_size": 1144, "stocks_size": 375, "fill_percentage": 0.9823819509164337, "solution_time": 0.05376619996968657}
{"items_size": 1126, "stocks_size": 364, "fill_percentage": 0.9790963341858483, "solution_time": 0.04406039998866618}
{"items_size": 1120, "stocks_size": 375, "fill_percentage": 0.9776009776009776, "solution_time": 0.04519750003237277}
{"items_size": 1123, "stocks_size": 377, "fill_percentage": 0.9762022332506204, "solution_time": 0.0644544999813661}
{"items_size": 1132, "stocks_size": 368, "fill_percentage": 0.9815320261033619, "solution_time": 0.06452619994524866}
{"items_size": 1101, "stocks_size": 373, "fill_percentage": 0.9854675375337382, "solution_time": 0.04382899997290224}
{"items_size": 1133, "stocks_size": 361, "fill_percentage": 0.9811507936507936, "solution_time": 0.04873709997627884}
{"items_size": 1142, "stocks_size": 360, "fill_percentage": 0.975947126609927, "solution_time": 0.06067190004978329}
{"items_size": 1138, "stocks_size": 376, "fill_percentage": 0.9575348445148824, "solution_time": 0.06998210004530847}
{"items_size": 1125, "stocks_size": 375, "fill_percentage": 0.9777778640153779, "solution_time": 0.05844489997252822}
{"items_size": 1125, "stocks_size": 383, "fill_percentage": 0.9812752044720856, "solution_time": 0.04744670004583895}
{"items_size": 1145, "stocks_size": 378, "fill_percentage": 0.9842185957877356, "solution_time": 0.0477696000598371}
{"items_size": 1146, "stocks_size": 345, "fill_percentage": 0.9816418414149627, "solution_time": 0.04164840001612902}
{"items_size": 1130, "stocks_size": 383, "fill_percentage": 0.9695670728454615, "solution_time": 0.0549129000864923}
{"items_size": 1124, "stocks_size": 372, "fill_percentage": 0.9735826606667133, "solution_time": 0.05667089996859431}
{"items_size": 1117, "stocks_size": 364, "fill_percentage": 0.9765527065527065, "solution_time": 0.06030879996251315}
{"items_size": 1141, "stocks_size": 375, "fill_percentage": 0.9761510438036978, "solution_time": 0.049586999928578734}
{"items_size": 1146, "stocks_size": 370, "fill_percentage": 0.9825508332357648, "solution_time": 0.05693339998833835}
{"items_size": 1110, "stocks_size": 381, "fill_percentage": 0.9807247038810484, "solution_time": 0.05942449998110533}
{"items_size": 1130, "stocks_size": 365, "fill_percentage": 0.9837875939849624, "solution_time": 0.041121099959127605}
{"items_size": 1132, "stocks_size": 366, "fill_percentage": 0.9848626446382008, "solution_time": 0.0461125000147149}
{"items_size": 1130, "stocks_size": 372, "fill_percentage": 0.9796101949025487, "solution_time": 0.04700569994747639}
{"items_size": 1107, "stocks_size": 379, "fill_percentage": 0.9776048318433376, "solution_time": 0.055960200028494}
{"items_size": 1134, "stocks_size": 359, "fill_percentage": 0.9699959150326798, "solution_time": 0.06329880002886057}
{"items_size": 1118, "stocks_size": 379, "fill_percentage": 0.9785146123226619, "solution_time": 0.04415520001202822}
{"items_size": 1088, "stocks_size": 382, "fill_percentage": 0.9817597331500013, "solution_time": 0.05090169992763549}
{"items_size": 1121, "stocks_size": 362, "fill_percentage": 0.9781994459833795, "solution_time": 0.052931200014427304}
{"items_size": 1126, "stocks_size": 360, "fill_percentage": 0.974927505756705, "solution_time": 0.04614870005752891}
{"items_size": 1143, "stocks_size": 356, "fill_percentage": 0.9717851998339804, "solution_time": 0.055731199914589524}
{"items_size": 1093, "stocks_size": 381, "fill_percentage": 0.9853272479578477, "solution_time": 0.06223020004108548}
{"items_size": 1141, "stocks_size": 377, "fill_percentage": 0.9846915355125101, "solution_time": 0.06009799998719245}
{"items_size": 1109, "stocks_size": 374, "fill_percentage": 0.9870374511190615, "solution_time": 0.04289070004597306}
{"items_size": 1101, "stocks_size": 373, "fill_percentage": 0.9745737430885946, "solution_time": 0.04215510003268719}
{"items_size": 1110, "stocks_size": 377, "fill_percentage": 0.9757849677204516, "solution_time": 0.048937999992631376}
{"items_size": 1142, "stocks_size": 372, "fill_percentage": 0.982415300687396, "solution_time": 0.04382650007028133}
{"items_size": 1146, "stocks_size": 345, "fill_percentage": 0.9806026237364585, "solution_time": 0.04963389993645251}
{"items_size": 1103, "stocks_size": 379, "fill_percentage": 0.9793574749894322, "solution_time": 0.05695719993673265}
{"items_size": 1098, "stocks_size": 382, "fill_percentage": 0.9844318341039653, "solution_time": 0.04844980000052601}
{"items_size": 1105, "stocks_size": 370, "fill_percentage": 0.9821738562091503, "solution_time": 0.056448600022122264}
{"items_size": 1106, "stocks_size": 377, "fill_percentage": 0.9800420818119934, "solution_time": 0.04809779999777675}
{"items_size": 1144, "stocks_size": 371, "fill_percentage": 0.9844843404969987, "solution_time": 0.0534959000069648}
{"items_size": 1139, "stocks_size": 371, "fill_percentage": 0.9677695473251029, "solution_time": 0.05999210011214018}
{"items_size": 1143, "stocks_size": 363, "fill_percentage": 0.9807629532909965, "solution_time": 0.06030679994728416}
{"items_size": 1135, "stocks_size": 383, "fill_percentage": 0.9724626696982993, "solution_time": 0.06102720007766038}
{"items_size": 1121, "stocks_size": 382, "fill_percentage": 0.9887971061440449, "solution_time": 0.053966499981470406}
{"items_size": 1106, "stocks_size": 374, "fill_percentage": 0.9796556746183612, "solution_time": 0.04373999999370426}
{"items_size": 1118, "stocks_size": 366, "fill_percentage": 0.9815084256334833, "solution_time": 0.04198300000280142}
{"items_size": 1125, "stocks_size": 382, "fill_percentage": 0.9613045881702598, "solution_time": 0.05819790007080883}
{"items_size": 1116, "stocks_size": 372, "fill_percentage": 0.9733717774762551, "solution_time": 0.050436400109902024}
{"items_size": 1120, "stocks_size": 363, "fill_percentage": 0.9815070965024152, "solution_time": 0.04345789994113147}
{"items_size": 1089,