{"items_size": 1130, "stocks_size": 363, "fill_percentage": 0.633625631558492, "solution_time": 0.0694243999896571}
{"items_size": 1121, "stocks_size": 378, "fill_percentage": 0.7362436739022459, "solution_time": 0.09593499999027699}
{"items_size": 1125, "stocks_size": 376, "fill_percentage": 0.7811606869449832, "solution_time": 0.08639010007027537}
{"items_size": 1128, "stocks_size": 380, "fill_percentage": 0.7309489669687038, "solution_time": 0.08461770007852465}
{"items_size": 1111, "stocks_size": 374, "fill_percentage": 0.6324541091982953, "solution_time": 0.071752900024876}
{"items_size": 1144, "stocks_size": 372, "fill_percentage": 0.7518938616801978, "solution_time": 0.06120609992649406}
{"items_size": 1138, "stocks_size": 371, "fill_percentage": 0.6536957183441559, "solution_time": 0.08984799997415394}
{"items_size": 1123, "stocks_size": 371, "fill_percentage": 0.7144698684727497, "solution_time": 0.063287099939771}
{"items_size": 1128, "stocks_size": 369, "fill_percentage": 0.6994827274371496, "solution_time": 0.062133400002494454}
{"items_size": 1126, "stocks_size": 357, "fill_percentage": 0.7212941807001213, "solution_time": 0.09517270000651479}
{"items_size": 1139, "stocks_size": 371, "fill_percentage": 0.6850699426111908, "solution_time": 0.07812750001903623}
{"items_size": 1120, "stocks_size": 380, "fill_percentage": 0.6974992685246142, "solution_time": 0.08118560002185404}
{"items_size": 1100, "stocks_size": 379, "fill_percentage": 0.625378959605502, "solution_time": 0.06707539991475642}
{"items_size": 1104, "stocks_size": 371, "fill_percentage": 0.7095335480781115, "solution_time": 0.06967529992107302}
{"items_size": 1124, "stocks_size": 360, "fill_percentage": 0.6743374972224637, "solution_time": 0.09430979995522648}
{"items_size": 1137, "stocks_size": 361, "fill_percentage": 0.749071264240056, "solution_time": 0.08810649998486042}
{"items_size": 1109, "stocks_size": 367, "fill_percentage": null, "solution_time": null}
{"items_size": 1144, "stocks_size": 375, "fill_percentage": 0.7092318474908887, "solution_time": 0.06779970007482916}
{"items_size": 1126, "stocks_size": 364, "fill_percentage": 0.7037254901960784, "solution_time": 0.058794100070372224}
{"items_size": 1120, "stocks_size": 375, "fill_percentage": 0.6768006768006768, "solution_time": 0.06902519997674972}
{"items_size": 1123, "stocks_size": 377, "fill_percentage": 0.6841309451352057, "solution_time": 0.08656109997536987}
{"items_size": 1132, "stocks_size": 368, "fill_percentage": 0.6866116051145583, "solution_time": 0.06768510001711547}
{"items_size": 1101, "stocks_size": 373, "fill_percentage": 0.732061599310777, "solution_time": 0.07345219992566854}
{"items_size": 1133, "stocks_size": 361, "fill_percentage": 0.6943528693528693, "solution_time": 0.07259330002125353}
{"items_size": 1142, "stocks_size": 360, "fill_percentage": null, "solution_time": null}
{"items_size": 1138, "stocks_size": 376, "fill_percentage": 0.6848388370154984, "solution_time": 0.0913670000154525}
{"items_size": 1125, "stocks_size": 375, "fill_percentage": null, "solution_time": null}
{"items_size": 1125, "stocks_size": 383, "fill_percentage": 0.6962575102270815, "solution_time": 0.07067960000131279}
{"items_size": 1145, "stocks_size": 378, "fill_percentage": 0.6909413374469457, "solution_time": 0.08395110000856221}
{"items_size": 1146, "stocks_size": 345, "fill_percentage": 0.6467827085958399, "solution_time": 0.06964240001980215}
{"items_size": 1130, "stocks_size": 383, "fill_percentage": 0.739096211267442, "solution_time": 0.070144800003618}
{"items_size": 1124, "stocks_size": 372, "fill_percentage": 0.6669848062026101, "solution_time": 0.08024709997698665}
{"items_size": 1117, "stocks_size": 364, "fill_percentage": 0.7185953878406709, "solution_time": 0.06704090000130236}
{"items_size": 1141, "stocks_size": 375, "fill_percentage": 0.7273282287164807, "solution_time": 0.08179500000551343}
{"items_size": 1146, "stocks_size": 370, "fill_percentage": 0.6316398213658487, "solution_time": 0.08133179997093976}
{"items_size": 1110, "stocks_size": 381, "fill_percentage": 0.6897404510811769, "solution_time": 0.06956350000109524}
{"items_size": 1130, "stocks_size": 365, "fill_percentage": 0.6382621951219513, "solution_time": 0.0796206999802962}
{"items_size": 1132, "stocks_size": 366, "fill_percentage": 0.632257500261561, "solution_time": 0.08591099991463125}
{"items_size": 1130, "stocks_size": 372, "fill_percentage": 0.6552576554532098, "solution_time": 0.08407149999402463}
{"items_size": 1107, "stocks_size": 379, "fill_percentage": 0.6831455451435371, "solution_time": 0.0672529999865219}
{"items_size": 1134, "stocks_size": 359, "fill_percentage": 0.7075958042791585, "solution_time": 0.07018229993991554}
{"items_size": 1118, "stocks_size": 379, "fill_percentage": 0.7493129914182546, "solution_time": 0.0922744000563398}
{"items_size": 1088, "stocks_size": 382, "fill_percentage": 0.661439820215467, "solution_time": 0.06126640003640205}
{"items_size": 1121, "stocks_size": 362, "fill_percentage": 0.7241216678058783, "solution_time": 0.06360800005495548}
{"items_size": 1126, "stocks_size": 360, "fill_percentage": 0.7562521773626777, "solution_time": 0.05659389996435493}
{"items_size": 1143, "stocks_size": 356, "fill_percentage": 0.7022666483175248, "solution_time": 0.07907269999850541}
{"items_size": 1093, "stocks_size": 381, "fill_percentage": 0.6584869900986592, "solution_time": 0.06433039996773005}
{"items_size": 1141, "stocks_size": 377, "fill_percentage": 0.6492471662719846, "solution_time": 0.08727719995658845}
{"items_size": 1109, "stocks_size": 374, "fill_percentage": 0.699672117248955, "solution_time": 0.06981939997058362}
{"items_size": 1101, "stocks_size": 373, "fill_percentage": 0.7657365124267529, "solution_time": 0.06499919993802905}
{"items_size": 1110, "stocks_size": 377, "fill_percentage": 0.7062101322801712, "solution_time": 0.06260270008351654}
{"items_size": 1142, "stocks_size": 372, "fill_percentage": 0.7181794611921654, "solution_time": 0.0843295999802649}
{"items_size": 1146, "stocks_size": 345, "fill_percentage": 0.7471258085611112, "solution_time": 0.07979099999647588}
{"items_size": 1103, "stocks_size": 379, "fill_percentage": 0.7506750189005292, "solution_time": 0.06584529997780919}
{"items_size": 1098, "stocks_size": 382, "fill_percentage": 0.6681664032379855, "solution_time": 0.08067259995732456}
{"items_size": 1105, "stocks_size": 370, "fill_percentage": 0.6330599262769879, "solution_time": 0.07194920000620186}
{"items_size": 1106, "stocks_size": 377, "fill_percentage": 0.6921547202797202, "solution_time": 0.07464160001836717}
{"items_size": 1144, "stocks_size": 371, "fill_percentage": 0.7285184119677791, "solution_time": 0.07461779995355755}
{"items_size": 1139, "stocks_size": 371, "fill_percentage": 0.6862365881032547, "solution_time": 0.0806671999162063}
{"items_size": 1143, "stocks_size": 363, "fill_percentage": 0.6840615556567454, "solution_time": 0.08666189992800355}
{"items_size": 1135, "stocks_size": 383, "fill_percentage": 0.7225306751496711, "solution_time": 0.07244150002952665}
{"items_size": 1121, "stocks_size": 382, "fill_percentage": 0.6152515327118502, "solution_time": 0.07268079998902977}
{"items_size": 1106, "stocks_size": 374, "fill_percentage": 0.6592075567525421, "solution_time": 0.07164570002350956}
{"items_size": 1118, "stocks_size": 366, "fill_percentage": 0.7289143455072192, "solution_time": 0.08753089990932494}
{"items_size": 1125, "stocks_size": 382, "fill_percentage": 0.6805426132125967, "solution_time": 0.08526469999924302}
{"items_size": 1116, "stocks_size": 372, "fill_percentage": 0.670401754023381, "solution_time": 0.06894899997860193}
{"items_size": 1120, "stocks_size": 363, "fill_percentage": 0.7149249221437345, "solution_time": 0.07376639998983592}
{"items_size": 1089, "stocks_size": 381, "fill_percentage": 0.6847598386615728, "solution_time": 0.06764150003436953}
{"items_size": 1118, "stocks_size": 381, "fill_percentage": 0.7412044001878517,