{"items_size": 1130, "stocks_size": 363, "fill_percentage": 0.9830079891468194, "solution_time": 0.043149499921128154}
{"items_size": 1121, "stocks_size": 378, "fill_percentage": 0.9764916095966629, "solution_time": 0.052495599957183}
{"items_size": 1125, "stocks_size": 376, "fill_percentage": 0.9739146226846543, "solution_time": 0.055660199956037104}
{"items_size": 1128, "stocks_size": 380, "fill_percentage": 0.9819819455236122, "solution_time": 0.04164189996663481}
{"items_size": 1111, "stocks_size": 374, "fill_percentage": 0.9863662532056314, "solution_time": 0.05983559996820986}
{"items_size": 1144, "stocks_size": 372, "fill_percentage": 0.9805399482730064, "solution_time": 0.04835629998706281}
{"items_size": 1138, "stocks_size": 371, "fill_percentage": 0.976106728749192, "solution_time": 0.05771969992201775}
{"items_size": 1123, "stocks_size": 371, "fill_percentage": 0.9786072137869178, "solution_time": 0.038532900041900575}
{"items_size": 1128, "stocks_size": 369, "fill_percentage": 0.9692832080200501, "solution_time": 0.05380440002772957}
{"items_size": 1126, "stocks_size": 357, "fill_percentage": 0.9835829736819836, "solution_time": 0.04759769991505891}
{"items_size": 1139, "stocks_size": 371, "fill_percentage": 0.9786713465874155, "solution_time": 0.046403000014834106}
{"items_size": 1120, "stocks_size": 380, "fill_percentage": 0.9835241484231969, "solution_time": 0.04342910007108003}
{"items_size": 1100, "stocks_size": 379, "fill_percentage": 0.9793670499482391, "solution_time": 0.05519280000589788}
{"items_size": 1104, "stocks_size": 371, "fill_percentage": 0.9871771103695464, "solution_time": 0.04855850001331419}
{"items_size": 1124, "stocks_size": 360, "fill_percentage": 0.9309679617524702, "solution_time": 0.0505996000720188}
{"items_size": 1137, "stocks_size": 361, "fill_percentage": 0.981041720262783, "solution_time": 0.0478129000402987}
{"items_size": 1109, "stocks_size": 367, "fill_percentage": 0.9686125385405961, "solution_time": 0.05341369996313006}
{"items_size": 1144, "stocks_size": 375, "fill_percentage": 0.9823819509164337, "solution_time": 0.04839340003672987}
{"items_size": 1126, "stocks_size": 364, "fill_percentage": 0.9862430227565478, "solution_time": 0.05681199999526143}
{"items_size": 1120, "stocks_size": 375, "fill_percentage": 0.9776009776009776, "solution_time": 0.05873410007916391}
{"items_size": 1123, "stocks_size": 377, "fill_percentage": 0.9032476179543106, "solution_time": 0.06778879999183118}
{"items_size": 1132, "stocks_size": 368, "fill_percentage": 0.9815320261033619, "solution_time": 0.05753550003282726}
{"items_size": 1101, "stocks_size": 373, "fill_percentage": 0.9854675375337382, "solution_time": 0.0499078999273479}
{"items_size": 1133, "stocks_size": 361, "fill_percentage": 0.9811507936507936, "solution_time": 0.04428959998767823}
{"items_size": 1142, "stocks_size": 360, "fill_percentage": 0.9395558778210822, "solution_time": 0.05979650001972914}
{"items_size": 1138, "stocks_size": 376, "fill_percentage": 0.9797000029527269, "solution_time": 0.06331650004722178}
{"items_size": 1125, "stocks_size": 375, "fill_percentage": 0.9544179833051128, "solution_time": 0.060845899977721274}
{"items_size": 1125, "stocks_size": 383, "fill_percentage": 0.9812752044720856, "solution_time": 0.060033699963241816}
{"items_size": 1145, "stocks_size": 378, "fill_percentage": 0.9842185957877356, "solution_time": 0.044385099899955094}
{"items_size": 1146, "stocks_size": 345, "fill_percentage": 0.9816418414149627, "solution_time": 0.0688377000624314}
{"items_size": 1130, "stocks_size": 383, "fill_percentage": 0.9748079759419235, "solution_time": 0.05302410002332181}
{"items_size": 1124, "stocks_size": 372, "fill_percentage": 0.9775242908718417, "solution_time": 0.04673549998551607}
{"items_size": 1117, "stocks_size": 364, "fill_percentage": 0.9828530465949821, "solution_time": 0.0527021000161767}
{"items_size": 1141, "stocks_size": 375, "fill_percentage": 0.9761510438036978, "solution_time": 0.04498429992236197}
{"items_size": 1146, "stocks_size": 370, "fill_percentage": 0.9825508332357648, "solution_time": 0.045883000013418496}
{"items_size": 1110, "stocks_size": 381, "fill_percentage": 0.9807247038810484, "solution_time": 0.038977400050498545}
{"items_size": 1130, "stocks_size": 365, "fill_percentage": 0.9837875939849624, "solution_time": 0.048625500057823956}
{"items_size": 1132, "stocks_size": 366, "fill_percentage": 0.9896204351920085, "solution_time": 0.06187760003376752}
{"items_size": 1130, "stocks_size": 372, "fill_percentage": 0.9845328591985414, "solution_time": 0.04825140000320971}
{"items_size": 1107, "stocks_size": 379, "fill_percentage": 0.9776048318433376, "solution_time": 0.049554400029592216}
{"items_size": 1134, "stocks_size": 359, "fill_percentage": 0.974054475346624, "solution_time": 0.06062969996128231}
{"items_size": 1118, "stocks_size": 379, "fill_percentage": 0.9785146123226619, "solution_time": 0.04317209997680038}
{"items_size": 1088, "stocks_size": 382, "fill_percentage": 0.9817597331500013, "solution_time": 0.05762540001887828}
{"items_size": 1121, "stocks_size": 362, "fill_percentage": 0.9781994459833795, "solution_time": 0.04169890005141497}
{"items_size": 1126, "stocks_size": 360, "fill_percentage": 0.9808361573067456, "solution_time": 0.05856959999073297}
{"items_size": 1143, "stocks_size": 356, "fill_percentage": 0.9824058031108545, "solution_time": 0.058507999987341464}
{"items_size": 1093, "stocks_size": 381, "fill_percentage": 0.978187195436414, "solution_time": 0.043543500010855496}
{"items_size": 1141, "stocks_size": 377, "fill_percentage": 0.9846915355125101, "solution_time": 0.06789369997568429}
{"items_size": 1109, "stocks_size": 374, "fill_percentage": 0.9783026064188928, "solution_time": 0.05315380007959902}
{"items_size": 1101, "stocks_size": 373, "fill_percentage": 0.9809435061153174, "solution_time": 0.05395730002783239}
{"items_size": 1110, "stocks_size": 377, "fill_percentage": 0.981059481059481, "solution_time": 0.05800169997382909}
{"items_size": 1142, "stocks_size": 372, "fill_percentage": 0.982415300687396, "solution_time": 0.05107789998874068}
{"items_size": 1146, "stocks_size": 345, "fill_percentage": 0.9806026237364585, "solution_time": 0.061896600062027574}
{"items_size": 1103, "stocks_size": 379, "fill_percentage": 0.9793574749894322, "solution_time": 0.048776800045743585}
{"items_size": 1098, "stocks_size": 382, "fill_percentage": 0.9844318341039653, "solution_time": 0.04952070000581443}
{"items_size": 1105, "stocks_size": 370, "fill_percentage": 0.9821738562091503, "solution_time": 0.04346109996549785}
{"items_size": 1106, "stocks_size": 377, "fill_percentage": 0.9800420818119934, "solution_time": 0.047236999962478876}
{"items_size": 1144, "stocks_size": 371, "fill_percentage": 0.9844843404969987, "solution_time": 0.046229799976572394}
{"items_size": 1139, "stocks_size": 371, "fill_percentage": 0.9727580501463663, "solution_time": 0.05687340011354536}
{"items_size": 1143, "stocks_size": 363, "fill_percentage": 0.9867069711897298, "solution_time": 0.05243969999719411}
{"items_size": 1135, "stocks_size": 383, "fill_percentage": 0.9786174967217063, "solution_time": 0.03969899995718151}
{"items_size": 1121, "stocks_size": 382, "fill_percentage": 0.9887971061440449, "solution_time": 0.06291380000766367}
{"items_size": 1106, "stocks_size": 374, "fill_percentage": 0.9796556746183612, "solution_time": 0.04530580004211515}
{"items_size": 1118, "stocks_size": 366, "fill_percentage": 0.9815084256334833, "solution_time": 0.04796210001222789}
{"items_size": 1125, "stocks_size": 382, "fill_percentage": 0.9744132870998543, "solution_time": 0.052453799988143146}
{"items_size": 1116, "stocks_size": 372, "fill_percentage": 0.9780740565944979, "solution_time": 0.050196000025607646}
{"items_size": 1120, "stocks_size": 363, "fill_percentage": 0.9759930116906038, "solution_time": 0.03936090006027371}
{"items_size": 1089, "stocks_size": 381, "fill_percentage": 0.9871954340704341,