{"items_size": 1130, "stocks_size": 363, "fill_percentage": 0.6298314661000579, "solution_time": 0.08742250001523644}
{"items_size": 1121, "stocks_size": 378, "fill_percentage": 0.7191217279975425, "solution_time": 0.10570929991081357}
{"items_size": 1125, "stocks_size": 376, "fill_percentage": 0.7652186321093712, "solution_time": 0.12947159993927926}
{"items_size": 1128, "stocks_size": 380, "fill_percentage": 0.7201200933839823, "solution_time": 0.11150600004475564}
{"items_size": 1111, "stocks_size": 374, "fill_percentage": 0.5967670434755075, "solution_time": 0.06970230001024902}
{"items_size": 1144, "stocks_size": 372, "fill_percentage": 0.7104759794690004, "solution_time": 0.07859930000267923}
{"items_size": 1138, "stocks_size": 371, "fill_percentage": 0.6420225805165817, "solution_time": 0.08810369996353984}
{"items_size": 1123, "stocks_size": 371, "fill_percentage": 0.705110001200181, "solution_time": 0.06841509998776019}
{"items_size": 1128, "stocks_size": 369, "fill_percentage": 0.6947081013112987, "solution_time": 0.0824257000349462}
{"items_size": 1126, "stocks_size": 357, "fill_percentage": 0.7107643386461049, "solution_time": 0.09966930001974106}
{"items_size": 1139, "stocks_size": 371, "fill_percentage": 0.6808148497999412, "solution_time": 0.11519080004654825}
{"items_size": 1120, "stocks_size": 380, "fill_percentage": 0.6869842041749968, "solution_time": 0.10866050003096461}
{"items_size": 1100, "stocks_size": 379, "fill_percentage": 0.620395860325777, "solution_time": 0.09071530005894601}
{"items_size": 1104, "stocks_size": 371, "fill_percentage": 0.7022187692319454, "solution_time": 0.08684659993741661}
{"items_size": 1124, "stocks_size": 360, "fill_percentage": null, "solution_time": null}
{"items_size": 1137, "stocks_size": 361, "fill_percentage": 0.6911884847305971, "solution_time": 0.09436719992663711}
{"items_size": 1109, "stocks_size": 367, "fill_percentage": null, "solution_time": null}
{"items_size": 1144, "stocks_size": 375, "fill_percentage": 0.6825940316226863, "solution_time": 0.09854439995251596}
{"items_size": 1126, "stocks_size": 364, "fill_percentage": 0.6688875946418171, "solution_time": 0.1030405000783503}
{"items_size": 1120, "stocks_size": 375, "fill_percentage": 0.6575323301301949, "solution_time": 0.08289269998203963}
{"items_size": 1123, "stocks_size": 377, "fill_percentage": null, "solution_time": null}
{"items_size": 1132, "stocks_size": 368, "fill_percentage": 0.6499923195084485, "solution_time": 0.08551240002270788}
{"items_size": 1101, "stocks_size": 373, "fill_percentage": 0.7268696730745303, "solution_time": 0.08704959996975958}
{"items_size": 1133, "stocks_size": 361, "fill_percentage": 0.6669892094768942, "solution_time": 0.07668779999949038}
{"items_size": 1142, "stocks_size": 360, "fill_percentage": null, "solution_time": null}
{"items_size": 1138, "stocks_size": 376, "fill_percentage": 0.6279382808242997, "solution_time": 0.08439949993044138}
{"items_size": 1125, "stocks_size": 375, "fill_percentage": null, "solution_time": null}
{"items_size": 1125, "stocks_size": 383, "fill_percentage": 0.6658653173203438, "solution_time": 0.07744060002733022}
{"items_size": 1145, "stocks_size": 378, "fill_percentage": 0.6944486538806866, "solution_time": 0.08919249998871237}
{"items_size": 1146, "stocks_size": 345, "fill_percentage": 0.6320159800890855, "solution_time": 0.10785499995108694}
{"items_size": 1130, "stocks_size": 383, "fill_percentage": 0.736079492037779, "solution_time": 0.07585630007088184}
{"items_size": 1124, "stocks_size": 372, "fill_percentage": 0.6596953547687019, "solution_time": 0.0990433000260964}
{"items_size": 1117, "stocks_size": 364, "fill_percentage": 0.7020378904249872, "solution_time": 0.08754980005323887}
{"items_size": 1141, "stocks_size": 375, "fill_percentage": 0.7216680868587649, "solution_time": 0.0900141999591142}
{"items_size": 1146, "stocks_size": 370, "fill_percentage": 0.6075314312373813, "solution_time": 0.07650119997560978}
{"items_size": 1110, "stocks_size": 381, "fill_percentage": 0.660698747877759, "solution_time": 0.08511620003264397}
{"items_size": 1130, "stocks_size": 365, "fill_percentage": 0.6201125592417062, "solution_time": 0.1007107999175787}
{"items_size": 1132, "stocks_size": 366, "fill_percentage": 0.6207619093477145, "solution_time": 0.08340320002753288}
{"items_size": 1130, "stocks_size": 372, "fill_percentage": 0.6381825373957972, "solution_time": 0.09389999997802079}
{"items_size": 1107, "stocks_size": 379, "fill_percentage": 0.6750128600823045, "solution_time": 0.08838780003134161}
{"items_size": 1134, "stocks_size": 359, "fill_percentage": 0.6907982777680806, "solution_time": 0.0787590000545606}
{"items_size": 1118, "stocks_size": 379, "fill_percentage": 0.7232499308471848, "solution_time": 0.10559519997332245}
{"items_size": 1088, "stocks_size": 382, "fill_percentage": 0.6145661321687016, "solution_time": 0.06752409995533526}
{"items_size": 1121, "stocks_size": 362, "fill_percentage": 0.7057894736842105, "solution_time": 0.08487140003126115}
{"items_size": 1126, "stocks_size": 360, "fill_percentage": 0.700597255219104, "solution_time": 0.07315539999399334}
{"items_size": 1143, "stocks_size": 356, "fill_percentage": 0.663395800624673, "solution_time": 0.0875206000637263}
{"items_size": 1093, "stocks_size": 381, "fill_percentage": 0.6307936120103977, "solution_time": 0.07738750008866191}
{"items_size": 1141, "stocks_size": 377, "fill_percentage": 0.645699367549187, "solution_time": 0.09214540000539273}
{"items_size": 1109, "stocks_size": 374, "fill_percentage": 0.7178454189956811, "solution_time": 0.09906289994250983}
{"items_size": 1101, "stocks_size": 373, "fill_percentage": 0.7618495250540283, "solution_time": 0.08843529992736876}
{"items_size": 1110, "stocks_size": 377, "fill_percentage": 0.6980615538307846, "solution_time": 0.06094819994177669}
{"items_size": 1142, "stocks_size": 372, "fill_percentage": 0.7132604237867396, "solution_time": 0.10830419999547303}
{"items_size": 1146, "stocks_size": 345, "fill_percentage": 0.7354519678023439, "solution_time": 0.12689359998330474}
{"items_size": 1103, "stocks_size": 379, "fill_percentage": 0.7075740608775323, "solution_time": 0.07382299995515496}
{"items_size": 1098, "stocks_size": 382, "fill_percentage": 0.6310460475025418, "solution_time": 0.08600719994865358}
{"items_size": 1105, "stocks_size": 370, "fill_percentage": 0.6241852544132918, "solution_time": 0.08308589993976057}
{"items_size": 1106, "stocks_size": 377, "fill_percentage": 0.6631422469745824, "solution_time": 0.12487430009059608}
{"items_size": 1144, "stocks_size": 371, "fill_percentage": 0.7050178180333345, "solution_time": 0.12588100007269531}
{"items_size": 1139, "stocks_size": 371, "fill_percentage": 0.6715838495672423, "solution_time": 0.09174519998487085}
{"items_size": 1143, "stocks_size": 363, "fill_percentage": 0.6512266009852217, "solution_time": 0.0978956000180915}
{"items_size": 1135, "stocks_size": 383, "fill_percentage": 0.7158405763056925, "solution_time": 0.0923602000111714}
{"items_size": 1121, "stocks_size": 382, "fill_percentage": 0.6075367799505731, "solution_time": 0.09277400001883507}
{"items_size": 1106, "stocks_size": 374, "fill_percentage": 0.6326027674665651, "solution_time": 0.08169990009628236}
{"items_size": 1118, "stocks_size": 366, "fill_percentage": 0.7080882213498702, "solution_time": 0.1444613999919966}
{"items_size": 1125, "stocks_size": 382, "fill_percentage": 0.6160083998907124, "solution_time": 0.09606750006787479}
{"items_size": 1116, "stocks_size": 372, "fill_percentage": 0.657341979594354, "solution_time": 0.09499650006182492}
{"items_size": 1120, "stocks_size": 363, "fill_percentage": 0.7062063255322255, "solution_time": 0.10186990001238883}
{"items_size": 1089, "stocks_size": 381, "fill_percentage": 0.6581302893802894, "solution_time": 0.09880039992276579}
{"items_size": 1118, "stocks_size": 381,