{"items_size": 1115, "stocks_size": 374, "fill_percentage": 0.986945331339596, "solution_time": 0.048595899948850274}
{"items_size": 1111, "stocks_size": 373, "fill_percentage": 0.9807692057507646, "solution_time": 0.039387700031511486}
{"items_size": 1127, "stocks_size": 358, "fill_percentage": 0.9810095695902586, "solution_time": 0.0466337000252679}
{"items_size": 1135, "stocks_size": 376, "fill_percentage": 0.977812223859603, "solution_time": 0.03712290001567453}
{"items_size": 1127, "stocks_size": 382, "fill_percentage": 0.9825461574719445, "solution_time": 0.03680040000472218}
{"items_size": 1106, "stocks_size": 368, "fill_percentage": 0.9820701379828412, "solution_time": 0.05287229991517961}
{"items_size": 1131, "stocks_size": 367, "fill_percentage": 0.9863030952665544, "solution_time": 0.0388870999449864}
{"items_size": 1105, "stocks_size": 373, "fill_percentage": 0.9817576828860558, "solution_time": 0.05731549998745322}
{"items_size": 1130, "stocks_size": 381, "fill_percentage": 0.9809379362423218, "solution_time": 0.05801779998000711}
{"items_size": 1103, "stocks_size": 374, "fill_percentage": 0.9788171165507628, "solution_time": 0.03672019997611642}
{"items_size": 1122, "stocks_size": 378, "fill_percentage": 0.9818724587484284, "solution_time": 0.05002830002922565}
{"items_size": 1125, "stocks_size": 368, "fill_percentage": 0.986427311600608, "solution_time": 0.04236199997831136}
{"items_size": 1129, "stocks_size": 357, "fill_percentage": 0.9798157691730773, "solution_time": 0.03794559999369085}
{"items_size": 1139, "stocks_size": 377, "fill_percentage": 0.9860404533525267, "solution_time": 0.04443600005470216}
{"items_size": 1128, "stocks_size": 357, "fill_percentage": 0.9787957453352204, "solution_time": 0.05311520001851022}
{"items_size": 1114, "stocks_size": 380, "fill_percentage": 0.9789846152220544, "solution_time": 0.03915720002260059}
{"items_size": 1116, "stocks_size": 376, "fill_percentage": 0.9788312170598616, "solution_time": 0.03781619993969798}
{"items_size": 1136, "stocks_size": 381, "fill_percentage": 0.9845360081166724, "solution_time": 0.04002670000772923}
{"items_size": 1111, "stocks_size": 379, "fill_percentage": 0.9849223620054048, "solution_time": 0.043768999981693923}
{"items_size": 1139, "stocks_size": 347, "fill_percentage": 0.9794420358152686, "solution_time": 0.03911570005584508}
{"items_size": 1139, "stocks_size": 373, "fill_percentage": 0.9795714909411395, "solution_time": 0.03673370007891208}
{"items_size": 1127, "stocks_size": 373, "fill_percentage": 0.9816981222128915, "solution_time": 0.049409199971705675}
{"items_size": 1144, "stocks_size": 364, "fill_percentage": 0.9807850332049923, "solution_time": 0.04287939995992929}
{"items_size": 1122, "stocks_size": 380, "fill_percentage": 0.9824384745051218, "solution_time": 0.04577409999910742}
{"items_size": 1089, "stocks_size": 381, "fill_percentage": 0.9842563157406852, "solution_time": 0.04896980000194162}
{"items_size": 1145, "stocks_size": 354, "fill_percentage": 0.9806333437055532, "solution_time": 0.0612112000817433}
{"items_size": 1106, "stocks_size": 382, "fill_percentage": 0.9846399490785318, "solution_time": 0.03723879996687174}
{"items_size": 1117, "stocks_size": 369, "fill_percentage": 0.9860602560793943, "solution_time": 0.03876140003558248}
{"items_size": 1145, "stocks_size": 376, "fill_percentage": 0.9831545284977173, "solution_time": 0.04662160004954785}
{"items_size": 1134, "stocks_size": 351, "fill_percentage": 0.976071832589385, "solution_time": 0.04030680004507303}
{"items_size": 1140, "stocks_size": 350, "fill_percentage": 0.9789707811084519, "solution_time": 0.060912500019185245}
{"items_size": 1140, "stocks_size": 366, "fill_percentage": 0.9807087645748722, "solution_time": 0.04802629991900176}
{"items_size": 1123, "stocks_size": 377, "fill_percentage": 0.9794064562706271, "solution_time": 0.061134699964895844}
{"items_size": 1134, "stocks_size": 376, "fill_percentage": 0.9835881591803322, "solution_time": 0.04432270000688732}
{"items_size": 1113, "stocks_size": 382, "fill_percentage": 0.9789966080013421, "solution_time": 0.03701309999451041}
{"items_size": 1109, "stocks_size": 372, "fill_percentage": 0.9796721481692993, "solution_time": 0.06001360004302114}
{"items_size": 1116, "stocks_size": 374, "fill_percentage": 0.9793624262137092, "solution_time": 0.041503399959765375}
{"items_size": 1124, "stocks_size": 362, "fill_percentage": 0.9860054761180408, "solution_time": 0.057300499989651144}
{"items_size": 1142, "stocks_size": 364, "fill_percentage": 0.9799096917740986, "solution_time": 0.03891100001055747}
{"items_size": 1143, "stocks_size": 348, "fill_percentage": 0.9806498341804147, "solution_time": 0.06186330004129559}
{"items_size": 1134, "stocks_size": 369, "fill_percentage": 0.9793119713383223, "solution_time": 0.059808599995449185}
{"items_size": 1126, "stocks_size": 377, "fill_percentage": 0.9784127604166667, "solution_time": 0.05733690003398806}
{"items_size": 1139, "stocks_size": 379, "fill_percentage": 0.9821999817201352, "solution_time": 0.04744859994389117}
{"items_size": 1119, "stocks_size": 371, "fill_percentage": 0.9809158709502083, "solution_time": 0.03939310007262975}
{"items_size": 1134, "stocks_size": 380, "fill_percentage": 0.9801292323727975, "solution_time": 0.036782999988645315}
{"items_size": 1126, "stocks_size": 372, "fill_percentage": 0.9850752267352263, "solution_time": 0.05279059999156743}
{"items_size": 1137, "stocks_size": 362, "fill_percentage": 0.9804158693963063, "solution_time": 0.05687139998190105}
{"items_size": 1099, "stocks_size": 374, "fill_percentage": 0.9793518849282006, "solution_time": 0.03586959990207106}
{"items_size": 1141, "stocks_size": 365, "fill_percentage": 0.9811498064549459, "solution_time": 0.04177789995446801}
{"items_size": 1140, "stocks_size": 374, "fill_percentage": 0.9821710732869767, "solution_time": 0.04492660006508231}
{"items_size": 1125, "stocks_size": 356, "fill_percentage": 0.9793875003060051, "solution_time": 0.04102689994033426}
{"items_size": 1125, "stocks_size": 365, "fill_percentage": 0.9821336088514556, "solution_time": 0.04011579998768866}
{"items_size": 1131, "stocks_size": 362, "fill_percentage": 0.9816145784443807, "solution_time": 0.04174380004405975}
{"items_size": 1116, "stocks_size": 365, "fill_percentage": 0.9809296843100044, "solution_time": 0.05597659992054105}
{"items_size": 1127, "stocks_size": 365, "fill_percentage": 0.9822863550715116, "solution_time": 0.03889169998001307}
{"items_size": 1099, "stocks_size": 382, "fill_percentage": 0.9854782047415731, "solution_time": 0.058692899998277426}
{"items_size": 1134, "stocks_size": 353, "fill_percentage": 0.9758002670280681, "solution_time": 0.053173899999819696}
{"items_size": 1140, "stocks_size": 368, "fill_percentage": 0.9772019994206731, "solution_time": 0.038556299987249076}
{"items_size": 1094, "stocks_size": 381, "fill_percentage": 0.9845629153560961, "solution_time": 0.03534090006724}
{"items_size": 1135, "stocks_size": 358, "fill_percentage": 0.9812344843004706, "solution_time": 0.03802890004590154}
{"items_size": 1137, "stocks_size": 369, "fill_percentage": 0.9813202535261246, "solution_time": 0.042551100021228194}
{"items_size": 1142, "stocks_size": 378, "fill_percentage": 0.9844844633141757, "solution_time": 0.06086699990555644}
{"items_size": 1128, "stocks_size": 360, "fill_percentage": 0.9805120342215121, "solution_time": 0.038446599966846406}
{"items_size": 1124, "stocks_size": 370, "fill_percentage": 0.9794774116724874, "solution_time": 0.06072089995723218}
{"items_size": 1144, "stocks_size": 363, "fill_percentage": 0.9807712231919523, "solution_time": 0.050726599991321564}
{"items_size": 1126, "stocks_size": 361, "fill_percentage": 0.9799288724338147, "solution_time": 0.04043589998036623}
{"items_size": 1125, "stocks_size": 375, "fill_percentage": 0.9861646936961739, "solution_time": 0.04444940004032105}
{"items_size": 1120, "stocks_size": 379, "fill_percentage": 0.979836970840089,