{"items_size": 1115, "stocks_size": 374, "fill_percentage": 0.982011921789774, "solution_time": 0.07290519995149225}
{"items_size": 1111, "stocks_size": 373, "fill_percentage": 0.9783496244309363, "solution_time": 0.05982439999934286}
{"items_size": 1127, "stocks_size": 358, "fill_percentage": 0.9851603274293494, "solution_time": 0.05846099997870624}
{"items_size": 1135, "stocks_size": 376, "fill_percentage": 0.984090697464147, "solution_time": 0.046173700015060604}
{"items_size": 1127, "stocks_size": 382, "fill_percentage": 0.9828430911528184, "solution_time": 0.05824459996074438}
{"items_size": 1106, "stocks_size": 368, "fill_percentage": 0.9805517359352075, "solution_time": 0.07251780002843589}
{"items_size": 1131, "stocks_size": 367, "fill_percentage": 0.9797263310021167, "solution_time": 0.0767539000371471}
{"items_size": 1105, "stocks_size": 373, "fill_percentage": 0.9821370747977511, "solution_time": 0.0577632999047637}
{"items_size": 1130, "stocks_size": 381, "fill_percentage": 0.980944235110998, "solution_time": 0.05887119995895773}
{"items_size": 1103, "stocks_size": 374, "fill_percentage": 0.9794596284212789, "solution_time": 0.06642659998033196}
{"items_size": 1122, "stocks_size": 378, "fill_percentage": 0.9822619216699359, "solution_time": 0.048706899979151785}
{"items_size": 1125, "stocks_size": 368, "fill_percentage": 0.9814824541909938, "solution_time": 0.0732396999374032}
{"items_size": 1129, "stocks_size": 357, "fill_percentage": 0.9846819976796207, "solution_time": 0.06960620009340346}
{"items_size": 1139, "stocks_size": 377, "fill_percentage": 0.9824679764076668, "solution_time": 0.06132209999486804}
{"items_size": 1128, "stocks_size": 357, "fill_percentage": 0.9845386500976575, "solution_time": 0.06128700007684529}
{"items_size": 1114, "stocks_size": 380, "fill_percentage": 0.9828687742003925, "solution_time": 0.07580150000285357}
{"items_size": 1116, "stocks_size": 376, "fill_percentage": 0.9824606773631523, "solution_time": 0.06137699994724244}
{"items_size": 1136, "stocks_size": 381, "fill_percentage": 0.9774635481872854, "solution_time": 0.0511334000620991}
{"items_size": 1111, "stocks_size": 379, "fill_percentage": 0.9830069582048121, "solution_time": 0.07294919993728399}
{"items_size": 1139, "stocks_size": 347, "fill_percentage": 0.9865196869529556, "solution_time": 0.05167419998906553}
{"items_size": 1139, "stocks_size": 373, "fill_percentage": 0.9864839507187421, "solution_time": 0.049765000003390014}
{"items_size": 1127, "stocks_size": 373, "fill_percentage": 0.9786947016460905, "solution_time": 0.05281789996661246}
{"items_size": 1144, "stocks_size": 364, "fill_percentage": 0.9832419311802665, "solution_time": 0.04920409992337227}
{"items_size": 1122, "stocks_size": 380, "fill_percentage": 0.9847642542637935, "solution_time": 0.04809000005479902}
{"items_size": 1089, "stocks_size": 381, "fill_percentage": 0.979121548227515, "solution_time": 0.052834699978120625}
{"items_size": 1145, "stocks_size": 354, "fill_percentage": 0.9815706613503415, "solution_time": 0.06217839999590069}
{"items_size": 1106, "stocks_size": 382, "fill_percentage": 0.9860707832179543, "solution_time": 0.07608200004324317}
{"items_size": 1117, "stocks_size": 369, "fill_percentage": 0.9840236324275256, "solution_time": 0.07698200002778322}
{"items_size": 1145, "stocks_size": 376, "fill_percentage": 0.9843932528255839, "solution_time": 0.06494870001915842}
{"items_size": 1134, "stocks_size": 351, "fill_percentage": 0.9838437228870697, "solution_time": 0.04979990003630519}
{"items_size": 1140, "stocks_size": 350, "fill_percentage": 0.9807676417400963, "solution_time": 0.0533243000973016}
{"items_size": 1140, "stocks_size": 366, "fill_percentage": 0.9821515562720418, "solution_time": 0.07750830007717013}
{"items_size": 1123, "stocks_size": 377, "fill_percentage": 0.9845367905675978, "solution_time": 0.07172610005363822}
{"items_size": 1134, "stocks_size": 376, "fill_percentage": 0.9816245989234347, "solution_time": 0.06929750007111579}
{"items_size": 1113, "stocks_size": 382, "fill_percentage": 0.9859189693973852, "solution_time": 0.057777500012889504}
{"items_size": 1109, "stocks_size": 372, "fill_percentage": 0.9847064241367929, "solution_time": 0.04527780006173998}
{"items_size": 1116, "stocks_size": 374, "fill_percentage": 0.9829592684954281, "solution_time": 0.05743399995844811}
{"items_size": 1124, "stocks_size": 362, "fill_percentage": 0.9865527861337917, "solution_time": 0.05760620010551065}
{"items_size": 1142, "stocks_size": 364, "fill_percentage": 0.9871848835381284, "solution_time": 0.04811710002832115}
{"items_size": 1143, "stocks_size": 348, "fill_percentage": 0.9860847485951307, "solution_time": 0.06974579999223351}
{"items_size": 1134, "stocks_size": 369, "fill_percentage": 0.9851951870695481, "solution_time": 0.0771878999657929}
{"items_size": 1126, "stocks_size": 377, "fill_percentage": 0.9849805801444266, "solution_time": 0.04827369994018227}
{"items_size": 1139, "stocks_size": 379, "fill_percentage": 0.9855742591283413, "solution_time": 0.04969269991852343}
{"items_size": 1119, "stocks_size": 371, "fill_percentage": 0.9858777984388625, "solution_time": 0.04773729993030429}
{"items_size": 1134, "stocks_size": 380, "fill_percentage": 0.983375033627572, "solution_time": 0.048480199999175966}
{"items_size": 1126, "stocks_size": 372, "fill_percentage": 0.9856038081546585, "solution_time": 0.04691749997437}
{"items_size": 1137, "stocks_size": 362, "fill_percentage": 0.9791688256571968, "solution_time": 0.06980149995069951}
{"items_size": 1099, "stocks_size": 374, "fill_percentage": 0.9846239106193345, "solution_time": 0.06536819995380938}
{"items_size": 1141, "stocks_size": 365, "fill_percentage": 0.9864278126580588, "solution_time": 0.07606840005610138}
{"items_size": 1140, "stocks_size": 374, "fill_percentage": 0.983086909484313, "solution_time": 0.06884049996733665}
{"items_size": 1125, "stocks_size": 356, "fill_percentage": 0.988391037902065, "solution_time": 0.05043259996455163}
{"items_size": 1125, "stocks_size": 365, "fill_percentage": 0.9841879154522007, "solution_time": 0.046536299982108176}
{"items_size": 1131, "stocks_size": 362, "fill_percentage": 0.9838597508337116, "solution_time": 0.06255299993790686}
{"items_size": 1116, "stocks_size": 365, "fill_percentage": 0.9806136424607825, "solution_time": 0.050344199989922345}
{"items_size": 1127, "stocks_size": 365, "fill_percentage": 0.9853623952537202, "solution_time": 0.05819300003349781}
{"items_size": 1099, "stocks_size": 382, "fill_percentage": 0.9843142694833076, "solution_time": 0.07405910000670701}
{"items_size": 1134, "stocks_size": 353, "fill_percentage": 0.9790806009912243, "solution_time": 0.061251599923707545}
{"items_size": 1140, "stocks_size": 368, "fill_percentage": 0.9806081279160477, "solution_time": 0.064034300041385}
{"items_size": 1094, "stocks_size": 381, "fill_percentage": 0.9807137806127603, "solution_time": 0.04361870000138879}
{"items_size": 1135, "stocks_size": 358, "fill_percentage": 0.9856416474006072, "solution_time": 0.05130480008665472}
{"items_size": 1137, "stocks_size": 369, "fill_percentage": 0.983425177488304, "solution_time": 0.05019849992822856}
{"items_size": 1142, "stocks_size": 378, "fill_percentage": 0.9794868962324695, "solution_time": 0.07049670000560582}
{"items_size": 1128, "stocks_size": 360, "fill_percentage": 0.9796587521047997, "solution_time": 0.0749604000011459}
{"items_size": 1124, "stocks_size": 370, "fill_percentage": 0.9787822659606977, "solution_time": 0.08467500004917383}
{"items_size": 1144, "stocks_size": 363, "fill_percentage": 0.9841920128325408, "solution_time": 0.09263229998759925}
{"items_size": 1126, "stocks_size": 361, "fill_percentage": 0.9826775282787282, "solution_time": 0.060947899939492345}
{"items_size": 1125, "stocks_size": 375, "fill_percentage": 0.9840370486979144, "solution_time": 0.05745379999279976}
{"items_size": 1120, "stocks_size": 379, "fill_percentage": 0.9829600516497548,