{"items_size": 1115, "stocks_size": 374, "fill_percentage": 0.986945331339596, "solution_time": 0.03944049996789545}
{"items_size": 1111, "stocks_size": 373, "fill_percentage": 0.9807692057507646, "solution_time": 0.03781589993741363}
{"items_size": 1127, "stocks_size": 358, "fill_percentage": 0.9810095695902586, "solution_time": 0.052047900040633976}
{"items_size": 1135, "stocks_size": 376, "fill_percentage": 0.977812223859603, "solution_time": 0.040269199991598725}
{"items_size": 1127, "stocks_size": 382, "fill_percentage": 0.9748180411627456, "solution_time": 0.047679000068455935}
{"items_size": 1106, "stocks_size": 368, "fill_percentage": 0.9820701379828412, "solution_time": 0.06051340000703931}
{"items_size": 1131, "stocks_size": 367, "fill_percentage": 0.9780606054426624, "solution_time": 0.03867829998489469}
{"items_size": 1105, "stocks_size": 373, "fill_percentage": 0.9817576828860558, "solution_time": 0.03863750002346933}
{"items_size": 1130, "stocks_size": 381, "fill_percentage": 0.9809379362423218, "solution_time": 0.037896999972872436}
{"items_size": 1103, "stocks_size": 374, "fill_percentage": 0.9788171165507628, "solution_time": 0.05571590003091842}
{"items_size": 1122, "stocks_size": 378, "fill_percentage": 0.9739016147202403, "solution_time": 0.04009309993125498}
{"items_size": 1125, "stocks_size": 368, "fill_percentage": 0.986427311600608, "solution_time": 0.03743689996190369}
{"items_size": 1129, "stocks_size": 357, "fill_percentage": 0.9798157691730773, "solution_time": 0.060718700056895614}
{"items_size": 1139, "stocks_size": 377, "fill_percentage": 0.9860404533525267, "solution_time": 0.05321449995972216}
{"items_size": 1128, "stocks_size": 357, "fill_percentage": 0.9787957453352204, "solution_time": 0.05403709993697703}
{"items_size": 1114, "stocks_size": 380, "fill_percentage": 0.9789846152220544, "solution_time": 0.03657190001104027}
{"items_size": 1116, "stocks_size": 376, "fill_percentage": 0.9788312170598616, "solution_time": 0.041373000014573336}
{"items_size": 1136, "stocks_size": 381, "fill_percentage": 0.9845360081166724, "solution_time": 0.040244000032544136}
{"items_size": 1111, "stocks_size": 379, "fill_percentage": 0.9759342742345509, "solution_time": 0.03755160002037883}
{"items_size": 1139, "stocks_size": 347, "fill_percentage": 0.9794420358152686, "solution_time": 0.04026419995352626}
{"items_size": 1139, "stocks_size": 373, "fill_percentage": 0.9795714909411395, "solution_time": 0.04232339991722256}
{"items_size": 1127, "stocks_size": 373, "fill_percentage": 0.9733572590629572, "solution_time": 0.04280479997396469}
{"items_size": 1144, "stocks_size": 364, "fill_percentage": 0.9807850332049923, "solution_time": 0.05063720000907779}
{"items_size": 1122, "stocks_size": 380, "fill_percentage": 0.9824384745051218, "solution_time": 0.037723899935372174}
{"items_size": 1089, "stocks_size": 381, "fill_percentage": 0.9842563157406852, "solution_time": 0.03577379998750985}
{"items_size": 1145, "stocks_size": 354, "fill_percentage": 0.9806333437055532, "solution_time": 0.05757029994856566}
{"items_size": 1106, "stocks_size": 382, "fill_percentage": 0.9846399490785318, "solution_time": 0.04584349994547665}
{"items_size": 1117, "stocks_size": 369, "fill_percentage": 0.9860602560793943, "solution_time": 0.06468599999789149}
{"items_size": 1145, "stocks_size": 376, "fill_percentage": 0.9752345031359227, "solution_time": 0.03962080006022006}
{"items_size": 1134, "stocks_size": 351, "fill_percentage": 0.976071832589385, "solution_time": 0.05879270005971193}
{"items_size": 1140, "stocks_size": 350, "fill_percentage": 0.9789707811084519, "solution_time": 0.05633900000248104}
{"items_size": 1140, "stocks_size": 366, "fill_percentage": 0.9807087645748722, "solution_time": 0.054660000023432076}
{"items_size": 1123, "stocks_size": 377, "fill_percentage": 0.9794064562706271, "solution_time": 0.05926000000908971}
{"items_size": 1134, "stocks_size": 376, "fill_percentage": 0.9835881591803322, "solution_time": 0.053004899993538857}
{"items_size": 1113, "stocks_size": 382, "fill_percentage": 0.9789966080013421, "solution_time": 0.036596199963241816}
{"items_size": 1109, "stocks_size": 372, "fill_percentage": 0.9796721481692993, "solution_time": 0.03726359992288053}
{"items_size": 1116, "stocks_size": 374, "fill_percentage": 0.9793624262137092, "solution_time": 0.04106429999228567}
{"items_size": 1124, "stocks_size": 362, "fill_percentage": 0.9860054761180408, "solution_time": 0.057876399951055646}
{"items_size": 1142, "stocks_size": 364, "fill_percentage": 0.9799096917740986, "solution_time": 0.05571109999436885}
{"items_size": 1143, "stocks_size": 348, "fill_percentage": 0.9726363905867708, "solution_time": 0.03926430002320558}
{"items_size": 1134, "stocks_size": 369, "fill_percentage": 0.9793119713383223, "solution_time": 0.04879190004430711}
{"items_size": 1126, "stocks_size": 377, "fill_percentage": 0.9784127604166667, "solution_time": 0.047997299931012094}
{"items_size": 1139, "stocks_size": 379, "fill_percentage": 0.9821999817201352, "solution_time": 0.03880800004117191}
{"items_size": 1119, "stocks_size": 371, "fill_percentage": 0.9809158709502083, "solution_time": 0.037897299975156784}
{"items_size": 1134, "stocks_size": 380, "fill_percentage": 0.9801292323727975, "solution_time": 0.05979049997404218}
{"items_size": 1126, "stocks_size": 372, "fill_percentage": 0.9850752267352263, "solution_time": 0.0508224000222981}
{"items_size": 1137, "stocks_size": 362, "fill_percentage": 0.9804158693963063, "solution_time": 0.04889449989423156}
{"items_size": 1099, "stocks_size": 374, "fill_percentage": 0.9793518849282006, "solution_time": 0.037132599973119795}
{"items_size": 1141, "stocks_size": 365, "fill_percentage": 0.973415063048463, "solution_time": 0.03908070002216846}
{"items_size": 1140, "stocks_size": 374, "fill_percentage": 0.9821710732869767, "solution_time": 0.04229810007382184}
{"items_size": 1125, "stocks_size": 356, "fill_percentage": 0.9793875003060051, "solution_time": 0.049547300091944635}
{"items_size": 1125, "stocks_size": 365, "fill_percentage": 0.9821336088514556, "solution_time": 0.03824609995353967}
{"items_size": 1131, "stocks_size": 362, "fill_percentage": 0.9816145784443807, "solution_time": 0.038537299958989024}
{"items_size": 1116, "stocks_size": 365, "fill_percentage": 0.9809296843100044, "solution_time": 0.04800240008626133}
{"items_size": 1127, "stocks_size": 365, "fill_percentage": 0.974362024413022, "solution_time": 0.04003899998497218}
{"items_size": 1099, "stocks_size": 382, "fill_percentage": 0.9854782047415731, "solution_time": 0.05991020007058978}
{"items_size": 1134, "stocks_size": 353, "fill_percentage": 0.9758002670280681, "solution_time": 0.04902000003494322}
{"items_size": 1140, "stocks_size": 368, "fill_percentage": 0.969163963689668, "solution_time": 0.04030380002222955}
{"items_size": 1094, "stocks_size": 381, "fill_percentage": 0.9845629153560961, "solution_time": 0.0370775000192225}
{"items_size": 1135, "stocks_size": 358, "fill_percentage": 0.9812344843004706, "solution_time": 0.03838429995812476}
{"items_size": 1137, "stocks_size": 369, "fill_percentage": 0.9813202535261246, "solution_time": 0.03772919997572899}
{"items_size": 1142, "stocks_size": 378, "fill_percentage": 0.9844844633141757, "solution_time": 0.061747000087052584}
{"items_size": 1128, "stocks_size": 360, "fill_percentage": 0.9805120342215121, "solution_time": 0.04882799996994436}
{"items_size": 1124, "stocks_size": 370, "fill_percentage": 0.9794774116724874, "solution_time": 0.050754700088873506}
{"items_size": 1144, "stocks_size": 363, "fill_percentage": 0.9807712231919523, "solution_time": 0.04582170001231134}
{"items_size": 1126, "stocks_size": 361, "fill_percentage": 0.9799288724338147, "solution_time": 0.037914899992756546}
{"items_size": 1125, "stocks_size": 375, "fill_percentage": 0.9782111278615507, "solution_time": 0.037743199965916574}
{"items_size": 1120, "stocks_size": 379, "fill_percentage": 0.979836970840089,