{"items_size": 1115, "stocks_size": 374, "fill_percentage": 0.7015509447356765, "solution_time": 0.11016270006075501}
{"items_size": 1111, "stocks_size": 373, "fill_percentage": 0.6885499989953255, "solution_time": 0.12520239991135895}
{"items_size": 1127, "stocks_size": 358, "fill_percentage": 0.7281510708730662, "solution_time": 0.1319738000165671}
{"items_size": 1135, "stocks_size": 376, "fill_percentage": 0.7005625835805525, "solution_time": 0.14031529997009784}
{"items_size": 1127, "stocks_size": 382, "fill_percentage": 0.707167849518829, "solution_time": 0.09716410003602505}
{"items_size": 1106, "stocks_size": 368, "fill_percentage": 0.7210862959880784, "solution_time": 0.10199960006866604}
{"items_size": 1131, "stocks_size": 367, "fill_percentage": 0.7013502373471227, "solution_time": 0.09663140005432069}
{"items_size": 1105, "stocks_size": 373, "fill_percentage": 0.6933822035237716, "solution_time": 0.1087788000004366}
{"items_size": 1130, "stocks_size": 381, "fill_percentage": 0.7089656555080946, "solution_time": 0.1216864000307396}
{"items_size": 1103, "stocks_size": 374, "fill_percentage": 0.7099248099007377, "solution_time": 0.10245890007354319}
{"items_size": 1122, "stocks_size": 378, "fill_percentage": 0.7140521143188807, "solution_time": 0.10372410004492849}
{"items_size": 1125, "stocks_size": 368, "fill_percentage": 0.7287411011877083, "solution_time": 0.10409339994657785}
{"items_size": 1129, "stocks_size": 357, "fill_percentage": 0.706855405948553, "solution_time": 0.1208733000094071}
{"items_size": 1139, "stocks_size": 377, "fill_percentage": 0.6993972767467609, "solution_time": 0.11227659997530282}
{"items_size": 1128, "stocks_size": 357, "fill_percentage": 0.7279085814856381, "solution_time": 0.09373730001971126}
{"items_size": 1114, "stocks_size": 380, "fill_percentage": 0.7201006118709572, "solution_time": 0.13177199999336153}
{"items_size": 1116, "stocks_size": 376, "fill_percentage": 0.7188490796172601, "solution_time": 0.08965490001719445}
{"items_size": 1136, "stocks_size": 381, "fill_percentage": 0.6954969551988356, "solution_time": 0.088458500104025}
{"items_size": 1111, "stocks_size": 379, "fill_percentage": 0.7238244232221435, "solution_time": 0.09874929999932647}
{"items_size": 1139, "stocks_size": 347, "fill_percentage": 0.7144280567955781, "solution_time": 0.13269459991715848}
{"items_size": 1139, "stocks_size": 373, "fill_percentage": 0.7198238986167746, "solution_time": 0.09952820010948926}
{"items_size": 1127, "stocks_size": 373, "fill_percentage": 0.7006509050065367, "solution_time": 0.10037060000468045}
{"items_size": 1144, "stocks_size": 364, "fill_percentage": 0.7019275758186603, "solution_time": 0.10599800001364201}
{"items_size": 1122, "stocks_size": 380, "fill_percentage": 0.7169576155047164, "solution_time": 0.11464479996357113}
{"items_size": 1089, "stocks_size": 381, "fill_percentage": 0.7110064865684605, "solution_time": 0.08849350002128631}
{"items_size": 1145, "stocks_size": 354, "fill_percentage": 0.7005190803422618, "solution_time": 0.08920090005267411}
{"items_size": 1106, "stocks_size": 382, "fill_percentage": 0.7171908166602984, "solution_time": 0.11796049994882196}
{"items_size": 1117, "stocks_size": 369, "fill_percentage": 0.7324682694990501, "solution_time": 0.0980011000065133}
{"items_size": 1145, "stocks_size": 376, "fill_percentage": 0.7073837130032375, "solution_time": 0.12016259995289147}
{"items_size": 1134, "stocks_size": 351, "fill_percentage": 0.7089726293545697, "solution_time": 0.09005479991901666}
{"items_size": 1140, "stocks_size": 350, "fill_percentage": 0.7321144183779641, "solution_time": 0.10085950000211596}
{"items_size": 1140, "stocks_size": 366, "fill_percentage": 0.7211878898817409, "solution_time": 0.10272720002103597}
{"items_size": 1123, "stocks_size": 377, "fill_percentage": 0.7139074117231373, "solution_time": 0.08308190002571791}
{"items_size": 1134, "stocks_size": 376, "fill_percentage": 0.7270812511712161, "solution_time": 0.10843529994599521}
{"items_size": 1113, "stocks_size": 382, "fill_percentage": 0.719861491520066, "solution_time": 0.13813759991899133}
{"items_size": 1109, "stocks_size": 372, "fill_percentage": 0.7141952851121004, "solution_time": 0.08923109993338585}
{"items_size": 1116, "stocks_size": 374, "fill_percentage": 0.7225726530623582, "solution_time": 0.11801310000009835}
{"items_size": 1124, "stocks_size": 362, "fill_percentage": 0.7100298792128678, "solution_time": 0.1339225999545306}
{"items_size": 1142, "stocks_size": 364, "fill_percentage": 0.7116952676918858, "solution_time": 0.08679930004291236}
{"items_size": 1143, "stocks_size": 348, "fill_percentage": 0.7079291691213468, "solution_time": 0.10759629996027797}
{"items_size": 1134, "stocks_size": 369, "fill_percentage": 0.7172940255097139, "solution_time": 0.1256941999308765}
{"items_size": 1126, "stocks_size": 377, "fill_percentage": 0.7124884913662728, "solution_time": 0.12483810004778206}
{"items_size": 1139, "stocks_size": 379, "fill_percentage": 0.7134183279716082, "solution_time": 0.13722539995796978}
{"items_size": 1119, "stocks_size": 371, "fill_percentage": 0.7137423122740267, "solution_time": 0.10389430006034672}
{"items_size": 1134, "stocks_size": 380, "fill_percentage": 0.6974628447348407, "solution_time": 0.09603160002734512}
{"items_size": 1126, "stocks_size": 372, "fill_percentage": 0.7129565913782713, "solution_time": 0.08830880001187325}
{"items_size": 1137, "stocks_size": 362, "fill_percentage": 0.7058004871459455, "solution_time": 0.11755979992449284}
{"items_size": 1099, "stocks_size": 374, "fill_percentage": 0.7125574332217117, "solution_time": 0.10258529998827726}
{"items_size": 1141, "stocks_size": 365, "fill_percentage": 0.7215714086701029, "solution_time": 0.09594849997665733}
{"items_size": 1140, "stocks_size": 374, "fill_percentage": 0.6976124411884055, "solution_time": 0.12080940010491759}
{"items_size": 1125, "stocks_size": 356, "fill_percentage": 0.7171160751179733, "solution_time": 0.10095069999806583}
{"items_size": 1125, "stocks_size": 365, "fill_percentage": 0.717368917793249, "solution_time": 0.09668369998689741}
{"items_size": 1131, "stocks_size": 362, "fill_percentage": 0.6962514699279949, "solution_time": 0.1446441999869421}
{"items_size": 1116, "stocks_size": 365, "fill_percentage": 0.7179252481890935, "solution_time": 0.11932269996032119}
{"items_size": 1127, "stocks_size": 365, "fill_percentage": 0.6972557982852362, "solution_time": 0.13764690002426505}
{"items_size": 1099, "stocks_size": 382, "fill_percentage": 0.7129049851688833, "solution_time": 0.09967440005857497}
{"items_size": 1134, "stocks_size": 353, "fill_percentage": 0.6947969872583298, "solution_time": 0.10784710000734776}
{"items_size": 1140, "stocks_size": 368, "fill_percentage": 0.7074300964070064, "solution_time": 0.12548829999286681}
{"items_size": 1094, "stocks_size": 381, "fill_percentage": 0.724012397042012, "solution_time": 0.10873959993477911}
{"items_size": 1135, "stocks_size": 358, "fill_percentage": 0.7001974369165537, "solution_time": 0.12059609999414533}
{"items_size": 1137, "stocks_size": 369, "fill_percentage": 0.713476315377782, "solution_time": 0.1180933000287041}
{"items_size": 1142, "stocks_size": 378, "fill_percentage": 0.711701992456739, "solution_time": 0.10238749999552965}
{"items_size": 1128, "stocks_size": 360, "fill_percentage": 0.7129399927300254, "solution_time": 0.10838969994802028}
{"items_size": 1124, "stocks_size": 370, "fill_percentage": 0.7035693824433114, "solution_time": 0.14535959996283054}
{"items_size": 1144, "stocks_size": 363, "fill_percentage": 0.6964318088463395, "solution_time": 0.12313590000849217}
{"items_size": 1126, "stocks_size": 361, "fill_percentage": 0.7181415196342069, "solution_time": 0.08449759997893125}
{"items_size": 1125, "stocks_size": 375, "fill_percentage": 0.704115308704249, "solution_time": 0.10639440000522882}
{"items_size": 1120, "stocks_size": 379,