{"items_size": 1115, "stocks_size": 374, "fill_percentage": 0.6603796856662908, "solution_time": 0.09284010005649179}
{"items_size": 1111, "stocks_size": 373, "fill_percentage": 0.6467650636829562, "solution_time": 0.059888800024054945}
{"items_size": 1127, "stocks_size": 358, "fill_percentage": 0.6435628478541114, "solution_time": 0.06593339995015413}
{"items_size": 1135, "stocks_size": 376, "fill_percentage": 0.6432895254528549, "solution_time": 0.061115500051528215}
{"items_size": 1127, "stocks_size": 382, "fill_percentage": 0.6419093950524768, "solution_time": 0.09026309999171644}
{"items_size": 1106, "stocks_size": 368, "fill_percentage": 0.6553542783570434, "solution_time": 0.08613770001102239}
{"items_size": 1131, "stocks_size": 367, "fill_percentage": 0.6236302761389309, "solution_time": 0.0643800999969244}
{"items_size": 1105, "stocks_size": 373, "fill_percentage": 0.6453983432284278, "solution_time": 0.07555229996796697}
{"items_size": 1130, "stocks_size": 381, "fill_percentage": 0.6345623750729001, "solution_time": 0.0728146000765264}
{"items_size": 1103, "stocks_size": 374, "fill_percentage": 0.6510412293041878, "solution_time": 0.09203900001011789}
{"items_size": 1122, "stocks_size": 378, "fill_percentage": 0.6588503872808805, "solution_time": 0.07359769998583943}
{"items_size": 1125, "stocks_size": 368, "fill_percentage": 0.6549735354150882, "solution_time": 0.07500449998769909}
{"items_size": 1129, "stocks_size": 357, "fill_percentage": 0.6482364908089832, "solution_time": 0.07668970001395792}
{"items_size": 1139, "stocks_size": 377, "fill_percentage": 0.6398257298359677, "solution_time": 0.06649919995106757}
{"items_size": 1128, "stocks_size": 357, "fill_percentage": 0.6388452260656847, "solution_time": 0.058698899927549064}
{"items_size": 1114, "stocks_size": 380, "fill_percentage": 0.6435701249107842, "solution_time": 0.06502199999522418}
{"items_size": 1116, "stocks_size": 376, "fill_percentage": 0.6320164582697103, "solution_time": 0.06089580000843853}
{"items_size": 1136, "stocks_size": 381, "fill_percentage": 0.6262901399166633, "solution_time": 0.0817490000044927}
{"items_size": 1111, "stocks_size": 379, "fill_percentage": 0.6533575729435679, "solution_time": 0.10049970005638897}
{"items_size": 1139, "stocks_size": 347, "fill_percentage": 0.6264586591990174, "solution_time": 0.07420370006002486}
{"items_size": 1139, "stocks_size": 373, "fill_percentage": 0.6505980453883975, "solution_time": 0.06388560007326305}
{"items_size": 1127, "stocks_size": 373, "fill_percentage": 0.6419938570347581, "solution_time": 0.06528330000583082}
{"items_size": 1144, "stocks_size": 364, "fill_percentage": 0.6239134437094802, "solution_time": 0.08772229996975511}
{"items_size": 1122, "stocks_size": 380, "fill_percentage": 0.6419169310510121, "solution_time": 0.06199820002075285}
{"items_size": 1089, "stocks_size": 381, "fill_percentage": 0.6396572146430619, "solution_time": 0.06930999993346632}
{"items_size": 1145, "stocks_size": 354, "fill_percentage": 0.6413302915182628, "solution_time": 0.06675590004306287}
{"items_size": 1106, "stocks_size": 382, "fill_percentage": 0.6342994501795235, "solution_time": 0.0811647999798879}
{"items_size": 1117, "stocks_size": 369, "fill_percentage": 0.6423831468838198, "solution_time": 0.0786274999845773}
{"items_size": 1145, "stocks_size": 376, "fill_percentage": 0.6364290885592259, "solution_time": 0.09808889997657388}
{"items_size": 1134, "stocks_size": 351, "fill_percentage": 0.6343939917208012, "solution_time": 0.07607690000440925}
{"items_size": 1140, "stocks_size": 350, "fill_percentage": 0.6449207073100343, "solution_time": 0.06115149997640401}
{"items_size": 1140, "stocks_size": 366, "fill_percentage": 0.6404336305268286, "solution_time": 0.0976270999526605}
{"items_size": 1123, "stocks_size": 377, "fill_percentage": 0.6367592504119582, "solution_time": 0.08061580010689795}
{"items_size": 1134, "stocks_size": 376, "fill_percentage": 0.650837583719057, "solution_time": 0.08095169998705387}
{"items_size": 1113, "stocks_size": 382, "fill_percentage": 0.6565228015033417, "solution_time": 0.08405880001373589}
{"items_size": 1109, "stocks_size": 372, "fill_percentage": 0.6262288199926492, "solution_time": 0.06288769992534071}
{"items_size": 1116, "stocks_size": 374, "fill_percentage": 0.6386885954252073, "solution_time": 0.08953239989932626}
{"items_size": 1124, "stocks_size": 362, "fill_percentage": 0.6582558257617844, "solution_time": 0.06838439998682588}
{"items_size": 1142, "stocks_size": 364, "fill_percentage": 0.6319353592541253, "solution_time": 0.07460259995423257}
{"items_size": 1143, "stocks_size": 348, "fill_percentage": 0.6391838582422557, "solution_time": 0.061534599983133376}
{"items_size": 1134, "stocks_size": 369, "fill_percentage": 0.6492062808903989, "solution_time": 0.06340300000738353}
{"items_size": 1126, "stocks_size": 377, "fill_percentage": 0.6509991700295774, "solution_time": 0.07468479999806732}
{"items_size": 1139, "stocks_size": 379, "fill_percentage": 0.6467529862161778, "solution_time": 0.06300540000665933}
{"items_size": 1119, "stocks_size": 371, "fill_percentage": 0.6472918211446603, "solution_time": 0.09457279997877777}
{"items_size": 1134, "stocks_size": 380, "fill_percentage": 0.6412684398094803, "solution_time": 0.07252179994247854}
{"items_size": 1126, "stocks_size": 372, "fill_percentage": 0.6490692764827729, "solution_time": 0.09243160008918494}
{"items_size": 1137, "stocks_size": 362, "fill_percentage": 0.6400812602926209, "solution_time": 0.08304900000803173}
{"items_size": 1099, "stocks_size": 374, "fill_percentage": 0.6287113065585598, "solution_time": 0.08240059996023774}
{"items_size": 1141, "stocks_size": 365, "fill_percentage": 0.633859494097379, "solution_time": 0.07383199990727007}
{"items_size": 1140, "stocks_size": 374, "fill_percentage": 0.6392280771688347, "solution_time": 0.08570509997662157}
{"items_size": 1125, "stocks_size": 356, "fill_percentage": 0.6230261313732208, "solution_time": 0.060346099897287786}
{"items_size": 1125, "stocks_size": 365, "fill_percentage": 0.6449160919214482, "solution_time": 0.083202000008896}
{"items_size": 1131, "stocks_size": 362, "fill_percentage": 0.624867674026319, "solution_time": 0.07192120002582669}
{"items_size": 1116, "stocks_size": 365, "fill_percentage": 0.6453114296019672, "solution_time": 0.06255499995313585}
{"items_size": 1127, "stocks_size": 365, "fill_percentage": 0.6461654659052286, "solution_time": 0.07518080004956573}
{"items_size": 1099, "stocks_size": 382, "fill_percentage": 0.650986234223529, "solution_time": 0.07468919991515577}
{"items_size": 1134, "stocks_size": 353, "fill_percentage": 0.6378092192194166, "solution_time": 0.09237719990778714}
{"items_size": 1140, "stocks_size": 368, "fill_percentage": 0.639107276873866, "solution_time": 0.09711370000150055}
{"items_size": 1094, "stocks_size": 381, "fill_percentage": 0.6717760845238613, "solution_time": 0.06686090002767742}
{"items_size": 1135, "stocks_size": 358, "fill_percentage": 0.640174694579578, "solution_time": 0.06327090004924685}
{"items_size": 1137, "stocks_size": 369, "fill_percentage": 0.6289896287597662, "solution_time": 0.07068970007821918}
{"items_size": 1142, "stocks_size": 378, "fill_percentage": 0.6693495986835779, "solution_time": 0.08752760000061244}
{"items_size": 1128, "stocks_size": 360, "fill_percentage": 0.6563747691676061, "solution_time": 0.08228390000294894}
{"items_size": 1124, "stocks_size": 370, "fill_percentage": 0.6305207040210836, "solution_time": 0.09080620005261153}
{"items_size": 1144, "stocks_size": 363, "fill_percentage": 0.6278069462099022, "solution_time": 0.08863690006546676}
{"items_size": 1126, "stocks_size": 361, "fill_percentage": 0.6545671816983664, "solution_time": 0.06606960005592555}
{"items_size": 1125, "stocks_size": 375, "fill_percentage": 0.6551084589279034, "solution_time": 0.07179239997640252}
{"items_size": 1120,