{"items_size": 1115, "stocks_size": 374, "fill_percentage": 0.982011921789774, "solution_time": 0.06215070001780987}
{"items_size": 1111, "stocks_size": 373, "fill_percentage": 0.9783496244309363, "solution_time": 0.05252190004102886}
{"items_size": 1127, "stocks_size": 358, "fill_percentage": 0.9781875287049, "solution_time": 0.04806359997019172}
{"items_size": 1135, "stocks_size": 376, "fill_percentage": 0.9769358555275709, "solution_time": 0.07724999997299165}
{"items_size": 1127, "stocks_size": 382, "fill_percentage": 0.976378492244716, "solution_time": 0.07082069991156459}
{"items_size": 1106, "stocks_size": 368, "fill_percentage": 0.9805517359352075, "solution_time": 0.06444520002696663}
{"items_size": 1131, "stocks_size": 367, "fill_percentage": 0.9865934715811938, "solution_time": 0.05390389997046441}
{"items_size": 1105, "stocks_size": 373, "fill_percentage": 0.9821370747977511, "solution_time": 0.06095169996842742}
{"items_size": 1130, "stocks_size": 381, "fill_percentage": 0.980944235110998, "solution_time": 0.06763209996279329}
{"items_size": 1103, "stocks_size": 374, "fill_percentage": 0.9794596284212789, "solution_time": 0.07227300002705306}
{"items_size": 1122, "stocks_size": 378, "fill_percentage": 0.9756703892508951, "solution_time": 0.06617759994696826}
{"items_size": 1125, "stocks_size": 368, "fill_percentage": 0.9814824541909938, "solution_time": 0.06786439998541027}
{"items_size": 1129, "stocks_size": 357, "fill_percentage": 0.9775847969469892, "solution_time": 0.05634390003979206}
{"items_size": 1139, "stocks_size": 377, "fill_percentage": 0.9824679764076668, "solution_time": 0.07508920005057007}
{"items_size": 1128, "stocks_size": 357, "fill_percentage": 0.9775778274688859, "solution_time": 0.054220099933445454}
{"items_size": 1114, "stocks_size": 380, "fill_percentage": 0.9828687742003925, "solution_time": 0.048628599965013564}
{"items_size": 1116, "stocks_size": 376, "fill_percentage": 0.9824606773631523, "solution_time": 0.07351839996408671}
{"items_size": 1136, "stocks_size": 381, "fill_percentage": 0.9774635481872854, "solution_time": 0.0497987000271678}
{"items_size": 1111, "stocks_size": 379, "fill_percentage": 0.9830069582048121, "solution_time": 0.04715380002744496}
{"items_size": 1139, "stocks_size": 347, "fill_percentage": 0.9797116642846099, "solution_time": 0.047767600044608116}
{"items_size": 1139, "stocks_size": 373, "fill_percentage": 0.9864839507187421, "solution_time": 0.048720399965532124}
{"items_size": 1127, "stocks_size": 373, "fill_percentage": 0.9786947016460905, "solution_time": 0.05833309993613511}
{"items_size": 1144, "stocks_size": 364, "fill_percentage": 0.976337160099086, "solution_time": 0.06158780003897846}
{"items_size": 1122, "stocks_size": 380, "fill_percentage": 0.9847642542637935, "solution_time": 0.0733215999789536}
{"items_size": 1089, "stocks_size": 381, "fill_percentage": 0.979121548227515, "solution_time": 0.05154330004006624}
{"items_size": 1145, "stocks_size": 354, "fill_percentage": 0.9815706613503415, "solution_time": 0.06331360002513975}
{"items_size": 1106, "stocks_size": 382, "fill_percentage": 0.9789316465064396, "solution_time": 0.04770790005568415}
{"items_size": 1117, "stocks_size": 369, "fill_percentage": 0.9769612261017498, "solution_time": 0.04835939989425242}
{"items_size": 1145, "stocks_size": 376, "fill_percentage": 0.9778450372144246, "solution_time": 0.04900519992224872}
{"items_size": 1134, "stocks_size": 351, "fill_percentage": 0.9769950074425086, "solution_time": 0.06642210006248206}
{"items_size": 1140, "stocks_size": 350, "fill_percentage": 0.9807676417400963, "solution_time": 0.0779965000692755}
{"items_size": 1140, "stocks_size": 366, "fill_percentage": 0.9821515562720418, "solution_time": 0.07253480004146695}
{"items_size": 1123, "stocks_size": 377, "fill_percentage": 0.9777337913300652, "solution_time": 0.0781433000229299}
{"items_size": 1134, "stocks_size": 376, "fill_percentage": 0.9816245989234347, "solution_time": 0.05679679999593645}
{"items_size": 1113, "stocks_size": 382, "fill_percentage": 0.9790440863245231, "solution_time": 0.0527565999655053}
{"items_size": 1109, "stocks_size": 372, "fill_percentage": 0.9847064241367929, "solution_time": 0.05651259992737323}
{"items_size": 1116, "stocks_size": 374, "fill_percentage": 0.9829592684954281, "solution_time": 0.0761826999951154}
{"items_size": 1124, "stocks_size": 362, "fill_percentage": 0.9798244756053102, "solution_time": 0.047601699945516884}
{"items_size": 1142, "stocks_size": 364, "fill_percentage": 0.9734998324673312, "solution_time": 0.04876160004641861}
{"items_size": 1143, "stocks_size": 348, "fill_percentage": 0.9792458765452893, "solution_time": 0.07253080001100898}
{"items_size": 1134, "stocks_size": 369, "fill_percentage": 0.978364375942298, "solution_time": 0.06200059992261231}
{"items_size": 1126, "stocks_size": 377, "fill_percentage": 0.9780701811474887, "solution_time": 0.07258689997252077}
{"items_size": 1139, "stocks_size": 379, "fill_percentage": 0.9788536836845069, "solution_time": 0.04940729995723814}
{"items_size": 1119, "stocks_size": 371, "fill_percentage": 0.9789767155584301, "solution_time": 0.046589499921537936}
{"items_size": 1134, "stocks_size": 380, "fill_percentage": 0.9767258649866838, "solution_time": 0.0733565998962149}
{"items_size": 1126, "stocks_size": 372, "fill_percentage": 0.9788616993261753, "solution_time": 0.08536490006372333}
{"items_size": 1137, "stocks_size": 362, "fill_percentage": 0.9791688256571968, "solution_time": 0.07667930005118251}
{"items_size": 1099, "stocks_size": 374, "fill_percentage": 0.9775940104677919, "solution_time": 0.05452150001656264}
{"items_size": 1141, "stocks_size": 365, "fill_percentage": 0.9798842561597172, "solution_time": 0.0640638000331819}
{"items_size": 1140, "stocks_size": 374, "fill_percentage": 0.9763031841756893, "solution_time": 0.0664974000537768}
{"items_size": 1125, "stocks_size": 356, "fill_percentage": 0.9815754370151898, "solution_time": 0.04996699991170317}
{"items_size": 1125, "stocks_size": 365, "fill_percentage": 0.9841879154522007, "solution_time": 0.04749150003772229}
{"items_size": 1131, "stocks_size": 362, "fill_percentage": 0.9838597508337116, "solution_time": 0.04881629999727011}
{"items_size": 1116, "stocks_size": 365, "fill_percentage": 0.9806136424607825, "solution_time": 0.04923280002549291}
{"items_size": 1127, "stocks_size": 365, "fill_percentage": 0.9853623952537202, "solution_time": 0.047357200062833726}
{"items_size": 1099, "stocks_size": 382, "fill_percentage": 0.9771521276679458, "solution_time": 0.047862299950793386}
{"items_size": 1134, "stocks_size": 353, "fill_percentage": 0.9724017228721552, "solution_time": 0.056952200015075505}
{"items_size": 1140, "stocks_size": 368, "fill_percentage": 0.974011696772283, "solution_time": 0.08145389996934682}
{"items_size": 1094, "stocks_size": 381, "fill_percentage": 0.9734298790313917, "solution_time": 0.05419990001246333}
{"items_size": 1135, "stocks_size": 358, "fill_percentage": 0.9788664212921482, "solution_time": 0.04946030001156032}
{"items_size": 1137, "stocks_size": 369, "fill_percentage": 0.976639282672945, "solution_time": 0.04726929997559637}
{"items_size": 1142, "stocks_size": 378, "fill_percentage": 0.9794868962324695, "solution_time": 0.049719100003130734}
{"items_size": 1128, "stocks_size": 360, "fill_percentage": 0.9796587521047997, "solution_time": 0.05616190005093813}
{"items_size": 1124, "stocks_size": 370, "fill_percentage": 0.9787822659606977, "solution_time": 0.05236920004244894}
{"items_size": 1144, "stocks_size": 363, "fill_percentage": 0.9774173802096009, "solution_time": 0.05942069995217025}
{"items_size": 1126, "stocks_size": 361, "fill_percentage": 0.9758068390721761, "solution_time": 0.050953400088474154}
{"items_size": 1125, "stocks_size": 375, "fill_percentage": 0.9775821354916291, "solution_time": 0.07395779993385077}
{"items_size": 1120,