{"items_size": 1115, "stocks_size": 374, "fill_percentage": 0.693206039162185, "solution_time": 0.1436092999065295}
{"items_size": 1111, "stocks_size": 373, "fill_percentage": 0.6960477818976851, "solution_time": 0.1235918999882415}
{"items_size": 1127, "stocks_size": 358, "fill_percentage": 0.7037444387554045, "solution_time": 0.1605515000410378}
{"items_size": 1135, "stocks_size": 376, "fill_percentage": 0.6964810336462237, "solution_time": 0.14727239997591823}
{"items_size": 1127, "stocks_size": 382, "fill_percentage": 0.6930950566038403, "solution_time": 0.12578540004324168}
{"items_size": 1106, "stocks_size": 368, "fill_percentage": 0.7210862959880784, "solution_time": 0.1075457000406459}
{"items_size": 1131, "stocks_size": 367, "fill_percentage": 0.686688619646724, "solution_time": 0.199427800020203}
{"items_size": 1105, "stocks_size": 373, "fill_percentage": 0.6895031676477081, "solution_time": 0.1392848000396043}
{"items_size": 1130, "stocks_size": 381, "fill_percentage": 0.6891634749421429, "solution_time": 0.17990180000197142}
{"items_size": 1103, "stocks_size": 374, "fill_percentage": 0.7058111346058007, "solution_time": 0.12216040003113449}
{"items_size": 1122, "stocks_size": 378, "fill_percentage": 0.706442288845188, "solution_time": 0.12040979997254908}
{"items_size": 1125, "stocks_size": 368, "fill_percentage": 0.7025972736291738, "solution_time": 0.11387569992803037}
{"items_size": 1129, "stocks_size": 357, "fill_percentage": 0.7028218508513393, "solution_time": 0.15507420001085848}
{"items_size": 1139, "stocks_size": 377, "fill_percentage": 0.6882433054034797, "solution_time": 0.17332030006218702}
{"items_size": 1128, "stocks_size": 357, "fill_percentage": 0.689441039400696, "solution_time": 0.14666500000748783}
{"items_size": 1114, "stocks_size": 380, "fill_percentage": 0.7033241796301954, "solution_time": 0.1430275000166148}
{"items_size": 1116, "stocks_size": 376, "fill_percentage": 0.6870109692318142, "solution_time": 0.1502228999743238}
{"items_size": 1136, "stocks_size": 381, "fill_percentage": 0.70965902739929, "solution_time": 0.14741139998659492}
{"items_size": 1111, "stocks_size": 379, "fill_percentage": 0.7154211881859928, "solution_time": 0.13540949998423457}
{"items_size": 1139, "stocks_size": 347, "fill_percentage": 0.7220086412296336, "solution_time": 0.12075370003003627}
{"items_size": 1139, "stocks_size": 373, "fill_percentage": 0.7021734192184739, "solution_time": 0.12972650001756847}
{"items_size": 1127, "stocks_size": 373, "fill_percentage": 0.7006509050065367, "solution_time": 0.17559909995179623}
{"items_size": 1144, "stocks_size": 364, "fill_percentage": 0.6943615618076809, "solution_time": 0.14745269995182753}
{"items_size": 1122, "stocks_size": 380, "fill_percentage": 0.7128357189283563, "solution_time": 0.13670000003185123}
{"items_size": 1089, "stocks_size": 381, "fill_percentage": 0.7110064865684605, "solution_time": 0.12426429998595268}
{"items_size": 1145, "stocks_size": 354, "fill_percentage": 0.6967868178611966, "solution_time": 0.14239729999098927}
{"items_size": 1106, "stocks_size": 382, "fill_percentage": 0.7041305991451805, "solution_time": 0.1680346999783069}
{"items_size": 1117, "stocks_size": 369, "fill_percentage": 0.7192366436399861, "solution_time": 0.11817040003370494}
{"items_size": 1145, "stocks_size": 376, "fill_percentage": 0.6932948924987096, "solution_time": 0.15277909999713302}
{"items_size": 1134, "stocks_size": 351, "fill_percentage": 0.7017171313845776, "solution_time": 0.13084350002463907}
{"items_size": 1140, "stocks_size": 350, "fill_percentage": 0.7064781910398945, "solution_time": 0.16875860001891851}
{"items_size": 1140, "stocks_size": 366, "fill_percentage": 0.706650350720014, "solution_time": 0.11494560004211962}
{"items_size": 1123, "stocks_size": 377, "fill_percentage": 0.7139074117231373, "solution_time": 0.1388398000271991}
{"items_size": 1134, "stocks_size": 376, "fill_percentage": 0.7138606546302001, "solution_time": 0.1708216000115499}
{"items_size": 1113, "stocks_size": 382, "fill_percentage": 0.7031611548852928, "solution_time": 0.14907299994956702}
{"items_size": 1109, "stocks_size": 372, "fill_percentage": 0.6936865816079426, "solution_time": 0.14574430009815842}
{"items_size": 1116, "stocks_size": 374, "fill_percentage": 0.6992471300360442, "solution_time": 0.14972029998898506}
{"items_size": 1124, "stocks_size": 362, "fill_percentage": 0.7139182771734554, "solution_time": 0.18940719997044653}
{"items_size": 1142, "stocks_size": 364, "fill_percentage": 0.6999504689271174, "solution_time": 0.17515759996604174}
{"items_size": 1143, "stocks_size": 348, "fill_percentage": 0.6971146343678284, "solution_time": 0.1616935000056401}
{"items_size": 1134, "stocks_size": 369, "fill_percentage": 0.6970455428513228, "solution_time": 0.16161599999759346}
{"items_size": 1126, "stocks_size": 377, "fill_percentage": 0.7083497909606384, "solution_time": 0.13464750000275671}
{"items_size": 1139, "stocks_size": 379, "fill_percentage": 0.6907933503562309, "solution_time": 0.15581060003023595}
{"items_size": 1119, "stocks_size": 371, "fill_percentage": 0.7220242091069791, "solution_time": 0.12635209993459284}
{"items_size": 1134, "stocks_size": 380, "fill_percentage": 0.6937836433803907, "solution_time": 0.11774959997273982}
{"items_size": 1126, "stocks_size": 372, "fill_percentage": 0.7015841125382745, "solution_time": 0.10460889991372824}
{"items_size": 1137, "stocks_size": 362, "fill_percentage": 0.6986432564661642, "solution_time": 0.13465120003093034}
{"items_size": 1099, "stocks_size": 374, "fill_percentage": 0.6924305200824867, "solution_time": 0.12665450002532452}
{"items_size": 1141, "stocks_size": 365, "fill_percentage": 0.7215714086701029, "solution_time": 0.12879400001838803}
{"items_size": 1140, "stocks_size": 374, "fill_percentage": 0.6782982383802767, "solution_time": 0.17345330002717674}
{"items_size": 1125, "stocks_size": 356, "fill_percentage": 0.7056805701644041, "solution_time": 0.13428679993376136}
{"items_size": 1125, "stocks_size": 365, "fill_percentage": 0.7003587786045965, "solution_time": 0.1424170999089256}
{"items_size": 1131, "stocks_size": 362, "fill_percentage": 0.6818674855383097, "solution_time": 0.1432063999818638}
{"items_size": 1116, "stocks_size": 365, "fill_percentage": 0.7099168116329899, "solution_time": 0.13428519992157817}
{"items_size": 1127, "stocks_size": 365, "fill_percentage": 0.690168442640584, "solution_time": 0.1319150000344962}
{"items_size": 1099, "stocks_size": 382, "fill_percentage": 0.7042805639106984, "solution_time": 0.10705280001275241}
{"items_size": 1134, "stocks_size": 353, "fill_percentage": 0.6983031237601359, "solution_time": 0.1372311000013724}
{"items_size": 1140, "stocks_size": 368, "fill_percentage": 0.7000965782563234, "solution_time": 0.10339069995097816}
{"items_size": 1094, "stocks_size": 381, "fill_percentage": 0.7091947377538816, "solution_time": 0.14930930000264198}
{"items_size": 1135, "stocks_size": 358, "fill_percentage": 0.6929889009260941, "solution_time": 0.1265839000698179}
{"items_size": 1137, "stocks_size": 369, "fill_percentage": 0.6943585250715402, "solution_time": 0.12827440002001822}
{"items_size": 1142, "stocks_size": 378, "fill_percentage": 0.7036043006364421, "solution_time": 0.14863910002168268}
{"items_size": 1128, "stocks_size": 360, "fill_percentage": 0.7168945168984735, "solution_time": 0.1505676000379026}
{"items_size": 1124, "stocks_size": 370, "fill_percentage": 0.7073294285832752, "solution_time": 0.1424293000018224}
{"items_size": 1144, "stocks_size": 363, "fill_percentage": 0.6964318088463395, "solution_time": 0.16102020000107586}
{"items_size": 1126, "stocks_size": 361, "fill_percentage": 0.7023944302875864, "solution_time": 0.17437499994412065}
{"items_size": 1125, "stocks_size": 375, "fill_percentage": 0.7077616095747359, "solution_time": 0.1335225000511855}
{"items_size": 1120, "stocks_size": 379, "fill_percentage": 0.6761224268297095,