{"items_size": 1115, "stocks_size": 374, "fill_percentage": 0.6991676679793364, "solution_time": 0.06926389993168414}
{"items_size": 1111, "stocks_size": 373, "fill_percentage": 0.6829473558336897, "solution_time": 0.07460300007369369}
{"items_size": 1127, "stocks_size": 358, "fill_percentage": 0.6761285866654196, "solution_time": 0.08678050001617521}
{"items_size": 1135, "stocks_size": 376, "fill_percentage": 0.6802081973023898, "solution_time": 0.08421490003820509}
{"items_size": 1127, "stocks_size": 382, "fill_percentage": 0.6927666968952905, "solution_time": 0.06728710001334548}
{"items_size": 1106, "stocks_size": 368, "fill_percentage": 0.697333944713743, "solution_time": 0.07634889998007566}
{"items_size": 1131, "stocks_size": 367, "fill_percentage": 0.6792021652278428, "solution_time": 0.08232680009678006}
{"items_size": 1105, "stocks_size": 373, "fill_percentage": 0.6819300094466799, "solution_time": 0.0894366999855265}
{"items_size": 1130, "stocks_size": 381, "fill_percentage": 0.6808750368818008, "solution_time": 0.06874640006572008}
{"items_size": 1103, "stocks_size": 374, "fill_percentage": 0.692194479446343, "solution_time": 0.05944690003525466}
{"items_size": 1122, "stocks_size": 378, "fill_percentage": 0.6763534098898524, "solution_time": 0.08693809993565083}
{"items_size": 1125, "stocks_size": 368, "fill_percentage": 0.6893812902816893, "solution_time": 0.07305959996301681}
{"items_size": 1129, "stocks_size": 357, "fill_percentage": 0.6938532989758185, "solution_time": 0.07919359998777509}
{"items_size": 1139, "stocks_size": 377, "fill_percentage": 0.67870906915828, "solution_time": 0.06471900001633912}
{"items_size": 1128, "stocks_size": 357, "fill_percentage": 0.6860203739579422, "solution_time": 0.057914999895729125}
{"items_size": 1114, "stocks_size": 380, "fill_percentage": 0.6949617218375393, "solution_time": 0.08463880000635982}
{"items_size": 1116, "stocks_size": 376, "fill_percentage": 0.675998389344276, "solution_time": 0.06192260002717376}
{"items_size": 1136, "stocks_size": 381, "fill_percentage": 0.6699243864373284, "solution_time": 0.07014669990167022}
{"items_size": 1111, "stocks_size": 379, "fill_percentage": 0.6976009095017776, "solution_time": 0.05993089999537915}
{"items_size": 1139, "stocks_size": 347, "fill_percentage": 0.6809209750369776, "solution_time": 0.06668639997951686}
{"items_size": 1139, "stocks_size": 373, "fill_percentage": 0.6973585219884333, "solution_time": 0.0797881999751553}
{"items_size": 1127, "stocks_size": 373, "fill_percentage": 0.6738550273957562, "solution_time": 0.05559739994350821}
{"items_size": 1144, "stocks_size": 364, "fill_percentage": 0.6770139637675149, "solution_time": 0.06850260007195175}
{"items_size": 1122, "stocks_size": 380, "fill_percentage": 0.6889432194592294, "solution_time": 0.06035729998257011}
{"items_size": 1089, "stocks_size": 381, "fill_percentage": 0.6887320248968593, "solution_time": 0.091016799909994}
{"items_size": 1145, "stocks_size": 354, "fill_percentage": 0.6961692598147458, "solution_time": 0.06914180004969239}
{"items_size": 1106, "stocks_size": 382, "fill_percentage": 0.6740962659662372, "solution_time": 0.06756390002556145}
{"items_size": 1117, "stocks_size": 369, "fill_percentage": 0.6797215644036435, "solution_time": 0.08377760008443147}
{"items_size": 1145, "stocks_size": 376, "fill_percentage": 0.6992746473662141, "solution_time": 0.08090269996318966}
{"items_size": 1134, "stocks_size": 351, "fill_percentage": 0.6772843526701179, "solution_time": 0.09107399999629706}
{"items_size": 1140, "stocks_size": 350, "fill_percentage": 0.6867837870396104, "solution_time": 0.07716610003262758}
{"items_size": 1140, "stocks_size": 366, "fill_percentage": 0.6786193940899766, "solution_time": 0.05850269994698465}
{"items_size": 1123, "stocks_size": 377, "fill_percentage": 0.6882853793285896, "solution_time": 0.05915760004427284}
{"items_size": 1134, "stocks_size": 376, "fill_percentage": 0.68064224047745, "solution_time": 0.05820339999627322}
{"items_size": 1113, "stocks_size": 382, "fill_percentage": 0.6973292355721026, "solution_time": 0.07419469999149442}
{"items_size": 1109, "stocks_size": 372, "fill_percentage": 0.677027068238367, "solution_time": 0.06692070001736283}
{"items_size": 1116, "stocks_size": 374, "fill_percentage": 0.680305612336069, "solution_time": 0.09125839988701046}
{"items_size": 1124, "stocks_size": 362, "fill_percentage": 0.6962883660975578, "solution_time": 0.07458030001726002}
{"items_size": 1142, "stocks_size": 364, "fill_percentage": 0.6750758394795318, "solution_time": 0.06377110001631081}
{"items_size": 1143, "stocks_size": 348, "fill_percentage": 0.6716951319483675, "solution_time": 0.09293519996572286}
{"items_size": 1134, "stocks_size": 369, "fill_percentage": 0.6863837078103888, "solution_time": 0.0593042999971658}
{"items_size": 1126, "stocks_size": 377, "fill_percentage": 0.6881056469971997, "solution_time": 0.06173570000100881}
{"items_size": 1139, "stocks_size": 379, "fill_percentage": 0.671285170178985, "solution_time": 0.06260599999222904}
{"items_size": 1119, "stocks_size": 371, "fill_percentage": 0.687462455862746, "solution_time": 0.06181230000220239}
{"items_size": 1134, "stocks_size": 380, "fill_percentage": 0.6867384865606715, "solution_time": 0.05911169992759824}
{"items_size": 1126, "stocks_size": 372, "fill_percentage": 0.6884755766776276, "solution_time": 0.07650600001215935}
{"items_size": 1137, "stocks_size": 362, "fill_percentage": 0.6788751091643295, "solution_time": 0.07160719996318221}
{"items_size": 1099, "stocks_size": 374, "fill_percentage": 0.6907336442909892, "solution_time": 0.055301800020970404}
{"items_size": 1141, "stocks_size": 365, "fill_percentage": 0.6893046238293953, "solution_time": 0.06579229992348701}
{"items_size": 1140, "stocks_size": 374, "fill_percentage": 0.6797667105709606, "solution_time": 0.08290630008559674}
{"items_size": 1125, "stocks_size": 356, "fill_percentage": 0.6903214791364136, "solution_time": 0.06422100006602705}
{"items_size": 1125, "stocks_size": 365, "fill_percentage": 0.6991642157341951, "solution_time": 0.08772780001163483}
{"items_size": 1131, "stocks_size": 362, "fill_percentage": 0.6781531332184161, "solution_time": 0.09397819999139756}
{"items_size": 1116, "stocks_size": 365, "fill_percentage": 0.6890589400425369, "solution_time": 0.08130980003625154}
{"items_size": 1127, "stocks_size": 365, "fill_percentage": 0.6924569110882283, "solution_time": 0.06196379999164492}
{"items_size": 1099, "stocks_size": 382, "fill_percentage": 0.6885071534578897, "solution_time": 0.06194909999612719}
{"items_size": 1134, "stocks_size": 353, "fill_percentage": 0.6853800229763058, "solution_time": 0.05828230001498014}
{"items_size": 1140, "stocks_size": 368, "fill_percentage": 0.6857584399722366, "solution_time": 0.06250939995516092}
{"items_size": 1094, "stocks_size": 381, "fill_percentage": 0.700038629726347, "solution_time": 0.05156469997018576}
{"items_size": 1135, "stocks_size": 358, "fill_percentage": 0.6957868393827015, "solution_time": 0.0889960000058636}
{"items_size": 1137, "stocks_size": 369, "fill_percentage": 0.6738655942874029, "solution_time": 0.0670226999791339}
{"items_size": 1142, "stocks_size": 378, "fill_percentage": 0.6918720175087391, "solution_time": 0.07774510001763701}
{"items_size": 1128, "stocks_size": 360, "fill_percentage": 0.689933254638721, "solution_time": 0.08271190000232309}
{"items_size": 1124, "stocks_size": 370, "fill_percentage": 0.6872319071831797, "solution_time": 0.07457209995482117}
{"items_size": 1144, "stocks_size": 363, "fill_percentage": 0.6762868325574037, "solution_time": 0.05938879994209856}
{"items_size": 1126, "stocks_size": 361, "fill_percentage": 0.6881166976789387, "solution_time": 0.0721415999578312}
{"items_size": 1125, "stocks_size": 375, "fill_percentage": 0.6950854619446036, "solution_time": 0.05948489997535944}
{"items_size": 1120, "stocks_size": 379,