{"items_size": 9, "stocks_size": 4, "fill_percentage": 0.7421921921921922, "solution_time": 1.7138385772705078}
