{"items_size": 9, "stocks_size": 4, "fill_percentage": 0.7421921921921922, "solution_time": 1.0102901458740234}
{"items_size": 11, "stocks_size": 3, "fill_percentage": 0.9731473147314732, "solution_time": 53.03674650192261}
{"items_size": 9, "stocks_size": 4, "fill_percentage": 0.7009439478740289, "solution_time": 1.6466810703277588}
{"items_size": 9, "stocks_size": 4, "fill_percentage": 0.7668997668997669, "solution_time": 0.8885395526885986}
{"items_size": 11, "stocks_size": 3, "fill_percentage": 0.8497676819824471, "solution_time": 1.5499861240386963}
{"items_size": 9, "stocks_size": 4, "fill_percentage": 0.9056476916181084, "solution_time": 1.0227444171905518}
{"items_size": 9, "stocks_size": 4, "fill_percentage": 0.9567969179966979, "solution_time": 7.108390808105469}
{"items_size": 11, "stocks_size": 3, "fill_percentage": 0.7239665096807953, "solution_time": 1200.4604461193085}
{"items_size": 9, "stocks_size": 4, "fill_percentage": 0.7477622627998568, "solution_time": 1.7261557579040527}
{"items_size": 9, "stocks_size": 4, "fill_percentage": 0.6952851226505257, "solution_time": 791.4465754032135}
{"items_size": 9, "stocks_size": 4, "fill_percentage": 0.5631216526396328, "solution_time": 344.71084547042847}
{"items_size": 9, "stocks_size": 4, "fill_percentage": 0.944743935309973, "solution_time": 13.410023927688599}
{"items_size": 11, "stocks_size": 3, "fill_percentage": 0.6640816326530612, "solution_time": 1.0741455554962158}
{"items_size": 11, "stocks_size": 3, "fill_percentage": 0.8539153323097171, "solution_time": 1.5920114517211914}
{"items_size": 9, "stocks_size": 4, "fill_percentage": 0.9415584415584416, "solution_time": 3.629228353500366}
{"items_size": 11, "stocks_size": 3, "fill_percentage": 0.5177794832437964, "solution_time": 1200.3079998493195}
{"items_size": 9, "stocks_size": 4, "fill_percentage": 0.9462690867185249, "solution_time": 1.4308114051818848}
{"items_size": 9, "stocks_size": 4, "fill_percentage": 0.8574579831932773, "solution_time": 11.227581262588501}
{"items_size": 9, "stocks_size": 4, "fill_percentage": 0.8350447891632073, "solution_time": 0.9732925891876221}
{"items_size": 9, "stocks_size": 4, "fill_percentage": 0.8636465575241086, "solution_time": 0.8812179565429688}
{"items_size": 9, "stocks_size": 4, "fill_percentage": 0.8079710144927537, "solution_time": 0.5954751968383789}
{"items_size": 9, "stocks_size": 4, "fill_percentage": 0.9136189481017067, "solution_time": 3.0976810455322266}
{"items_size": 11, "stocks_size": 3, "fill_percentage": 0.8563950617283951, "solution_time": 3.760228157043457}
{"items_size": 11, "stocks_size": 3, "fill_percentage": 0.8076077768385461, "solution_time": 1.0761349201202393}
{"items_size": 9, "stocks_size": 4, "fill_percentage": 0.8881013745704467, "solution_time": 0.85772705078125}
{"items_size": 9, "stocks_size": 4, "fill_percentage": 0.6082289803220036, "solution_time": 43.30210900306702}
{"items_size": 11, "stocks_size": 3, "fill_percentage": 0.8636363636363636, "solution_time": 2.9073333740234375}
{"items_size": 11, "stocks_size": 3, "fill_percentage": 0.8019125683060109, "solution_time": 1.2678704261779785}
{"items_size": 11, "stocks_size": 3, "fill_percentage": 0.7706696335442598, "solution_time": 1.9989235401153564}
{"items_size": 11, "stocks_size": 3, "fill_percentage": 0.8466019417475729, "solution_time": 3.0162923336029053}
{"items_size": 11, "stocks_size": 3, "fill_percentage": 0.6789841632187188, "solution_time": 1.482111930847168}
{"items_size": 11, "stocks_size": 3, "fill_percentage": 0.5582557978058603, "solution_time": 1.6170299053192139}
{"items_size": 11, "stocks_size": 3, "fill_percentage": 0.9551652892561984, "solution_time": 13.187036037445068}
{"items_size": 11, "stocks_size": 3, "fill_percentage": 0.7961149590000796, "solution_time": 1.3107006549835205}
{"items_size": 11, "stocks_size": 3, "fill_percentage": 0.7188959306204136, "solution_time": 1.4499566555023193}
{"items_size": 11, "stocks_size": 3, "fill_percentage": 0.9236542443064182, "solution_time": 9.872469186782837}
{"items_size": 11, "stocks_size": 3, "fill_percentage": 0.8234011627906976, "solution_time": 1200.4125320911407}
{"items_size": 9, "stocks_size": 4, "fill_percentage": 0.9702127659574468, "solution_time": 3.1925315856933594}
{"items_size": 11, "stocks_size": 3, "fill_percentage": 0.7314423076923077, "solution_time": 1.603247880935669}
{"items_size": 11, "stocks_size": 3, "fill_percentage": 0.9557371467483827, "solution_time": 79.02462434768677}
{"items_size": 11, "stocks_size": 3, "fill_percentage": 0.8975468975468975, "solution_time": 1205.6094136238098}
{"items_size": 9, "stocks_size": 4, "fill_percentage": 0.6988980716253443, "solution_time": 1200.5121903419495}
{"items_size": 9, "stocks_size": 4, "fill_percentage": 0.8009775338706911, "solution_time": 0.9011023044586182}
{"items_size": 11, "stocks_size": 3, "fill_percentage": 0.8687506928278461, "solution_time": 2.7198591232299805}
{"items_size": 9, "stocks_size": 4, "fill_percentage": 0.8371236183458265, "solution_time": 50.5670440196991}
{"items_size": 9, "stocks_size": 4, "fill_percentage": 0.8871428571428571, "solution_time": 17.40425419807434}
{"items_size": 11, "stocks_size": 3, "fill_percentage": 0.9500821018062398, "solution_time": 117.20193529129028}
{"items_size": 11, "stocks_size": 3, "fill_percentage": 0.8771130104463438, "solution_time": 1.1936843395233154}
{"items_size": 11, "stocks_size": 3, "fill_percentage": 0.7001574493209998, "solution_time": 1.5689091682434082}
{"items_size": 11, "stocks_size": 3, "fill_percentage": 0.7260905349794239, "solution_time": 1.0028948783874512}
