{"items_size": 109, "stocks_size": 40, "fill_percentage": 0.6460572394638329, "solution_time": 0.003752900054678321}
{"items_size": 116, "stocks_size": 37, "fill_percentage": 0.6880137406453196, "solution_time": 0.0028596000047400594}
{"items_size": 116, "stocks_size": 35, "fill_percentage": 0.7316247582205029, "solution_time": 0.0050258999690413475}
{"items_size": 115, "stocks_size": 35, "fill_percentage": 0.6899174880525687, "solution_time": 0.003903399920091033}
{"items_size": 113, "stocks_size": 37, "fill_percentage": 0.6781423631029453, "solution_time": 0.004747499944642186}
{"items_size": 114, "stocks_size": 38, "fill_percentage": 0.6714366561565204, "solution_time": 0.0026814999291673303}
{"items_size": 116, "stocks_size": 39, "fill_percentage": 0.650029300109557, "solution_time": 0.002633500029332936}
{"items_size": 116, "stocks_size": 39, "fill_percentage": 0.6649305175620965, "solution_time": 0.002641199971549213}
{"items_size": 115, "stocks_size": 35, "fill_percentage": 0.6911872599369902, "solution_time": 0.003818199969828129}
{"items_size": 113, "stocks_size": 38, "fill_percentage": 0.6313001024187773, "solution_time": 0.0021589999087154865}
{"items_size": 115, "stocks_size": 37, "fill_percentage": 0.6454486268939394, "solution_time": 0.0023512999759986997}
{"items_size": 114, "stocks_size": 40, "fill_percentage": 0.6583713725274524, "solution_time": 0.002957699936814606}
{"items_size": 111, "stocks_size": 38, "fill_percentage": 0.703968253968254, "solution_time": 0.003170299925841391}
{"items_size": 117, "stocks_size": 37, "fill_percentage": 0.6763736263736264, "solution_time": 0.0020345000084489584}
{"items_size": 112, "stocks_size": 37, "fill_percentage": 0.6597642414403778, "solution_time": 0.0032872000010684133}
{"items_size": 113, "stocks_size": 38, "fill_percentage": 0.6993927125506073, "solution_time": 0.005257699987851083}
{"items_size": 114, "stocks_size": 36, "fill_percentage": 0.6569269639264492, "solution_time": 0.0030861999839544296}
{"items_size": 110, "stocks_size": 40, "fill_percentage": 0.6758309359677215, "solution_time": 0.0035125999711453915}
{"items_size": 113, "stocks_size": 39, "fill_percentage": 0.7161744254135558, "solution_time": 0.0041297998977825046}
{"items_size": 114, "stocks_size": 38, "fill_percentage": 0.5878327176281141, "solution_time": 0.0027273999294266105}
{"items_size": 113, "stocks_size": 39, "fill_percentage": 0.664672083150344, "solution_time": 0.0031026999931782484}
{"items_size": 114, "stocks_size": 40, "fill_percentage": 0.6241858552631578, "solution_time": 0.0029284999473020434}
{"items_size": 112, "stocks_size": 37, "fill_percentage": 0.6234677419354838, "solution_time": 0.0028301000129431486}
{"items_size": 116, "stocks_size": 40, "fill_percentage": 0.6441267501842299, "solution_time": 0.0028339000418782234}
{"items_size": 117, "stocks_size": 36, "fill_percentage": 0.6720672800460035, "solution_time": 0.0032892999006435275}
{"items_size": 112, "stocks_size": 38, "fill_percentage": 0.575619554808119, "solution_time": 0.002612799988128245}
{"items_size": 112, "stocks_size": 40, "fill_percentage": 0.680532495256167, "solution_time": 0.0019580000080168247}
{"items_size": 109, "stocks_size": 39, "fill_percentage": 0.6656510855137148, "solution_time": 0.0023038999643176794}
{"items_size": 114, "stocks_size": 37, "fill_percentage": 0.6413924244161602, "solution_time": 0.002104500075802207}
{"items_size": 115, "stocks_size": 37, "fill_percentage": 0.672264739229025, "solution_time": 0.0036810999736189842}
{"items_size": 114, "stocks_size": 38, "fill_percentage": 0.6523864289821737, "solution_time": 0.0035256000701338053}
{"items_size": 109, "stocks_size": 40, "fill_percentage": 0.6923548322282499, "solution_time": 0.0039521000580862164}
{"items_size": 110, "stocks_size": 39, "fill_percentage": 0.6084175642087821, "solution_time": 0.002616699901409447}
{"items_size": 115, "stocks_size": 38, "fill_percentage": 0.6896903460837887, "solution_time": 0.0025138999335467815}
{"items_size": 112, "stocks_size": 37, "fill_percentage": 0.6505935861856306, "solution_time": 0.002521099988371134}
{"items_size": 114, "stocks_size": 38, "fill_percentage": 0.6934303791446649, "solution_time": 0.0044139999663457274}
{"items_size": 115, "stocks_size": 36, "fill_percentage": 0.7040410883656205, "solution_time": 0.0033901999704539776}
{"items_size": 117, "stocks_size": 35, "fill_percentage": 0.6983016304347827, "solution_time": 0.004461200092919171}
{"items_size": 116, "stocks_size": 40, "fill_percentage": 0.7437770897832817, "solution_time": 0.0030547999776899815}
{"items_size": 112, "stocks_size": 39, "fill_percentage": 0.6784646464646464, "solution_time": 0.002412400091998279}
{"items_size": 113, "stocks_size": 38, "fill_percentage": 0.6844642588612018, "solution_time": 0.0024890999775379896}
{"items_size": 113, "stocks_size": 37, "fill_percentage": 0.6487522004763384, "solution_time": 0.0026448999997228384}
{"items_size": 116, "stocks_size": 35, "fill_percentage": 0.6664927122244195, "solution_time": 0.0028496000450104475}
{"items_size": 117, "stocks_size": 38, "fill_percentage": 0.690925534093236, "solution_time": 0.003782499930821359}
{"items_size": 112, "stocks_size": 40, "fill_percentage": 0.6357358899731781, "solution_time": 0.0021280000219121575}
{"items_size": 116, "stocks_size": 37, "fill_percentage": 0.6766490599258002, "solution_time": 0.0038186999736353755}
{"items_size": 114, "stocks_size": 38, "fill_percentage": 0.655284749034749, "solution_time": 0.003976099891588092}
{"items_size": 109, "stocks_size": 40, "fill_percentage": 0.6487680288461538, "solution_time": 0.0037116999737918377}
{"items_size": 116, "stocks_size": 38, "fill_percentage": 0.6412725654716501, "solution_time": 0.0037039000308141112}
{"items_size": 114, "stocks_size": 37, "fill_percentage": 0.6751329983744643, "solution_time": 0.006642600055783987}
{"items_size": 110, "stocks_size": 40, "fill_percentage": 0.6555212030993549, "solution_time": 0.0025538000045344234}
{"items_size": 115, "stocks_size": 37, "fill_percentage": 0.6797908496732026, "solution_time": 0.0027070000069215894}
{"items_size": 117, "stocks_size": 37, "fill_percentage": 0.6324654533198517, "solution_time": 0.0036446000449359417}
{"items_size": 116, "stocks_size": 39, "fill_percentage": 0.6659061277705346, "solution_time": 0.0017090000910684466}
{"items_size": 117, "stocks_size": 40, "fill_percentage": 0.6923137626262627, "solution_time": 0.0043623000383377075}
{"items_size": 113, "stocks_size": 38, "fill_percentage": 0.6362836438923395, "solution_time": 0.003935900051146746}
{"items_size": 113, "stocks_size": 40, "fill_percentage": 0.6146996838777661, "solution_time": 0.0032895999029278755}
{"items_size": 112, "stocks_size": 37, "fill_percentage": 0.6343027062418158, "solution_time": 0.0045115000102669}
{"items_size": 115, "stocks_size": 36, "fill_percentage": 0.6758925130504853, "solution_time": 0.0044658000115305185}
{"items_size": 114, "stocks_size": 38, "fill_percentage": 0.6470219278438456, "solution_time": 0.003187699941918254}
{"items_size": 114, "stocks_size": 38, "fill_percentage": 0.716142160615707, "solution_time": 0.003819099976681173}
{"items_size": 117, "stocks_size": 38, "fill_percentage": 0.601159420289855, "solution_time": 0.0037829000502824783}
{"items_size": 117, "stocks_size": 39, "fill_percentage": 0.6864602020583515, "solution_time": 0.004092499963007867}
{"items_size": 116, "stocks_size": 37, "fill_percentage": 0.7032063492063492, "solution_time": 0.0050490000285208225}
{"items_size": 117, "stocks_size": 38, "fill_percentage": 0.611511928715148, "solution_time": 0.0022536999313160777}
{"items_size": 113, "stocks_size": 38, "fill_percentage": 0.7581017384098584, "solution_time": 0.0035249999491497874}
{"items_size": 115, "stocks_size": 38, "fill_percentage": 0.6681568572233174, "solution_time": 0.0024622000055387616}
{"items_size": 113, "stocks_size": 38, "fill_percentage": 0.6359160424469413,