{"items_size": 109, "stocks_size": 40, "fill_percentage": 0.904480135249366, "solution_time": 0.0016873999265953898}
{"items_size": 116, "stocks_size": 37, "fill_percentage": 0.9460188933873145, "solution_time": 0.0014468999579548836}
{"items_size": 116, "stocks_size": 35, "fill_percentage": 0.8942080378250591, "solution_time": 0.0022542999358847737}
{"items_size": 115, "stocks_size": 35, "fill_percentage": 0.9198899840700916, "solution_time": 0.001396200037561357}
{"items_size": 113, "stocks_size": 37, "fill_percentage": 0.9607016810625058, "solution_time": 0.0019030999392271042}
{"items_size": 114, "stocks_size": 38, "fill_percentage": 0.9112354619267061, "solution_time": 0.0011130000930279493}
{"items_size": 116, "stocks_size": 39, "fill_percentage": 0.9100410201533797, "solution_time": 0.0011882999679073691}
{"items_size": 116, "stocks_size": 39, "fill_percentage": 0.9024057024057024, "solution_time": 0.0013199999229982495}
{"items_size": 115, "stocks_size": 35, "fill_percentage": 0.9038602629945256, "solution_time": 0.0015579999890178442}
{"items_size": 113, "stocks_size": 38, "fill_percentage": 0.8895592352264589, "solution_time": 0.0015780999092385173}
{"items_size": 115, "stocks_size": 37, "fill_percentage": 0.9112215909090909, "solution_time": 0.0013012000126764178}
{"items_size": 114, "stocks_size": 40, "fill_percentage": 0.9622350829247381, "solution_time": 0.0012820999836549163}
{"items_size": 111, "stocks_size": 38, "fill_percentage": 0.95995670995671, "solution_time": 0.00159580004401505}
{"items_size": 117, "stocks_size": 37, "fill_percentage": 0.9223276723276723, "solution_time": 0.001137399929575622}
{"items_size": 112, "stocks_size": 37, "fill_percentage": 0.9596570784587314, "solution_time": 0.0013047000393271446}
{"items_size": 113, "stocks_size": 38, "fill_percentage": 0.9092105263157895, "solution_time": 0.0014664999907836318}
{"items_size": 114, "stocks_size": 36, "fill_percentage": 0.9032745753988677, "solution_time": 0.001396200037561357}
{"items_size": 110, "stocks_size": 40, "fill_percentage": 0.935765911339922, "solution_time": 0.001294699963182211}
{"items_size": 113, "stocks_size": 39, "fill_percentage": 0.920795689817429, "solution_time": 0.0011900000972673297}
{"items_size": 114, "stocks_size": 38, "fill_percentage": 0.9013435003631082, "solution_time": 0.0012598000466823578}
{"items_size": 113, "stocks_size": 39, "fill_percentage": 0.9203151920543224, "solution_time": 0.0011845000553876162}
{"items_size": 114, "stocks_size": 40, "fill_percentage": 0.9179203753869969, "solution_time": 0.0014255000278353691}
{"items_size": 112, "stocks_size": 37, "fill_percentage": 0.9352016129032258, "solution_time": 0.0015567999798804522}
{"items_size": 116, "stocks_size": 40, "fill_percentage": 0.894620486366986, "solution_time": 0.0012106000212952495}
{"items_size": 117, "stocks_size": 36, "fill_percentage": 0.8960897067280046, "solution_time": 0.0012612000573426485}
{"items_size": 112, "stocks_size": 38, "fill_percentage": 0.9142192929305419, "solution_time": 0.0012524999910965562}
{"items_size": 112, "stocks_size": 40, "fill_percentage": 0.907376660341556, "solution_time": 0.0011778000043705106}
{"items_size": 109, "stocks_size": 39, "fill_percentage": 0.8971818978663113, "solution_time": 0.0010225999867543578}
{"items_size": 114, "stocks_size": 37, "fill_percentage": 0.9114523925913856, "solution_time": 0.001171099953353405}
{"items_size": 115, "stocks_size": 37, "fill_percentage": 0.8963529856386999, "solution_time": 0.0010261000134050846}
{"items_size": 114, "stocks_size": 38, "fill_percentage": 0.8896178577029641, "solution_time": 0.00209500000346452}
{"items_size": 109, "stocks_size": 40, "fill_percentage": 0.881178877381409, "solution_time": 0.0015697999624535441}
{"items_size": 110, "stocks_size": 39, "fill_percentage": 0.9506524440762221, "solution_time": 0.0009717999491840601}
{"items_size": 115, "stocks_size": 38, "fill_percentage": 0.9074872974786693, "solution_time": 0.001074100029654801}
{"items_size": 112, "stocks_size": 37, "fill_percentage": 0.9294194088366151, "solution_time": 0.0013989999424666166}
{"items_size": 114, "stocks_size": 38, "fill_percentage": 0.9455868806518157, "solution_time": 0.0015104999765753746}
{"items_size": 115, "stocks_size": 36, "fill_percentage": 0.8960522942835171, "solution_time": 0.0013508000411093235}
{"items_size": 117, "stocks_size": 35, "fill_percentage": 0.9310688405797102, "solution_time": 0.0012154999421909451}
{"items_size": 116, "stocks_size": 40, "fill_percentage": 0.8925325077399381, "solution_time": 0.0016694000223651528}
{"items_size": 112, "stocks_size": 39, "fill_percentage": 0.9046195286195287, "solution_time": 0.001107799937017262}
{"items_size": 113, "stocks_size": 38, "fill_percentage": 0.9240267494626224, "solution_time": 0.001150700030848384}
{"items_size": 113, "stocks_size": 37, "fill_percentage": 0.8890307932453526, "solution_time": 0.001102800015360117}
{"items_size": 116, "stocks_size": 35, "fill_percentage": 0.9228360630799656, "solution_time": 0.0012642999645322561}
{"items_size": 117, "stocks_size": 38, "fill_percentage": 0.8793597706641185, "solution_time": 0.002938400022685528}
{"items_size": 112, "stocks_size": 40, "fill_percentage": 0.9536038349597672, "solution_time": 0.0010220000986009836}
{"items_size": 116, "stocks_size": 37, "fill_percentage": 0.9368986983588002, "solution_time": 0.0012510999804362655}
{"items_size": 114, "stocks_size": 38, "fill_percentage": 0.9531414531414532, "solution_time": 0.0020262999460101128}
{"items_size": 109, "stocks_size": 40, "fill_percentage": 0.9268114697802198, "solution_time": 0.0009660000214353204}
{"items_size": 116, "stocks_size": 38, "fill_percentage": 0.9372445187662579, "solution_time": 0.0013164000120013952}
{"items_size": 114, "stocks_size": 37, "fill_percentage": 0.9001773311659524, "solution_time": 0.0012107000220566988}
{"items_size": 110, "stocks_size": 40, "fill_percentage": 0.907644742752953, "solution_time": 0.0013994999462738633}
{"items_size": 115, "stocks_size": 37, "fill_percentage": 0.9441539578794481, "solution_time": 0.0011577000841498375}
{"items_size": 117, "stocks_size": 37, "fill_percentage": 0.9091690891472868, "solution_time": 0.0009683000389486551}
{"items_size": 116, "stocks_size": 39, "fill_percentage": 0.9275121065375302, "solution_time": 0.0011626000050455332}
{"items_size": 117, "stocks_size": 40, "fill_percentage": 0.9440642217630854, "solution_time": 0.001638400019146502}
{"items_size": 113, "stocks_size": 38, "fill_percentage": 0.9146577380952381, "solution_time": 0.0016542000230401754}
{"items_size": 113, "stocks_size": 40, "fill_percentage": 0.9456918213504093, "solution_time": 0.0013691000640392303}
{"items_size": 112, "stocks_size": 37, "fill_percentage": 0.9226221181699139, "solution_time": 0.0013040000339969993}
{"items_size": 115, "stocks_size": 36, "fill_percentage": 0.9575143934881875, "solution_time": 0.0013521000510081649}
{"items_size": 114, "stocks_size": 38, "fill_percentage": 0.934587229107777, "solution_time": 0.001599400071427226}
{"items_size": 114, "stocks_size": 38, "fill_percentage": 0.9309848088004191, "solution_time": 0.0013514000456780195}
{"items_size": 117, "stocks_size": 38, "fill_percentage": 0.9618550724637681, "solution_time": 0.0013516999315470457}
{"items_size": 117, "stocks_size": 39, "fill_percentage": 0.8976787257686134, "solution_time": 0.001205399981699884}
{"items_size": 116, "stocks_size": 37, "fill_percentage": 0.894989898989899, "solution_time": 0.0018508000066503882}
{"items_size": 117, "stocks_size": 38, "fill_percentage": 0.9011754738960076, "solution_time": 0.0012620999477803707}
{"items_size": 113, "stocks_size": 38, "fill_percentage": 0.8959384181207417, "solution_time": 0.0013913000002503395}
{"items_size": 115, "stocks_size": 38, "fill_percentage": 0.9296095404846155, "solution_time": 0.0011268999660387635}
{"items_size": 113, "stocks_size": 38,