{"items_size": 109, "stocks_size": 40, "fill_percentage": 0.6460572394638329, "solution_time": 0.00240620004478842}
{"items_size": 116, "stocks_size": 37, "fill_percentage": 0.6880137406453196, "solution_time": 0.0031684000277891755}
{"items_size": 116, "stocks_size": 35, "fill_percentage": 0.7316247582205029, "solution_time": 0.004706699983216822}
{"items_size": 115, "stocks_size": 35, "fill_percentage": 0.6899174880525687, "solution_time": 0.002844100003130734}
{"items_size": 113, "stocks_size": 37, "fill_percentage": 0.6781423631029453, "solution_time": 0.004436099901795387}
{"items_size": 114, "stocks_size": 38, "fill_percentage": 0.6714366561565204, "solution_time": 0.002493900014087558}
{"items_size": 116, "stocks_size": 39, "fill_percentage": 0.650029300109557, "solution_time": 0.002303499961271882}
{"items_size": 116, "stocks_size": 39, "fill_percentage": 0.6649305175620965, "solution_time": 0.0032955999486148357}
{"items_size": 115, "stocks_size": 35, "fill_percentage": 0.6911872599369902, "solution_time": 0.0031127999536693096}
{"items_size": 113, "stocks_size": 38, "fill_percentage": 0.6313001024187773, "solution_time": 0.002072799950838089}
{"items_size": 115, "stocks_size": 37, "fill_percentage": 0.6454486268939394, "solution_time": 0.00247450009919703}
{"items_size": 114, "stocks_size": 40, "fill_percentage": 0.6583713725274524, "solution_time": 0.0038584000431001186}
{"items_size": 111, "stocks_size": 38, "fill_percentage": 0.703968253968254, "solution_time": 0.00333059998229146}
{"items_size": 117, "stocks_size": 37, "fill_percentage": 0.6763736263736264, "solution_time": 0.0020222999155521393}
{"items_size": 112, "stocks_size": 37, "fill_percentage": 0.6597642414403778, "solution_time": 0.0028888999950140715}
{"items_size": 113, "stocks_size": 38, "fill_percentage": 0.6993927125506073, "solution_time": 0.00404469994828105}
{"items_size": 114, "stocks_size": 36, "fill_percentage": 0.6569269639264492, "solution_time": 0.0034422000171616673}
{"items_size": 110, "stocks_size": 40, "fill_percentage": 0.6758309359677215, "solution_time": 0.004840399953536689}
{"items_size": 113, "stocks_size": 39, "fill_percentage": 0.7161744254135558, "solution_time": 0.0030715999891981483}
{"items_size": 114, "stocks_size": 38, "fill_percentage": 0.5878327176281141, "solution_time": 0.0025010999524965882}
{"items_size": 113, "stocks_size": 39, "fill_percentage": 0.664672083150344, "solution_time": 0.003003800055012107}
{"items_size": 114, "stocks_size": 40, "fill_percentage": 0.6241858552631578, "solution_time": 0.003501500003039837}
{"items_size": 112, "stocks_size": 37, "fill_percentage": 0.6234677419354838, "solution_time": 0.002468600054271519}
{"items_size": 116, "stocks_size": 40, "fill_percentage": 0.6441267501842299, "solution_time": 0.002395199961028993}
{"items_size": 117, "stocks_size": 36, "fill_percentage": 0.6720672800460035, "solution_time": 0.003667099983431399}
{"items_size": 112, "stocks_size": 38, "fill_percentage": 0.575619554808119, "solution_time": 0.003855600021779537}
{"items_size": 112, "stocks_size": 40, "fill_percentage": 0.680532495256167, "solution_time": 0.002159800031222403}
{"items_size": 109, "stocks_size": 39, "fill_percentage": 0.6656510855137148, "solution_time": 0.001779099926352501}
{"items_size": 114, "stocks_size": 37, "fill_percentage": 0.6413924244161602, "solution_time": 0.0021427000174298882}
{"items_size": 115, "stocks_size": 37, "fill_percentage": 0.672264739229025, "solution_time": 0.0031261000549420714}
{"items_size": 114, "stocks_size": 38, "fill_percentage": 0.6523864289821737, "solution_time": 0.003279699943959713}
{"items_size": 109, "stocks_size": 40, "fill_percentage": 0.6923548322282499, "solution_time": 0.004871599958278239}
{"items_size": 110, "stocks_size": 39, "fill_percentage": 0.6084175642087821, "solution_time": 0.002593700075522065}
{"items_size": 115, "stocks_size": 38, "fill_percentage": 0.6896903460837887, "solution_time": 0.002274200087413192}
{"items_size": 112, "stocks_size": 37, "fill_percentage": 0.6505935861856306, "solution_time": 0.002440399955958128}
{"items_size": 114, "stocks_size": 38, "fill_percentage": 0.6934303791446649, "solution_time": 0.005449900054372847}
{"items_size": 115, "stocks_size": 36, "fill_percentage": 0.7040410883656205, "solution_time": 0.0039570999797433615}
{"items_size": 117, "stocks_size": 35, "fill_percentage": 0.6983016304347827, "solution_time": 0.0030750000150874257}
{"items_size": 116, "stocks_size": 40, "fill_percentage": 0.7437770897832817, "solution_time": 0.003295400063507259}
{"items_size": 112, "stocks_size": 39, "fill_percentage": 0.6784646464646464, "solution_time": 0.0031606999691575766}
{"items_size": 113, "stocks_size": 38, "fill_percentage": 0.6844642588612018, "solution_time": 0.0018391000339761376}
{"items_size": 113, "stocks_size": 37, "fill_percentage": 0.6487522004763384, "solution_time": 0.002026399946771562}
{"items_size": 116, "stocks_size": 35, "fill_percentage": 0.6664927122244195, "solution_time": 0.002953800023533404}
{"items_size": 117, "stocks_size": 38, "fill_percentage": 0.690925534093236, "solution_time": 0.0032881000079214573}
{"items_size": 112, "stocks_size": 40, "fill_percentage": 0.6357358899731781, "solution_time": 0.002030799980275333}
{"items_size": 116, "stocks_size": 37, "fill_percentage": 0.6766490599258002, "solution_time": 0.0042909999610856175}
{"items_size": 114, "stocks_size": 38, "fill_percentage": 0.655284749034749, "solution_time": 0.004676699987612665}
{"items_size": 109, "stocks_size": 40, "fill_percentage": 0.6487680288461538, "solution_time": 0.0032884000102058053}
{"items_size": 116, "stocks_size": 38, "fill_percentage": 0.6412725654716501, "solution_time": 0.005106800002977252}
{"items_size": 114, "stocks_size": 37, "fill_percentage": 0.6751329983744643, "solution_time": 0.005803100066259503}
{"items_size": 110, "stocks_size": 40, "fill_percentage": 0.6555212030993549, "solution_time": 0.0025348999770358205}
{"items_size": 115, "stocks_size": 37, "fill_percentage": 0.6797908496732026, "solution_time": 0.004803200019523501}
{"items_size": 117, "stocks_size": 37, "fill_percentage": 0.6324654533198517, "solution_time": 0.003863200079649687}
{"items_size": 116, "stocks_size": 39, "fill_percentage": 0.6659061277705346, "solution_time": 0.0024629998952150345}
{"items_size": 117, "stocks_size": 40, "fill_percentage": 0.6923137626262627, "solution_time": 0.0033147999783977866}
{"items_size": 113, "stocks_size": 38, "fill_percentage": 0.6362836438923395, "solution_time": 0.0034158999333158135}
{"items_size": 113, "stocks_size": 40, "fill_percentage": 0.6146996838777661, "solution_time": 0.004315000027418137}
{"items_size": 112, "stocks_size": 37, "fill_percentage": 0.6343027062418158, "solution_time": 0.0041449000127613544}
{"items_size": 115, "stocks_size": 36, "fill_percentage": 0.6758925130504853, "solution_time": 0.002984300022944808}
{"items_size": 114, "stocks_size": 38, "fill_percentage": 0.6470219278438456, "solution_time": 0.002034100005403161}
{"items_size": 114, "stocks_size": 38, "fill_percentage": 0.716142160615707, "solution_time": 0.0036915999371558428}
{"items_size": 117, "stocks_size": 38, "fill_percentage": 0.601159420289855, "solution_time": 0.0026141999987885356}
{"items_size": 117, "stocks_size": 39, "fill_percentage": 0.6864602020583515, "solution_time": 0.003403100068680942}
{"items_size": 116, "stocks_size": 37, "fill_percentage": 0.7032063492063492, "solution_time": 0.005980000016279519}
{"items_size": 117, "stocks_size": 38, "fill_percentage": 0.611511928715148, "solution_time": 0.003320200019516051}
{"items_size": 113, "stocks_size": 38, "fill_percentage": 0.7581017384098584, "solution_time": 0.0033912999788299203}
{"items_size": 115, "stocks_size": 38, "fill_percentage": 0.6681568572233174, "solution_time": 0.002348800073377788}
{"items_size": 113, "stocks_size": 38, "fill_percentage": 0.6359160424469413,