{"items_size": 109, "stocks_size": 40, "fill_percentage": 0.904480135249366, "solution_time": 0.0011727999662980437}
{"items_size": 116, "stocks_size": 37, "fill_percentage": 0.9460188933873145, "solution_time": 0.0015311000170186162}
{"items_size": 116, "stocks_size": 35, "fill_percentage": 0.8942080378250591, "solution_time": 0.001706999959424138}
{"items_size": 115, "stocks_size": 35, "fill_percentage": 0.9198899840700916, "solution_time": 0.0020276999566704035}
{"items_size": 113, "stocks_size": 37, "fill_percentage": 0.8868015517500054, "solution_time": 0.0015243000816553831}
{"items_size": 114, "stocks_size": 38, "fill_percentage": 0.9112354619267061, "solution_time": 0.0012287999270483851}
{"items_size": 116, "stocks_size": 39, "fill_percentage": 0.9100410201533797, "solution_time": 0.0015200000489130616}
{"items_size": 116, "stocks_size": 39, "fill_percentage": 0.9024057024057024, "solution_time": 0.002176000038161874}
{"items_size": 115, "stocks_size": 35, "fill_percentage": 0.9038602629945256, "solution_time": 0.0013700999552384019}
{"items_size": 113, "stocks_size": 38, "fill_percentage": 0.8895592352264589, "solution_time": 0.0017034000484272838}
{"items_size": 115, "stocks_size": 37, "fill_percentage": 0.9112215909090909, "solution_time": 0.0019761999137699604}
{"items_size": 114, "stocks_size": 40, "fill_percentage": 0.9622350829247381, "solution_time": 0.0012880999129265547}
{"items_size": 111, "stocks_size": 38, "fill_percentage": 0.8799603174603174, "solution_time": 0.00205629994161427}
{"items_size": 117, "stocks_size": 37, "fill_percentage": 0.9223276723276723, "solution_time": 0.0018171999836340547}
{"items_size": 112, "stocks_size": 37, "fill_percentage": 0.879685655253837, "solution_time": 0.0014314999571070075}
{"items_size": 113, "stocks_size": 38, "fill_percentage": 0.9092105263157895, "solution_time": 0.0016257999232038856}
{"items_size": 114, "stocks_size": 36, "fill_percentage": 0.9032745753988677, "solution_time": 0.0013364000478759408}
{"items_size": 110, "stocks_size": 40, "fill_percentage": 0.935765911339922, "solution_time": 0.001907499972730875}
{"items_size": 113, "stocks_size": 39, "fill_percentage": 0.920795689817429, "solution_time": 0.0016044999938458204}
{"items_size": 114, "stocks_size": 38, "fill_percentage": 0.9013435003631082, "solution_time": 0.0014980999985709786}
{"items_size": 113, "stocks_size": 39, "fill_percentage": 0.9203151920543224, "solution_time": 0.0011166000040248036}
{"items_size": 114, "stocks_size": 40, "fill_percentage": 0.9179203753869969, "solution_time": 0.0012341999681666493}
{"items_size": 112, "stocks_size": 37, "fill_percentage": 0.9352016129032258, "solution_time": 0.0012712000170722604}
{"items_size": 116, "stocks_size": 40, "fill_percentage": 0.9472452208591616, "solution_time": 0.0014763999497517943}
{"items_size": 117, "stocks_size": 36, "fill_percentage": 0.8960897067280046, "solution_time": 0.0021413000067695975}
{"items_size": 112, "stocks_size": 38, "fill_percentage": 0.9142192929305419, "solution_time": 0.0011094999499619007}
{"items_size": 112, "stocks_size": 40, "fill_percentage": 0.907376660341556, "solution_time": 0.0011497000232338905}
{"items_size": 109, "stocks_size": 39, "fill_percentage": 0.8971818978663113, "solution_time": 0.0015211000572890043}
{"items_size": 114, "stocks_size": 37, "fill_percentage": 0.9620886366242404, "solution_time": 0.001166700036264956}
{"items_size": 115, "stocks_size": 37, "fill_percentage": 0.8963529856386999, "solution_time": 0.0015076999552547932}
{"items_size": 114, "stocks_size": 38, "fill_percentage": 0.8896178577029641, "solution_time": 0.0014934000791981816}
{"items_size": 109, "stocks_size": 40, "fill_percentage": 0.881178877381409, "solution_time": 0.0020404000533744693}
{"items_size": 110, "stocks_size": 39, "fill_percentage": 0.8947317120717384, "solution_time": 0.0010796000715345144}
{"items_size": 115, "stocks_size": 38, "fill_percentage": 0.9074872974786693, "solution_time": 0.0013256999664008617}
{"items_size": 112, "stocks_size": 37, "fill_percentage": 0.9294194088366151, "solution_time": 0.0018974000122398138}
{"items_size": 114, "stocks_size": 38, "fill_percentage": 0.9455868806518157, "solution_time": 0.0015765000134706497}
{"items_size": 115, "stocks_size": 36, "fill_percentage": 0.8960522942835171, "solution_time": 0.0014001000672578812}
{"items_size": 117, "stocks_size": 35, "fill_percentage": 0.9310688405797102, "solution_time": 0.0015924000181257725}
{"items_size": 116, "stocks_size": 40, "fill_percentage": 0.8925325077399381, "solution_time": 0.0020904999691993}
{"items_size": 112, "stocks_size": 39, "fill_percentage": 0.9046195286195287, "solution_time": 0.001255700015462935}
{"items_size": 113, "stocks_size": 38, "fill_percentage": 0.9240267494626224, "solution_time": 0.0012283999240025878}
{"items_size": 113, "stocks_size": 37, "fill_percentage": 0.9232242852932508, "solution_time": 0.0012521999888122082}
{"items_size": 116, "stocks_size": 35, "fill_percentage": 0.9228360630799656, "solution_time": 0.0016123000532388687}
{"items_size": 117, "stocks_size": 38, "fill_percentage": 0.8793597706641185, "solution_time": 0.0018634999869391322}
{"items_size": 112, "stocks_size": 40, "fill_percentage": 0.9121427986571686, "solution_time": 0.0009330000029876828}
{"items_size": 116, "stocks_size": 37, "fill_percentage": 0.9368986983588002, "solution_time": 0.0018362000118941069}
{"items_size": 114, "stocks_size": 38, "fill_percentage": 0.9531414531414532, "solution_time": 0.0017488000448793173}
{"items_size": 109, "stocks_size": 40, "fill_percentage": 0.9268114697802198, "solution_time": 0.0010619999375194311}
{"items_size": 116, "stocks_size": 38, "fill_percentage": 0.9372445187662579, "solution_time": 0.0014687000075355172}
{"items_size": 114, "stocks_size": 37, "fill_percentage": 0.9001773311659524, "solution_time": 0.0018100000452250242}
{"items_size": 110, "stocks_size": 40, "fill_percentage": 0.907644742752953, "solution_time": 0.0015336000360548496}
{"items_size": 115, "stocks_size": 37, "fill_percentage": 0.9441539578794481, "solution_time": 0.0011312999995425344}
{"items_size": 117, "stocks_size": 37, "fill_percentage": 0.9091690891472868, "solution_time": 0.0025249000173062086}
{"items_size": 116, "stocks_size": 39, "fill_percentage": 0.8377528704209951, "solution_time": 0.0011531999334692955}
{"items_size": 117, "stocks_size": 40, "fill_percentage": 0.9440642217630854, "solution_time": 0.0017315000295639038}
{"items_size": 113, "stocks_size": 38, "fill_percentage": 0.9146577380952381, "solution_time": 0.0011464999988675117}
{"items_size": 113, "stocks_size": 40, "fill_percentage": 0.8781424055396658, "solution_time": 0.0020709000527858734}
{"items_size": 112, "stocks_size": 37, "fill_percentage": 0.9226221181699139, "solution_time": 0.0017337999306619167}
{"items_size": 115, "stocks_size": 36, "fill_percentage": 0.9575143934881875, "solution_time": 0.00233670009765774}
{"items_size": 114, "stocks_size": 38, "fill_percentage": 0.934587229107777, "solution_time": 0.0015522000612691045}
{"items_size": 114, "stocks_size": 38, "fill_percentage": 0.9309848088004191, "solution_time": 0.0016023999778553843}
{"items_size": 117, "stocks_size": 38, "fill_percentage": 0.9017391304347826, "solution_time": 0.0012281999224796891}
{"items_size": 117, "stocks_size": 39, "fill_percentage": 0.8976787257686134, "solution_time": 0.0016723000444471836}
{"items_size": 116, "stocks_size": 37, "fill_percentage": 0.894989898989899, "solution_time": 0.0036433000350371003}
{"items_size": 117, "stocks_size": 38, "fill_percentage": 0.9512407780013414, "solution_time": 0.0019910000264644623}
{"items_size": 113, "stocks_size": 38, "fill_percentage": 0.8959384181207417, "solution_time": 0.00166229996830225}
{"items_size": 115, "stocks_size": 38, "fill_percentage": 0.9296095404846155, "solution_time": 0.0011821999214589596}
{"items_size": 113, "stocks_size": 38,