{"items_size": 109, "stocks_size": 40, "fill_percentage": 0.6460572394638329, "solution_time": 0.002238400047644973}
{"items_size": 116, "stocks_size": 37, "fill_percentage": 0.658100099747697, "solution_time": 0.002591499942354858}
{"items_size": 116, "stocks_size": 35, "fill_percentage": 0.6706560283687943, "solution_time": 0.005302099976688623}
{"items_size": 115, "stocks_size": 35, "fill_percentage": 0.6899174880525687, "solution_time": 0.0037265000864863396}
{"items_size": 113, "stocks_size": 37, "fill_percentage": 0.60675895646053, "solution_time": 0.004702999955043197}
{"items_size": 114, "stocks_size": 38, "fill_percentage": 0.6074903079511375, "solution_time": 0.0029717000434175134}
{"items_size": 116, "stocks_size": 39, "fill_percentage": 0.6204825137409407, "solution_time": 0.002722500008530915}
{"items_size": 116, "stocks_size": 39, "fill_percentage": 0.5742581742581743, "solution_time": 0.002718400093726814}
{"items_size": 115, "stocks_size": 35, "fill_percentage": 0.6911872599369902, "solution_time": 0.0034094000002369285}
{"items_size": 113, "stocks_size": 38, "fill_percentage": 0.5591515192852028, "solution_time": 0.0018570999382063746}
{"items_size": 115, "stocks_size": 37, "fill_percentage": 0.6196306818181818, "solution_time": 0.002390500041656196}
{"items_size": 114, "stocks_size": 40, "fill_percentage": 0.6254528039010797, "solution_time": 0.002742100041359663}
{"items_size": 111, "stocks_size": 38, "fill_percentage": 0.5866402116402116, "solution_time": 0.0034540999913588166}
{"items_size": 117, "stocks_size": 37, "fill_percentage": 0.5968002585649644, "solution_time": 0.002364099957048893}
{"items_size": 112, "stocks_size": 37, "fill_percentage": 0.6209545801791791, "solution_time": 0.00372190005145967}
{"items_size": 113, "stocks_size": 38, "fill_percentage": 0.6494360902255639, "solution_time": 0.0045232999837026}
{"items_size": 114, "stocks_size": 36, "fill_percentage": 0.5780957282552753, "solution_time": 0.0024827999295666814}
{"items_size": 110, "stocks_size": 40, "fill_percentage": 0.6082478423709493, "solution_time": 0.002963899984024465}
{"items_size": 113, "stocks_size": 39, "fill_percentage": 0.6138637932116193, "solution_time": 0.003664499963633716}
{"items_size": 114, "stocks_size": 38, "fill_percentage": 0.5408061002178649, "solution_time": 0.002507500001229346}
{"items_size": 113, "stocks_size": 39, "fill_percentage": 0.6296893419319048, "solution_time": 0.003197800018824637}
{"items_size": 114, "stocks_size": 40, "fill_percentage": 0.5573087993421053, "solution_time": 0.0029912999598309398}
{"items_size": 112, "stocks_size": 37, "fill_percentage": 0.5985290322580645, "solution_time": 0.0024480000138282776}
{"items_size": 116, "stocks_size": 40, "fill_percentage": 0.5751131698073482, "solution_time": 0.002321499981917441}
{"items_size": 117, "stocks_size": 36, "fill_percentage": 0.640064076234289, "solution_time": 0.0035518999211490154}
{"items_size": 112, "stocks_size": 38, "fill_percentage": 0.575619554808119, "solution_time": 0.0022084000520408154}
{"items_size": 112, "stocks_size": 40, "fill_percentage": 0.6049177735610373, "solution_time": 0.0018792999908328056}
{"items_size": 109, "stocks_size": 39, "fill_percentage": 0.6253085954825806, "solution_time": 0.0030222999630495906}
{"items_size": 114, "stocks_size": 37, "fill_percentage": 0.5772531819745442, "solution_time": 0.002487099962309003}
{"items_size": 115, "stocks_size": 37, "fill_percentage": 0.6072068612391193, "solution_time": 0.0030399999814108014}
{"items_size": 114, "stocks_size": 38, "fill_percentage": 0.6523864289821737, "solution_time": 0.0028158000204712152}
{"items_size": 109, "stocks_size": 40, "fill_percentage": 0.6461978434130333, "solution_time": 0.0034388999920338392}
{"items_size": 110, "stocks_size": 39, "fill_percentage": 0.5850168886622905, "solution_time": 0.0027758999494835734}
{"items_size": 115, "stocks_size": 38, "fill_percentage": 0.5945606431756799, "solution_time": 0.0027565999189391732}
{"items_size": 112, "stocks_size": 37, "fill_percentage": 0.6196129392244101, "solution_time": 0.0024088999489322305}
{"items_size": 114, "stocks_size": 38, "fill_percentage": 0.6500909804481233, "solution_time": 0.004355299985036254}
{"items_size": 115, "stocks_size": 36, "fill_percentage": 0.6160359523199179, "solution_time": 0.0033433999633416533}
{"items_size": 117, "stocks_size": 35, "fill_percentage": 0.6207125603864734, "solution_time": 0.004136699950322509}
{"items_size": 116, "stocks_size": 40, "fill_percentage": 0.68656346749226, "solution_time": 0.003365500015206635}
{"items_size": 112, "stocks_size": 39, "fill_percentage": 0.6167860422405876, "solution_time": 0.0025496999733150005}
{"items_size": 113, "stocks_size": 38, "fill_percentage": 0.6372598272156017, "solution_time": 0.001838600030168891}
{"items_size": 113, "stocks_size": 37, "fill_percentage": null, "solution_time": null}
{"items_size": 116, "stocks_size": 35, "fill_percentage": 0.5998434410019776, "solution_time": 0.002700599958188832}
{"items_size": 117, "stocks_size": 38, "fill_percentage": 0.6448638318203536, "solution_time": 0.004447099985554814}
{"items_size": 112, "stocks_size": 40, "fill_percentage": 0.5670076856517534, "solution_time": 0.0029316999716684222}
{"items_size": 116, "stocks_size": 37, "fill_percentage": 0.6089841539332201, "solution_time": 0.0030827000737190247}
{"items_size": 114, "stocks_size": 38, "fill_percentage": 0.6167385873268226, "solution_time": 0.004420100012794137}
{"items_size": 109, "stocks_size": 40, "fill_percentage": 0.5897891171328671, "solution_time": 0.0031654000049456954}
{"items_size": 116, "stocks_size": 38, "fill_percentage": 0.6412725654716501, "solution_time": 0.003523800056427717}
{"items_size": 114, "stocks_size": 37, "fill_percentage": 0.6354192925877311, "solution_time": 0.0028990000719204545}
{"items_size": 110, "stocks_size": 40, "fill_percentage": 0.5899690827894194, "solution_time": 0.0030025000451132655}
{"items_size": 115, "stocks_size": 37, "fill_percentage": 0.6536450477626948, "solution_time": 0.002576799946837127}
{"items_size": 117, "stocks_size": 37, "fill_percentage": 0.6061127260981912, "solution_time": 0.003079300047829747}
{"items_size": 116, "stocks_size": 39, "fill_percentage": null, "solution_time": null}
{"items_size": 117, "stocks_size": 40, "fill_percentage": 0.6923137626262627, "solution_time": 0.003436099970713258}
{"items_size": 113, "stocks_size": 38, "fill_percentage": 0.5853809523809523, "solution_time": 0.00275859993416816}
{"items_size": 113, "stocks_size": 40, "fill_percentage": 0.5854282703597772, "solution_time": 0.0029531000182032585}
{"items_size": 112, "stocks_size": 37, "fill_percentage": 0.5969907823452384, "solution_time": 0.0034097000025212765}
{"items_size": 115, "stocks_size": 36, "fill_percentage": 0.6047459327293815, "solution_time": 0.004169699968770146}
{"items_size": 114, "stocks_size": 38, "fill_percentage": 0.6008060758549996, "solution_time": 0.0024049999192357063}
{"items_size": 114, "stocks_size": 38, "fill_percentage": 0.6649891491431564, "solution_time": 0.003355500055477023}
{"items_size": 117, "stocks_size": 38, "fill_percentage": 0.51527950310559, "solution_time": 0.0028591000009328127}
{"items_size": 117, "stocks_size": 39, "fill_percentage": 0.6142012334206303, "solution_time": 0.002909099915996194}
{"items_size": 116, "stocks_size": 37, "fill_percentage": 0.656325925925926, "solution_time": 0.0049486999632790685}
{"items_size": 117, "stocks_size": 38, "fill_percentage": 0.5904253104835911, "solution_time": 0.0029323999769985676}
{"items_size": 113, "stocks_size": 38, "fill_percentage": 0.6570215066218773, "solution_time": 0.0028931000269949436}
{"items_size": 115, "stocks_size": 38, "fill_percentage": 0.6108862694613187, "solution_time": 0.0020585000747814775}
{"items_size": 113, "stocks_size": 38, "fill_percentage": 0.602446777054997,