{"items_size": 109, "stocks_size": 40, "fill_percentage": 0.904480135249366, "solution_time": 0.001193900010548532}
{"items_size": 116, "stocks_size": 37, "fill_percentage": 0.9460188933873145, "solution_time": 0.002424099948257208}
{"items_size": 116, "stocks_size": 35, "fill_percentage": 0.8942080378250591, "solution_time": 0.0014860000228509307}
{"items_size": 115, "stocks_size": 35, "fill_percentage": 0.9198899840700916, "solution_time": 0.001469500013627112}
{"items_size": 113, "stocks_size": 37, "fill_percentage": 0.8868015517500054, "solution_time": 0.001495600095950067}
{"items_size": 114, "stocks_size": 38, "fill_percentage": 0.9112354619267061, "solution_time": 0.0011387000558897853}
{"items_size": 116, "stocks_size": 39, "fill_percentage": 0.9100410201533797, "solution_time": 0.0011777998879551888}
{"items_size": 116, "stocks_size": 39, "fill_percentage": 0.9024057024057024, "solution_time": 0.0013067000545561314}
{"items_size": 115, "stocks_size": 35, "fill_percentage": 0.9038602629945256, "solution_time": 0.0015057000564411283}
{"items_size": 113, "stocks_size": 38, "fill_percentage": 0.9319191988086712, "solution_time": 0.0010531999869272113}
{"items_size": 115, "stocks_size": 37, "fill_percentage": 0.9112215909090909, "solution_time": 0.0013214999344199896}
{"items_size": 114, "stocks_size": 40, "fill_percentage": 0.9622350829247381, "solution_time": 0.0013050000416114926}
{"items_size": 111, "stocks_size": 38, "fill_percentage": 0.8799603174603174, "solution_time": 0.0013675999362021685}
{"items_size": 117, "stocks_size": 37, "fill_percentage": 0.9223276723276723, "solution_time": 0.0016973000019788742}
{"items_size": 112, "stocks_size": 37, "fill_percentage": 0.879685655253837, "solution_time": 0.0013903999933972955}
{"items_size": 113, "stocks_size": 38, "fill_percentage": 0.9092105263157895, "solution_time": 0.0014437000500038266}
{"items_size": 114, "stocks_size": 36, "fill_percentage": 0.9032745753988677, "solution_time": 0.0013947999104857445}
{"items_size": 110, "stocks_size": 40, "fill_percentage": 0.935765911339922, "solution_time": 0.0018926000921055675}
{"items_size": 113, "stocks_size": 39, "fill_percentage": 0.920795689817429, "solution_time": 0.0011411999585106969}
{"items_size": 114, "stocks_size": 38, "fill_percentage": 0.9013435003631082, "solution_time": 0.0017848999705165625}
{"items_size": 113, "stocks_size": 39, "fill_percentage": 0.9203151920543224, "solution_time": 0.001740999985486269}
{"items_size": 114, "stocks_size": 40, "fill_percentage": 0.9179203753869969, "solution_time": 0.0010040999623015523}
{"items_size": 112, "stocks_size": 37, "fill_percentage": 0.9352016129032258, "solution_time": 0.0011718000750988722}
{"items_size": 116, "stocks_size": 40, "fill_percentage": 0.9472452208591616, "solution_time": 0.001205699983984232}
{"items_size": 117, "stocks_size": 36, "fill_percentage": 0.8960897067280046, "solution_time": 0.001497299992479384}
{"items_size": 112, "stocks_size": 38, "fill_percentage": 0.9142192929305419, "solution_time": 0.0010499999625608325}
{"items_size": 112, "stocks_size": 40, "fill_percentage": 0.907376660341556, "solution_time": 0.0010985999833792448}
{"items_size": 109, "stocks_size": 39, "fill_percentage": 0.8971818978663113, "solution_time": 0.0009989000391215086}
{"items_size": 114, "stocks_size": 37, "fill_percentage": 0.9114523925913856, "solution_time": 0.0011373000452294946}
{"items_size": 115, "stocks_size": 37, "fill_percentage": 0.8963529856386999, "solution_time": 0.0012493999674916267}
{"items_size": 114, "stocks_size": 38, "fill_percentage": 0.8896178577029641, "solution_time": 0.0014192999806255102}
{"items_size": 109, "stocks_size": 40, "fill_percentage": 0.881178877381409, "solution_time": 0.0013448999961838126}
{"items_size": 110, "stocks_size": 39, "fill_percentage": 0.9506524440762221, "solution_time": 0.001074400031939149}
{"items_size": 115, "stocks_size": 38, "fill_percentage": 0.9074872974786693, "solution_time": 0.001354200066998601}
{"items_size": 112, "stocks_size": 37, "fill_percentage": 0.9294194088366151, "solution_time": 0.0020831000292673707}
{"items_size": 114, "stocks_size": 38, "fill_percentage": 0.9455868806518157, "solution_time": 0.0015802000416442752}
{"items_size": 115, "stocks_size": 36, "fill_percentage": 0.8960522942835171, "solution_time": 0.0013475000159814954}
{"items_size": 117, "stocks_size": 35, "fill_percentage": 0.9310688405797102, "solution_time": 0.001973100006580353}
{"items_size": 116, "stocks_size": 40, "fill_percentage": 0.8925325077399381, "solution_time": 0.001415700069628656}
{"items_size": 112, "stocks_size": 39, "fill_percentage": 0.9046195286195287, "solution_time": 0.0011180000146850944}
{"items_size": 113, "stocks_size": 38, "fill_percentage": 0.9240267494626224, "solution_time": 0.0011243000626564026}
{"items_size": 113, "stocks_size": 37, "fill_percentage": 0.8890307932453526, "solution_time": 0.0012459999416023493}
{"items_size": 116, "stocks_size": 35, "fill_percentage": 0.9228360630799656, "solution_time": 0.001312799984589219}
{"items_size": 117, "stocks_size": 38, "fill_percentage": 0.8793597706641185, "solution_time": 0.0017844999674707651}
{"items_size": 112, "stocks_size": 40, "fill_percentage": 0.9536038349597672, "solution_time": 0.0010739000281319022}
{"items_size": 116, "stocks_size": 37, "fill_percentage": 0.9368986983588002, "solution_time": 0.0015330000314861536}
{"items_size": 114, "stocks_size": 38, "fill_percentage": 0.8737129987129987, "solution_time": 0.002144599915482104}
{"items_size": 109, "stocks_size": 40, "fill_percentage": 0.9268114697802198, "solution_time": 0.001138600055128336}
{"items_size": 116, "stocks_size": 38, "fill_percentage": 0.9372445187662579, "solution_time": 0.0020926999859511852}
{"items_size": 114, "stocks_size": 37, "fill_percentage": 0.9001773311659524, "solution_time": 0.0022562999511137605}
{"items_size": 110, "stocks_size": 40, "fill_percentage": 0.907644742752953, "solution_time": 0.002751799998804927}
{"items_size": 115, "stocks_size": 37, "fill_percentage": 0.8944616443068455, "solution_time": 0.0013328000204637647}
{"items_size": 117, "stocks_size": 37, "fill_percentage": 0.9091690891472868, "solution_time": 0.0010316999396309257}
{"items_size": 116, "stocks_size": 39, "fill_percentage": 0.9275121065375302, "solution_time": 0.0017303000204265118}
{"items_size": 117, "stocks_size": 40, "fill_percentage": 0.8653922032828283, "solution_time": 0.0014799999771639705}
{"items_size": 113, "stocks_size": 38, "fill_percentage": 0.9146577380952381, "solution_time": 0.0010380999883636832}
{"items_size": 113, "stocks_size": 40, "fill_percentage": 0.8781424055396658, "solution_time": 0.00174809992313385}
{"items_size": 112, "stocks_size": 37, "fill_percentage": 0.9226221181699139, "solution_time": 0.0014275999274104834}
{"items_size": 115, "stocks_size": 36, "fill_percentage": 0.9575143934881875, "solution_time": 0.0015376999508589506}
{"items_size": 114, "stocks_size": 38, "fill_percentage": 0.934587229107777, "solution_time": 0.0012350999750196934}
{"items_size": 114, "stocks_size": 38, "fill_percentage": 0.9309848088004191, "solution_time": 0.0024216000456362963}
{"items_size": 117, "stocks_size": 38, "fill_percentage": 0.9618550724637681, "solution_time": 0.0015490000369027257}
{"items_size": 117, "stocks_size": 39, "fill_percentage": 0.8976787257686134, "solution_time": 0.001821099896915257}
{"items_size": 116, "stocks_size": 37, "fill_percentage": 0.894989898989899, "solution_time": 0.0014491999754682183}
{"items_size": 117, "stocks_size": 38, "fill_percentage": 0.9011754738960076, "solution_time": 0.0011881999671459198}
{"items_size": 113, "stocks_size": 38, "fill_percentage": 0.8959384181207417, "solution_time": 0.0014717000303789973}
{"items_size": 115, "stocks_size": 38, "fill_percentage": 0.9296095404846155, "solution_time": 0.0014643999747931957}
{"items_size": 113, "stocks_size": 38,