{"items_size": 109, "stocks_size": 40, "fill_percentage": 0.904480135249366, "solution_time": 0.0011321998899802566}
{"items_size": 116, "stocks_size": 37, "fill_percentage": 0.9460188933873145, "solution_time": 0.00203549989964813}
{"items_size": 116, "stocks_size": 35, "fill_percentage": 0.8942080378250591, "solution_time": 0.001931500039063394}
{"items_size": 115, "stocks_size": 35, "fill_percentage": 0.9198899840700916, "solution_time": 0.002130200038664043}
{"items_size": 113, "stocks_size": 37, "fill_percentage": 0.8868015517500054, "solution_time": 0.001548500033095479}
{"items_size": 114, "stocks_size": 38, "fill_percentage": 0.9112354619267061, "solution_time": 0.001197699923068285}
{"items_size": 116, "stocks_size": 39, "fill_percentage": 0.9100410201533797, "solution_time": 0.0016799999866634607}
{"items_size": 116, "stocks_size": 39, "fill_percentage": 0.9024057024057024, "solution_time": 0.0015831999480724335}
{"items_size": 115, "stocks_size": 35, "fill_percentage": 0.9038602629945256, "solution_time": 0.001672400045208633}
{"items_size": 113, "stocks_size": 38, "fill_percentage": 0.8895592352264589, "solution_time": 0.001551999943330884}
{"items_size": 115, "stocks_size": 37, "fill_percentage": 0.9112215909090909, "solution_time": 0.0013476000167429447}
{"items_size": 114, "stocks_size": 40, "fill_percentage": 0.9622350829247381, "solution_time": 0.0022551000583916903}
{"items_size": 111, "stocks_size": 38, "fill_percentage": 0.8799603174603174, "solution_time": 0.003044599900022149}
{"items_size": 117, "stocks_size": 37, "fill_percentage": 0.9223276723276723, "solution_time": 0.0011728000827133656}
{"items_size": 112, "stocks_size": 37, "fill_percentage": 0.879685655253837, "solution_time": 0.0019162000389769673}
{"items_size": 113, "stocks_size": 38, "fill_percentage": 0.9092105263157895, "solution_time": 0.0018382000271230936}
{"items_size": 114, "stocks_size": 36, "fill_percentage": 0.9032745753988677, "solution_time": 0.0014533000066876411}
{"items_size": 110, "stocks_size": 40, "fill_percentage": 0.935765911339922, "solution_time": 0.0017943000420928001}
{"items_size": 113, "stocks_size": 39, "fill_percentage": 0.920795689817429, "solution_time": 0.0017483999254181981}
{"items_size": 114, "stocks_size": 38, "fill_percentage": 0.9013435003631082, "solution_time": 0.0015525000635534525}
{"items_size": 113, "stocks_size": 39, "fill_percentage": 0.9203151920543224, "solution_time": 0.0011745999800041318}
{"items_size": 114, "stocks_size": 40, "fill_percentage": 0.9179203753869969, "solution_time": 0.0011671000393107533}
{"items_size": 112, "stocks_size": 37, "fill_percentage": 0.9352016129032258, "solution_time": 0.0016380000161007047}
{"items_size": 116, "stocks_size": 40, "fill_percentage": 0.9472452208591616, "solution_time": 0.0012550000101327896}
{"items_size": 117, "stocks_size": 36, "fill_percentage": 0.8960897067280046, "solution_time": 0.0014662999892607331}
{"items_size": 112, "stocks_size": 38, "fill_percentage": 0.9142192929305419, "solution_time": 0.0014184999745339155}
{"items_size": 112, "stocks_size": 40, "fill_percentage": 0.907376660341556, "solution_time": 0.0014001999516040087}
{"items_size": 109, "stocks_size": 39, "fill_percentage": 0.8971818978663113, "solution_time": 0.001298899995163083}
{"items_size": 114, "stocks_size": 37, "fill_percentage": 0.9620886366242404, "solution_time": 0.0011171000078320503}
{"items_size": 115, "stocks_size": 37, "fill_percentage": 0.8963529856386999, "solution_time": 0.001615299959667027}
{"items_size": 114, "stocks_size": 38, "fill_percentage": 0.8896178577029641, "solution_time": 0.0017237999709323049}
{"items_size": 109, "stocks_size": 40, "fill_percentage": 0.881178877381409, "solution_time": 0.00166680000256747}
{"items_size": 110, "stocks_size": 39, "fill_percentage": 0.8947317120717384, "solution_time": 0.0009928999934345484}
{"items_size": 115, "stocks_size": 38, "fill_percentage": 0.9074872974786693, "solution_time": 0.0021576000144705176}
{"items_size": 112, "stocks_size": 37, "fill_percentage": 0.9294194088366151, "solution_time": 0.0012334000784903765}
{"items_size": 114, "stocks_size": 38, "fill_percentage": 0.9455868806518157, "solution_time": 0.0015423999866470695}
{"items_size": 115, "stocks_size": 36, "fill_percentage": 0.8960522942835171, "solution_time": 0.0015529000665992498}
{"items_size": 117, "stocks_size": 35, "fill_percentage": 0.9310688405797102, "solution_time": 0.001967000076547265}
{"items_size": 116, "stocks_size": 40, "fill_percentage": 0.8925325077399381, "solution_time": 0.0015853000804781914}
{"items_size": 112, "stocks_size": 39, "fill_percentage": 0.9046195286195287, "solution_time": 0.00138819997664541}
{"items_size": 113, "stocks_size": 38, "fill_percentage": 0.9240267494626224, "solution_time": 0.001140100066550076}
{"items_size": 113, "stocks_size": 37, "fill_percentage": 0.9232242852932508, "solution_time": 0.0015669000567868352}
{"items_size": 116, "stocks_size": 35, "fill_percentage": 0.9228360630799656, "solution_time": 0.0015149000100791454}
{"items_size": 117, "stocks_size": 38, "fill_percentage": 0.8793597706641185, "solution_time": 0.0017082999693229795}
{"items_size": 112, "stocks_size": 40, "fill_percentage": 0.9121427986571686, "solution_time": 0.000964100006967783}
{"items_size": 116, "stocks_size": 37, "fill_percentage": 0.9368986983588002, "solution_time": 0.0021898000268265605}
{"items_size": 114, "stocks_size": 38, "fill_percentage": 0.9531414531414532, "solution_time": 0.0021265000104904175}
{"items_size": 109, "stocks_size": 40, "fill_percentage": 0.9268114697802198, "solution_time": 0.001173199969343841}
{"items_size": 116, "stocks_size": 38, "fill_percentage": 0.9372445187662579, "solution_time": 0.0019672999624162912}
{"items_size": 114, "stocks_size": 37, "fill_percentage": 0.9001773311659524, "solution_time": 0.001894799992442131}
{"items_size": 110, "stocks_size": 40, "fill_percentage": 0.907644742752953, "solution_time": 0.0013131999876350164}
{"items_size": 115, "stocks_size": 37, "fill_percentage": 0.9441539578794481, "solution_time": 0.0019132999004796147}
{"items_size": 117, "stocks_size": 37, "fill_percentage": 0.9091690891472868, "solution_time": 0.001728900009766221}
{"items_size": 116, "stocks_size": 39, "fill_percentage": 0.8377528704209951, "solution_time": 0.0011656999122351408}
{"items_size": 117, "stocks_size": 40, "fill_percentage": 0.9440642217630854, "solution_time": 0.002060800092294812}
{"items_size": 113, "stocks_size": 38, "fill_percentage": 0.9146577380952381, "solution_time": 0.0011402999516576529}
{"items_size": 113, "stocks_size": 40, "fill_percentage": 0.8781424055396658, "solution_time": 0.0015690000727772713}
{"items_size": 112, "stocks_size": 37, "fill_percentage": 0.9226221181699139, "solution_time": 0.0014031999744474888}
{"items_size": 115, "stocks_size": 36, "fill_percentage": 0.9575143934881875, "solution_time": 0.0018628999823704362}
{"items_size": 114, "stocks_size": 38, "fill_percentage": 0.934587229107777, "solution_time": 0.001965699950233102}
{"items_size": 114, "stocks_size": 38, "fill_percentage": 0.9309848088004191, "solution_time": 0.0023723000194877386}
{"items_size": 117, "stocks_size": 38, "fill_percentage": 0.9017391304347826, "solution_time": 0.0018570000538602471}
{"items_size": 117, "stocks_size": 39, "fill_percentage": 0.8976787257686134, "solution_time": 0.0012602999340742826}
{"items_size": 116, "stocks_size": 37, "fill_percentage": 0.894989898989899, "solution_time": 0.0018569999374449253}
{"items_size": 117, "stocks_size": 38, "fill_percentage": 0.9512407780013414, "solution_time": 0.0021046000765636563}
{"items_size": 113, "stocks_size": 38, "fill_percentage": 0.8959384181207417, "solution_time": 0.002353799995034933}
{"items_size": 115, "stocks_size": 38, "fill_percentage": 0.9296095404846155, "solution_time": 0.0015208000550046563}
{"items_size": 113, "stocks_size": 38,