{"items_size": 109, "stocks_size": 40, "fill_percentage": 0.904480135249366, "solution_time": 0.0017210000660270452}
{"items_size": 116, "stocks_size": 37, "fill_percentage": 0.9460188933873145, "solution_time": 0.0018693999154493213}
{"items_size": 116, "stocks_size": 35, "fill_percentage": 0.8942080378250591, "solution_time": 0.0016502999933436513}
{"items_size": 115, "stocks_size": 35, "fill_percentage": 0.9198899840700916, "solution_time": 0.001369900070130825}
{"items_size": 113, "stocks_size": 37, "fill_percentage": 0.9607016810625058, "solution_time": 0.0018489001085981727}
{"items_size": 114, "stocks_size": 38, "fill_percentage": 0.9112354619267061, "solution_time": 0.0010509000858291984}
{"items_size": 116, "stocks_size": 39, "fill_percentage": 0.9100410201533797, "solution_time": 0.0012363001005724072}
{"items_size": 116, "stocks_size": 39, "fill_percentage": 0.9024057024057024, "solution_time": 0.002266000024974346}
{"items_size": 115, "stocks_size": 35, "fill_percentage": 0.9038602629945256, "solution_time": 0.0012749999295920134}
{"items_size": 113, "stocks_size": 38, "fill_percentage": 0.8895592352264589, "solution_time": 0.001041300012730062}
{"items_size": 115, "stocks_size": 37, "fill_percentage": 0.9112215909090909, "solution_time": 0.0012692000018432736}
{"items_size": 114, "stocks_size": 40, "fill_percentage": 0.9622350829247381, "solution_time": 0.0015561000909656286}
{"items_size": 111, "stocks_size": 38, "fill_percentage": 0.95995670995671, "solution_time": 0.0010772999376058578}
{"items_size": 117, "stocks_size": 37, "fill_percentage": 0.9223276723276723, "solution_time": 0.0016673000063747168}
{"items_size": 112, "stocks_size": 37, "fill_percentage": 0.9596570784587314, "solution_time": 0.0014115000376477838}
{"items_size": 113, "stocks_size": 38, "fill_percentage": 0.9092105263157895, "solution_time": 0.0015472999075427651}
{"items_size": 114, "stocks_size": 36, "fill_percentage": 0.9032745753988677, "solution_time": 0.001294699963182211}
{"items_size": 110, "stocks_size": 40, "fill_percentage": 0.935765911339922, "solution_time": 0.0013156000059098005}
{"items_size": 113, "stocks_size": 39, "fill_percentage": 0.920795689817429, "solution_time": 0.0012063999893143773}
{"items_size": 114, "stocks_size": 38, "fill_percentage": 0.9013435003631082, "solution_time": 0.001698700012639165}
{"items_size": 113, "stocks_size": 39, "fill_percentage": 0.9203151920543224, "solution_time": 0.001230000052601099}
{"items_size": 114, "stocks_size": 40, "fill_percentage": 0.9179203753869969, "solution_time": 0.0010119000216946006}
{"items_size": 112, "stocks_size": 37, "fill_percentage": 0.9352016129032258, "solution_time": 0.001143599976785481}
{"items_size": 116, "stocks_size": 40, "fill_percentage": 0.894620486366986, "solution_time": 0.0013113000895828009}
{"items_size": 117, "stocks_size": 36, "fill_percentage": 0.8960897067280046, "solution_time": 0.0012521999888122082}
{"items_size": 112, "stocks_size": 38, "fill_percentage": 0.9142192929305419, "solution_time": 0.0010194000788033009}
{"items_size": 112, "stocks_size": 40, "fill_percentage": 0.907376660341556, "solution_time": 0.00114250008482486}
{"items_size": 109, "stocks_size": 39, "fill_percentage": 0.8971818978663113, "solution_time": 0.0010563000105321407}
{"items_size": 114, "stocks_size": 37, "fill_percentage": 0.9114523925913856, "solution_time": 0.001806400017812848}
{"items_size": 115, "stocks_size": 37, "fill_percentage": 0.8963529856386999, "solution_time": 0.0010642000706866384}
{"items_size": 114, "stocks_size": 38, "fill_percentage": 0.8896178577029641, "solution_time": 0.0015032000374048948}
{"items_size": 109, "stocks_size": 40, "fill_percentage": 0.881178877381409, "solution_time": 0.0016656999941915274}
{"items_size": 110, "stocks_size": 39, "fill_percentage": 0.9506524440762221, "solution_time": 0.0013559000799432397}
{"items_size": 115, "stocks_size": 38, "fill_percentage": 0.9074872974786693, "solution_time": 0.0016168999718502164}
{"items_size": 112, "stocks_size": 37, "fill_percentage": 0.9294194088366151, "solution_time": 0.001215800060890615}
{"items_size": 114, "stocks_size": 38, "fill_percentage": 0.9455868806518157, "solution_time": 0.001727099996060133}
{"items_size": 115, "stocks_size": 36, "fill_percentage": 0.8960522942835171, "solution_time": 0.0014304999494925141}
{"items_size": 117, "stocks_size": 35, "fill_percentage": 0.9310688405797102, "solution_time": 0.0012310000602155924}
{"items_size": 116, "stocks_size": 40, "fill_percentage": 0.8925325077399381, "solution_time": 0.0013074999442324042}
{"items_size": 112, "stocks_size": 39, "fill_percentage": 0.9046195286195287, "solution_time": 0.0011856000637635589}
{"items_size": 113, "stocks_size": 38, "fill_percentage": 0.9240267494626224, "solution_time": 0.0015459000132977962}
{"items_size": 113, "stocks_size": 37, "fill_percentage": 0.8890307932453526, "solution_time": 0.0015993999550119042}
{"items_size": 116, "stocks_size": 35, "fill_percentage": 0.9228360630799656, "solution_time": 0.001209600013680756}
{"items_size": 117, "stocks_size": 38, "fill_percentage": 0.8793597706641185, "solution_time": 0.0016900000628083944}
{"items_size": 112, "stocks_size": 40, "fill_percentage": 0.9536038349597672, "solution_time": 0.001330800005234778}
{"items_size": 116, "stocks_size": 37, "fill_percentage": 0.9368986983588002, "solution_time": 0.0013140999944880605}
{"items_size": 114, "stocks_size": 38, "fill_percentage": 0.9531414531414532, "solution_time": 0.0015394999645650387}
{"items_size": 109, "stocks_size": 40, "fill_percentage": 0.9268114697802198, "solution_time": 0.0011060999240726233}
{"items_size": 116, "stocks_size": 38, "fill_percentage": 0.9372445187662579, "solution_time": 0.0019555999897420406}
{"items_size": 114, "stocks_size": 37, "fill_percentage": 0.9001773311659524, "solution_time": 0.0012851000064983964}
{"items_size": 110, "stocks_size": 40, "fill_percentage": 0.907644742752953, "solution_time": 0.0013682000571861863}
{"items_size": 115, "stocks_size": 37, "fill_percentage": 0.9441539578794481, "solution_time": 0.001101300003938377}
{"items_size": 117, "stocks_size": 37, "fill_percentage": 0.9091690891472868, "solution_time": 0.0013428999809548259}
{"items_size": 116, "stocks_size": 39, "fill_percentage": 0.9275121065375302, "solution_time": 0.001541999983601272}
{"items_size": 117, "stocks_size": 40, "fill_percentage": 0.9440642217630854, "solution_time": 0.0019840000895783305}
{"items_size": 113, "stocks_size": 38, "fill_percentage": 0.9146577380952381, "solution_time": 0.0010273000225424767}
{"items_size": 113, "stocks_size": 40, "fill_percentage": 0.9456918213504093, "solution_time": 0.0019630000460892916}
{"items_size": 112, "stocks_size": 37, "fill_percentage": 0.9226221181699139, "solution_time": 0.0013194000348448753}
{"items_size": 115, "stocks_size": 36, "fill_percentage": 0.9575143934881875, "solution_time": 0.0013879999751225114}
{"items_size": 114, "stocks_size": 38, "fill_percentage": 0.934587229107777, "solution_time": 0.0017319000326097012}
{"items_size": 114, "stocks_size": 38, "fill_percentage": 0.9309848088004191, "solution_time": 0.0019422000041231513}
{"items_size": 117, "stocks_size": 38, "fill_percentage": 0.9618550724637681, "solution_time": 0.0020733000710606575}
{"items_size": 117, "stocks_size": 39, "fill_percentage": 0.8976787257686134, "solution_time": 0.001262499950826168}
{"items_size": 116, "stocks_size": 37, "fill_percentage": 0.894989898989899, "solution_time": 0.0020296999718993902}
{"items_size": 117, "stocks_size": 38, "fill_percentage": 0.9011754738960076, "solution_time": 0.0015385000733658671}
{"items_size": 113, "stocks_size": 38, "fill_percentage": 0.8959384181207417, "solution_time": 0.0021992999827489257}
{"items_size": 115, "stocks_size": 38, "fill_percentage": 0.9296095404846155, "solution_time": 0.0014106000307947397}
{"items_size": 113, "stocks_size": 38,