{"items_size": 109, "stocks_size": 40, "fill_percentage": 0.6783601014370245, "solution_time": 0.0021413000067695975}
{"items_size": 116, "stocks_size": 37, "fill_percentage": 0.6880137406453196, "solution_time": 0.0025967999827116728}
{"items_size": 116, "stocks_size": 35, "fill_percentage": 0.7316247582205029, "solution_time": 0.004352800082415342}
{"items_size": 115, "stocks_size": 35, "fill_percentage": 0.6899174880525687, "solution_time": 0.0030984999611973763}
{"items_size": 113, "stocks_size": 37, "fill_percentage": 0.6781423631029453, "solution_time": 0.004693099996075034}
{"items_size": 114, "stocks_size": 38, "fill_percentage": 0.6714366561565204, "solution_time": 0.0030691000865772367}
{"items_size": 116, "stocks_size": 39, "fill_percentage": 0.650029300109557, "solution_time": 0.002746499958448112}
{"items_size": 116, "stocks_size": 39, "fill_percentage": 0.6649305175620965, "solution_time": 0.0021557000000029802}
{"items_size": 115, "stocks_size": 35, "fill_percentage": 0.6911872599369902, "solution_time": 0.0024785000132396817}
{"items_size": 113, "stocks_size": 38, "fill_percentage": 0.6313001024187773, "solution_time": 0.001818199991248548}
{"items_size": 115, "stocks_size": 37, "fill_percentage": 0.6454486268939394, "solution_time": 0.002408799948170781}
{"items_size": 114, "stocks_size": 40, "fill_percentage": 0.6949475598900886, "solution_time": 0.003245100029744208}
{"items_size": 111, "stocks_size": 38, "fill_percentage": 0.703968253968254, "solution_time": 0.002649500034749508}
{"items_size": 117, "stocks_size": 37, "fill_percentage": 0.6763736263736264, "solution_time": 0.0019149999134242535}
{"items_size": 112, "stocks_size": 37, "fill_percentage": 0.6597642414403778, "solution_time": 0.0025374999968335032}
{"items_size": 113, "stocks_size": 38, "fill_percentage": 0.7576754385964912, "solution_time": 0.004744000034406781}
{"items_size": 114, "stocks_size": 36, "fill_percentage": 0.6569269639264492, "solution_time": 0.002544799936003983}
{"items_size": 110, "stocks_size": 40, "fill_percentage": 0.6402608867062625, "solution_time": 0.0038354999851435423}
{"items_size": 113, "stocks_size": 39, "fill_percentage": 0.7161744254135558, "solution_time": 0.0022867999505251646}
{"items_size": 114, "stocks_size": 38, "fill_percentage": 0.5878327176281141, "solution_time": 0.004283000016584992}
{"items_size": 113, "stocks_size": 39, "fill_percentage": 0.664672083150344, "solution_time": 0.003822700004093349}
{"items_size": 114, "stocks_size": 40, "fill_percentage": 0.6241858552631578, "solution_time": 0.0024385000579059124}
{"items_size": 112, "stocks_size": 37, "fill_percentage": 0.6234677419354838, "solution_time": 0.001944500021636486}
{"items_size": 116, "stocks_size": 40, "fill_percentage": 0.6193526444079134, "solution_time": 0.0035547000588849187}
{"items_size": 117, "stocks_size": 36, "fill_percentage": 0.640064076234289, "solution_time": 0.0027982000028714538}
{"items_size": 112, "stocks_size": 38, "fill_percentage": 0.5977587684545852, "solution_time": 0.002085900050587952}
{"items_size": 112, "stocks_size": 40, "fill_percentage": 0.680532495256167, "solution_time": 0.0018945999909192324}
{"items_size": 109, "stocks_size": 39, "fill_percentage": 0.6656510855137148, "solution_time": 0.0015826000599190593}
{"items_size": 114, "stocks_size": 37, "fill_percentage": 0.6660613638167818, "solution_time": 0.002611299976706505}
{"items_size": 115, "stocks_size": 37, "fill_percentage": 0.672264739229025, "solution_time": 0.002365600084885955}
{"items_size": 114, "stocks_size": 38, "fill_percentage": 0.6989854596237575, "solution_time": 0.0032903000246733427}
{"items_size": 109, "stocks_size": 40, "fill_percentage": 0.6923548322282499, "solution_time": 0.00477959995623678}
{"items_size": 110, "stocks_size": 39, "fill_percentage": 0.6084175642087821, "solution_time": 0.0021772999316453934}
{"items_size": 115, "stocks_size": 38, "fill_percentage": 0.6896903460837887, "solution_time": 0.0025258000241592526}
{"items_size": 112, "stocks_size": 37, "fill_percentage": 0.6505935861856306, "solution_time": 0.0027753999456763268}
{"items_size": 114, "stocks_size": 38, "fill_percentage": 0.6934303791446649, "solution_time": 0.004155100090429187}
{"items_size": 115, "stocks_size": 36, "fill_percentage": 0.7040410883656205, "solution_time": 0.0031512000132352114}
{"items_size": 117, "stocks_size": 35, "fill_percentage": 0.6983016304347827, "solution_time": 0.0031980000203475356}
{"items_size": 116, "stocks_size": 40, "fill_percentage": 0.7437770897832817, "solution_time": 0.0028658000519499183}
{"items_size": 112, "stocks_size": 39, "fill_percentage": 0.6784646464646464, "solution_time": 0.0030747000128030777}
{"items_size": 113, "stocks_size": 38, "fill_percentage": 0.6844642588612018, "solution_time": 0.0020317999878898263}
{"items_size": 113, "stocks_size": 37, "fill_percentage": 0.6487522004763384, "solution_time": 0.0015746999997645617}
{"items_size": 116, "stocks_size": 35, "fill_percentage": 0.6664927122244195, "solution_time": 0.003033999935723841}
{"items_size": 117, "stocks_size": 38, "fill_percentage": 0.690925534093236, "solution_time": 0.0032610000343993306}
{"items_size": 112, "stocks_size": 40, "fill_percentage": 0.6170377755622023, "solution_time": 0.0022782000014558434}
{"items_size": 116, "stocks_size": 37, "fill_percentage": 0.6766490599258002, "solution_time": 0.004003799986094236}
{"items_size": 114, "stocks_size": 38, "fill_percentage": 0.655284749034749, "solution_time": 0.002915099961683154}
{"items_size": 109, "stocks_size": 40, "fill_percentage": 0.6829137145748988, "solution_time": 0.002765399985946715}
{"items_size": 116, "stocks_size": 38, "fill_percentage": 0.6412725654716501, "solution_time": 0.003414300037547946}
{"items_size": 114, "stocks_size": 37, "fill_percentage": 0.6751329983744643, "solution_time": 0.0036922000581398606}
{"items_size": 110, "stocks_size": 40, "fill_percentage": 0.6555212030993549, "solution_time": 0.002485299948602915}
{"items_size": 115, "stocks_size": 37, "fill_percentage": 0.6797908496732026, "solution_time": 0.002413799986243248}
{"items_size": 117, "stocks_size": 37, "fill_percentage": 0.6324654533198517, "solution_time": 0.0029152999632060528}
{"items_size": 116, "stocks_size": 39, "fill_percentage": 0.6834299732381802, "solution_time": 0.0022480000043287873}
{"items_size": 117, "stocks_size": 40, "fill_percentage": 0.7417647456709957, "solution_time": 0.002851199940778315}
{"items_size": 113, "stocks_size": 38, "fill_percentage": 0.6362836438923395, "solution_time": 0.003359799971804023}
{"items_size": 113, "stocks_size": 40, "fill_percentage": 0.6470522988187011, "solution_time": 0.002840499975718558}
{"items_size": 112, "stocks_size": 37, "fill_percentage": 0.6765895533246036, "solution_time": 0.002524400013498962}
{"items_size": 115, "stocks_size": 36, "fill_percentage": 0.6758925130504853, "solution_time": 0.003077100031077862}
{"items_size": 114, "stocks_size": 38, "fill_percentage": 0.6470219278438456, "solution_time": 0.0038426999235525727}
{"items_size": 114, "stocks_size": 38, "fill_percentage": 0.716142160615707, "solution_time": 0.0037281999830156565}
{"items_size": 117, "stocks_size": 38, "fill_percentage": 0.601159420289855, "solution_time": 0.0037490000249817967}
{"items_size": 117, "stocks_size": 39, "fill_percentage": 0.6864602020583515, "solution_time": 0.003470499999821186}
{"items_size": 116, "stocks_size": 37, "fill_percentage": 0.7032063492063492, "solution_time": 0.0047290000366047025}
{"items_size": 117, "stocks_size": 38, "fill_percentage": 0.611511928715148, "solution_time": 0.002080800011754036}
{"items_size": 113, "stocks_size": 38, "fill_percentage": 0.7039516142377257, "solution_time": 0.004967899993062019}
{"items_size": 115, "stocks_size": 38, "fill_percentage": 0.6897103042305212, "solution_time": 0.0028545999666675925}
{"items_size": 113, "stocks_size": 38,