{"items_size": 11071, "stocks_size": 3729, "fill_percentage": 0.7339958358030589, "solution_time": 3.116979700047523}
{"items_size": 11020, "stocks_size": 3746, "fill_percentage": 0.6908792567534011, "solution_time": 3.9578982000239193}
{"items_size": 11307, "stocks_size": 3691, "fill_percentage": 0.6621653703798573, "solution_time": 6.211983400047757}
{"items_size": 11008, "stocks_size": 3744, "fill_percentage": null, "solution_time": null}
{"items_size": 11257, "stocks_size": 3675, "fill_percentage": 0.6552918006811687, "solution_time": 5.867092000087723}
{"items_size": 11345, "stocks_size": 3518, "fill_percentage": null, "solution_time": null}
{"items_size": 11393, "stocks_size": 3665, "fill_percentage": 0.6733945873379424, "solution_time": 6.1314801999833435}
{"items_size": 11250, "stocks_size": 3608, "fill_percentage": 0.7189852640519535, "solution_time": 3.9165069999871776}
{"items_size": 11415, "stocks_size": 3703, "fill_percentage": 0.676786242265102, "solution_time": 5.925721999956295}
{"items_size": 11173, "stocks_size": 3770, "fill_percentage": 0.7405570641978644, "solution_time": 4.4162505000131205}
{"items_size": 11197, "stocks_size": 3796, "fill_percentage": 0.6722124364739377, "solution_time": 5.426664700033143}
{"items_size": 11265, "stocks_size": 3675, "fill_percentage": 0.7357388434215104, "solution_time": 4.46717700001318}
{"items_size": 11427, "stocks_size": 3747, "fill_percentage": null, "solution_time": null}
{"items_size": 11153, "stocks_size": 3660, "fill_percentage": 0.6659227181401717, "solution_time": 4.325534599949606}
{"items_size": 11316, "stocks_size": 3549, "fill_percentage": 0.662120004955896, "solution_time": 5.929688700009137}
{"items_size": 11257, "stocks_size": 3591, "fill_percentage": 0.702029685776019, "solution_time": 5.0024880999699235}
{"items_size": 11357, "stocks_size": 3680, "fill_percentage": 0.773539762713313, "solution_time": 4.971116499975324}
{"items_size": 11394, "stocks_size": 3805, "fill_percentage": 0.6631099524618043, "solution_time": 4.497023400035687}
{"items_size": 11007, "stocks_size": 3747, "fill_percentage": 0.7778409109788637, "solution_time": 3.9413858000189066}
{"items_size": 11335, "stocks_size": 3577, "fill_percentage": 0.7792826279621929, "solution_time": 4.288403799990192}
{"items_size": 10949, "stocks_size": 3787, "fill_percentage": 0.6968323888402874, "solution_time": 4.2838217000244185}
{"items_size": 11101, "stocks_size": 3780, "fill_percentage": 0.7272919347919348, "solution_time": 3.7540818001143634}
{"items_size": 11386, "stocks_size": 3581, "fill_percentage": 0.7629457964960273, "solution_time": 4.140378899988718}
{"items_size": 11417, "stocks_size": 3787, "fill_percentage": 0.7291912871507948, "solution_time": 3.9877420000266284}
{"items_size": 11245, "stocks_size": 3669, "fill_percentage": 0.7559714167764258, "solution_time": 4.694400200038217}
{"items_size": 11327, "stocks_size": 3566, "fill_percentage": 0.7510937470561267, "solution_time": 4.3702309000073}
{"items_size": 11422, "stocks_size": 3619, "fill_percentage": 0.6821760288523294, "solution_time": 4.872315000044182}
{"items_size": 11150, "stocks_size": 3761, "fill_percentage": 0.6821886429433599, "solution_time": 3.902181400102563}
{"items_size": 11394, "stocks_size": 3662, "fill_percentage": 0.7066497062001196, "solution_time": 4.128519700025208}
{"items_size": 11281, "stocks_size": 3578, "fill_percentage": 0.6438890989330698, "solution_time": 5.48393660003785}
{"items_size": 11250, "stocks_size": 3656, "fill_percentage": 0.6873799548317139, "solution_time": 4.941870100097731}
{"items_size": 10945, "stocks_size": 3772, "fill_percentage": 0.7507850088245854, "solution_time": 4.6540812000166625}
{"items_size": 11349, "stocks_size": 3678, "fill_percentage": 0.6334626231803652, "solution_time": 5.589102600002661}
{"items_size": 11375, "stocks_size": 3667, "fill_percentage": 0.709303196987596, "solution_time": 4.770668599987403}
{"items_size": 11052, "stocks_size": 3706, "fill_percentage": 0.6534913852763717, "solution_time": 4.932218600064516}
{"items_size": 10978, "stocks_size": 3766, "fill_percentage": 0.7016104639772325, "solution_time": 4.441365100094117}
{"items_size": 11264, "stocks_size": 3726, "fill_percentage": 0.702345311760671, "solution_time": 5.120112000033259}
{"items_size": 11431, "stocks_size": 3793, "fill_percentage": 0.7191339556154778, "solution_time": 5.608068000059575}
{"items_size": 11349, "stocks_size": 3576, "fill_percentage": 0.7044488176009486, "solution_time": 4.665000300039537}
{"items_size": 11052, "stocks_size": 3727, "fill_percentage": null, "solution_time": null}
{"items_size": 11329, "stocks_size": 3584, "fill_percentage": 0.6504866115490149, "solution_time": 4.502112000016496}
{"items_size": 11214, "stocks_size": 3641, "fill_percentage": 0.7785955914322444, "solution_time": 3.9268389999633655}
{"items_size": 11388, "stocks_size": 3729, "fill_percentage": 0.6895147539830955, "solution_time": 5.713165600085631}
{"items_size": 11429, "stocks_size": 3567, "fill_percentage": 0.7030601070049043, "solution_time": 4.195662000100128}
{"items_size": 11267, "stocks_size": 3673, "fill_percentage": 0.7423935043354308, "solution_time": 4.1206936000380665}
{"items_size": 11316, "stocks_size": 3745, "fill_percentage": 0.7248937089201878, "solution_time": 4.479662099969573}
{"items_size": 11012, "stocks_size": 3770, "fill_percentage": 0.7391841744913928, "solution_time": 4.056167299975641}
{"items_size": 11061, "stocks_size": 3719, "fill_percentage": 0.6495116792514563, "solution_time": 5.193723900010809}
{"items_size": 11095, "stocks_size": 3763, "fill_percentage": 0.70164696245642, "solution_time": 4.12629249994643}
{"items_size": 10917, "stocks_size": 3795, "fill_percentage": 0.7039356792753886, "solution_time": 3.9408393999328837}
{"items_size": 11101, "stocks_size": 3791, "fill_percentage": 0.6740901701019674, "solution_time": 4.884319700067863}
{"items_size": 11349, "stocks_size": 3761, "fill_percentage": null, "solution_time": null}
{"items_size": 11070, "stocks_size": 3734, "fill_percentage": 0.7638608276603441, "solution_time": 4.256990800029598}
{"items_size": 11135, "stocks_size": 3694, "fill_percentage": 0.6779085523901661, "solution_time": 6.506831399980001}
{"items_size": 11155, "stocks_size": 3710, "fill_percentage": 0.691085318596629, "solution_time": 5.363694200059399}
{"items_size": 11368, "stocks_size": 3671, "fill_percentage": 0.7052281852885792, "solution_time": 4.042934000026435}
{"items_size": 11444, "stocks_size": 3770, "fill_percentage": 0.708435330835485, "solution_time": 4.518344099982642}
{"items_size": 11433, "stocks_size": 3530, "fill_percentage": 0.7017202218695878, "solution_time": 4.385078800027259}
{"items_size": 11020, "stocks_size": 3711, "fill_percentage": 0.6700831633290405, "solution_time": 4.6701628000009805}
{"items_size": 11281, "stocks_size": 3792, "fill_percentage": 0.7198271699289744, "solution_time": 4.7995256000431255}
{"items_size": 11190, "stocks_size": 3675, "fill_percentage": 0.7223453439632416, "solution_time": 4.861642399919219}
{"items_size": 11316, "stocks_size": 3690, "fill_percentage": 0.7645162440154787, "solution_time": 4.9588272999972105}
{"items_size": 11143, "stocks_size": 3654, "fill_percentage": 0.6606416749129121, "solution_time": 5.721510999952443}
{"items_size": 11219, "stocks_size": 3791, "fill_percentage": 0.7702937555095627, "solution_time": 4.701292400015518}
{"items_size": 11393, "stocks_size": 3712, "fill_percentage": 0.7044031344932339, "solution_time": 4.722857599961571}
{"items_size": 11005, "stocks_size": 3806, "fill_percentage": 0.689513213388626, "solution_time": 3.733375999960117}
{"items_size": 11309, "stocks_size": 3666, "fill_percentage": 0.7435617755336528, "solution_time": 4.323336499975994}
{"items_size": 11300, "stocks_size": 3551, "fill_percentage": 0.7189461773918844, "solution_time": 4.262911600060761}
{"items_size": 11098, "stocks_size": 3719, "fill_percentage": 0.7439723819352302,