{"items_size": 11071, "stocks_size": 3729, "fill_percentage": 0.7435647999201234, "solution_time": 2.956709000049159}
{"items_size": 11020, "stocks_size": 3746, "fill_percentage": 0.6978422055896617, "solution_time": 3.796067100018263}
{"items_size": 11307, "stocks_size": 3691, "fill_percentage": 0.664999982410593, "solution_time": 6.208778099971823}
{"items_size": 11008, "stocks_size": 3744, "fill_percentage": null, "solution_time": null}
{"items_size": 11257, "stocks_size": 3675, "fill_percentage": 0.6583915726806066, "solution_time": 5.669945299974643}
{"items_size": 11345, "stocks_size": 3518, "fill_percentage": null, "solution_time": null}
{"items_size": 11393, "stocks_size": 3665, "fill_percentage": 0.6768656934582411, "solution_time": 5.878604399971664}
{"items_size": 11250, "stocks_size": 3608, "fill_percentage": 0.7232396147268172, "solution_time": 3.730386200011708}
{"items_size": 11415, "stocks_size": 3703, "fill_percentage": 0.6798348289419718, "solution_time": 5.50220350001473}
{"items_size": 11173, "stocks_size": 3770, "fill_percentage": 0.7462361827883388, "solution_time": 3.7797737000510097}
{"items_size": 11197, "stocks_size": 3796, "fill_percentage": 0.6775305728384466, "solution_time": 4.7839712999993935}
{"items_size": 11265, "stocks_size": 3675, "fill_percentage": 0.7455256668473051, "solution_time": 3.8771843999857083}
{"items_size": 11427, "stocks_size": 3747, "fill_percentage": null, "solution_time": null}
{"items_size": 11153, "stocks_size": 3660, "fill_percentage": 0.6724160057493391, "solution_time": 4.081067899940535}
{"items_size": 11316, "stocks_size": 3549, "fill_percentage": 0.6648267848503697, "solution_time": 5.855209599947557}
{"items_size": 11257, "stocks_size": 3591, "fill_percentage": 0.7043832335731608, "solution_time": 4.683120699948631}
{"items_size": 11357, "stocks_size": 3680, "fill_percentage": 0.7772077594806575, "solution_time": 4.625876599922776}
{"items_size": 11394, "stocks_size": 3805, "fill_percentage": 0.6684148320814988, "solution_time": 4.695518899941817}
{"items_size": 11007, "stocks_size": 3747, "fill_percentage": 0.7810173924938361, "solution_time": 4.069911599974148}
{"items_size": 11335, "stocks_size": 3577, "fill_percentage": 0.7854308143760959, "solution_time": 3.8788444000529125}
{"items_size": 10949, "stocks_size": 3787, "fill_percentage": 0.7042984501492905, "solution_time": 3.6634376000147313}
{"items_size": 11101, "stocks_size": 3780, "fill_percentage": 0.7295453567432654, "solution_time": 3.6196112000616267}
{"items_size": 11386, "stocks_size": 3581, "fill_percentage": 0.7701187911639387, "solution_time": 3.5595459999749437}
{"items_size": 11417, "stocks_size": 3787, "fill_percentage": 0.7410568258470356, "solution_time": 3.9005156999919564}
{"items_size": 11245, "stocks_size": 3669, "fill_percentage": 0.7587948394347878, "solution_time": 4.769114599912427}
{"items_size": 11327, "stocks_size": 3566, "fill_percentage": 0.7529699179480238, "solution_time": 3.70160690008197}
{"items_size": 11422, "stocks_size": 3619, "fill_percentage": 0.6875698468082987, "solution_time": 4.558654500055127}
{"items_size": 11150, "stocks_size": 3761, "fill_percentage": 0.6892824589878316, "solution_time": 3.6148224000353366}
{"items_size": 11394, "stocks_size": 3662, "fill_percentage": 0.7140469014004902, "solution_time": 3.4853144000517204}
{"items_size": 11281, "stocks_size": 3578, "fill_percentage": 0.6476791590314331, "solution_time": 5.708320999983698}
{"items_size": 11250, "stocks_size": 3656, "fill_percentage": 0.6939577534425436, "solution_time": 4.3462166000390425}
{"items_size": 10945, "stocks_size": 3772, "fill_percentage": 0.7540956727537482, "solution_time": 4.5258294000523165}
{"items_size": 11349, "stocks_size": 3678, "fill_percentage": 0.638640791762221, "solution_time": 5.387654899968766}
{"items_size": 11375, "stocks_size": 3667, "fill_percentage": 0.7143666344437835, "solution_time": 4.055888499948196}
{"items_size": 11052, "stocks_size": 3706, "fill_percentage": 0.6595575500342115, "solution_time": 4.8111817999742925}
{"items_size": 10978, "stocks_size": 3766, "fill_percentage": 0.7061467385288094, "solution_time": 4.186451300047338}
{"items_size": 11264, "stocks_size": 3726, "fill_percentage": 0.7072227097590091, "solution_time": 5.33522579993587}
{"items_size": 11431, "stocks_size": 3793, "fill_percentage": 0.7223236626766755, "solution_time": 4.8574778999900445}
{"items_size": 11349, "stocks_size": 3576, "fill_percentage": 0.7132820316147536, "solution_time": 4.208798899897374}
{"items_size": 11052, "stocks_size": 3727, "fill_percentage": null, "solution_time": null}
{"items_size": 11329, "stocks_size": 3584, "fill_percentage": 0.656240135168335, "solution_time": 4.138716499903239}
{"items_size": 11214, "stocks_size": 3641, "fill_percentage": 0.7824807989743215, "solution_time": 3.7232163000153378}
{"items_size": 11388, "stocks_size": 3729, "fill_percentage": 0.692522451928496, "solution_time": 5.7222277000546455}
{"items_size": 11429, "stocks_size": 3567, "fill_percentage": 0.7114199180275548, "solution_time": 4.133875799947418}
{"items_size": 11267, "stocks_size": 3673, "fill_percentage": 0.7527847042405924, "solution_time": 3.880044999998063}
{"items_size": 11316, "stocks_size": 3745, "fill_percentage": 0.7281756272401434, "solution_time": 4.436375599936582}
{"items_size": 11012, "stocks_size": 3770, "fill_percentage": 0.7473713409810127, "solution_time": 3.8161391000030562}
{"items_size": 11061, "stocks_size": 3719, "fill_percentage": 0.6546493653071505, "solution_time": 4.6545163000700995}
{"items_size": 11095, "stocks_size": 3763, "fill_percentage": 0.7082579577056953, "solution_time": 3.9865976000437513}
{"items_size": 10917, "stocks_size": 3795, "fill_percentage": 0.7116523919592845, "solution_time": 4.105252099921927}
{"items_size": 11101, "stocks_size": 3791, "fill_percentage": 0.6811450122799053, "solution_time": 4.391755999997258}
{"items_size": 11349, "stocks_size": 3761, "fill_percentage": null, "solution_time": null}
{"items_size": 11070, "stocks_size": 3734, "fill_percentage": 0.7677363265322891, "solution_time": 4.273965200060047}
{"items_size": 11135, "stocks_size": 3694, "fill_percentage": 0.6791987535502344, "solution_time": 6.808845499996096}
{"items_size": 11155, "stocks_size": 3710, "fill_percentage": 0.6937526654403353, "solution_time": 5.343845100025646}
{"items_size": 11368, "stocks_size": 3671, "fill_percentage": 0.7145601272489196, "solution_time": 4.3162972999271005}
{"items_size": 11444, "stocks_size": 3770, "fill_percentage": 0.7110703187822696, "solution_time": 4.661726700025611}
{"items_size": 11433, "stocks_size": 3530, "fill_percentage": 0.7109977728798829, "solution_time": 4.083658099989407}
{"items_size": 11020, "stocks_size": 3711, "fill_percentage": 0.6770668336086553, "solution_time": 4.442563400021754}
{"items_size": 11281, "stocks_size": 3792, "fill_percentage": 0.7232713190673906, "solution_time": 4.145693500060588}
{"items_size": 11190, "stocks_size": 3675, "fill_percentage": 0.7254396362505663, "solution_time": 4.86175230005756}
{"items_size": 11316, "stocks_size": 3690, "fill_percentage": 0.7680854141556069, "solution_time": 4.8793365999590605}
{"items_size": 11143, "stocks_size": 3654, "fill_percentage": 0.6642260312366173, "solution_time": 5.4216488999081776}
{"items_size": 11219, "stocks_size": 3791, "fill_percentage": 0.7729897836538462, "solution_time": 4.499623900046572}
{"items_size": 11393, "stocks_size": 3712, "fill_percentage": 0.710658934977188, "solution_time": 4.44651309994515}
{"items_size": 11005, "stocks_size": 3806, "fill_percentage": 0.6953718223912745, "solution_time": 3.8347569999750704}
{"items_size": 11309, "stocks_size": 3666, "fill_percentage": 0.7475701948087667, "solution_time": 4.27737949998118}
{"items_size": 11300, "stocks_size": 3551, "fill_percentage": 0.7298468086135393, "solution_time": 3.952740399981849}
{"items_size": 11098,