{"items_size": 11071, "stocks_size": 3729, "fill_percentage": 0.9965143875599598, "solution_time": 2.7832723000319675}
{"items_size": 11020, "stocks_size": 3746, "fill_percentage": 0.9954841686766259, "solution_time": 3.7270162999629974}
{"items_size": 11307, "stocks_size": 3691, "fill_percentage": 0.9953694738858258, "solution_time": 6.473910799948499}
{"items_size": 11008, "stocks_size": 3744, "fill_percentage": null, "solution_time": null}
{"items_size": 11257, "stocks_size": 3675, "fill_percentage": 0.9927530560961499, "solution_time": 5.998111500055529}
{"items_size": 11345, "stocks_size": 3518, "fill_percentage": 0.992100358796132, "solution_time": 7.65633050003089}
{"items_size": 11393, "stocks_size": 3665, "fill_percentage": 0.9890576238481521, "solution_time": 7.03712639992591}
{"items_size": 11250, "stocks_size": 3608, "fill_percentage": 0.9957433392165548, "solution_time": 3.8708897000178695}
{"items_size": 11415, "stocks_size": 3703, "fill_percentage": 0.9954354725147289, "solution_time": 5.445548900053836}
{"items_size": 11173, "stocks_size": 3770, "fill_percentage": 0.9959999819406282, "solution_time": 3.80337880004663}
{"items_size": 11197, "stocks_size": 3796, "fill_percentage": 0.9946558003110297, "solution_time": 5.787393899983726}
{"items_size": 11265, "stocks_size": 3675, "fill_percentage": 0.9966336843418996, "solution_time": 3.4832752000074834}
{"items_size": 11427, "stocks_size": 3747, "fill_percentage": 0.9947502346321091, "solution_time": 7.424041300080717}
{"items_size": 11153, "stocks_size": 3660, "fill_percentage": 0.996211835163146, "solution_time": 4.5542782000266016}
{"items_size": 11316, "stocks_size": 3549, "fill_percentage": 0.9934911540527142, "solution_time": 5.584607400000095}
{"items_size": 11257, "stocks_size": 3591, "fill_percentage": 0.995096205480893, "solution_time": 5.1876928000710905}
{"items_size": 11357, "stocks_size": 3680, "fill_percentage": 0.9867159381232695, "solution_time": 5.384538800106384}
{"items_size": 11394, "stocks_size": 3805, "fill_percentage": 0.9959823656843524, "solution_time": 5.298653600038961}
{"items_size": 11007, "stocks_size": 3747, "fill_percentage": 0.9845643963291022, "solution_time": 4.800769899971783}
{"items_size": 11335, "stocks_size": 3577, "fill_percentage": 0.9967795316362469, "solution_time": 3.8145948000019416}
{"items_size": 10949, "stocks_size": 3787, "fill_percentage": 0.9959776062717239, "solution_time": 4.1218990999041125}
{"items_size": 11101, "stocks_size": 3780, "fill_percentage": 0.996659318048207, "solution_time": 3.936848600045778}
{"items_size": 11386, "stocks_size": 3581, "fill_percentage": 0.9956231885765837, "solution_time": 3.742884400067851}
{"items_size": 11417, "stocks_size": 3787, "fill_percentage": 0.9969242075076539, "solution_time": 4.138726399978623}
{"items_size": 11245, "stocks_size": 3669, "fill_percentage": 0.9880477483704044, "solution_time": 5.442820800002664}
{"items_size": 11327, "stocks_size": 3566, "fill_percentage": 0.9970417546367989, "solution_time": 3.9251096999505535}
{"items_size": 11422, "stocks_size": 3619, "fill_percentage": 0.996520109698638, "solution_time": 4.65327469992917}
{"items_size": 11150, "stocks_size": 3761, "fill_percentage": 0.9951192131008645, "solution_time": 3.87478579999879}
{"items_size": 11394, "stocks_size": 3662, "fill_percentage": 0.9979450670175526, "solution_time": 4.022611299995333}
{"items_size": 11281, "stocks_size": 3578, "fill_percentage": 0.9967805074575352, "solution_time": 5.523139199940488}
{"items_size": 11250, "stocks_size": 3656, "fill_percentage": 0.9949196145010858, "solution_time": 4.762040100060403}
{"items_size": 10945, "stocks_size": 3772, "fill_percentage": 0.9859764689880847, "solution_time": 5.306563400081359}
{"items_size": 11349, "stocks_size": 3678, "fill_percentage": 0.9957776763748702, "solution_time": 5.671919299988076}
{"items_size": 11375, "stocks_size": 3667, "fill_percentage": 0.9957299440298507, "solution_time": 4.464844899950549}
{"items_size": 11052, "stocks_size": 3706, "fill_percentage": 0.9962723987132448, "solution_time": 5.023503199918196}
{"items_size": 10978, "stocks_size": 3766, "fill_percentage": 0.9959029990193543, "solution_time": 4.432767300051637}
{"items_size": 11264, "stocks_size": 3726, "fill_percentage": 0.9898691786678412, "solution_time": 5.342553600086831}
{"items_size": 11431, "stocks_size": 3793, "fill_percentage": 0.9858903045889682, "solution_time": 6.183234500000253}
{"items_size": 11349, "stocks_size": 3576, "fill_percentage": 0.996221401423408, "solution_time": 4.342501800041646}
{"items_size": 11052, "stocks_size": 3727, "fill_percentage": null, "solution_time": null}
{"items_size": 11329, "stocks_size": 3584, "fill_percentage": 0.9962824168985306, "solution_time": 4.324168000021018}
{"items_size": 11214, "stocks_size": 3641, "fill_percentage": 0.9962462014895428, "solution_time": 3.231981899938546}
{"items_size": 11388, "stocks_size": 3729, "fill_percentage": 0.9896775403923598, "solution_time": 6.17184389999602}
{"items_size": 11429, "stocks_size": 3567, "fill_percentage": 0.9955143944445483, "solution_time": 4.452653199899942}
{"items_size": 11267, "stocks_size": 3673, "fill_percentage": 0.9959682403841582, "solution_time": 3.8655881999293342}
{"items_size": 11316, "stocks_size": 3745, "fill_percentage": 0.9966586625355022, "solution_time": 4.730602300027385}
{"items_size": 11012, "stocks_size": 3770, "fill_percentage": 0.9964951213080169, "solution_time": 3.7816860999446362}
{"items_size": 11061, "stocks_size": 3719, "fill_percentage": 0.9958630623608458, "solution_time": 5.138565499917604}
{"items_size": 11095, "stocks_size": 3763, "fill_percentage": 0.9969466566467435, "solution_time": 3.9257395999738947}
{"items_size": 10917, "stocks_size": 3795, "fill_percentage": 0.9970420030692364, "solution_time": 4.290923499967903}
{"items_size": 11101, "stocks_size": 3791, "fill_percentage": 0.9951591119777515, "solution_time": 5.093944400083274}
{"items_size": 11349, "stocks_size": 3761, "fill_percentage": null, "solution_time": null}
{"items_size": 11070, "stocks_size": 3734, "fill_percentage": 0.9864460883931824, "solution_time": 4.983739099930972}
{"items_size": 11135, "stocks_size": 3694, "fill_percentage": 0.9885607501217896, "solution_time": 7.192264399956912}
{"items_size": 11155, "stocks_size": 3710, "fill_percentage": 0.9851495249152744, "solution_time": 5.798220600001514}
{"items_size": 11368, "stocks_size": 3671, "fill_percentage": 0.9973675654740857, "solution_time": 3.80297389999032}
{"items_size": 11444, "stocks_size": 3770, "fill_percentage": 0.9949697694782388, "solution_time": 4.754738199990243}
{"items_size": 11433, "stocks_size": 3530, "fill_percentage": 0.9958756684108797, "solution_time": 4.543324599973857}
{"items_size": 11020, "stocks_size": 3711, "fill_percentage": 0.9948631345291038, "solution_time": 4.368661000044085}
{"items_size": 11281, "stocks_size": 3792, "fill_percentage": 0.9953165806425326, "solution_time": 4.178734999964945}
{"items_size": 11190, "stocks_size": 3675, "fill_percentage": 0.9922842941161717, "solution_time": 5.2540586000541225}
{"items_size": 11316, "stocks_size": 3690, "fill_percentage": 0.9881315057785646, "solution_time": 5.444095199927688}
{"items_size": 11143, "stocks_size": 3654, "fill_percentage": 0.9958325196323257, "solution_time": 6.030458400025964}
{"items_size": 11219, "stocks_size": 3791, "fill_percentage": 0.9840735628947755, "solution_time": 5.0200574999907985}
{"items_size": 11393, "stocks_size": 3712, "fill_percentage": 0.9969293531366035, "solution_time": 4.5259296000003815}
{"items_size": 11005, "stocks_size": 3806, "fill_percentage": 0.9952468552466324, "solution_time": 3.8627257000189275}
{"items_size": 11309, "stocks_size": 3666, "fill_percentage": 0.9947939105955971, "solution_time": 4.140064600040205}
{"items_size": 11300, "stocks_size": 3551, "fill_percentage": 0.9971824098853537,