{"items_size": 11071, "stocks_size": 3729, "fill_percentage": 0.7166359934189511, "solution_time": 3.13623559998814}
{"items_size": 11020, "stocks_size": 3746, "fill_percentage": 0.662245578737054, "solution_time": 4.013872399926186}
{"items_size": 11307, "stocks_size": 3691, "fill_percentage": null, "solution_time": null}
{"items_size": 11008, "stocks_size": 3744, "fill_percentage": null, "solution_time": null}
{"items_size": 11257, "stocks_size": 3675, "fill_percentage": 0.6133254045153359, "solution_time": 6.194987200084142}
{"items_size": 11345, "stocks_size": 3518, "fill_percentage": null, "solution_time": null}
{"items_size": 11393, "stocks_size": 3665, "fill_percentage": 0.6163177959760572, "solution_time": 6.612163000041619}
{"items_size": 11250, "stocks_size": 3608, "fill_percentage": 0.6910388403608881, "solution_time": 3.9802141999825835}
{"items_size": 11415, "stocks_size": 3703, "fill_percentage": 0.619319228638425, "solution_time": 5.310386599972844}
{"items_size": 11173, "stocks_size": 3770, "fill_percentage": 0.7097680396469684, "solution_time": 4.030142500065267}
{"items_size": 11197, "stocks_size": 3796, "fill_percentage": 0.622382735514387, "solution_time": 5.090599599992856}
{"items_size": 11265, "stocks_size": 3675, "fill_percentage": 0.726759574546801, "solution_time": 4.209505400038324}
{"items_size": 11427, "stocks_size": 3747, "fill_percentage": null, "solution_time": null}
{"items_size": 11153, "stocks_size": 3660, "fill_percentage": 0.6342769272423505, "solution_time": 4.579974899999797}
{"items_size": 11316, "stocks_size": 3549, "fill_percentage": 0.6061207499495916, "solution_time": 6.516132200020365}
{"items_size": 11257, "stocks_size": 3591, "fill_percentage": 0.6651977348262142, "solution_time": 4.9783221000107005}
{"items_size": 11357, "stocks_size": 3680, "fill_percentage": 0.7181793220517467, "solution_time": 4.800887700053863}
{"items_size": 11394, "stocks_size": 3805, "fill_percentage": 0.6227467379641293, "solution_time": 5.301757900044322}
{"items_size": 11007, "stocks_size": 3747, "fill_percentage": 0.7206844427204073, "solution_time": 4.905998399946839}
{"items_size": 11335, "stocks_size": 3577, "fill_percentage": 0.7527663948746326, "solution_time": 4.316748100100085}
{"items_size": 10949, "stocks_size": 3787, "fill_percentage": 0.6757403747862981, "solution_time": 4.370650099939667}
{"items_size": 11101, "stocks_size": 3780, "fill_percentage": 0.7065589313995165, "solution_time": 4.305977699928917}
{"items_size": 11386, "stocks_size": 3581, "fill_percentage": 0.7373477787739838, "solution_time": 4.1860172000015154}
{"items_size": 11417, "stocks_size": 3787, "fill_percentage": 0.7176997339148942, "solution_time": 4.662333199987188}
{"items_size": 11245, "stocks_size": 3669, "fill_percentage": 0.7097548236110547, "solution_time": 5.169346500071697}
{"items_size": 11327, "stocks_size": 3566, "fill_percentage": 0.7334281195908975, "solution_time": 4.843516999972053}
{"items_size": 11422, "stocks_size": 3619, "fill_percentage": 0.6303816642046325, "solution_time": 5.595241000060923}
{"items_size": 11150, "stocks_size": 3761, "fill_percentage": 0.6466926485137867, "solution_time": 4.762307199998759}
{"items_size": 11394, "stocks_size": 3662, "fill_percentage": 0.6857552737282059, "solution_time": 4.937182600027882}
{"items_size": 11281, "stocks_size": 3578, "fill_percentage": 0.6036582957385317, "solution_time": 6.755315899965353}
{"items_size": 11250, "stocks_size": 3656, "fill_percentage": 0.6642923838297327, "solution_time": 4.619206200004555}
{"items_size": 10945, "stocks_size": 3772, "fill_percentage": 0.7024688580969422, "solution_time": 4.818757900036871}
{"items_size": 11349, "stocks_size": 3678, "fill_percentage": 0.6048546337464131, "solution_time": 6.1122094000456855}
{"items_size": 11375, "stocks_size": 3667, "fill_percentage": 0.6869853046338673, "solution_time": 4.529584499890916}
{"items_size": 11052, "stocks_size": 3706, "fill_percentage": 0.6103675882784385, "solution_time": 5.407361200079322}
{"items_size": 10978, "stocks_size": 3766, "fill_percentage": 0.6745282278484149, "solution_time": 4.954882699996233}
{"items_size": 11264, "stocks_size": 3726, "fill_percentage": 0.6513473263694711, "solution_time": 5.8820150999818}
{"items_size": 11431, "stocks_size": 3793, "fill_percentage": 0.6699187297824065, "solution_time": 6.052574299974367}
{"items_size": 11349, "stocks_size": 3576, "fill_percentage": 0.6907618946117376, "solution_time": 4.9579910999163985}
{"items_size": 11052, "stocks_size": 3727, "fill_percentage": null, "solution_time": null}
{"items_size": 11329, "stocks_size": 3584, "fill_percentage": 0.6379835810791805, "solution_time": 5.076020000036806}
{"items_size": 11214, "stocks_size": 3641, "fill_percentage": 0.7502830244710719, "solution_time": 4.027934200013988}
{"items_size": 11388, "stocks_size": 3729, "fill_percentage": 0.6329333107160441, "solution_time": 5.8808979000896215}
{"items_size": 11429, "stocks_size": 3567, "fill_percentage": 0.6752868522135141, "solution_time": 4.803523499984294}
{"items_size": 11267, "stocks_size": 3673, "fill_percentage": 0.7139241369125382, "solution_time": 4.364854899933562}
{"items_size": 11316, "stocks_size": 3745, "fill_percentage": 0.6940055735346997, "solution_time": 5.1998124999227}
{"items_size": 11012, "stocks_size": 3770, "fill_percentage": 0.7272343148575827, "solution_time": 4.485857599996962}
{"items_size": 11061, "stocks_size": 3719, "fill_percentage": 0.6052608835518766, "solution_time": 5.509106099954806}
{"items_size": 11095, "stocks_size": 3763, "fill_percentage": 0.6846063562036837, "solution_time": 4.67555549996905}
{"items_size": 10917, "stocks_size": 3795, "fill_percentage": 0.6857589363833011, "solution_time": 4.511902499943972}
{"items_size": 11101, "stocks_size": 3791, "fill_percentage": 0.6374476584069045, "solution_time": 5.036705499980599}
{"items_size": 11349, "stocks_size": 3761, "fill_percentage": null, "solution_time": null}
{"items_size": 11070, "stocks_size": 3734, "fill_percentage": 0.7117630760090036, "solution_time": 4.834556199959479}
{"items_size": 11135, "stocks_size": 3694, "fill_percentage": null, "solution_time": null}
{"items_size": 11155, "stocks_size": 3710, "fill_percentage": 0.631691724122989, "solution_time": 6.3568041999824345}
{"items_size": 11368, "stocks_size": 3671, "fill_percentage": 0.6935822152562907, "solution_time": 4.855044800089672}
{"items_size": 11444, "stocks_size": 3770, "fill_percentage": 0.6806888809502702, "solution_time": 5.376202099956572}
{"items_size": 11433, "stocks_size": 3530, "fill_percentage": 0.6803336941185308, "solution_time": 4.833353299996816}
{"items_size": 11020, "stocks_size": 3711, "fill_percentage": 0.6307239095606842, "solution_time": 4.7781094999518245}
{"items_size": 11281, "stocks_size": 3792, "fill_percentage": 0.689851480593655, "solution_time": 5.029074800084345}
{"items_size": 11190, "stocks_size": 3675, "fill_percentage": 0.6813360195630039, "solution_time": 5.155688500031829}
{"items_size": 11316, "stocks_size": 3690, "fill_percentage": 0.7116085454676947, "solution_time": 5.3993952999589965}
{"items_size": 11143, "stocks_size": 3654, "fill_percentage": 0.6068161605070584, "solution_time": 6.3002994999988005}
{"items_size": 11219, "stocks_size": 3791, "fill_percentage": 0.7130902063227363, "solution_time": 5.218279900029302}
{"items_size": 11393, "stocks_size": 3712, "fill_percentage": 0.6854956831390466, "solution_time": 4.960569099988788}
{"items_size": 11005, "stocks_size": 3806, "fill_percentage": 0.6641191562163857, "solution_time": 4.39501650002785}
{"items_size": 11309, "stocks_size": 3666, "fill_percentage": 0.7053625184996248, "solution_time": 4.929644999909215}
{"items_size": 11300, "stocks_size": 3551, "fill_percentage": 0.700401930752808, "solution_time": 4.509775099926628}
{"items_size": 11098, "stocks_size": 3719, "fill_percentage": 0.692372416573735, "solution_time": 5.548244800069369}
{"items_size": 11054, "stocks_size": 3768,