{"items_size": 11071, "stocks_size": 3729, "fill_percentage": 0.9944702554829137, "solution_time": 2.5957503000972793}
{"items_size": 11020, "stocks_size": 3746, "fill_percentage": 0.9938964746276999, "solution_time": 3.4918553000316024}
{"items_size": 11307, "stocks_size": 3691, "fill_percentage": 0.9628760075895529, "solution_time": 6.422272800002247}
{"items_size": 11008, "stocks_size": 3744, "fill_percentage": null, "solution_time": null}
{"items_size": 11257, "stocks_size": 3675, "fill_percentage": 0.9843279947997187, "solution_time": 6.031870400067419}
{"items_size": 11345, "stocks_size": 3518, "fill_percentage": 0.9504617381182506, "solution_time": 7.775572300073691}
{"items_size": 11393, "stocks_size": 3665, "fill_percentage": 0.9411058419162223, "solution_time": 5.841898399987258}
{"items_size": 11250, "stocks_size": 3608, "fill_percentage": 0.9957433392165548, "solution_time": 3.168289199937135}
{"items_size": 11415, "stocks_size": 3703, "fill_percentage": 0.9909107658214801, "solution_time": 5.6278567999834195}
{"items_size": 11173, "stocks_size": 3770, "fill_percentage": 0.9959999819406282, "solution_time": 3.560735300066881}
{"items_size": 11197, "stocks_size": 3796, "fill_percentage": 0.9940785189411452, "solution_time": 5.712483400013298}
{"items_size": 11265, "stocks_size": 3675, "fill_percentage": 0.9955922698337053, "solution_time": 3.805364100029692}
{"items_size": 11427, "stocks_size": 3747, "fill_percentage": 0.9714240188427027, "solution_time": 6.777536700014025}
{"items_size": 11153, "stocks_size": 3660, "fill_percentage": 0.996211835163146, "solution_time": 4.676343200029805}
{"items_size": 11316, "stocks_size": 3549, "fill_percentage": 0.9421342138253903, "solution_time": 6.114550399943255}
{"items_size": 11257, "stocks_size": 3591, "fill_percentage": 0.9944233885738741, "solution_time": 4.973392700077966}
{"items_size": 11357, "stocks_size": 3680, "fill_percentage": 0.9933604898951434, "solution_time": 5.1703729999717325}
{"items_size": 11394, "stocks_size": 3805, "fill_percentage": 0.9940075163141918, "solution_time": 5.69692280003801}
{"items_size": 11007, "stocks_size": 3747, "fill_percentage": 0.9954541782013174, "solution_time": 4.99674930004403}
{"items_size": 11335, "stocks_size": 3577, "fill_percentage": 0.9955335572217016, "solution_time": 3.2360158999217674}
{"items_size": 10949, "stocks_size": 3787, "fill_percentage": 0.9943036943284101, "solution_time": 4.226027400000021}
{"items_size": 11101, "stocks_size": 3780, "fill_percentage": 0.994554440924557, "solution_time": 3.5257478000130504}
{"items_size": 11386, "stocks_size": 3581, "fill_percentage": 0.9956231885765837, "solution_time": 3.724248299957253}
{"items_size": 11417, "stocks_size": 3787, "fill_percentage": 0.9949442190121074, "solution_time": 3.8696030999999493}
{"items_size": 11245, "stocks_size": 3669, "fill_percentage": 0.9953083564417118, "solution_time": 5.373269199975766}
{"items_size": 11327, "stocks_size": 3566, "fill_percentage": 0.9948480434054747, "solution_time": 3.8561854999279603}
{"items_size": 11422, "stocks_size": 3619, "fill_percentage": 0.9959194345270295, "solution_time": 5.88226940005552}
{"items_size": 11150, "stocks_size": 3761, "fill_percentage": 0.9959498635291624, "solution_time": 4.0056788000511006}
{"items_size": 11394, "stocks_size": 3662, "fill_percentage": 0.9953752513943315, "solution_time": 4.32132200000342}
{"items_size": 11281, "stocks_size": 3578, "fill_percentage": 0.9942785483524712, "solution_time": 5.896861000102945}
{"items_size": 11250, "stocks_size": 3656, "fill_percentage": 0.9934052771882987, "solution_time": 4.570039300015196}
{"items_size": 10945, "stocks_size": 3772, "fill_percentage": 0.9961872285374759, "solution_time": 4.85310200008098}
{"items_size": 11349, "stocks_size": 3678, "fill_percentage": 0.9952491319606586, "solution_time": 5.57644769991748}
{"items_size": 11375, "stocks_size": 3667, "fill_percentage": 0.99655627593361, "solution_time": 4.414832100039348}
{"items_size": 11052, "stocks_size": 3706, "fill_percentage": 0.9950040697524386, "solution_time": 5.086944899987429}
{"items_size": 10978, "stocks_size": 3766, "fill_percentage": 0.9943917653334372, "solution_time": 4.574549499899149}
{"items_size": 11264, "stocks_size": 3726, "fill_percentage": 0.9949891916609507, "solution_time": 5.688531900057569}
{"items_size": 11431, "stocks_size": 3793, "fill_percentage": 0.9929948356087335, "solution_time": 5.631122300052084}
{"items_size": 11349, "stocks_size": 3576, "fill_percentage": 0.9953498166452598, "solution_time": 4.413928799913265}
{"items_size": 11052, "stocks_size": 3727, "fill_percentage": null, "solution_time": null}
{"items_size": 11329, "stocks_size": 3584, "fill_percentage": 0.9954960850777741, "solution_time": 4.51724740001373}
{"items_size": 11214, "stocks_size": 3641, "fill_percentage": 0.9949819296602413, "solution_time": 3.320106599945575}
{"items_size": 11388, "stocks_size": 3729, "fill_percentage": 0.9953653423486377, "solution_time": 6.482223600032739}
{"items_size": 11429, "stocks_size": 3567, "fill_percentage": 0.9946868679321256, "solution_time": 4.47885860002134}
{"items_size": 11267, "stocks_size": 3673, "fill_percentage": 0.9959682403841582, "solution_time": 3.851715700002387}
{"items_size": 11316, "stocks_size": 3745, "fill_percentage": 0.9974312661498708, "solution_time": 4.456656299997121}
{"items_size": 11012, "stocks_size": 3770, "fill_percentage": 0.9954450737618545, "solution_time": 3.850316399941221}
{"items_size": 11061, "stocks_size": 3719, "fill_percentage": 0.9952327692834022, "solution_time": 4.724884299910627}
{"items_size": 11095, "stocks_size": 3763, "fill_percentage": 0.9951868214187705, "solution_time": 4.218492099898867}
{"items_size": 10917, "stocks_size": 3795, "fill_percentage": 0.9953434647335138, "solution_time": 4.003672600025311}
{"items_size": 11101, "stocks_size": 3791, "fill_percentage": 0.9951591119777515, "solution_time": 4.933400900103152}
{"items_size": 11349, "stocks_size": 3761, "fill_percentage": null, "solution_time": null}
{"items_size": 11070, "stocks_size": 3734, "fill_percentage": 0.9955317760494353, "solution_time": 5.038156199967489}
{"items_size": 11135, "stocks_size": 3694, "fill_percentage": 0.9516544821172428, "solution_time": 6.576178699964657}
{"items_size": 11155, "stocks_size": 3710, "fill_percentage": 0.9935653751281184, "solution_time": 6.188644799985923}
{"items_size": 11368, "stocks_size": 3671, "fill_percentage": 0.9947429139859959, "solution_time": 4.440974200027995}
{"items_size": 11444, "stocks_size": 3770, "fill_percentage": 0.9949697694782388, "solution_time": 4.883651899988763}
{"items_size": 11433, "stocks_size": 3530, "fill_percentage": 0.9942019277917017, "solution_time": 4.72940860001836}
{"items_size": 11020, "stocks_size": 3711, "fill_percentage": 0.994101953859992, "solution_time": 4.850633300025947}
{"items_size": 11281, "stocks_size": 3792, "fill_percentage": 0.9969576632157272, "solution_time": 4.1301464000716805}
{"items_size": 11190, "stocks_size": 3675, "fill_percentage": 0.996827126070922, "solution_time": 5.174998400034383}
{"items_size": 11316, "stocks_size": 3690, "fill_percentage": 0.9965105736652393, "solution_time": 5.611280799959786}
{"items_size": 11143, "stocks_size": 3654, "fill_percentage": 0.9716282570023732, "solution_time": 5.477682100026868}
{"items_size": 11219, "stocks_size": 3791, "fill_percentage": 0.9948388464013465, "solution_time": 4.859844099963084}
{"items_size": 11393, "stocks_size": 3712, "fill_percentage": 0.9944514839904479, "solution_time": 4.554841500008479}
{"items_size": 11005, "stocks_size": 3806, "fill_percentage": 0.9961787343245787, "solution_time": 3.842236500000581}
{"items_size": 11309, "stocks_size": 3666, "fill_percentage": 0.9962232121912804, "solution_time": 5.0483924999134615}
{"items_size": 11300, "stocks_size": 3551, "fill_percentage": 0.9943734453504653, "solution_time": 4.324150800006464}
{"items_size": 11098, "stocks_size": 3719,