{"items_size": 11071, "stocks_size": 3729, "fill_percentage": 0.7166359934189511, "solution_time": 3.1590475999983028}
{"items_size": 11020, "stocks_size": 3746, "fill_percentage": 0.662245578737054, "solution_time": 3.9339008999522775}
{"items_size": 11307, "stocks_size": 3691, "fill_percentage": null, "solution_time": null}
{"items_size": 11008, "stocks_size": 3744, "fill_percentage": null, "solution_time": null}
{"items_size": 11257, "stocks_size": 3675, "fill_percentage": 0.6133254045153359, "solution_time": 5.5983370000030845}
{"items_size": 11345, "stocks_size": 3518, "fill_percentage": null, "solution_time": null}
{"items_size": 11393, "stocks_size": 3665, "fill_percentage": 0.6163177959760572, "solution_time": 6.269387500011362}
{"items_size": 11250, "stocks_size": 3608, "fill_percentage": 0.6910388403608881, "solution_time": 3.9671458000084385}
{"items_size": 11415, "stocks_size": 3703, "fill_percentage": 0.619319228638425, "solution_time": 5.681773200049065}
{"items_size": 11173, "stocks_size": 3770, "fill_percentage": 0.7097680396469684, "solution_time": 4.162984499940649}
{"items_size": 11197, "stocks_size": 3796, "fill_percentage": 0.622382735514387, "solution_time": 5.367299900040962}
{"items_size": 11265, "stocks_size": 3675, "fill_percentage": 0.726759574546801, "solution_time": 4.1938185000326484}
{"items_size": 11427, "stocks_size": 3747, "fill_percentage": null, "solution_time": null}
{"items_size": 11153, "stocks_size": 3660, "fill_percentage": 0.6342769272423505, "solution_time": 4.574758099974133}
{"items_size": 11316, "stocks_size": 3549, "fill_percentage": 0.6061207499495916, "solution_time": 5.752668100059964}
{"items_size": 11257, "stocks_size": 3591, "fill_percentage": 0.6651977348262142, "solution_time": 4.845919399987906}
{"items_size": 11357, "stocks_size": 3680, "fill_percentage": 0.7181793220517467, "solution_time": 4.708700299961492}
{"items_size": 11394, "stocks_size": 3805, "fill_percentage": 0.6227467379641293, "solution_time": 5.248320600017905}
{"items_size": 11007, "stocks_size": 3747, "fill_percentage": 0.7206844427204073, "solution_time": 4.6180410999804735}
{"items_size": 11335, "stocks_size": 3577, "fill_percentage": 0.7527663948746326, "solution_time": 4.285220600082539}
{"items_size": 10949, "stocks_size": 3787, "fill_percentage": 0.6757403747862981, "solution_time": 4.253202599938959}
{"items_size": 11101, "stocks_size": 3780, "fill_percentage": 0.7065589313995165, "solution_time": 4.222228100057691}
{"items_size": 11386, "stocks_size": 3581, "fill_percentage": 0.7373477787739838, "solution_time": 4.055383399943821}
{"items_size": 11417, "stocks_size": 3787, "fill_percentage": 0.7176997339148942, "solution_time": 4.7121830999385566}
{"items_size": 11245, "stocks_size": 3669, "fill_percentage": 0.7097548236110547, "solution_time": 5.535059800022282}
{"items_size": 11327, "stocks_size": 3566, "fill_percentage": 0.7334281195908975, "solution_time": 4.110040999948978}
{"items_size": 11422, "stocks_size": 3619, "fill_percentage": 0.6303816642046325, "solution_time": 5.099625700036995}
{"items_size": 11150, "stocks_size": 3761, "fill_percentage": 0.6466926485137867, "solution_time": 3.962062400067225}
{"items_size": 11394, "stocks_size": 3662, "fill_percentage": 0.6857552737282059, "solution_time": 4.407817299943417}
{"items_size": 11281, "stocks_size": 3578, "fill_percentage": 0.6036582957385317, "solution_time": 6.187750600045547}
{"items_size": 11250, "stocks_size": 3656, "fill_percentage": 0.6642923838297327, "solution_time": 4.71574600005988}
{"items_size": 10945, "stocks_size": 3772, "fill_percentage": 0.7024688580969422, "solution_time": 4.214746899902821}
{"items_size": 11349, "stocks_size": 3678, "fill_percentage": 0.6048546337464131, "solution_time": 5.872223100042902}
{"items_size": 11375, "stocks_size": 3667, "fill_percentage": 0.6869853046338673, "solution_time": 4.708407000056468}
{"items_size": 11052, "stocks_size": 3706, "fill_percentage": 0.6103675882784385, "solution_time": 4.808259199955501}
{"items_size": 10978, "stocks_size": 3766, "fill_percentage": 0.6745282278484149, "solution_time": 4.431650800048374}
{"items_size": 11264, "stocks_size": 3726, "fill_percentage": 0.6513473263694711, "solution_time": 5.667126000043936}
{"items_size": 11431, "stocks_size": 3793, "fill_percentage": 0.6699187297824065, "solution_time": 5.42844479996711}
{"items_size": 11349, "stocks_size": 3576, "fill_percentage": 0.6907618946117376, "solution_time": 4.323364399955608}
{"items_size": 11052, "stocks_size": 3727, "fill_percentage": null, "solution_time": null}
{"items_size": 11329, "stocks_size": 3584, "fill_percentage": 0.6379835810791805, "solution_time": 4.777295699925162}
{"items_size": 11214, "stocks_size": 3641, "fill_percentage": 0.7502830244710719, "solution_time": 3.7779994999291375}
{"items_size": 11388, "stocks_size": 3729, "fill_percentage": 0.6329333107160441, "solution_time": 6.044746399973519}
{"items_size": 11429, "stocks_size": 3567, "fill_percentage": 0.6752868522135141, "solution_time": 3.9109858999727294}
{"items_size": 11267, "stocks_size": 3673, "fill_percentage": 0.7139241369125382, "solution_time": 4.426384099991992}
{"items_size": 11316, "stocks_size": 3745, "fill_percentage": 0.6940055735346997, "solution_time": 4.789378899964504}
{"items_size": 11012, "stocks_size": 3770, "fill_percentage": 0.7272343148575827, "solution_time": 3.888295399956405}
{"items_size": 11061, "stocks_size": 3719, "fill_percentage": 0.6052608835518766, "solution_time": 5.032796099898405}
{"items_size": 11095, "stocks_size": 3763, "fill_percentage": 0.6846063562036837, "solution_time": 4.528087900020182}
{"items_size": 10917, "stocks_size": 3795, "fill_percentage": 0.6857589363833011, "solution_time": 4.60788800008595}
{"items_size": 11101, "stocks_size": 3791, "fill_percentage": 0.6374476584069045, "solution_time": 5.1313145000021905}
{"items_size": 11349, "stocks_size": 3761, "fill_percentage": null, "solution_time": null}
{"items_size": 11070, "stocks_size": 3734, "fill_percentage": 0.7117630760090036, "solution_time": 5.126618199981749}
{"items_size": 11135, "stocks_size": 3694, "fill_percentage": null, "solution_time": null}
{"items_size": 11155, "stocks_size": 3710, "fill_percentage": 0.631691724122989, "solution_time": 5.489281699992716}
{"items_size": 11368, "stocks_size": 3671, "fill_percentage": 0.6935822152562907, "solution_time": 4.603537300019525}
{"items_size": 11444, "stocks_size": 3770, "fill_percentage": 0.6806888809502702, "solution_time": 5.1416491999989375}
{"items_size": 11433, "stocks_size": 3530, "fill_percentage": 0.6803336941185308, "solution_time": 4.3094742000103}
{"items_size": 11020, "stocks_size": 3711, "fill_percentage": 0.6307239095606842, "solution_time": 4.839162399992347}
{"items_size": 11281, "stocks_size": 3792, "fill_percentage": 0.689851480593655, "solution_time": 4.4531025000615045}
{"items_size": 11190, "stocks_size": 3675, "fill_percentage": 0.6813360195630039, "solution_time": 5.4533391000004485}
{"items_size": 11316, "stocks_size": 3690, "fill_percentage": 0.7116085454676947, "solution_time": 5.294969300040975}
{"items_size": 11143, "stocks_size": 3654, "fill_percentage": 0.6068161605070584, "solution_time": 5.9731459999457}
{"items_size": 11219, "stocks_size": 3791, "fill_percentage": 0.7130902063227363, "solution_time": 4.9671994999516755}
{"items_size": 11393, "stocks_size": 3712, "fill_percentage": 0.6854956831390466, "solution_time": 4.709255399997346}
{"items_size": 11005, "stocks_size": 3806, "fill_percentage": 0.6641191562163857, "solution_time": 4.578865499934182}
{"items_size": 11309, "stocks_size": 3666, "fill_percentage": 0.7053625184996248, "solution_time": 4.9923347000731155}
{"items_size": 11300, "stocks_size": 3551, "fill_percentage": 0.700401930752808, "solution_time": 4.114991100039333}
{"items_size": 11098, "stocks_size": 3719, "fill_percentage": 0.692372416573735,