{"items_size": 11071, "stocks_size": 3729, "fill_percentage": 0.9944702554829137, "solution_time": 2.6477155999746174}
{"items_size": 11020, "stocks_size": 3746, "fill_percentage": 0.9938964746276999, "solution_time": 3.5390639000106603}
{"items_size": 11307, "stocks_size": 3691, "fill_percentage": 0.9628760075895529, "solution_time": 6.307600499945693}
{"items_size": 11008, "stocks_size": 3744, "fill_percentage": null, "solution_time": null}
{"items_size": 11257, "stocks_size": 3675, "fill_percentage": 0.9843279947997187, "solution_time": 6.224553000065498}
{"items_size": 11345, "stocks_size": 3518, "fill_percentage": 0.9504617381182506, "solution_time": 6.96013630006928}
{"items_size": 11393, "stocks_size": 3665, "fill_percentage": 0.9411058419162223, "solution_time": 5.616505900048651}
{"items_size": 11250, "stocks_size": 3608, "fill_percentage": 0.9957433392165548, "solution_time": 3.4441108000464737}
{"items_size": 11415, "stocks_size": 3703, "fill_percentage": 0.9909107658214801, "solution_time": 6.032168700010516}
{"items_size": 11173, "stocks_size": 3770, "fill_percentage": 0.9959999819406282, "solution_time": 3.891157599980943}
{"items_size": 11197, "stocks_size": 3796, "fill_percentage": 0.9940785189411452, "solution_time": 5.780713000101969}
{"items_size": 11265, "stocks_size": 3675, "fill_percentage": 0.9955922698337053, "solution_time": 3.919239699956961}
{"items_size": 11427, "stocks_size": 3747, "fill_percentage": 0.9714240188427027, "solution_time": 6.9840204999782145}
{"items_size": 11153, "stocks_size": 3660, "fill_percentage": 0.996211835163146, "solution_time": 4.507768499897793}
{"items_size": 11316, "stocks_size": 3549, "fill_percentage": 0.9421342138253903, "solution_time": 5.705269999918528}
{"items_size": 11257, "stocks_size": 3591, "fill_percentage": 0.9944233885738741, "solution_time": 5.359712600009516}
{"items_size": 11357, "stocks_size": 3680, "fill_percentage": 0.9933604898951434, "solution_time": 5.2239865000592545}
{"items_size": 11394, "stocks_size": 3805, "fill_percentage": 0.9940075163141918, "solution_time": 5.000598100014031}
{"items_size": 11007, "stocks_size": 3747, "fill_percentage": 0.9954541782013174, "solution_time": 4.8516140000429}
{"items_size": 11335, "stocks_size": 3577, "fill_percentage": 0.9955335572217016, "solution_time": 3.3698115999577567}
{"items_size": 10949, "stocks_size": 3787, "fill_percentage": 0.9943036943284101, "solution_time": 4.128833100083284}
{"items_size": 11101, "stocks_size": 3780, "fill_percentage": 0.994554440924557, "solution_time": 3.631091200048104}
{"items_size": 11386, "stocks_size": 3581, "fill_percentage": 0.9956231885765837, "solution_time": 3.7216580000240356}
{"items_size": 11417, "stocks_size": 3787, "fill_percentage": 0.9949442190121074, "solution_time": 4.273718199925497}
{"items_size": 11245, "stocks_size": 3669, "fill_percentage": 0.9953083564417118, "solution_time": 5.069455199991353}
{"items_size": 11327, "stocks_size": 3566, "fill_percentage": 0.9948480434054747, "solution_time": 3.6599806000012904}
{"items_size": 11422, "stocks_size": 3619, "fill_percentage": 0.9959194345270295, "solution_time": 5.573883599950932}
{"items_size": 11150, "stocks_size": 3761, "fill_percentage": 0.9959498635291624, "solution_time": 4.050173399969935}
{"items_size": 11394, "stocks_size": 3662, "fill_percentage": 0.9953752513943315, "solution_time": 4.536183999967761}
{"items_size": 11281, "stocks_size": 3578, "fill_percentage": 0.9942785483524712, "solution_time": 5.699390799971297}
{"items_size": 11250, "stocks_size": 3656, "fill_percentage": 0.9934052771882987, "solution_time": 4.393846399965696}
{"items_size": 10945, "stocks_size": 3772, "fill_percentage": 0.9961872285374759, "solution_time": 5.170733700040728}
{"items_size": 11349, "stocks_size": 3678, "fill_percentage": 0.9952491319606586, "solution_time": 5.806626099976711}
{"items_size": 11375, "stocks_size": 3667, "fill_percentage": 0.99655627593361, "solution_time": 4.571736400015652}
{"items_size": 11052, "stocks_size": 3706, "fill_percentage": 0.9950040697524386, "solution_time": 5.357091599958949}
{"items_size": 10978, "stocks_size": 3766, "fill_percentage": 0.9943917653334372, "solution_time": 4.7975790000054985}
{"items_size": 11264, "stocks_size": 3726, "fill_percentage": 0.9949891916609507, "solution_time": 5.68184089998249}
{"items_size": 11431, "stocks_size": 3793, "fill_percentage": 0.9929948356087335, "solution_time": 5.605945199960843}
{"items_size": 11349, "stocks_size": 3576, "fill_percentage": 0.9953498166452598, "solution_time": 4.580071300035343}
{"items_size": 11052, "stocks_size": 3727, "fill_percentage": null, "solution_time": null}
{"items_size": 11329, "stocks_size": 3584, "fill_percentage": 0.9954960850777741, "solution_time": 4.463846900034696}
{"items_size": 11214, "stocks_size": 3641, "fill_percentage": 0.9949819296602413, "solution_time": 3.3752205000491813}
{"items_size": 11388, "stocks_size": 3729, "fill_percentage": 0.9953653423486377, "solution_time": 6.5535660000750795}
{"items_size": 11429, "stocks_size": 3567, "fill_percentage": 0.9946868679321256, "solution_time": 4.090159200015478}
{"items_size": 11267, "stocks_size": 3673, "fill_percentage": 0.9959682403841582, "solution_time": 3.768486400018446}
{"items_size": 11316, "stocks_size": 3745, "fill_percentage": 0.9974312661498708, "solution_time": 4.509867400047369}
{"items_size": 11012, "stocks_size": 3770, "fill_percentage": 0.9954450737618545, "solution_time": 3.675620699999854}
{"items_size": 11061, "stocks_size": 3719, "fill_percentage": 0.9952327692834022, "solution_time": 5.2119706000667065}
{"items_size": 11095, "stocks_size": 3763, "fill_percentage": 0.9951868214187705, "solution_time": 4.3701683999970555}
{"items_size": 10917, "stocks_size": 3795, "fill_percentage": 0.9953434647335138, "solution_time": 4.0891456999816}
{"items_size": 11101, "stocks_size": 3791, "fill_percentage": 0.9951591119777515, "solution_time": 4.76712370000314}
{"items_size": 11349, "stocks_size": 3761, "fill_percentage": null, "solution_time": null}
{"items_size": 11070, "stocks_size": 3734, "fill_percentage": 0.9955317760494353, "solution_time": 4.868299900088459}
{"items_size": 11135, "stocks_size": 3694, "fill_percentage": 0.9516544821172428, "solution_time": 6.746212000027299}
{"items_size": 11155, "stocks_size": 3710, "fill_percentage": 0.9935653751281184, "solution_time": 5.643578200018965}
{"items_size": 11368, "stocks_size": 3671, "fill_percentage": 0.9947429139859959, "solution_time": 4.335401499993168}
{"items_size": 11444, "stocks_size": 3770, "fill_percentage": 0.9949697694782388, "solution_time": 4.9808565999846905}
{"items_size": 11433, "stocks_size": 3530, "fill_percentage": 0.9942019277917017, "solution_time": 4.572623900021426}
{"items_size": 11020, "stocks_size": 3711, "fill_percentage": 0.994101953859992, "solution_time": 4.799163999967277}
{"items_size": 11281, "stocks_size": 3792, "fill_percentage": 0.9969576632157272, "solution_time": 4.373495399951935}
{"items_size": 11190, "stocks_size": 3675, "fill_percentage": 0.996827126070922, "solution_time": 5.410459800041281}
{"items_size": 11316, "stocks_size": 3690, "fill_percentage": 0.9965105736652393, "solution_time": 5.198747899965383}
{"items_size": 11143, "stocks_size": 3654, "fill_percentage": 0.9716282570023732, "solution_time": 6.062291399925016}
{"items_size": 11219, "stocks_size": 3791, "fill_percentage": 0.9948388464013465, "solution_time": 5.2378943000221625}
{"items_size": 11393, "stocks_size": 3712, "fill_percentage": 0.9944514839904479, "solution_time": 4.770197200006805}
{"items_size": 11005, "stocks_size": 3806, "fill_percentage": 0.9961787343245787, "solution_time": 4.346199300023727}
{"items_size": 11309, "stocks_size": 3666, "fill_percentage": 0.9962232121912804, "solution_time": 4.736416699946858}
{"items_size": 11300, "stocks_size": 3551, "fill_percentage": 0.9943734453504653,