{"items_size": 11071, "stocks_size": 3729, "fill_percentage": 0.9965143875599598, "solution_time": 2.4618611000478268}
{"items_size": 11020, "stocks_size": 3746, "fill_percentage": 0.9954841686766259, "solution_time": 3.3070269000018016}
{"items_size": 11307, "stocks_size": 3691, "fill_percentage": 0.9962205807467799, "solution_time": 6.618969999952242}
{"items_size": 11008, "stocks_size": 3744, "fill_percentage": null, "solution_time": null}
{"items_size": 11257, "stocks_size": 3675, "fill_percentage": 0.9946449151835175, "solution_time": 5.664058299968019}
{"items_size": 11345, "stocks_size": 3518, "fill_percentage": 0.9928192720996074, "solution_time": 7.206982400035486}
{"items_size": 11393, "stocks_size": 3665, "fill_percentage": 0.9438913560360589, "solution_time": 6.488684099982493}
{"items_size": 11250, "stocks_size": 3608, "fill_percentage": 0.9957433392165548, "solution_time": 4.0087700000731274}
{"items_size": 11415, "stocks_size": 3703, "fill_percentage": 0.9969529046374648, "solution_time": 5.476639900007285}
{"items_size": 11173, "stocks_size": 3770, "fill_percentage": 0.9970204737254035, "solution_time": 3.257346000056714}
{"items_size": 11197, "stocks_size": 3796, "fill_percentage": 0.9946558003110297, "solution_time": 5.600208600051701}
{"items_size": 11265, "stocks_size": 3675, "fill_percentage": 0.9955922698337053, "solution_time": 3.908043699921109}
{"items_size": 11427, "stocks_size": 3747, "fill_percentage": 0.9714240188427027, "solution_time": 6.440031799953431}
{"items_size": 11153, "stocks_size": 3660, "fill_percentage": 0.996211835163146, "solution_time": 4.2711736999917775}
{"items_size": 11316, "stocks_size": 3549, "fill_percentage": 0.9967700027459575, "solution_time": 6.44056829996407}
{"items_size": 11257, "stocks_size": 3591, "fill_percentage": 0.9957699334466891, "solution_time": 4.98549750004895}
{"items_size": 11357, "stocks_size": 3680, "fill_percentage": 0.9940298702791698, "solution_time": 4.394070100039244}
{"items_size": 11394, "stocks_size": 3805, "fill_percentage": 0.9946649286927065, "solution_time": 4.6840486000292}
{"items_size": 11007, "stocks_size": 3747, "fill_percentage": 0.9883805374001452, "solution_time": 4.0885645999806}
{"items_size": 11335, "stocks_size": 3577, "fill_percentage": 0.9955335572217016, "solution_time": 3.1535445000045}
{"items_size": 10949, "stocks_size": 3787, "fill_percentage": 0.9968166775491222, "solution_time": 3.7470095000462607}
{"items_size": 11101, "stocks_size": 3780, "fill_percentage": 0.996659318048207, "solution_time": 3.2709639000240713}
{"items_size": 11386, "stocks_size": 3581, "fill_percentage": 0.9956231885765837, "solution_time": 3.630539400037378}
{"items_size": 11417, "stocks_size": 3787, "fill_percentage": 0.9969242075076539, "solution_time": 3.707500100019388}
{"items_size": 11245, "stocks_size": 3669, "fill_percentage": 0.99045615238837, "solution_time": 4.88127610005904}
{"items_size": 11327, "stocks_size": 3566, "fill_percentage": 0.9959436910303706, "solution_time": 3.5206537999911234}
{"items_size": 11422, "stocks_size": 3619, "fill_percentage": 0.9959194345270295, "solution_time": 5.238234000047669}
{"items_size": 11150, "stocks_size": 3761, "fill_percentage": 0.9967819018445585, "solution_time": 4.308421800029464}
{"items_size": 11394, "stocks_size": 3662, "fill_percentage": 0.9970869887140121, "solution_time": 3.8507185999769717}
{"items_size": 11281, "stocks_size": 3578, "fill_percentage": 0.9967805074575352, "solution_time": 5.826423900085501}
{"items_size": 11250, "stocks_size": 3656, "fill_percentage": 0.995678515808867, "solution_time": 4.27013779990375}
{"items_size": 10945, "stocks_size": 3772, "fill_percentage": 0.9961872285374759, "solution_time": 4.759962500073016}
{"items_size": 11349, "stocks_size": 3678, "fill_percentage": 0.9963067824728378, "solution_time": 5.529204100021161}
{"items_size": 11375, "stocks_size": 3667, "fill_percentage": 0.9957299440298507, "solution_time": 4.201976799988188}
{"items_size": 11052, "stocks_size": 3706, "fill_percentage": 0.9956378303064211, "solution_time": 4.941178400069475}
{"items_size": 10978, "stocks_size": 3766, "fill_percentage": 0.9951468084354368, "solution_time": 4.421445600106381}
{"items_size": 11264, "stocks_size": 3726, "fill_percentage": 0.9955613533582831, "solution_time": 5.5352898999117315}
{"items_size": 11431, "stocks_size": 3793, "fill_percentage": 0.9897031400210802, "solution_time": 5.392349399975501}
{"items_size": 11349, "stocks_size": 3576, "fill_percentage": 0.996221401423408, "solution_time": 3.8392001000465825}
{"items_size": 11052, "stocks_size": 3727, "fill_percentage": null, "solution_time": null}
{"items_size": 11329, "stocks_size": 3584, "fill_percentage": 0.9962824168985306, "solution_time": 4.137086099945009}
{"items_size": 11214, "stocks_size": 3641, "fill_percentage": 0.9962462014895428, "solution_time": 3.2471635999390855}
{"items_size": 11388, "stocks_size": 3729, "fill_percentage": 0.9958856587847844, "solution_time": 6.369283700012602}
{"items_size": 11429, "stocks_size": 3567, "fill_percentage": 0.9963432990194397, "solution_time": 4.428712900029495}
{"items_size": 11267, "stocks_size": 3673, "fill_percentage": 0.9969939543289411, "solution_time": 3.9108738000504673}
{"items_size": 11316, "stocks_size": 3745, "fill_percentage": 0.9958872549019608, "solution_time": 4.409487499971874}
{"items_size": 11012, "stocks_size": 3770, "fill_percentage": 0.9954450737618545, "solution_time": 3.585717999958433}
{"items_size": 11061, "stocks_size": 3719, "fill_percentage": 0.9964941542888311, "solution_time": 4.7123252999736}
{"items_size": 11095, "stocks_size": 3763, "fill_percentage": 0.9960659617203772, "solution_time": 3.904002800001763}
{"items_size": 10917, "stocks_size": 3795, "fill_percentage": 0.9961920098867393, "solution_time": 3.87368439999409}
{"items_size": 11101, "stocks_size": 3791, "fill_percentage": 0.9959205191024476, "solution_time": 4.613881499972194}
{"items_size": 11349, "stocks_size": 3761, "fill_percentage": null, "solution_time": null}
{"items_size": 11070, "stocks_size": 3734, "fill_percentage": 0.9896718767790331, "solution_time": 4.620022300048731}
{"items_size": 11135, "stocks_size": 3694, "fill_percentage": 0.9520171553192692, "solution_time": 6.554764000000432}
{"items_size": 11155, "stocks_size": 3710, "fill_percentage": 0.99206979252632, "solution_time": 5.549867499968968}
{"items_size": 11368, "stocks_size": 3671, "fill_percentage": 0.9964911440633, "solution_time": 4.17263990000356}
{"items_size": 11444, "stocks_size": 3770, "fill_percentage": 0.9964514817187128, "solution_time": 4.769342199899256}
{"items_size": 11433, "stocks_size": 3530, "fill_percentage": 0.9967146538097094, "solution_time": 4.235341900028288}
{"items_size": 11020, "stocks_size": 3711, "fill_percentage": 0.9963889982323693, "solution_time": 4.131210099905729}
{"items_size": 11281, "stocks_size": 3792, "fill_percentage": 0.9961364460302118, "solution_time": 3.6642718999646604}
{"items_size": 11190, "stocks_size": 3675, "fill_percentage": 0.9974794998445287, "solution_time": 5.219609599909745}
{"items_size": 11316, "stocks_size": 3690, "fill_percentage": 0.9899151366554212, "solution_time": 5.251826799940318}
{"items_size": 11143, "stocks_size": 3654, "fill_percentage": 0.9968460896268624, "solution_time": 5.931416100007482}
{"items_size": 11219, "stocks_size": 3791, "fill_percentage": 0.9891104077464442, "solution_time": 4.959444200037979}
{"items_size": 11393, "stocks_size": 3712, "fill_percentage": 0.9961020258725897, "solution_time": 4.4982837999705225}
{"items_size": 11005, "stocks_size": 3806, "fill_percentage": 0.9961787343245787, "solution_time": 3.792745599988848}
{"items_size": 11309, "stocks_size": 3666, "fill_percentage": 0.996939404292065, "solution_time": 4.476689699920826}
{"items_size": 11300, "stocks_size": 3551, "fill_percentage": 0.9962443267151887,