{"items_size": 11071, "stocks_size": 3729, "fill_percentage": 0.9965143875599598, "solution_time": 2.724924699985422}
{"items_size": 11020, "stocks_size": 3746, "fill_percentage": 0.9954841686766259, "solution_time": 3.798082699999213}
{"items_size": 11307, "stocks_size": 3691, "fill_percentage": 0.9953694738858258, "solution_time": 6.322860999964178}
{"items_size": 11008, "stocks_size": 3744, "fill_percentage": null, "solution_time": null}
{"items_size": 11257, "stocks_size": 3675, "fill_percentage": 0.9932253458469092, "solution_time": 6.145752500044182}
{"items_size": 11345, "stocks_size": 3518, "fill_percentage": 0.992100358796132, "solution_time": 7.932336799916811}
{"items_size": 11393, "stocks_size": 3665, "fill_percentage": 0.9886196000997693, "solution_time": 6.9676933999871835}
{"items_size": 11250, "stocks_size": 3608, "fill_percentage": 0.9957433392165548, "solution_time": 4.053162100026384}
{"items_size": 11415, "stocks_size": 3703, "fill_percentage": 0.9959407697088988, "solution_time": 5.775015600025654}
{"items_size": 11173, "stocks_size": 3770, "fill_percentage": 0.9970204737254035, "solution_time": 3.866011600010097}
{"items_size": 11197, "stocks_size": 3796, "fill_percentage": 0.9946558003110297, "solution_time": 5.7947091000387445}
{"items_size": 11265, "stocks_size": 3675, "fill_percentage": 0.9966336843418996, "solution_time": 4.229044800042175}
{"items_size": 11427, "stocks_size": 3747, "fill_percentage": 0.9955213588450023, "solution_time": 8.00348140008282}
{"items_size": 11153, "stocks_size": 3660, "fill_percentage": 0.995412948366704, "solution_time": 4.290100699989125}
{"items_size": 11316, "stocks_size": 3549, "fill_percentage": 0.9934911540527142, "solution_time": 6.329243600019254}
{"items_size": 11257, "stocks_size": 3591, "fill_percentage": 0.995096205480893, "solution_time": 5.261998299974948}
{"items_size": 11357, "stocks_size": 3680, "fill_percentage": 0.9867159381232695, "solution_time": 5.38619240000844}
{"items_size": 11394, "stocks_size": 3805, "fill_percentage": 0.9959823656843524, "solution_time": 5.445973800029606}
{"items_size": 11007, "stocks_size": 3747, "fill_percentage": 0.9845643963291022, "solution_time": 4.660006699967198}
{"items_size": 11335, "stocks_size": 3577, "fill_percentage": 0.9967795316362469, "solution_time": 3.435616199974902}
{"items_size": 10949, "stocks_size": 3787, "fill_percentage": 0.9959776062717239, "solution_time": 4.548819199902937}
{"items_size": 11101, "stocks_size": 3780, "fill_percentage": 0.996659318048207, "solution_time": 3.765429399907589}
{"items_size": 11386, "stocks_size": 3581, "fill_percentage": 0.9956231885765837, "solution_time": 4.087664099992253}
{"items_size": 11417, "stocks_size": 3787, "fill_percentage": 0.9969242075076539, "solution_time": 4.370731799979694}
{"items_size": 11245, "stocks_size": 3669, "fill_percentage": 0.9880477483704044, "solution_time": 4.988284900086001}
{"items_size": 11327, "stocks_size": 3566, "fill_percentage": 0.9970417546367989, "solution_time": 3.268891299958341}
{"items_size": 11422, "stocks_size": 3619, "fill_percentage": 0.996520109698638, "solution_time": 4.9006831999868155}
{"items_size": 11150, "stocks_size": 3761, "fill_percentage": 0.9959498635291624, "solution_time": 4.01164429995697}
{"items_size": 11394, "stocks_size": 3662, "fill_percentage": 0.9979450670175526, "solution_time": 4.340856599970721}
{"items_size": 11281, "stocks_size": 3578, "fill_percentage": 0.9967805074575352, "solution_time": 6.20858020009473}
{"items_size": 11250, "stocks_size": 3656, "fill_percentage": 0.9949196145010858, "solution_time": 4.834397599915974}
{"items_size": 10945, "stocks_size": 3772, "fill_percentage": 0.986608505186154, "solution_time": 5.311617000028491}
{"items_size": 11349, "stocks_size": 3678, "fill_percentage": 0.9963067824728378, "solution_time": 6.223967499914579}
{"items_size": 11375, "stocks_size": 3667, "fill_percentage": 0.99655627593361, "solution_time": 4.053968699998222}
{"items_size": 11052, "stocks_size": 3706, "fill_percentage": 0.9962723987132448, "solution_time": 4.729059499921277}
{"items_size": 10978, "stocks_size": 3766, "fill_percentage": 0.9959029990193543, "solution_time": 4.568228399963118}
{"items_size": 11264, "stocks_size": 3726, "fill_percentage": 0.9904354653833263, "solution_time": 5.746276700054295}
{"items_size": 11431, "stocks_size": 3793, "fill_percentage": 0.9864331957258563, "solution_time": 5.7636601000558585}
{"items_size": 11349, "stocks_size": 3576, "fill_percentage": 0.996221401423408, "solution_time": 4.6450232999632135}
{"items_size": 11052, "stocks_size": 3727, "fill_percentage": null, "solution_time": null}
{"items_size": 11329, "stocks_size": 3584, "fill_percentage": 0.9962824168985306, "solution_time": 4.292304600006901}
{"items_size": 11214, "stocks_size": 3641, "fill_percentage": 0.9975136902955091, "solution_time": 3.244745400035754}
{"items_size": 11388, "stocks_size": 3729, "fill_percentage": 0.9912223024221085, "solution_time": 6.225737400003709}
{"items_size": 11429, "stocks_size": 3567, "fill_percentage": 0.9955143944445483, "solution_time": 4.50174680002965}
{"items_size": 11267, "stocks_size": 3673, "fill_percentage": 0.9959682403841582, "solution_time": 4.057099599973299}
{"items_size": 11316, "stocks_size": 3745, "fill_percentage": 0.9966586625355022, "solution_time": 4.539416200015694}
{"items_size": 11012, "stocks_size": 3770, "fill_percentage": 0.9964951213080169, "solution_time": 3.752204700023867}
{"items_size": 11061, "stocks_size": 3719, "fill_percentage": 0.9958630623608458, "solution_time": 5.137805899954401}
{"items_size": 11095, "stocks_size": 3763, "fill_percentage": 0.9969466566467435, "solution_time": 4.124153400072828}
{"items_size": 10917, "stocks_size": 3795, "fill_percentage": 0.9970420030692364, "solution_time": 4.090337299974635}
{"items_size": 11101, "stocks_size": 3791, "fill_percentage": 0.9951591119777515, "solution_time": 4.91294139996171}
{"items_size": 11349, "stocks_size": 3761, "fill_percentage": null, "solution_time": null}
{"items_size": 11070, "stocks_size": 3734, "fill_percentage": 0.9870895626843716, "solution_time": 5.058484700042754}
{"items_size": 11135, "stocks_size": 3694, "fill_percentage": 0.9889521043379899, "solution_time": 7.044032800011337}
{"items_size": 11155, "stocks_size": 3710, "fill_percentage": 0.9861322177082074, "solution_time": 5.957478299969807}
{"items_size": 11368, "stocks_size": 3671, "fill_percentage": 0.9973675654740857, "solution_time": 4.2666614999761805}
{"items_size": 11444, "stocks_size": 3770, "fill_percentage": 0.9957100743662435, "solution_time": 4.959573800093494}
{"items_size": 11433, "stocks_size": 3530, "fill_percentage": 0.9950380942574643, "solution_time": 4.566721800016239}
{"items_size": 11020, "stocks_size": 3711, "fill_percentage": 0.9948631345291038, "solution_time": 4.67846860003192}
{"items_size": 11281, "stocks_size": 3792, "fill_percentage": 0.9953165806425326, "solution_time": 4.289894199930131}
{"items_size": 11190, "stocks_size": 3675, "fill_percentage": 0.9935780154905084, "solution_time": 5.612317999941297}
{"items_size": 11316, "stocks_size": 3690, "fill_percentage": 0.9881315057785646, "solution_time": 5.641900800052099}
{"items_size": 11143, "stocks_size": 3654, "fill_percentage": 0.9958325196323257, "solution_time": 5.949417499941774}
{"items_size": 11219, "stocks_size": 3791, "fill_percentage": 0.9847003613424792, "solution_time": 5.0933160999557}
{"items_size": 11393, "stocks_size": 3712, "fill_percentage": 0.9969293531366035, "solution_time": 4.381831599981524}
{"items_size": 11005, "stocks_size": 3806, "fill_percentage": 0.9952468552466324, "solution_time": 3.8047587999608368}
{"items_size": 11309, "stocks_size": 3666, "fill_percentage": 0.9947939105955971, "solution_time": 4.8637439999729395}
{"items_size": 11300, "stocks_size": 3551, "fill_percentage": 0.9962443267151887,