{"items_size": 12, "stocks_size": 3, "fill_percentage": 0.8447256385998108, "solution_time": 0.00025480007752776146}
{"items_size": 12, "stocks_size": 3, "fill_percentage": 0.5857763300760044, "solution_time": 0.00016419996973127127}
{"items_size": 12, "stocks_size": 3, "fill_percentage": 0.5075502934831686, "solution_time": 0.00018239999189972878}
{"items_size": 11, "stocks_size": 4, "fill_percentage": 0.6826041846792322, "solution_time": 0.00022379995789378881}
{"items_size": 12, "stocks_size": 3, "fill_percentage": 0.6853164883331184, "solution_time": 0.00019399996381253004}
{"items_size": 12, "stocks_size": 3, "fill_percentage": 0.7033237148658759, "solution_time": 0.0003209999995306134}
{"items_size": 11, "stocks_size": 4, "fill_percentage": 0.7835780315388798, "solution_time": 0.00021399999968707561}
{"items_size": 12, "stocks_size": 3, "fill_percentage": 0.5290175900442743, "solution_time": 0.00018829992040991783}
{"items_size": 12, "stocks_size": 3, "fill_percentage": 0.8443465491923642, "solution_time": 0.0001550999004393816}
{"items_size": 11, "stocks_size": 4, "fill_percentage": 0.5492833238618425, "solution_time": 0.0003464000765234232}
{"items_size": 11, "stocks_size": 4, "fill_percentage": 0.6354769383369152, "solution_time": 0.0002540999557822943}
{"items_size": 12, "stocks_size": 3, "fill_percentage": 0.5832369496491634, "solution_time": 0.00018999993335455656}
{"items_size": 11, "stocks_size": 4, "fill_percentage": 0.425125, "solution_time": 0.0004959999350830913}
{"items_size": 12, "stocks_size": 3, "fill_percentage": 0.4898408043569334, "solution_time": 0.0005774000892415643}
{"items_size": 12, "stocks_size": 3, "fill_percentage": 0.8721470618609934, "solution_time": 0.00035500002559274435}
{"items_size": 11, "stocks_size": 4, "fill_percentage": 0.8755099905847892, "solution_time": 0.00017040001694113016}
{"items_size": 12, "stocks_size": 3, "fill_percentage": 0.6492838992838993, "solution_time": 0.0005882000550627708}
{"items_size": 11, "stocks_size": 4, "fill_percentage": 0.49085908429056785, "solution_time": 0.0006596000166609883}
{"items_size": 11, "stocks_size": 4, "fill_percentage": 0.6234706435966119, "solution_time": 0.0006714999908581376}
{"items_size": 11, "stocks_size": 4, "fill_percentage": 0.8450087565674256, "solution_time": 0.0005785999819636345}
{"items_size": 11, "stocks_size": 4, "fill_percentage": 0.6750255885363358, "solution_time": 0.001972900005057454}
{"items_size": 12, "stocks_size": 3, "fill_percentage": 0.918684710351377, "solution_time": 0.00023210002109408379}
{"items_size": 12, "stocks_size": 3, "fill_percentage": null, "solution_time": null}
{"items_size": 12, "stocks_size": 3, "fill_percentage": 0.514212175470009, "solution_time": 0.00017739995382726192}
{"items_size": 11, "stocks_size": 4, "fill_percentage": 0.6833631484794276, "solution_time": 0.0009590999688953161}
{"items_size": 12, "stocks_size": 3, "fill_percentage": 0.6837815047315656, "solution_time": 0.0009349000174552202}
{"items_size": 11, "stocks_size": 4, "fill_percentage": 0.5716859330430866, "solution_time": 0.0008672999683767557}
{"items_size": 11, "stocks_size": 4, "fill_percentage": 0.5042661060962038, "solution_time": 0.0008489000611007214}
{"items_size": 11, "stocks_size": 4, "fill_percentage": 0.6794161725418648, "solution_time": 0.00015259999781847}
{"items_size": 12, "stocks_size": 3, "fill_percentage": 0.5697549770290965, "solution_time": 0.00017310003750026226}
{"items_size": 12, "stocks_size": 3, "fill_percentage": 0.6079769235036334, "solution_time": 0.0010097000049427152}
{"items_size": 11, "stocks_size": 4, "fill_percentage": 0.7261279018834866, "solution_time": 0.0008548999903723598}
{"items_size": 12, "stocks_size": 3, "fill_percentage": 0.7960047003525265, "solution_time": 0.001052000094205141}
{"items_size": 12, "stocks_size": 3, "fill_percentage": 0.5150357738447469, "solution_time": 0.000885500106960535}
{"items_size": 11, "stocks_size": 4, "fill_percentage": 0.770001391401141, "solution_time": 0.0008502999553456903}
{"items_size": 12, "stocks_size": 3, "fill_percentage": 0.6849875311720698, "solution_time": 0.0010738000273704529}
{"items_size": 12, "stocks_size": 3, "fill_percentage": 0.6983050847457627, "solution_time": 0.0009494000114500523}
{"items_size": 12, "stocks_size": 3, "fill_percentage": 0.7073348918760959, "solution_time": 0.0008989000925794244}
{"items_size": 11, "stocks_size": 4, "fill_percentage": 0.5650078247261345, "solution_time": 0.0008012000471353531}
{"items_size": 11, "stocks_size": 4, "fill_percentage": 0.6692493331639782, "solution_time": 0.0008559999987483025}
{"items_size": 12, "stocks_size": 3, "fill_percentage": 0.5536260072242289, "solution_time": 0.0008859999943524599}
{"items_size": 12, "stocks_size": 3, "fill_percentage": 0.5375868603916614, "solution_time": 0.0011084999423474073}
{"items_size": 11, "stocks_size": 4, "fill_percentage": 0.8198343304187758, "solution_time": 0.0008830000879243016}
{"items_size": 12, "stocks_size": 3, "fill_percentage": 0.4586593172119488, "solution_time": 0.0008449000306427479}
{"items_size": 11, "stocks_size": 4, "fill_percentage": 0.6593489211337493, "solution_time": 0.0007809000089764595}
{"items_size": 12, "stocks_size": 3, "fill_percentage": 0.7186388244392885, "solution_time": 0.000910600065253675}
{"items_size": 12, "stocks_size": 3, "fill_percentage": 0.8170361948076559, "solution_time": 0.000840499997138977}
{"items_size": 11, "stocks_size": 4, "fill_percentage": 0.6211293260473588, "solution_time": 0.0008801999501883984}
{"items_size": 12, "stocks_size": 3, "fill_percentage": 0.4774989841527834, "solution_time": 0.0009682999225333333}
{"items_size": 12, "stocks_size": 3, "fill_percentage": 0.6812003848929516, "solution_time": 0.000989799969829619}
{"items_size": 11, "stocks_size": 4, "fill_percentage": 0.8807316669425592, "solution_time": 0.000952000031247735}
{"items_size": 12, "stocks_size": 3, "fill_percentage": 0.5875634517766497, "solution_time": 0.0010270000202581286}
{"items_size": 12, "stocks_size": 3, "fill_percentage": 0.6612795611238788, "solution_time": 0.0009469999931752682}
{"items_size": 11, "stocks_size": 4, "fill_percentage": 0.5735221063089916, "solution_time": 0.00195569999050349}
{"items_size": 11, "stocks_size": 4, "fill_percentage": 0.6568374228727221, "solution_time": 0.0009255000622943044}
{"items_size": 12, "stocks_size": 3, "fill_percentage": 0.6598150973880262, "solution_time": 0.001713200006633997}
{"items_size": 11, "stocks_size": 4, "fill_percentage": 0.5941266710497479, "solution_time": 0.000952300033532083}
{"items_size": 11, "stocks_size": 4, "fill_percentage": 0.5738083219153386, "solution_time": 0.0009552000556141138}
{"items_size": 12, "stocks_size": 3, "fill_percentage": 0.6308946445155299, "solution_time": 0.0009490000084042549}
{"items_size": 12, "stocks_size": 3, "fill_percentage": 0.7300256629597947, "solution_time": 0.0008868000004440546}
{"items_size": 12, "stocks_size": 3, "fill_percentage": 0.5315339679792298, "solution_time": 0.0009904999751597643}
{"items_size": 12, "stocks_size": 3, "fill_percentage": 0.6190818728747057, "solution_time": 0.0008659999584779143}
{"items_size": 12, "stocks_size": 3, "fill_percentage": 0.6323529411764706, "solution_time": 0.0008287000237032771}
{"items_size": 12, "stocks_size": 3, "fill_percentage": 0.5368728948767949, "solution_time": 0.0009241000516340137}
{"items_size": 12, "stocks_size": 3, "fill_percentage": 0.664274322169059, "solution_time": 0.0010180999524891376}
{"items_size": 11, "stocks_size": 4, "fill_percentage": 0.6903925014645577, "solution_time": 0.0010873000137507915}
{"items_size": 11, "stocks_size": 4, "fill_percentage": 0.7940828402366864, "solution_time": 0.0011406999547034502}
{"items_size": 11, "stocks_size": 4, "fill_percentage": 0.5277469771371245, "solution_time": 0.0008861999958753586}
{"items_size": 11, "stocks_size": 4, "fill_percentage": 0.6664540816326531,