{"items_size": 12, "stocks_size": 3, "fill_percentage": 0.679832492623965, "solution_time": 0.0003434000536799431}
{"items_size": 12, "stocks_size": 3, "fill_percentage": 0.7835875090777051, "solution_time": 0.00017030001617968082}
{"items_size": 12, "stocks_size": 3, "fill_percentage": 0.6702219277906591, "solution_time": 0.00028330006171017885}
{"items_size": 11, "stocks_size": 4, "fill_percentage": 0.7314248656661108, "solution_time": 0.00023220002185553312}
{"items_size": 12, "stocks_size": 3, "fill_percentage": 0.7561877667140825, "solution_time": 0.0002883999841287732}
{"items_size": 12, "stocks_size": 3, "fill_percentage": 0.5410226899046366, "solution_time": 0.00034359993878751993}
{"items_size": 11, "stocks_size": 4, "fill_percentage": 0.6324613764044944, "solution_time": 0.00024269998539239168}
{"items_size": 12, "stocks_size": 3, "fill_percentage": 0.5290175900442743, "solution_time": 0.00021000008564442396}
{"items_size": 12, "stocks_size": 3, "fill_percentage": 0.6586483390607102, "solution_time": 0.0002831999445334077}
{"items_size": 11, "stocks_size": 4, "fill_percentage": 0.5420613160518445, "solution_time": 0.0003341999836266041}
{"items_size": 11, "stocks_size": 4, "fill_percentage": 0.5864225781845919, "solution_time": 0.00018880004063248634}
{"items_size": 12, "stocks_size": 3, "fill_percentage": 0.52589863032747, "solution_time": 0.0005187999922782183}
{"items_size": 11, "stocks_size": 4, "fill_percentage": 0.6233504398826979, "solution_time": 0.0005881000543013215}
{"items_size": 12, "stocks_size": 3, "fill_percentage": 0.600385109114249, "solution_time": 0.0006171000422909856}
{"items_size": 12, "stocks_size": 3, "fill_percentage": 0.6914762957504299, "solution_time": 0.000725999940186739}
{"items_size": 11, "stocks_size": 4, "fill_percentage": 0.647554936552151, "solution_time": 0.00016629998572170734}
{"items_size": 12, "stocks_size": 3, "fill_percentage": 0.8175538103548575, "solution_time": 0.00018580001778900623}
{"items_size": 11, "stocks_size": 4, "fill_percentage": 0.8118811881188119, "solution_time": 0.0011457999935373664}
{"items_size": 11, "stocks_size": 4, "fill_percentage": 0.7435034101700768, "solution_time": 0.0005672000115737319}
{"items_size": 11, "stocks_size": 4, "fill_percentage": 0.6831512944983819, "solution_time": 0.0005744999507442117}
{"items_size": 11, "stocks_size": 4, "fill_percentage": 0.5069177555726364, "solution_time": 0.0005659000016748905}
{"items_size": 12, "stocks_size": 3, "fill_percentage": 0.756648416112632, "solution_time": 0.001017100061289966}
{"items_size": 12, "stocks_size": 3, "fill_percentage": 0.7837378640776699, "solution_time": 0.00014249992091208696}
{"items_size": 12, "stocks_size": 3, "fill_percentage": 0.6949485783424078, "solution_time": 0.0009906000923365355}
{"items_size": 11, "stocks_size": 4, "fill_percentage": 0.5369358113384352, "solution_time": 0.0009002999868243933}
{"items_size": 12, "stocks_size": 3, "fill_percentage": 0.5209508173317153, "solution_time": 0.000924500054679811}
{"items_size": 11, "stocks_size": 4, "fill_percentage": 0.6560992419021364, "solution_time": 0.00015490001533180475}
{"items_size": 11, "stocks_size": 4, "fill_percentage": 0.5010751366959514, "solution_time": 0.00102680001873523}
{"items_size": 11, "stocks_size": 4, "fill_percentage": 0.7254574549502539, "solution_time": 0.0010403000051155686}
{"items_size": 12, "stocks_size": 3, "fill_percentage": 0.5438929902784884, "solution_time": 0.0009748999727889895}
{"items_size": 12, "stocks_size": 3, "fill_percentage": 0.8042265923099501, "solution_time": 0.0009852000512182713}
{"items_size": 11, "stocks_size": 4, "fill_percentage": 0.891263440860215, "solution_time": 0.0009272999595850706}
{"items_size": 12, "stocks_size": 3, "fill_percentage": 0.6057228017883756, "solution_time": 0.0009529000381007791}
{"items_size": 12, "stocks_size": 3, "fill_percentage": 0.6006650354476442, "solution_time": 0.0010328999487683177}
{"items_size": 11, "stocks_size": 4, "fill_percentage": 0.6177373444214991, "solution_time": 0.0009726999560371041}
{"items_size": 12, "stocks_size": 3, "fill_percentage": 0.6849875311720698, "solution_time": 0.0008052999619394541}
{"items_size": 12, "stocks_size": 3, "fill_percentage": 0.5443563608909022, "solution_time": 0.0007645000005140901}
{"items_size": 12, "stocks_size": 3, "fill_percentage": 0.7073348918760959, "solution_time": 0.000813300022855401}
{"items_size": 11, "stocks_size": 4, "fill_percentage": 0.6124720092284726, "solution_time": 0.00017250003293156624}
{"items_size": 11, "stocks_size": 4, "fill_percentage": 0.590165770609319, "solution_time": 0.0010671999771147966}
{"items_size": 12, "stocks_size": 3, "fill_percentage": 0.7816790898391526, "solution_time": 0.001011400017887354}
{"items_size": 12, "stocks_size": 3, "fill_percentage": 0.7752808988764045, "solution_time": 0.0009867999469861388}
{"items_size": 11, "stocks_size": 4, "fill_percentage": 0.5811450008155277, "solution_time": 0.00016599998343735933}
{"items_size": 12, "stocks_size": 3, "fill_percentage": 0.5373958333333333, "solution_time": 0.0008812999585643411}
{"items_size": 11, "stocks_size": 4, "fill_percentage": 0.5764048636214262, "solution_time": 0.0008593000238761306}
{"items_size": 12, "stocks_size": 3, "fill_percentage": 0.5838150289017341, "solution_time": 0.0009570999536663294}
{"items_size": 12, "stocks_size": 3, "fill_percentage": 0.6022909827477824, "solution_time": 0.000866799964569509}
{"items_size": 11, "stocks_size": 4, "fill_percentage": 0.5676238035788598, "solution_time": 0.0017243999755010009}
{"items_size": 12, "stocks_size": 3, "fill_percentage": 0.5518314158253111, "solution_time": 0.0009513999102637172}
{"items_size": 12, "stocks_size": 3, "fill_percentage": 0.6812003848929516, "solution_time": 0.00015199999324977398}
{"items_size": 11, "stocks_size": 4, "fill_percentage": 0.7349772067965189, "solution_time": 0.0008637000573799014}
{"items_size": 12, "stocks_size": 3, "fill_percentage": 0.7847457627118644, "solution_time": 0.0009736999636515975}
{"items_size": 12, "stocks_size": 3, "fill_percentage": 0.6612795611238788, "solution_time": 0.0010130999144166708}
{"items_size": 11, "stocks_size": 4, "fill_percentage": 0.3060710498409332, "solution_time": 0.0009861999424174428}
{"items_size": 11, "stocks_size": 4, "fill_percentage": 0.6910998716690572, "solution_time": 0.0009754999773576856}
{"items_size": 12, "stocks_size": 3, "fill_percentage": 0.575375704445836, "solution_time": 0.0009902999736368656}
{"items_size": 11, "stocks_size": 4, "fill_percentage": 0.7024225936002073, "solution_time": 0.0008601999143138528}
{"items_size": 11, "stocks_size": 4, "fill_percentage": 0.6754095577624989, "solution_time": 0.0009509000228717923}
{"items_size": 12, "stocks_size": 3, "fill_percentage": 0.5614325068870524, "solution_time": 0.00110959995072335}
{"items_size": 12, "stocks_size": 3, "fill_percentage": 0.5388987117959081, "solution_time": 0.0008005000418052077}
{"items_size": 12, "stocks_size": 3, "fill_percentage": 0.7415484455176578, "solution_time": 0.0009383000433444977}
{"items_size": 12, "stocks_size": 3, "fill_percentage": 0.8403159950292917, "solution_time": 0.0009030000073835254}
{"items_size": 12, "stocks_size": 3, "fill_percentage": 0.6323529411764706, "solution_time": 0.00015330000314861536}
{"items_size": 12, "stocks_size": 3, "fill_percentage": 0.7252155172413793, "solution_time": 0.0008936000522226095}
{"items_size": 12, "stocks_size": 3, "fill_percentage": 0.664274322169059, "solution_time": 0.0008004999253898859}
{"items_size": 11, "stocks_size": 4, "fill_percentage": 0.4740547063555913, "solution_time": 0.0009771999903023243}
{"items_size": 11, "stocks_size": 4, "fill_percentage": 0.6348905972797162, "solution_time": 0.0011136000975966454}
{"items_size": 11, "stocks_size": 4, "fill_percentage": 0.6495321029373538, "solution_time": 0.0011964000295847654}
{"items_size": 11, "stocks_size": 4,