{"items_size": 12, "stocks_size": 3, "fill_percentage": 0.5136262313942619, "solution_time": 0.00024960003793239594}
{"items_size": 12, "stocks_size": 3, "fill_percentage": 0.5857763300760044, "solution_time": 0.00022629997693002224}
{"items_size": 12, "stocks_size": 3, "fill_percentage": 0.5075502934831686, "solution_time": 0.00024199998006224632}
{"items_size": 11, "stocks_size": 4, "fill_percentage": 0.6826041846792322, "solution_time": 0.00019719998817890882}
{"items_size": 12, "stocks_size": 3, "fill_percentage": 0.6853164883331184, "solution_time": 0.0003103999188169837}
{"items_size": 12, "stocks_size": 3, "fill_percentage": 0.7033237148658759, "solution_time": 0.00034719996619969606}
{"items_size": 11, "stocks_size": 4, "fill_percentage": 0.7835780315388798, "solution_time": 0.00035710004158318043}
{"items_size": 12, "stocks_size": 3, "fill_percentage": 0.5290175900442743, "solution_time": 0.0001824999926611781}
{"items_size": 12, "stocks_size": 3, "fill_percentage": 0.8443465491923642, "solution_time": 0.0002568999771028757}
{"items_size": 11, "stocks_size": 4, "fill_percentage": 0.5492833238618425, "solution_time": 0.0001799999736249447}
{"items_size": 11, "stocks_size": 4, "fill_percentage": 0.6354769383369152, "solution_time": 0.00021490000654011965}
{"items_size": 12, "stocks_size": 3, "fill_percentage": 0.5832369496491634, "solution_time": 0.00023010000586509705}
{"items_size": 11, "stocks_size": 4, "fill_percentage": 0.425125, "solution_time": 0.0002332000294700265}
{"items_size": 12, "stocks_size": 3, "fill_percentage": 0.4898408043569334, "solution_time": 0.0002604000037536025}
{"items_size": 12, "stocks_size": 3, "fill_percentage": 0.5283738972658449, "solution_time": 0.00022549997083842754}
{"items_size": 11, "stocks_size": 4, "fill_percentage": 0.5659318366242899, "solution_time": 0.00015520001761615276}
{"items_size": 12, "stocks_size": 3, "fill_percentage": 0.6492838992838993, "solution_time": 0.00019559997599571943}
{"items_size": 11, "stocks_size": 4, "fill_percentage": 0.49085908429056785, "solution_time": 0.00018169998656958342}
{"items_size": 11, "stocks_size": 4, "fill_percentage": 0.6234706435966119, "solution_time": 0.00020579993724822998}
{"items_size": 11, "stocks_size": 4, "fill_percentage": 0.5329809057913839, "solution_time": 0.00022950000129640102}
{"items_size": 11, "stocks_size": 4, "fill_percentage": 0.6750255885363358, "solution_time": 0.001381100038997829}
{"items_size": 12, "stocks_size": 3, "fill_percentage": 0.5625908694387903, "solution_time": 0.0002207000507041812}
{"items_size": 12, "stocks_size": 3, "fill_percentage": 0.7837378640776699, "solution_time": 0.0003674000035971403}
{"items_size": 12, "stocks_size": 3, "fill_percentage": 0.514212175470009, "solution_time": 0.0003583999350667}
{"items_size": 11, "stocks_size": 4, "fill_percentage": 0.6833631484794276, "solution_time": 0.00030419998802244663}
{"items_size": 12, "stocks_size": 3, "fill_percentage": 0.6837815047315656, "solution_time": 0.00043789995834231377}
{"items_size": 11, "stocks_size": 4, "fill_percentage": 0.5716859330430866, "solution_time": 0.0003333999775350094}
{"items_size": 11, "stocks_size": 4, "fill_percentage": 0.5042661060962038, "solution_time": 0.0003117000451311469}
{"items_size": 11, "stocks_size": 4, "fill_percentage": 0.6794161725418648, "solution_time": 0.0004054000601172447}
{"items_size": 12, "stocks_size": 3, "fill_percentage": 0.5697549770290965, "solution_time": 0.0003128000535070896}
{"items_size": 12, "stocks_size": 3, "fill_percentage": 0.6079769235036334, "solution_time": 0.000305499997921288}
{"items_size": 11, "stocks_size": 4, "fill_percentage": 0.7261279018834866, "solution_time": 0.00017499993555247784}
{"items_size": 12, "stocks_size": 3, "fill_percentage": 0.7960047003525265, "solution_time": 0.00019839999731630087}
{"items_size": 12, "stocks_size": 3, "fill_percentage": 0.5150357738447469, "solution_time": 0.000175100052729249}
{"items_size": 11, "stocks_size": 4, "fill_percentage": 0.770001391401141, "solution_time": 0.00031230004969984293}
{"items_size": 12, "stocks_size": 3, "fill_percentage": 0.6849875311720698, "solution_time": 0.00020410004071891308}
{"items_size": 12, "stocks_size": 3, "fill_percentage": 0.6983050847457627, "solution_time": 0.00021060009021311998}
{"items_size": 12, "stocks_size": 3, "fill_percentage": 0.7073348918760959, "solution_time": 0.0001666999887675047}
{"items_size": 11, "stocks_size": 4, "fill_percentage": 0.5650078247261345, "solution_time": 0.00016449997201561928}
{"items_size": 11, "stocks_size": 4, "fill_percentage": 0.6692493331639782, "solution_time": 0.00029009999707341194}
{"items_size": 12, "stocks_size": 3, "fill_percentage": 0.8577270770555316, "solution_time": 0.00023760006297379732}
{"items_size": 12, "stocks_size": 3, "fill_percentage": 0.5375868603916614, "solution_time": 0.00042890000622719526}
{"items_size": 11, "stocks_size": 4, "fill_percentage": 0.8198343304187758, "solution_time": 0.000521700014360249}
{"items_size": 12, "stocks_size": 3, "fill_percentage": 0.4586593172119488, "solution_time": 0.0006467000348493457}
{"items_size": 11, "stocks_size": 4, "fill_percentage": 0.6593489211337493, "solution_time": 0.00017450004816055298}
{"items_size": 12, "stocks_size": 3, "fill_percentage": 0.7186388244392885, "solution_time": 0.0012420000275596976}
{"items_size": 12, "stocks_size": 3, "fill_percentage": 0.8170361948076559, "solution_time": 0.0006213000742718577}
{"items_size": 11, "stocks_size": 4, "fill_percentage": 0.6211293260473588, "solution_time": 0.0005846000276505947}
{"items_size": 12, "stocks_size": 3, "fill_percentage": 0.4774989841527834, "solution_time": 0.0006020000437274575}
{"items_size": 12, "stocks_size": 3, "fill_percentage": 0.6812003848929516, "solution_time": 0.0006801999406889081}
{"items_size": 11, "stocks_size": 4, "fill_percentage": 0.5650488530161427, "solution_time": 0.0006246999837458134}
{"items_size": 12, "stocks_size": 3, "fill_percentage": 0.5875634517766497, "solution_time": 0.0008403999963775277}
{"items_size": 12, "stocks_size": 3, "fill_percentage": 0.6612795611238788, "solution_time": 0.0009630999993532896}
{"items_size": 11, "stocks_size": 4, "fill_percentage": 0.5735221063089916, "solution_time": 0.0017004000255838037}
{"items_size": 11, "stocks_size": 4, "fill_percentage": 0.6568374228727221, "solution_time": 0.0008181000594049692}
{"items_size": 12, "stocks_size": 3, "fill_percentage": 0.6598150973880262, "solution_time": 0.0008813999593257904}
{"items_size": 11, "stocks_size": 4, "fill_percentage": 0.5941266710497479, "solution_time": 0.0010770000517368317}
{"items_size": 11, "stocks_size": 4, "fill_percentage": 0.5738083219153386, "solution_time": 0.0009342000121250749}
{"items_size": 12, "stocks_size": 3, "fill_percentage": 0.6308946445155299, "solution_time": 0.0008868000004440546}
{"items_size": 12, "stocks_size": 3, "fill_percentage": 0.7300256629597947, "solution_time": 0.0009371000342071056}
{"items_size": 12, "stocks_size": 3, "fill_percentage": 0.5315339679792298, "solution_time": 0.00086090003605932}
{"items_size": 12, "stocks_size": 3, "fill_percentage": 0.6190818728747057, "solution_time": 0.0017594000091776252}
{"items_size": 12, "stocks_size": 3, "fill_percentage": 0.6323529411764706, "solution_time": 0.0008993999799713492}
{"items_size": 12, "stocks_size": 3, "fill_percentage": 0.5368728948767949, "solution_time": 0.00018229999113827944}
{"items_size": 12, "stocks_size": 3, "fill_percentage": 0.664274322169059, "solution_time": 0.00014230003580451012}
{"items_size": 11, "stocks_size": 4, "fill_percentage": 0.6903925014645577, "solution_time": 0.000699999975040555}
{"items_size": 11, "stocks_size": 4, "fill_percentage": 0.7940828402366864, "solution_time": 0.00021510000806301832}
{"items_size": 11, "stocks_size": 4, "fill_percentage": 0.801459385774998, "solution_time": 0.0008801000658422709}
{"items_size": 11, "stocks_size": 4, "fill_percentage": 0.6664540816326531,