{"items_size": 12, "stocks_size": 3, "fill_percentage": 0.679832492623965, "solution_time": 0.0004094999749213457}
{"items_size": 12, "stocks_size": 3, "fill_percentage": 0.5857763300760044, "solution_time": 0.000341300037689507}
{"items_size": 12, "stocks_size": 3, "fill_percentage": 0.6702219277906591, "solution_time": 0.0003640999784693122}
{"items_size": 11, "stocks_size": 4, "fill_percentage": 0.7314248656661108, "solution_time": 0.00026160001289099455}
{"items_size": 12, "stocks_size": 3, "fill_percentage": 0.479913333935181, "solution_time": 0.00026629993226379156}
{"items_size": 12, "stocks_size": 3, "fill_percentage": 0.5410226899046366, "solution_time": 0.00032240001019090414}
{"items_size": 11, "stocks_size": 4, "fill_percentage": 0.6324613764044944, "solution_time": 0.00020730006508529186}
{"items_size": 12, "stocks_size": 3, "fill_percentage": 0.5290175900442743, "solution_time": 0.00028270005714148283}
{"items_size": 12, "stocks_size": 3, "fill_percentage": 0.49654576856649396, "solution_time": 0.00031589996069669724}
{"items_size": 11, "stocks_size": 4, "fill_percentage": 0.5420613160518445, "solution_time": 0.00019080005586147308}
{"items_size": 11, "stocks_size": 4, "fill_percentage": 0.5864225781845919, "solution_time": 0.0002712999703362584}
{"items_size": 12, "stocks_size": 3, "fill_percentage": 0.52589863032747, "solution_time": 0.0003934999695047736}
{"items_size": 11, "stocks_size": 4, "fill_percentage": 0.6233504398826979, "solution_time": 0.000569600029848516}
{"items_size": 12, "stocks_size": 3, "fill_percentage": 0.600385109114249, "solution_time": 0.0006785000441595912}
{"items_size": 12, "stocks_size": 3, "fill_percentage": 0.6914762957504299, "solution_time": 0.0004921000218018889}
{"items_size": 11, "stocks_size": 4, "fill_percentage": 0.647554936552151, "solution_time": 0.000584700028412044}
{"items_size": 12, "stocks_size": 3, "fill_percentage": 0.6492838992838993, "solution_time": 0.0006500000599771738}
{"items_size": 11, "stocks_size": 4, "fill_percentage": 0.42813800889014325, "solution_time": 0.0006182999350130558}
{"items_size": 11, "stocks_size": 4, "fill_percentage": 0.5353058180009945, "solution_time": 0.00054240005556494}
{"items_size": 11, "stocks_size": 4, "fill_percentage": 0.6831512944983819, "solution_time": 0.0005948001053184271}
{"items_size": 11, "stocks_size": 4, "fill_percentage": 0.5069177555726364, "solution_time": 0.0031009999802336097}
{"items_size": 12, "stocks_size": 3, "fill_percentage": 0.5625908694387903, "solution_time": 0.001082099974155426}
{"items_size": 12, "stocks_size": 3, "fill_percentage": null, "solution_time": null}
{"items_size": 12, "stocks_size": 3, "fill_percentage": 0.6949485783424078, "solution_time": 0.000984799931757152}
{"items_size": 11, "stocks_size": 4, "fill_percentage": 0.5369358113384352, "solution_time": 0.0017172000370919704}
{"items_size": 12, "stocks_size": 3, "fill_percentage": 0.5209508173317153, "solution_time": 0.0011359000345692039}
{"items_size": 11, "stocks_size": 4, "fill_percentage": 0.4852500796431985, "solution_time": 0.0009314999915659428}
{"items_size": 11, "stocks_size": 4, "fill_percentage": 0.5010751366959514, "solution_time": 0.0009453999809920788}
{"items_size": 11, "stocks_size": 4, "fill_percentage": 0.5178544822448473, "solution_time": 0.0009852000512182713}
{"items_size": 12, "stocks_size": 3, "fill_percentage": 0.5438929902784884, "solution_time": 0.0009250000584870577}
{"items_size": 12, "stocks_size": 3, "fill_percentage": 0.6079769235036334, "solution_time": 0.0009867999469861388}
{"items_size": 11, "stocks_size": 4, "fill_percentage": 0.4497422680412371, "solution_time": 0.0008982999715954065}
{"items_size": 12, "stocks_size": 3, "fill_percentage": 0.6057228017883756, "solution_time": 0.0009568999521434307}
{"items_size": 12, "stocks_size": 3, "fill_percentage": 0.6006650354476442, "solution_time": 0.0008637999417260289}
{"items_size": 11, "stocks_size": 4, "fill_percentage": 0.6177373444214991, "solution_time": 0.0008351000724360347}
{"items_size": 12, "stocks_size": 3, "fill_percentage": 0.6849875311720698, "solution_time": 0.0007748999632894993}
{"items_size": 12, "stocks_size": 3, "fill_percentage": 0.5443563608909022, "solution_time": 0.0019359999569132924}
{"items_size": 12, "stocks_size": 3, "fill_percentage": 0.7073348918760959, "solution_time": 0.0009272000752389431}
{"items_size": 11, "stocks_size": 4, "fill_percentage": 0.4700307243659845, "solution_time": 0.0009129999671131372}
{"items_size": 11, "stocks_size": 4, "fill_percentage": 0.590165770609319, "solution_time": 0.0010124000255018473}
{"items_size": 12, "stocks_size": 3, "fill_percentage": 0.5536260072242289, "solution_time": 0.0009460999863222241}
{"items_size": 12, "stocks_size": 3, "fill_percentage": 0.41661227154047, "solution_time": 0.0009977000299841166}
{"items_size": 11, "stocks_size": 4, "fill_percentage": 0.5811450008155277, "solution_time": 0.001056700013577938}
{"items_size": 12, "stocks_size": 3, "fill_percentage": 0.5373958333333333, "solution_time": 0.0010713000083342195}
{"items_size": 11, "stocks_size": 4, "fill_percentage": 0.5764048636214262, "solution_time": 0.00025100004859268665}
{"items_size": 12, "stocks_size": 3, "fill_percentage": 0.5838150289017341, "solution_time": 0.0010204999707639217}
{"items_size": 12, "stocks_size": 3, "fill_percentage": 0.6022909827477824, "solution_time": 0.0009806000161916018}
{"items_size": 11, "stocks_size": 4, "fill_percentage": 0.5676238035788598, "solution_time": 0.0019737998954951763}
{"items_size": 12, "stocks_size": 3, "fill_percentage": 0.5518314158253111, "solution_time": 0.0009506999049335718}
{"items_size": 12, "stocks_size": 3, "fill_percentage": 0.6812003848929516, "solution_time": 0.0010357999708503485}
{"items_size": 11, "stocks_size": 4, "fill_percentage": 0.5121282125324863, "solution_time": 0.0008864999981597066}
{"items_size": 12, "stocks_size": 3, "fill_percentage": null, "solution_time": null}
{"items_size": 12, "stocks_size": 3, "fill_percentage": 0.6612795611238788, "solution_time": 0.0009996999287977815}
{"items_size": 11, "stocks_size": 4, "fill_percentage": 0.3060710498409332, "solution_time": 0.000951100024394691}
{"items_size": 11, "stocks_size": 4, "fill_percentage": 0.517963224893918, "solution_time": 0.0010133999167010188}
{"items_size": 12, "stocks_size": 3, "fill_percentage": 0.575375704445836, "solution_time": 0.0008364999666810036}
{"items_size": 11, "stocks_size": 4, "fill_percentage": 0.35175814194887767, "solution_time": 0.00022359995637089014}
{"items_size": 11, "stocks_size": 4, "fill_percentage": 0.6754095577624989, "solution_time": 0.0008552999934181571}
{"items_size": 12, "stocks_size": 3, "fill_percentage": 0.5614325068870524, "solution_time": 0.0008789000567048788}
{"items_size": 12, "stocks_size": 3, "fill_percentage": 0.5388987117959081, "solution_time": 0.0002280999906361103}
{"items_size": 12, "stocks_size": 3, "fill_percentage": 0.5315339679792298, "solution_time": 0.0010733000235632062}
{"items_size": 12, "stocks_size": 3, "fill_percentage": null, "solution_time": null}
{"items_size": 12, "stocks_size": 3, "fill_percentage": 0.6323529411764706, "solution_time": 0.0008958000689744949}
{"items_size": 12, "stocks_size": 3, "fill_percentage": 0.4005952380952381, "solution_time": 0.00026489992160350084}
{"items_size": 12, "stocks_size": 3, "fill_percentage": null, "solution_time": null}
{"items_size": 11, "stocks_size": 4, "fill_percentage": 0.4740547063555913, "solution_time": 0.0008826000848785043}
{"items_size": 11, "stocks_size": 4, "fill_percentage": 0.6348905972797162, "solution_time": 0.00020569993648678064}
{"items_size": 11, "stocks_size": 4, "fill_percentage": 0.5277469771371245, "solution_time": 0.0001993000041693449}
{"items_size": 11, "stocks_size": 4, "fill_percentage": 0.5777736822705493, "solution_time": 0.0007796999998390675}
{"items_size": 12, "stocks_size": 3,