{"items_size": 12, "stocks_size": 3, "fill_percentage": 0.5136262313942619, "solution_time": 0.0002549000782892108}
{"items_size": 12, "stocks_size": 3, "fill_percentage": null, "solution_time": null}
{"items_size": 12, "stocks_size": 3, "fill_percentage": 0.5075502934831686, "solution_time": 0.00019020005129277706}
{"items_size": 11, "stocks_size": 4, "fill_percentage": 0.4574159907300116, "solution_time": 0.00030259997583925724}
{"items_size": 12, "stocks_size": 3, "fill_percentage": 0.3595049705822682, "solution_time": 0.00018800003454089165}
{"items_size": 12, "stocks_size": 3, "fill_percentage": 0.41353525197938923, "solution_time": 0.00024720001965761185}
{"items_size": 11, "stocks_size": 4, "fill_percentage": 0.48860707988607077, "solution_time": 0.00028169993311166763}
{"items_size": 12, "stocks_size": 3, "fill_percentage": 0.5290175900442743, "solution_time": 0.00020579993724822998}
{"items_size": 12, "stocks_size": 3, "fill_percentage": 0.49654576856649396, "solution_time": 0.00028000003658235073}
{"items_size": 11, "stocks_size": 4, "fill_percentage": 0.5492833238618425, "solution_time": 0.00033059995621442795}
{"items_size": 11, "stocks_size": 4, "fill_percentage": 0.4634955085307771, "solution_time": 0.0006893000099807978}
{"items_size": 12, "stocks_size": 3, "fill_percentage": 0.5832369496491634, "solution_time": 0.0006073999684303999}
{"items_size": 11, "stocks_size": 4, "fill_percentage": 0.425125, "solution_time": 0.0004779000300914049}
{"items_size": 12, "stocks_size": 3, "fill_percentage": 0.4898408043569334, "solution_time": 0.0005782999796792865}
{"items_size": 12, "stocks_size": 3, "fill_percentage": 0.5283738972658449, "solution_time": 0.0005426000570878386}
{"items_size": 11, "stocks_size": 4, "fill_percentage": 0.5659318366242899, "solution_time": 0.0005436999490484595}
{"items_size": 12, "stocks_size": 3, "fill_percentage": 0.6492838992838993, "solution_time": 0.00017190002836287022}
{"items_size": 11, "stocks_size": 4, "fill_percentage": 0.49085908429056785, "solution_time": 0.0007351000094786286}
{"items_size": 11, "stocks_size": 4, "fill_percentage": 0.6234706435966119, "solution_time": 0.0006791000487282872}
{"items_size": 11, "stocks_size": 4, "fill_percentage": 0.5329809057913839, "solution_time": 0.0006490999367088079}
{"items_size": 11, "stocks_size": 4, "fill_percentage": 0.4160883280757098, "solution_time": 0.00195720000192523}
{"items_size": 12, "stocks_size": 3, "fill_percentage": 0.5625908694387903, "solution_time": 0.0008053999627009034}
{"items_size": 12, "stocks_size": 3, "fill_percentage": null, "solution_time": null}
{"items_size": 12, "stocks_size": 3, "fill_percentage": 0.514212175470009, "solution_time": 0.0008828999707475305}
{"items_size": 11, "stocks_size": 4, "fill_percentage": 0.6833631484794276, "solution_time": 0.0018475999822840095}
{"items_size": 12, "stocks_size": 3, "fill_percentage": 0.6837815047315656, "solution_time": 0.0009531000396236777}
{"items_size": 11, "stocks_size": 4, "fill_percentage": 0.5716859330430866, "solution_time": 0.0009003999875858426}
{"items_size": 11, "stocks_size": 4, "fill_percentage": 0.5042661060962038, "solution_time": 0.0009872999507933855}
{"items_size": 11, "stocks_size": 4, "fill_percentage": 0.43698922928628303, "solution_time": 0.0008647999493405223}
{"items_size": 12, "stocks_size": 3, "fill_percentage": 0.5697549770290965, "solution_time": 0.0010326000628992915}
{"items_size": 12, "stocks_size": 3, "fill_percentage": null, "solution_time": null}
{"items_size": 11, "stocks_size": 4, "fill_percentage": 0.7261279018834866, "solution_time": 0.0009819000260904431}
{"items_size": 12, "stocks_size": 3, "fill_percentage": 0.47592505854800937, "solution_time": 0.0007715000538155437}
{"items_size": 12, "stocks_size": 3, "fill_percentage": 0.5150357738447469, "solution_time": 0.002194899949245155}
{"items_size": 11, "stocks_size": 4, "fill_percentage": 0.770001391401141, "solution_time": 0.0010145000414922833}
{"items_size": 12, "stocks_size": 3, "fill_percentage": null, "solution_time": null}
{"items_size": 12, "stocks_size": 3, "fill_percentage": 0.41448692152917505, "solution_time": 0.0008936000522226095}
{"items_size": 12, "stocks_size": 3, "fill_percentage": null, "solution_time": null}
{"items_size": 11, "stocks_size": 4, "fill_percentage": 0.5650078247261345, "solution_time": 0.0009854999370872974}
{"items_size": 11, "stocks_size": 4, "fill_percentage": 0.3544567776656576, "solution_time": 0.0009995000436902046}
{"items_size": 12, "stocks_size": 3, "fill_percentage": 0.5536260072242289, "solution_time": 0.0009501000167801976}
{"items_size": 12, "stocks_size": 3, "fill_percentage": 0.5375868603916614, "solution_time": 0.0001805999781936407}
{"items_size": 11, "stocks_size": 4, "fill_percentage": 0.49253525020735417, "solution_time": 0.0009542000479996204}
{"items_size": 12, "stocks_size": 3, "fill_percentage": 0.4586593172119488, "solution_time": 0.0009923999896273017}
{"items_size": 11, "stocks_size": 4, "fill_percentage": 0.6593489211337493, "solution_time": 0.0010360999731346965}
{"items_size": 12, "stocks_size": 3, "fill_percentage": 0.43735291348959804, "solution_time": 0.0009586000815033913}
{"items_size": 12, "stocks_size": 3, "fill_percentage": 0.4553519564873, "solution_time": 0.0010374999837949872}
{"items_size": 11, "stocks_size": 4, "fill_percentage": 0.35058259081562715, "solution_time": 0.0009581000776961446}
{"items_size": 12, "stocks_size": 3, "fill_percentage": 0.4774989841527834, "solution_time": 0.0010114999022334814}
{"items_size": 12, "stocks_size": 3, "fill_percentage": null, "solution_time": null}
{"items_size": 11, "stocks_size": 4, "fill_percentage": 0.4006400602409639, "solution_time": 0.0008110000053420663}
{"items_size": 12, "stocks_size": 3, "fill_percentage": null, "solution_time": null}
{"items_size": 12, "stocks_size": 3, "fill_percentage": null, "solution_time": null}
{"items_size": 11, "stocks_size": 4, "fill_percentage": 0.5735221063089916, "solution_time": 0.0009195000166073442}
{"items_size": 11, "stocks_size": 4, "fill_percentage": 0.42599227583639665, "solution_time": 0.0008766000391915441}
{"items_size": 12, "stocks_size": 3, "fill_percentage": 0.4170306915527316, "solution_time": 0.0016019000904634595}
{"items_size": 11, "stocks_size": 4, "fill_percentage": 0.5941266710497479, "solution_time": 0.0007941999938338995}
{"items_size": 11, "stocks_size": 4, "fill_percentage": 0.5738083219153386, "solution_time": 0.001623300020582974}
{"items_size": 12, "stocks_size": 3, "fill_percentage": 0.6308946445155299, "solution_time": 0.0010238999966531992}
{"items_size": 12, "stocks_size": 3, "fill_percentage": 0.42151536105897464, "solution_time": 0.0011072999332100153}
{"items_size": 12, "stocks_size": 3, "fill_percentage": 0.5315339679792298, "solution_time": 0.0009726000716909766}
{"items_size": 12, "stocks_size": 3, "fill_percentage": 0.6190818728747057, "solution_time": 0.0007419999456033111}
{"items_size": 12, "stocks_size": 3, "fill_percentage": 0.6323529411764706, "solution_time": 0.0001993000041693449}
{"items_size": 12, "stocks_size": 3, "fill_percentage": 0.5368728948767949, "solution_time": 0.0010668999748304486}
{"items_size": 12, "stocks_size": 3, "fill_percentage": 0.664274322169059, "solution_time": 0.0009322999976575375}
{"items_size": 11, "stocks_size": 4, "fill_percentage": 0.3998982015609094, "solution_time": 0.0007978999055922031}
{"items_size": 11, "stocks_size": 4, "fill_percentage": 0.5154104656745079, "solution_time": 0.000867399969138205}
{"items_size": 11, "stocks_size": 4, "fill_percentage": 0.5277469771371245, "solution_time": 0.0008761000353842974}
{"items_size": 11, "stocks_size": 4, "fill_percentage": 0.4548312215881613, "solution_time": 0.0007634999928995967}
{"items_size": 12, "stocks_size": 3, "fill_percentage": 0.5714285714285714, "solution_time": 0.00024389999452978373}
{"items_size": 11, "stocks_size": 4,