{"items_size": 12, "stocks_size": 3, "fill_percentage": 0.5136262313942619, "solution_time": 0.0002466000150889158}
{"items_size": 12, "stocks_size": 3, "fill_percentage": 0.5857763300760044, "solution_time": 0.00019099994096904993}
{"items_size": 12, "stocks_size": 3, "fill_percentage": 0.5075502934831686, "solution_time": 0.00022089993581175804}
{"items_size": 11, "stocks_size": 4, "fill_percentage": 0.6826041846792322, "solution_time": 0.00018259999342262745}
{"items_size": 12, "stocks_size": 3, "fill_percentage": 0.6853164883331184, "solution_time": 0.0002902999985963106}
{"items_size": 12, "stocks_size": 3, "fill_percentage": 0.7033237148658759, "solution_time": 0.00027269998099654913}
{"items_size": 11, "stocks_size": 4, "fill_percentage": 0.7835780315388798, "solution_time": 0.00018169998656958342}
{"items_size": 12, "stocks_size": 3, "fill_percentage": 0.5290175900442743, "solution_time": 0.00026320002507418394}
{"items_size": 12, "stocks_size": 3, "fill_percentage": 0.8443465491923642, "solution_time": 0.0002454000059515238}
{"items_size": 11, "stocks_size": 4, "fill_percentage": 0.5492833238618425, "solution_time": 0.0006461000302806497}
{"items_size": 11, "stocks_size": 4, "fill_percentage": 0.6354769383369152, "solution_time": 0.00021630001720041037}
{"items_size": 12, "stocks_size": 3, "fill_percentage": 0.5832369496491634, "solution_time": 0.00017939996905624866}
{"items_size": 11, "stocks_size": 4, "fill_percentage": 0.425125, "solution_time": 0.0002079999540001154}
{"items_size": 12, "stocks_size": 3, "fill_percentage": 0.4898408043569334, "solution_time": 0.00023800006601959467}
{"items_size": 12, "stocks_size": 3, "fill_percentage": 0.8721470618609934, "solution_time": 0.00016400008462369442}
{"items_size": 11, "stocks_size": 4, "fill_percentage": 0.8755099905847892, "solution_time": 0.0003027999773621559}
{"items_size": 12, "stocks_size": 3, "fill_percentage": 0.6492838992838993, "solution_time": 0.00018609990365803242}
{"items_size": 11, "stocks_size": 4, "fill_percentage": 0.49085908429056785, "solution_time": 0.00021389999892562628}
{"items_size": 11, "stocks_size": 4, "fill_percentage": 0.6234706435966119, "solution_time": 0.00020619994029402733}
{"items_size": 11, "stocks_size": 4, "fill_percentage": 0.8450087565674256, "solution_time": 0.00030019995756447315}
{"items_size": 11, "stocks_size": 4, "fill_percentage": 0.6750255885363358, "solution_time": 0.0002394000766798854}
{"items_size": 12, "stocks_size": 3, "fill_percentage": 0.918684710351377, "solution_time": 0.0004672000650316477}
{"items_size": 12, "stocks_size": 3, "fill_percentage": 0.7837378640776699, "solution_time": 0.0006536999717354774}
{"items_size": 12, "stocks_size": 3, "fill_percentage": 0.514212175470009, "solution_time": 0.00016149994917213917}
{"items_size": 11, "stocks_size": 4, "fill_percentage": 0.6833631484794276, "solution_time": 0.000314400065690279}
{"items_size": 12, "stocks_size": 3, "fill_percentage": 0.6837815047315656, "solution_time": 0.0018018000992015004}
{"items_size": 11, "stocks_size": 4, "fill_percentage": 0.5716859330430866, "solution_time": 0.0005956999957561493}
{"items_size": 11, "stocks_size": 4, "fill_percentage": 0.5042661060962038, "solution_time": 0.0005030999891459942}
{"items_size": 11, "stocks_size": 4, "fill_percentage": 0.6794161725418648, "solution_time": 0.0005024999845772982}
{"items_size": 12, "stocks_size": 3, "fill_percentage": 0.5697549770290965, "solution_time": 0.0006645000539720058}
{"items_size": 12, "stocks_size": 3, "fill_percentage": 0.6079769235036334, "solution_time": 0.0009165999945253134}
{"items_size": 11, "stocks_size": 4, "fill_percentage": 0.7261279018834866, "solution_time": 0.0009834000375121832}
{"items_size": 12, "stocks_size": 3, "fill_percentage": 0.7960047003525265, "solution_time": 0.001792500028386712}
{"items_size": 12, "stocks_size": 3, "fill_percentage": 0.5150357738447469, "solution_time": 0.0009116000728681684}
{"items_size": 11, "stocks_size": 4, "fill_percentage": 0.770001391401141, "solution_time": 0.0008796999463811517}
{"items_size": 12, "stocks_size": 3, "fill_percentage": 0.6849875311720698, "solution_time": 0.0010399000020697713}
{"items_size": 12, "stocks_size": 3, "fill_percentage": 0.6983050847457627, "solution_time": 0.001089800032787025}
{"items_size": 12, "stocks_size": 3, "fill_percentage": 0.7073348918760959, "solution_time": 0.000901099992915988}
{"items_size": 11, "stocks_size": 4, "fill_percentage": 0.5650078247261345, "solution_time": 0.000993699999526143}
{"items_size": 11, "stocks_size": 4, "fill_percentage": 0.6692493331639782, "solution_time": 0.0009153001010417938}
{"items_size": 12, "stocks_size": 3, "fill_percentage": 0.8577270770555316, "solution_time": 0.001721500069834292}
{"items_size": 12, "stocks_size": 3, "fill_percentage": 0.5375868603916614, "solution_time": 0.0010061999782919884}
{"items_size": 11, "stocks_size": 4, "fill_percentage": 0.8198343304187758, "solution_time": 0.0008604999165982008}
{"items_size": 12, "stocks_size": 3, "fill_percentage": 0.4586593172119488, "solution_time": 0.0008425000123679638}
{"items_size": 11, "stocks_size": 4, "fill_percentage": 0.6593489211337493, "solution_time": 0.00015789992175996304}
{"items_size": 12, "stocks_size": 3, "fill_percentage": 0.7186388244392885, "solution_time": 0.0008631999371573329}
{"items_size": 12, "stocks_size": 3, "fill_percentage": 0.8170361948076559, "solution_time": 0.0009082999313250184}
{"items_size": 11, "stocks_size": 4, "fill_percentage": 0.6211293260473588, "solution_time": 0.0010648999596014619}
{"items_size": 12, "stocks_size": 3, "fill_percentage": 0.4774989841527834, "solution_time": 0.0009296999778598547}
{"items_size": 12, "stocks_size": 3, "fill_percentage": 0.6812003848929516, "solution_time": 0.0007690999191254377}
{"items_size": 11, "stocks_size": 4, "fill_percentage": 0.8807316669425592, "solution_time": 0.0007806000066921115}
{"items_size": 12, "stocks_size": 3, "fill_percentage": 0.5875634517766497, "solution_time": 0.0010808000806719065}
{"items_size": 12, "stocks_size": 3, "fill_percentage": 0.6612795611238788, "solution_time": 0.0009621999925002456}
{"items_size": 11, "stocks_size": 4, "fill_percentage": 0.5735221063089916, "solution_time": 0.0009825999150052667}
{"items_size": 11, "stocks_size": 4, "fill_percentage": 0.6568374228727221, "solution_time": 0.0009423999581485987}
{"items_size": 12, "stocks_size": 3, "fill_percentage": 0.6598150973880262, "solution_time": 0.0010508999694138765}
{"items_size": 11, "stocks_size": 4, "fill_percentage": 0.5941266710497479, "solution_time": 0.0009431000798940659}
{"items_size": 11, "stocks_size": 4, "fill_percentage": 0.5738083219153386, "solution_time": 0.0010035999584943056}
{"items_size": 12, "stocks_size": 3, "fill_percentage": 0.6308946445155299, "solution_time": 0.0009939000010490417}
{"items_size": 12, "stocks_size": 3, "fill_percentage": 0.7300256629597947, "solution_time": 0.0009701000526547432}
{"items_size": 12, "stocks_size": 3, "fill_percentage": 0.5315339679792298, "solution_time": 0.0009417999535799026}
{"items_size": 12, "stocks_size": 3, "fill_percentage": 0.6190818728747057, "solution_time": 0.0009673000313341618}
{"items_size": 12, "stocks_size": 3, "fill_percentage": 0.6323529411764706, "solution_time": 0.00014890008606016636}
{"items_size": 12, "stocks_size": 3, "fill_percentage": 0.5368728948767949, "solution_time": 0.0008120000129565597}
{"items_size": 12, "stocks_size": 3, "fill_percentage": 0.664274322169059, "solution_time": 0.0009391000494360924}
{"items_size": 11, "stocks_size": 4, "fill_percentage": 0.6903925014645577, "solution_time": 0.0017575999954715371}
{"items_size": 11, "stocks_size": 4, "fill_percentage": 0.7940828402366864, "solution_time": 0.0008922000415623188}
{"items_size": 11, "stocks_size": 4, "fill_percentage": 0.5277469771371245, "solution_time": 0.0010046999668702483}
{"items_size": 11, "stocks_size": 4,