{"items_size": 12, "stocks_size": 3, "fill_percentage": 0.679832492623965, "solution_time": 0.00030099996365606785}
{"items_size": 12, "stocks_size": 3, "fill_percentage": 0.7835875090777051, "solution_time": 0.00017539993859827518}
{"items_size": 12, "stocks_size": 3, "fill_percentage": 0.6702219277906591, "solution_time": 0.00019139994401484728}
{"items_size": 11, "stocks_size": 4, "fill_percentage": 0.7314248656661108, "solution_time": 0.0004061999497935176}
{"items_size": 12, "stocks_size": 3, "fill_percentage": 0.7561877667140825, "solution_time": 0.00022849999368190765}
{"items_size": 12, "stocks_size": 3, "fill_percentage": 0.5410226899046366, "solution_time": 0.0002517999382689595}
{"items_size": 11, "stocks_size": 4, "fill_percentage": 0.6324613764044944, "solution_time": 0.00013810000382363796}
{"items_size": 12, "stocks_size": 3, "fill_percentage": 0.5290175900442743, "solution_time": 0.00023600005079060793}
{"items_size": 12, "stocks_size": 3, "fill_percentage": 0.6586483390607102, "solution_time": 0.00029470003210008144}
{"items_size": 11, "stocks_size": 4, "fill_percentage": 0.5420613160518445, "solution_time": 0.00021719990763813257}
{"items_size": 11, "stocks_size": 4, "fill_percentage": 0.5864225781845919, "solution_time": 0.0004986000712960958}
{"items_size": 12, "stocks_size": 3, "fill_percentage": 0.52589863032747, "solution_time": 0.00023100001271814108}
{"items_size": 11, "stocks_size": 4, "fill_percentage": 0.6233504398826979, "solution_time": 0.0005366000114008784}
{"items_size": 12, "stocks_size": 3, "fill_percentage": 0.600385109114249, "solution_time": 0.0005487999878823757}
{"items_size": 12, "stocks_size": 3, "fill_percentage": 0.6914762957504299, "solution_time": 0.0007223999127745628}
{"items_size": 11, "stocks_size": 4, "fill_percentage": 0.647554936552151, "solution_time": 0.00046179990749806166}
{"items_size": 12, "stocks_size": 3, "fill_percentage": 0.8175538103548575, "solution_time": 0.0012908999342471361}
{"items_size": 11, "stocks_size": 4, "fill_percentage": 0.8118811881188119, "solution_time": 0.0006816999521106482}
{"items_size": 11, "stocks_size": 4, "fill_percentage": 0.7435034101700768, "solution_time": 0.0008086999878287315}
{"items_size": 11, "stocks_size": 4, "fill_percentage": 0.6831512944983819, "solution_time": 0.0006410999922081828}
{"items_size": 11, "stocks_size": 4, "fill_percentage": 0.5069177555726364, "solution_time": 0.0009865999454632401}
{"items_size": 12, "stocks_size": 3, "fill_percentage": 0.756648416112632, "solution_time": 0.0002215000567957759}
{"items_size": 12, "stocks_size": 3, "fill_percentage": 0.7837378640776699, "solution_time": 0.000826000003144145}
{"items_size": 12, "stocks_size": 3, "fill_percentage": 0.6949485783424078, "solution_time": 0.0009814000222831964}
{"items_size": 11, "stocks_size": 4, "fill_percentage": 0.5369358113384352, "solution_time": 0.0008191999513655901}
{"items_size": 12, "stocks_size": 3, "fill_percentage": 0.5209508173317153, "solution_time": 0.001128199975937605}
{"items_size": 11, "stocks_size": 4, "fill_percentage": 0.6560992419021364, "solution_time": 0.00014430005103349686}
{"items_size": 11, "stocks_size": 4, "fill_percentage": 0.9053169053169053, "solution_time": 0.0008429000154137611}
{"items_size": 11, "stocks_size": 4, "fill_percentage": 0.7254574549502539, "solution_time": 0.0009955998975783587}
{"items_size": 12, "stocks_size": 3, "fill_percentage": 0.5438929902784884, "solution_time": 0.0009651000145822763}
{"items_size": 12, "stocks_size": 3, "fill_percentage": 0.8042265923099501, "solution_time": 0.0008221000898629427}
{"items_size": 11, "stocks_size": 4, "fill_percentage": 0.4497422680412371, "solution_time": 0.00019210006576031446}
{"items_size": 12, "stocks_size": 3, "fill_percentage": 0.6057228017883756, "solution_time": 0.0011122999712824821}
{"items_size": 12, "stocks_size": 3, "fill_percentage": 0.6006650354476442, "solution_time": 0.0016328999772667885}
{"items_size": 11, "stocks_size": 4, "fill_percentage": 0.6177373444214991, "solution_time": 0.0015235000755637884}
{"items_size": 12, "stocks_size": 3, "fill_percentage": 0.6849875311720698, "solution_time": 0.0009214000310748816}
{"items_size": 12, "stocks_size": 3, "fill_percentage": 0.5443563608909022, "solution_time": 0.0009553000563755631}
{"items_size": 12, "stocks_size": 3, "fill_percentage": 0.7073348918760959, "solution_time": 0.0009938000002875924}
{"items_size": 11, "stocks_size": 4, "fill_percentage": 0.6124720092284726, "solution_time": 0.0008853999897837639}
{"items_size": 11, "stocks_size": 4, "fill_percentage": 0.590165770609319, "solution_time": 0.0009362000273540616}
{"items_size": 12, "stocks_size": 3, "fill_percentage": 0.7816790898391526, "solution_time": 0.0007552000461146235}
{"items_size": 12, "stocks_size": 3, "fill_percentage": 0.7752808988764045, "solution_time": 0.0009832000359892845}
{"items_size": 11, "stocks_size": 4, "fill_percentage": 0.5811450008155277, "solution_time": 0.0009672000305727124}
{"items_size": 12, "stocks_size": 3, "fill_percentage": 0.5373958333333333, "solution_time": 0.0008514000801369548}
{"items_size": 11, "stocks_size": 4, "fill_percentage": 0.5764048636214262, "solution_time": 0.0009989000391215086}
{"items_size": 12, "stocks_size": 3, "fill_percentage": 0.5838150289017341, "solution_time": 0.0009616999886929989}
{"items_size": 12, "stocks_size": 3, "fill_percentage": 0.6022909827477824, "solution_time": 0.0009312999900430441}
{"items_size": 11, "stocks_size": 4, "fill_percentage": 0.5676238035788598, "solution_time": 0.000988899962976575}
{"items_size": 12, "stocks_size": 3, "fill_percentage": 0.5518314158253111, "solution_time": 0.0010188000742346048}
{"items_size": 12, "stocks_size": 3, "fill_percentage": 0.6812003848929516, "solution_time": 0.0017108999891206622}
{"items_size": 11, "stocks_size": 4, "fill_percentage": 0.7349772067965189, "solution_time": 0.0019017999293282628}
{"items_size": 12, "stocks_size": 3, "fill_percentage": 0.7847457627118644, "solution_time": 0.0008648000657558441}
{"items_size": 12, "stocks_size": 3, "fill_percentage": 0.6612795611238788, "solution_time": 0.0008710999973118305}
{"items_size": 11, "stocks_size": 4, "fill_percentage": 0.3060710498409332, "solution_time": 0.0009728999575600028}
{"items_size": 11, "stocks_size": 4, "fill_percentage": 0.6910998716690572, "solution_time": 0.0008353999583050609}
{"items_size": 12, "stocks_size": 3, "fill_percentage": 0.575375704445836, "solution_time": 0.0009778999956324697}
{"items_size": 11, "stocks_size": 4, "fill_percentage": 0.7024225936002073, "solution_time": 0.002239600056782365}
{"items_size": 11, "stocks_size": 4, "fill_percentage": 0.6754095577624989, "solution_time": 0.0008146999171003699}
{"items_size": 12, "stocks_size": 3, "fill_percentage": 0.5614325068870524, "solution_time": 0.0009911999804899096}
{"items_size": 12, "stocks_size": 3, "fill_percentage": 0.5388987117959081, "solution_time": 0.0010658999672159553}
{"items_size": 12, "stocks_size": 3, "fill_percentage": 0.7415484455176578, "solution_time": 0.0011635000118985772}
{"items_size": 12, "stocks_size": 3, "fill_percentage": 0.8403159950292917, "solution_time": 0.0009303999831900001}
{"items_size": 12, "stocks_size": 3, "fill_percentage": 0.6323529411764706, "solution_time": 0.000797600019723177}
{"items_size": 12, "stocks_size": 3, "fill_percentage": 0.7252155172413793, "solution_time": 0.0008025000570341945}
{"items_size": 12, "stocks_size": 3, "fill_percentage": 0.664274322169059, "solution_time": 0.0009018999990075827}
{"items_size": 11, "stocks_size": 4, "fill_percentage": 0.4740547063555913, "solution_time": 0.0007609999738633633}
{"items_size": 11, "stocks_size": 4, "fill_percentage": 0.6348905972797162, "solution_time": 0.0007433999562636018}
{"items_size": 11, "stocks_size": 4, "fill_percentage": 0.6495321029373538, "solution_time": 0.0007818000158295035}
{"items_size": 11, "stocks_size": 4,