{"items_size": 11, "stocks_size": 4, "fill_percentage": 0.8491713866163205, "solution_time": 0.00015250000001287844}
{"items_size": 11, "stocks_size": 4, "fill_percentage": 0.6759453781512605, "solution_time": 0.00013940000008005882}
{"items_size": 12, "stocks_size": 3, "fill_percentage": 0.761372110365399, "solution_time": 0.00015310000003410096}
{"items_size": 11, "stocks_size": 4, "fill_percentage": 0.6737521946325558, "solution_time": 0.00013020000005781185}
{"items_size": 11, "stocks_size": 4, "fill_percentage": 0.5909483823166214, "solution_time": 0.0001902000001337001}
{"items_size": 12, "stocks_size": 3, "fill_percentage": 0.5132256554307116, "solution_time": 0.00014319999991130317}
{"items_size": 12, "stocks_size": 3, "fill_percentage": 0.684124618550848, "solution_time": 0.00014989999999670545}
{"items_size": 12, "stocks_size": 3, "fill_percentage": 0.5607756582058963, "solution_time": 0.00018419999992147496}
{"items_size": 12, "stocks_size": 3, "fill_percentage": 0.5536837376460018, "solution_time": 0.00016130000017255952}
{"items_size": 11, "stocks_size": 4, "fill_percentage": 0.46209600760456276, "solution_time": 0.00014989999999670545}
{"items_size": 11, "stocks_size": 4, "fill_percentage": 0.6603003161222339, "solution_time": 0.00018790000012813834}
{"items_size": 12, "stocks_size": 3, "fill_percentage": 0.49616416141707725, "solution_time": 0.00016490000007252092}
{"items_size": 11, "stocks_size": 4, "fill_percentage": 0.7787709497206704, "solution_time": 0.00011769999991884106}
{"items_size": 11, "stocks_size": 4, "fill_percentage": 0.5618713292378317, "solution_time": 0.00013639999997394625}
{"items_size": 12, "stocks_size": 3, "fill_percentage": 0.4161810847153743, "solution_time": 0.0001651999998557585}
{"items_size": 12, "stocks_size": 3, "fill_percentage": 0.7277898813846526, "solution_time": 0.00014779999992242665}
{"items_size": 11, "stocks_size": 4, "fill_percentage": 0.7433968058968059, "solution_time": 0.00013369999987844494}
{"items_size": 11, "stocks_size": 4, "fill_percentage": 0.4663735447114194, "solution_time": 0.00013169999988349446}
{"items_size": 12, "stocks_size": 3, "fill_percentage": 0.824435394298408, "solution_time": 0.00011840000001939188}
{"items_size": 12, "stocks_size": 3, "fill_percentage": 0.5906699751861042, "solution_time": 0.0002004999998916901}
{"items_size": 11, "stocks_size": 4, "fill_percentage": 0.5011898691143974, "solution_time": 0.0001459999998587591}
{"items_size": 12, "stocks_size": 3, "fill_percentage": 0.5665418652144316, "solution_time": 0.0001475999999911437}
{"items_size": 11, "stocks_size": 4, "fill_percentage": 0.5959944751381215, "solution_time": 0.00019309999993311067}
{"items_size": 11, "stocks_size": 4, "fill_percentage": 0.5919710626185958, "solution_time": 0.00019339999994372192}
{"items_size": 11, "stocks_size": 4, "fill_percentage": 0.6826912872758145, "solution_time": 0.00013699999999516876}
{"items_size": 12, "stocks_size": 3, "fill_percentage": 0.7620716084528633, "solution_time": 0.0001491000000442}
{"items_size": 11, "stocks_size": 4, "fill_percentage": 0.6091600289645185, "solution_time": 0.0001497000000654225}
{"items_size": 12, "stocks_size": 3, "fill_percentage": 0.5287059066928727, "solution_time": 0.00017989999992096273}
{"items_size": 12, "stocks_size": 3, "fill_percentage": null, "solution_time": null}
{"items_size": 11, "stocks_size": 4, "fill_percentage": 0.8378507348730674, "solution_time": 0.00012719999995169928}
{"items_size": 12, "stocks_size": 3, "fill_percentage": 0.7408977556109726, "solution_time": 0.00014769999984309834}
{"items_size": 12, "stocks_size": 3, "fill_percentage": 0.5456714637238088, "solution_time": 0.00022119999994174577}
{"items_size": 11, "stocks_size": 4, "fill_percentage": 0.8342165898617512, "solution_time": 0.00021059999994577083}
{"items_size": 12, "stocks_size": 3, "fill_percentage": 0.4799852652259332, "solution_time": 0.00014430000010179356}
{"items_size": 11, "stocks_size": 4, "fill_percentage": 0.7922916271122081, "solution_time": 0.00014259999989008065}
{"items_size": 11, "stocks_size": 4, "fill_percentage": 0.6453808083585373, "solution_time": 0.00012440000000424334}
{"items_size": 11, "stocks_size": 4, "fill_percentage": 0.5765424719399614, "solution_time": 0.0001835000000482978}
{"items_size": 12, "stocks_size": 3, "fill_percentage": 0.4750250944027532, "solution_time": 0.00013790000002700253}
{"items_size": 12, "stocks_size": 3, "fill_percentage": 0.6905751329787234, "solution_time": 0.0002912000002197601}
{"items_size": 12, "stocks_size": 3, "fill_percentage": 0.6449612403100775, "solution_time": 0.00015209999992293888}
{"items_size": 12, "stocks_size": 3, "fill_percentage": 0.8280743143615452, "solution_time": 0.00031719999992674275}
{"items_size": 11, "stocks_size": 4, "fill_percentage": 0.716157616892911, "solution_time": 0.0001908000001549226}
{"items_size": 12, "stocks_size": 3, "fill_percentage": 0.6288482433900761, "solution_time": 0.0005032999999912136}
{"items_size": 12, "stocks_size": 3, "fill_percentage": 0.7283975254440231, "solution_time": 0.00023370000008071656}
{"items_size": 11, "stocks_size": 4, "fill_percentage": 0.7988518197573656, "solution_time": 0.00017439999987800547}
{"items_size": 12, "stocks_size": 3, "fill_percentage": 0.7627759607522485, "solution_time": 0.00020659999995586986}
{"items_size": 12, "stocks_size": 3, "fill_percentage": 0.7451088671505207, "solution_time": 0.00015840000014577527}
{"items_size": 12, "stocks_size": 3, "fill_percentage": 0.762577123872805, "solution_time": 0.0001617000000351254}
{"items_size": 12, "stocks_size": 3, "fill_percentage": 0.75, "solution_time": 0.00015510000002905144}
{"items_size": 12, "stocks_size": 3, "fill_percentage": 0.682699767261443, "solution_time": 0.00014979999991737714}
