{"items_size": 11, "stocks_size": 4, "fill_percentage": 0.6508552108194113, "solution_time": 9.73249989328906e-05}
{"items_size": 12, "stocks_size": 3, "fill_percentage": 0.6681643132220796, "solution_time": 9.273199975723401e-05}
{"items_size": 11, "stocks_size": 4, "fill_percentage": 0.5660698096101541, "solution_time": 9.369399776915088e-05}
{"items_size": 12, "stocks_size": 3, "fill_percentage": 0.5465413667995004, "solution_time": 0.00010077099432237446}
{"items_size": 11, "stocks_size": 4, "fill_percentage": 0.9358766233766234, "solution_time": 0.00011277000157861039}
{"items_size": 11, "stocks_size": 4, "fill_percentage": 0.536074400391581, "solution_time": 8.678199810674414e-05}
{"items_size": 12, "stocks_size": 3, "fill_percentage": 0.6039116551357104, "solution_time": 9.586600208422169e-05}
{"items_size": 12, "stocks_size": 3, "fill_percentage": 0.5892511013215859, "solution_time": 0.00010154100164072588}
{"items_size": 12, "stocks_size": 3, "fill_percentage": 0.6892702664992326, "solution_time": 9.329099702881649e-05}
{"items_size": 11, "stocks_size": 4, "fill_percentage": 0.6439411098527746, "solution_time": 9.94869988062419e-05}
{"items_size": 12, "stocks_size": 3, "fill_percentage": 0.5576888783213457, "solution_time": 9.99730036710389e-05}
{"items_size": 12, "stocks_size": 3, "fill_percentage": 0.6607385371532044, "solution_time": 0.00010070700227515772}
{"items_size": 12, "stocks_size": 3, "fill_percentage": 0.5773028978468512, "solution_time": 0.00012691500160144642}
{"items_size": 12, "stocks_size": 3, "fill_percentage": 0.6094956837801, "solution_time": 9.524300548946485e-05}
{"items_size": 11, "stocks_size": 4, "fill_percentage": 0.5757638600857182, "solution_time": 9.168700489681214e-05}
{"items_size": 12, "stocks_size": 3, "fill_percentage": 0.4317273987119915, "solution_time": 0.00011761000496335328}
{"items_size": 12, "stocks_size": 3, "fill_percentage": 0.6122580645161291, "solution_time": 9.084400517167524e-05}
{"items_size": 11, "stocks_size": 4, "fill_percentage": 0.782378223495702, "solution_time": 0.0001057760018738918}
{"items_size": 12, "stocks_size": 3, "fill_percentage": 0.7569323249951522, "solution_time": 0.00010644500434864312}
{"items_size": 11, "stocks_size": 4, "fill_percentage": 0.6775510204081633, "solution_time": 9.557399607729167e-05}
{"items_size": 12, "stocks_size": 3, "fill_percentage": 0.8646661367249603, "solution_time": 8.349199924850836e-05}
{"items_size": 12, "stocks_size": 3, "fill_percentage": 0.7102917722112768, "solution_time": 0.0001333230029558763}
{"items_size": 11, "stocks_size": 4, "fill_percentage": 0.5056364009018242, "solution_time": 9.641700307838619e-05}
{"items_size": 11, "stocks_size": 4, "fill_percentage": 0.63688263409453, "solution_time": 0.00012124099885113537}
{"items_size": 12, "stocks_size": 3, "fill_percentage": 0.5189091296473847, "solution_time": 9.59410026553087e-05}
{"items_size": 11, "stocks_size": 4, "fill_percentage": 0.5535117056856187, "solution_time": 9.684799442766234e-05}
{"items_size": 12, "stocks_size": 3, "fill_percentage": 0.8679526523454625, "solution_time": 9.178800246445462e-05}
{"items_size": 12, "stocks_size": 3, "fill_percentage": null, "solution_time": null}
{"items_size": 11, "stocks_size": 4, "fill_percentage": 0.6140485117453516, "solution_time": 8.240000170189887e-05}
{"items_size": 12, "stocks_size": 3, "fill_percentage": 0.617990292264794, "solution_time": 8.790999709162861e-05}
{"items_size": 12, "stocks_size": 3, "fill_percentage": 0.5087709680956035, "solution_time": 9.030300134327263e-05}
{"items_size": 12, "stocks_size": 3, "fill_percentage": 0.5355527006646931, "solution_time": 9.142100316239521e-05}
{"items_size": 12, "stocks_size": 3, "fill_percentage": 0.768822446105514, "solution_time": 8.450000314041972e-05}
{"items_size": 12, "stocks_size": 3, "fill_percentage": 0.7268628576112797, "solution_time": 0.00010555600601946935}
{"items_size": 12, "stocks_size": 3, "fill_percentage": 0.702855964532426, "solution_time": 0.00010791199747473001}
{"items_size": 12, "stocks_size": 3, "fill_percentage": null, "solution_time": null}
{"items_size": 12, "stocks_size": 3, "fill_percentage": 0.7604859335038363, "solution_time": 9.97989991446957e-05}
{"items_size": 11, "stocks_size": 4, "fill_percentage": 0.5445975344452502, "solution_time": 8.581099973525852e-05}
{"items_size": 12, "stocks_size": 3, "fill_percentage": 0.5556384124616787, "solution_time": 9.599499753676355e-05}
{"items_size": 12, "stocks_size": 3, "fill_percentage": 0.6305595408895266, "solution_time": 0.00010596800711937249}
{"items_size": 11, "stocks_size": 4, "fill_percentage": 0.7715753424657534, "solution_time": 9.218199556926265e-05}
{"items_size": 11, "stocks_size": 4, "fill_percentage": 0.7282064128256514, "solution_time": 8.981700375443324e-05}
{"items_size": 12, "stocks_size": 3, "fill_percentage": 0.7690790999768036, "solution_time": 9.453699749428779e-05}
{"items_size": 12, "stocks_size": 3, "fill_percentage": 0.5549772283669486, "solution_time": 0.00010846199438674375}
{"items_size": 11, "stocks_size": 4, "fill_percentage": 0.8367293167047251, "solution_time": 0.00010023100185208023}
{"items_size": 11, "stocks_size": 4, "fill_percentage": 0.5367675538095502, "solution_time": 7.938500493764877e-05}
{"items_size": 12, "stocks_size": 3, "fill_percentage": 0.6394118064928607, "solution_time": 0.00010462099453434348}
{"items_size": 11, "stocks_size": 4, "fill_percentage": 0.5880761739883142, "solution_time": 8.890900062397122e-05}
{"items_size": 12, "stocks_size": 3, "fill_percentage": 0.4605473431881742, "solution_time": 0.00011178099521202967}
{"items_size": 11, "stocks_size": 4, "fill_percentage": 0.4568136454363999, "solution_time": 0.00010744400060502812}
