{"items_size": 12, "stocks_size": 3, "fill_percentage": 0.8665848361816637, "solution_time": 0.00010657100210664794}
{"items_size": 12, "stocks_size": 3, "fill_percentage": 0.6073245167853509, "solution_time": 0.00011038600496249273}
{"items_size": 12, "stocks_size": 3, "fill_percentage": 0.8737074314076934, "solution_time": 0.00011844999971799552}
{"items_size": 12, "stocks_size": 3, "fill_percentage": 0.5498833138856476, "solution_time": 0.00010698500409489498}
{"items_size": 12, "stocks_size": 3, "fill_percentage": 0.5567301484828922, "solution_time": 0.00012611199781531468}
{"items_size": 11, "stocks_size": 4, "fill_percentage": 0.7057832025573961, "solution_time": 9.26140055526048e-05}
{"items_size": 12, "stocks_size": 3, "fill_percentage": 0.5412580485388806, "solution_time": 0.00011075800284743309}
{"items_size": 11, "stocks_size": 4, "fill_percentage": 0.5159426201645251, "solution_time": 9.657299960963428e-05}
{"items_size": 12, "stocks_size": 3, "fill_percentage": 0.8401156924732629, "solution_time": 9.529200178803876e-05}
{"items_size": 12, "stocks_size": 3, "fill_percentage": 0.5116788321167883, "solution_time": 0.00012757999502355233}
{"items_size": 11, "stocks_size": 4, "fill_percentage": 0.8726655348047538, "solution_time": 9.176599996862933e-05}
{"items_size": 12, "stocks_size": 3, "fill_percentage": 0.5777837692100296, "solution_time": 0.00013088699779473245}
{"items_size": 11, "stocks_size": 4, "fill_percentage": 0.7855978260869565, "solution_time": 0.00011151299986522645}
{"items_size": 11, "stocks_size": 4, "fill_percentage": 0.4913809800503583, "solution_time": 9.240700455848128e-05}
{"items_size": 12, "stocks_size": 3, "fill_percentage": 0.6080363912054587, "solution_time": 0.00013079500058665872}
{"items_size": 11, "stocks_size": 4, "fill_percentage": 0.6414502079573099, "solution_time": 0.00010578500223346055}
{"items_size": 11, "stocks_size": 4, "fill_percentage": 0.7026474844641185, "solution_time": 9.59430035436526e-05}
{"items_size": 12, "stocks_size": 3, "fill_percentage": 0.7031721268850754, "solution_time": 0.00011818100028904155}
{"items_size": 11, "stocks_size": 4, "fill_percentage": 0.8789131718842291, "solution_time": 0.00010261099669151008}
{"items_size": 11, "stocks_size": 4, "fill_percentage": 0.7159685863874345, "solution_time": 9.749400487635285e-05}
{"items_size": 12, "stocks_size": 3, "fill_percentage": 0.5420576131687243, "solution_time": 0.00011895700299646705}
{"items_size": 12, "stocks_size": 3, "fill_percentage": 0.3995238515122123, "solution_time": 0.00013163199764676392}
{"items_size": 11, "stocks_size": 4, "fill_percentage": 0.6257675438596492, "solution_time": 0.0001252530055353418}
{"items_size": 11, "stocks_size": 4, "fill_percentage": 0.593530110572969, "solution_time": 0.00010572300379863009}
{"items_size": 11, "stocks_size": 4, "fill_percentage": 0.4902497087575343, "solution_time": 9.21380051295273e-05}
{"items_size": 12, "stocks_size": 3, "fill_percentage": 0.6481578032672923, "solution_time": 0.000111751003714744}
{"items_size": 11, "stocks_size": 4, "fill_percentage": 0.6120242691671263, "solution_time": 9.78559983195737e-05}
{"items_size": 12, "stocks_size": 3, "fill_percentage": 0.5811799449627492, "solution_time": 0.00010713999654399231}
{"items_size": 12, "stocks_size": 3, "fill_percentage": 0.6956334880522607, "solution_time": 9.884799510473385e-05}
{"items_size": 11, "stocks_size": 4, "fill_percentage": 0.5852353780313837, "solution_time": 0.00015764400450279936}
{"items_size": 12, "stocks_size": 3, "fill_percentage": 0.735198702351987, "solution_time": 9.833100193645805e-05}
{"items_size": 12, "stocks_size": 3, "fill_percentage": 0.5643803585346844, "solution_time": 0.0001089489960577339}
{"items_size": 12, "stocks_size": 3, "fill_percentage": 0.6137376155329477, "solution_time": 9.157000022241846e-05}
{"items_size": 12, "stocks_size": 3, "fill_percentage": 0.5777444735856125, "solution_time": 0.00011115099914604798}
{"items_size": 12, "stocks_size": 3, "fill_percentage": 0.535887360838245, "solution_time": 0.00011964900477323681}
{"items_size": 12, "stocks_size": 3, "fill_percentage": 0.4027019459610808, "solution_time": 0.0001092489983420819}
{"items_size": 12, "stocks_size": 3, "fill_percentage": 0.7055283557731539, "solution_time": 0.0001083289971575141}
{"items_size": 11, "stocks_size": 4, "fill_percentage": 0.5016835016835017, "solution_time": 9.369900362798944e-05}
{"items_size": 12, "stocks_size": 3, "fill_percentage": 0.7522325496628395, "solution_time": 0.00010945599933620542}
{"items_size": 11, "stocks_size": 4, "fill_percentage": 0.4022410244683284, "solution_time": 0.00010781199671328068}
{"items_size": 11, "stocks_size": 4, "fill_percentage": 0.6132040741195238, "solution_time": 0.00011923700367333367}
{"items_size": 12, "stocks_size": 3, "fill_percentage": 0.5325114817500605, "solution_time": 0.00011713700223481283}
{"items_size": 12, "stocks_size": 3, "fill_percentage": 0.47380869565217393, "solution_time": 0.0001391889963997528}
{"items_size": 11, "stocks_size": 4, "fill_percentage": 0.6895143557202991, "solution_time": 0.00010496900358702987}
{"items_size": 11, "stocks_size": 4, "fill_percentage": 0.5494852208568581, "solution_time": 0.00010328100324841216}
{"items_size": 11, "stocks_size": 4, "fill_percentage": 0.5922094373482529, "solution_time": 0.0001076500047929585}
{"items_size": 12, "stocks_size": 3, "fill_percentage": 0.7896246712885489, "solution_time": 0.00013241000124253333}
{"items_size": 11, "stocks_size": 4, "fill_percentage": 0.47559852670349906, "solution_time": 0.00010376799764344469}
{"items_size": 11, "stocks_size": 4, "fill_percentage": 0.8266869867073068, "solution_time": 0.00010240100527880713}
{"items_size": 11, "stocks_size": 4, "fill_percentage": 0.5069875776397516, "solution_time": 0.00011541300045792013}
