{"items_size": 11, "stocks_size": 4, "fill_percentage": 0.958974358974359, "solution_time": 10.339514017105103}
{"items_size": 12, "stocks_size": 3, "fill_percentage": 0.9208314904909333, "solution_time": 10.192860126495361}
{"items_size": 11, "stocks_size": 4, "fill_percentage": 0.8781645569620253, "solution_time": 1.949068546295166}
{"items_size": 12, "stocks_size": 3, "fill_percentage": 0.8931765163297045, "solution_time": 4.947857856750488}
{"items_size": 11, "stocks_size": 4, "fill_percentage": 0.9358766233766234, "solution_time": 1.7982823848724365}
{"items_size": 11, "stocks_size": 4, "fill_percentage": 0.7747594793435201, "solution_time": 1200.3977596759796}
{"items_size": 12, "stocks_size": 3, "fill_percentage": 0.9543734230445753, "solution_time": 8.668326377868652}
{"items_size": 12, "stocks_size": 3, "fill_percentage": 0.8742483660130719, "solution_time": 2.670961618423462}
{"items_size": 12, "stocks_size": 3, "fill_percentage": 0.7050092764378478, "solution_time": 1.146373987197876}
{"items_size": 11, "stocks_size": 4, "fill_percentage": 0.79971870604782, "solution_time": 1.3242673873901367}
{"items_size": 12, "stocks_size": 3, "fill_percentage": 0.8602604071153493, "solution_time": 2.0145645141601562}
{"items_size": 12, "stocks_size": 3, "fill_percentage": 0.6607385371532044, "solution_time": 1200.038274526596}
{"items_size": 12, "stocks_size": 3, "fill_percentage": 0.8638565891472868, "solution_time": 2.2676618099212646}
{"items_size": 12, "stocks_size": 3, "fill_percentage": 0.8720240513528886, "solution_time": 2.2186384201049805}
{"items_size": 11, "stocks_size": 4, "fill_percentage": 0.8870074547390842, "solution_time": 1.6916143894195557}
{"items_size": 12, "stocks_size": 3, "fill_percentage": 0.8673435964624959, "solution_time": 1.636451005935669}
{"items_size": 12, "stocks_size": 3, "fill_percentage": 0.6122580645161291, "solution_time": 2.270108699798584}
{"items_size": 11, "stocks_size": 4, "fill_percentage": 0.782378223495702, "solution_time": 4.150455713272095}
{"items_size": 12, "stocks_size": 3, "fill_percentage": 0.7569323249951522, "solution_time": 1.512834072113037}
{"items_size": 11, "stocks_size": 4, "fill_percentage": 0.7483798253029023, "solution_time": 2.471050500869751}
{"items_size": 12, "stocks_size": 3, "fill_percentage": 0.8646661367249603, "solution_time": 12.574300289154053}
{"items_size": 12, "stocks_size": 3, "fill_percentage": 0.7102917722112768, "solution_time": 1.1004316806793213}
{"items_size": 11, "stocks_size": 4, "fill_percentage": 0.8366966254027471, "solution_time": 12.428244352340698}
{"items_size": 11, "stocks_size": 4, "fill_percentage": 0.8059475806451613, "solution_time": 3.85498046875}
{"items_size": 12, "stocks_size": 3, "fill_percentage": 0.9252540602146453, "solution_time": 113.98721957206726}
{"items_size": 11, "stocks_size": 4, "fill_percentage": 0.7609195402298851, "solution_time": 1203.2702264785767}
{"items_size": 12, "stocks_size": 3, "fill_percentage": 0.8679526523454625, "solution_time": 1.1841058731079102}
{"items_size": 12, "stocks_size": 3, "fill_percentage": null, "solution_time": null}
{"items_size": 11, "stocks_size": 4, "fill_percentage": 0.8972495527728086, "solution_time": 412.78328371047974}
{"items_size": 12, "stocks_size": 3, "fill_percentage": 0.8738317757009346, "solution_time": 18.2346351146698}
{"items_size": 12, "stocks_size": 3, "fill_percentage": 0.797199793849854, "solution_time": 4.841398477554321}
{"items_size": 12, "stocks_size": 3, "fill_percentage": 0.7844228094575799, "solution_time": 52.17111349105835}
{"items_size": 12, "stocks_size": 3, "fill_percentage": 0.768822446105514, "solution_time": 1.1954805850982666}
{"items_size": 12, "stocks_size": 3, "fill_percentage": 0.7268628576112797, "solution_time": 1.4423577785491943}
{"items_size": 12, "stocks_size": 3, "fill_percentage": 0.8904127481713688, "solution_time": 2.5922505855560303}
{"items_size": 12, "stocks_size": 3, "fill_percentage": 0.8658337859858772, "solution_time": 7.3340020179748535}
{"items_size": 12, "stocks_size": 3, "fill_percentage": 0.7604859335038363, "solution_time": 1200.312457561493}
{"items_size": 11, "stocks_size": 4, "fill_percentage": 0.877989159315549, "solution_time": 12.03283405303955}
{"items_size": 12, "stocks_size": 3, "fill_percentage": 0.6916254125412541, "solution_time": 1.2509043216705322}
{"items_size": 12, "stocks_size": 3, "fill_percentage": 0.9061855670103093, "solution_time": 1.542203426361084}
{"items_size": 11, "stocks_size": 4, "fill_percentage": 0.8738654875494531, "solution_time": 1200.4751744270325}
{"items_size": 11, "stocks_size": 4, "fill_percentage": 0.7870583457425206, "solution_time": 1.7724833488464355}
{"items_size": 12, "stocks_size": 3, "fill_percentage": 0.9259879905041195, "solution_time": 4.637126445770264}
{"items_size": 12, "stocks_size": 3, "fill_percentage": 0.5568490915025569, "solution_time": 1.8906991481781006}
{"items_size": 11, "stocks_size": 4, "fill_percentage": 0.8367293167047251, "solution_time": 1.7165236473083496}
{"items_size": 11, "stocks_size": 4, "fill_percentage": 0.9470858147027238, "solution_time": 4.805292844772339}
{"items_size": 12, "stocks_size": 3, "fill_percentage": 0.8888120865014318, "solution_time": 36.49302005767822}
{"items_size": 11, "stocks_size": 4, "fill_percentage": 0.823984232868405, "solution_time": 46.883084535598755}
{"items_size": 12, "stocks_size": 3, "fill_percentage": 0.6309523809523809, "solution_time": 1.5793261528015137}
{"items_size": 11, "stocks_size": 4, "fill_percentage": 0.7590833710236695, "solution_time": 1.79254150390625}
