{"items_size": 11, "stocks_size": 4, "fill_percentage": 0.9754216867469879, "solution_time": 2.2129032611846924}
{"items_size": 11, "stocks_size": 4, "fill_percentage": 0.913154533844189, "solution_time": 0.568347692489624}
{"items_size": 12, "stocks_size": 3, "fill_percentage": 0.761372110365399, "solution_time": 0.47068047523498535}
{"items_size": 11, "stocks_size": 4, "fill_percentage": 0.9148573861217539, "solution_time": 2.977600574493408}
{"items_size": 11, "stocks_size": 4, "fill_percentage": 0.9118711890243902, "solution_time": 1.8830602169036865}
{"items_size": 12, "stocks_size": 3, "fill_percentage": 0.9164054336468129, "solution_time": 1.4543921947479248}
{"items_size": 12, "stocks_size": 3, "fill_percentage": 0.684124618550848, "solution_time": 2.974561929702759}
{"items_size": 12, "stocks_size": 3, "fill_percentage": 0.8905858788182274, "solution_time": 0.8493790626525879}
{"items_size": 12, "stocks_size": 3, "fill_percentage": 0.9781746031746031, "solution_time": 24.53497862815857}
{"items_size": 11, "stocks_size": 4, "fill_percentage": 0.65736984448952, "solution_time": 0.5870726108551025}
{"items_size": 11, "stocks_size": 4, "fill_percentage": 0.9203231136405361, "solution_time": 2.2749083042144775}
{"items_size": 12, "stocks_size": 3, "fill_percentage": 0.840198563582594, "solution_time": 1.3704721927642822}
{"items_size": 11, "stocks_size": 4, "fill_percentage": 0.7787709497206704, "solution_time": 0.8097527027130127}
{"items_size": 11, "stocks_size": 4, "fill_percentage": 0.8536410256410256, "solution_time": 3.5038483142852783}
{"items_size": 12, "stocks_size": 3, "fill_percentage": 0.9702194357366771, "solution_time": 1.5188369750976562}
{"items_size": 12, "stocks_size": 3, "fill_percentage": 0.7277898813846526, "solution_time": 0.6716780662536621}
{"items_size": 11, "stocks_size": 4, "fill_percentage": 0.9098768912696176, "solution_time": 2.4435269832611084}
{"items_size": 11, "stocks_size": 4, "fill_percentage": 0.778961522548614, "solution_time": 0.7151379585266113}
{"items_size": 12, "stocks_size": 3, "fill_percentage": 0.824435394298408, "solution_time": 0.4917945861816406}
{"items_size": 12, "stocks_size": 3, "fill_percentage": 0.8438740782756665, "solution_time": 0.723668098449707}
{"items_size": 11, "stocks_size": 4, "fill_percentage": 0.850937950937951, "solution_time": 4.268644571304321}
{"items_size": 12, "stocks_size": 3, "fill_percentage": 0.9221606648199446, "solution_time": 1.2113957405090332}
{"items_size": 11, "stocks_size": 4, "fill_percentage": 0.9685746352413019, "solution_time": 2.687721014022827}
{"items_size": 11, "stocks_size": 4, "fill_percentage": 0.8406028965981812, "solution_time": 1.970144510269165}
{"items_size": 11, "stocks_size": 4, "fill_percentage": 0.9282828282828283, "solution_time": 1.10044527053833}
{"items_size": 12, "stocks_size": 3, "fill_percentage": 0.952250649883705, "solution_time": 1.657001256942749}
{"items_size": 11, "stocks_size": 4, "fill_percentage": 0.8050239234449761, "solution_time": 0.7935974597930908}
{"items_size": 12, "stocks_size": 3, "fill_percentage": 0.9323239693542503, "solution_time": 2.8992035388946533}
{"items_size": 12, "stocks_size": 3, "fill_percentage": 0.8128401235475805, "solution_time": 0.4747006893157959}
{"items_size": 11, "stocks_size": 4, "fill_percentage": 0.8869468579511013, "solution_time": 0.8630101680755615}
{"items_size": 12, "stocks_size": 3, "fill_percentage": 0.7408977556109726, "solution_time": 1.0846953392028809}
{"items_size": 12, "stocks_size": 3, "fill_percentage": 0.8945116733895612, "solution_time": 7.621460199356079}
{"items_size": 11, "stocks_size": 4, "fill_percentage": 0.8342165898617512, "solution_time": 0.7892460823059082}
{"items_size": 12, "stocks_size": 3, "fill_percentage": 0.9760299625468165, "solution_time": 1.7955501079559326}
{"items_size": 11, "stocks_size": 4, "fill_percentage": 0.8964554242749732, "solution_time": 2.6672563552856445}
{"items_size": 11, "stocks_size": 4, "fill_percentage": 0.8911351556567958, "solution_time": 2.916353702545166}
{"items_size": 11, "stocks_size": 4, "fill_percentage": 0.9222352066291299, "solution_time": 1.047720193862915}
{"items_size": 12, "stocks_size": 3, "fill_percentage": 0.863273106323836, "solution_time": 1.4354734420776367}
{"items_size": 12, "stocks_size": 3, "fill_percentage": 0.6905751329787234, "solution_time": 0.4885392189025879}
{"items_size": 12, "stocks_size": 3, "fill_percentage": 0.8405738533036977, "solution_time": 0.964545726776123}
{"items_size": 12, "stocks_size": 3, "fill_percentage": 0.8280743143615452, "solution_time": 1.2450370788574219}
{"items_size": 11, "stocks_size": 4, "fill_percentage": 0.716157616892911, "solution_time": 6.3586156368255615}
{"items_size": 12, "stocks_size": 3, "fill_percentage": 0.9865056818181818, "solution_time": 2.5611350536346436}
{"items_size": 12, "stocks_size": 3, "fill_percentage": 0.7283975254440231, "solution_time": 1.032914638519287}
{"items_size": 11, "stocks_size": 4, "fill_percentage": 0.7988518197573656, "solution_time": 1.206113338470459}
{"items_size": 12, "stocks_size": 3, "fill_percentage": 0.9664594664594665, "solution_time": 1.9550604820251465}
{"items_size": 12, "stocks_size": 3, "fill_percentage": 0.7451088671505207, "solution_time": 1.1708571910858154}
{"items_size": 12, "stocks_size": 3, "fill_percentage": 0.9676302318578741, "solution_time": 1.064657211303711}
{"items_size": 12, "stocks_size": 3, "fill_percentage": 0.75, "solution_time": 0.6541783809661865}
{"items_size": 12, "stocks_size": 3, "fill_percentage": 0.682699767261443, "solution_time": 0.5353984832763672}
