{"items_size": 28, "stocks_size": 4, "fill_percentage": 0.8852674897119341, "solution_time": 10.55036211013794}
{"items_size": 21, "stocks_size": 6, "fill_percentage": 0.9868421052631579, "solution_time": 7.668173551559448}
