{"items_size": 16, "stocks_size": 6, "fill_percentage": 0.6842001769737489, "solution_time": 0.00014302600175142288}
{"items_size": 17, "stocks_size": 5, "fill_percentage": 0.7318292353417996, "solution_time": 0.00014305500371847302}
{"items_size": 16, "stocks_size": 6, "fill_percentage": 0.6436374826896446, "solution_time": 0.00012479600263759494}
{"items_size": 16, "stocks_size": 6, "fill_percentage": 0.6446568201563857, "solution_time": 0.0001332669926341623}
{"items_size": 16, "stocks_size": 6, "fill_percentage": 0.8408292582133756, "solution_time": 0.00015653000446036458}
{"items_size": 15, "stocks_size": 6, "fill_percentage": 0.8573001996282784, "solution_time": 0.00010862598719540983}
{"items_size": 17, "stocks_size": 5, "fill_percentage": 0.7405845980888139, "solution_time": 0.00013998299255035818}
{"items_size": 17, "stocks_size": 5, "fill_percentage": 0.5939271255060729, "solution_time": 0.00013363399193622172}
{"items_size": 15, "stocks_size": 6, "fill_percentage": 0.7069725049369588, "solution_time": 0.0001241009886143729}
{"items_size": 16, "stocks_size": 6, "fill_percentage": 0.7191761602783545, "solution_time": 0.00011867500143125653}
{"items_size": 15, "stocks_size": 6, "fill_percentage": 0.7105997685342773, "solution_time": 0.00011638400610536337}
{"items_size": 15, "stocks_size": 6, "fill_percentage": 0.8805758988015979, "solution_time": 0.00011940900003537536}
{"items_size": 16, "stocks_size": 6, "fill_percentage": 0.7167260743829443, "solution_time": 0.00012054000399075449}
{"items_size": 17, "stocks_size": 5, "fill_percentage": 0.6180820610687023, "solution_time": 0.00013184899580664933}
{"items_size": 15, "stocks_size": 6, "fill_percentage": 0.656089345860663, "solution_time": 9.575601143296808e-05}
{"items_size": 16, "stocks_size": 6, "fill_percentage": 0.6641027555821074, "solution_time": 0.00012742298713419586}
{"items_size": 17, "stocks_size": 5, "fill_percentage": 0.7950009688044952, "solution_time": 0.0001288799976464361}
{"items_size": 15, "stocks_size": 6, "fill_percentage": 0.7947549213898798, "solution_time": 0.00012891799269709736}
{"items_size": 16, "stocks_size": 6, "fill_percentage": 0.8504488057203712, "solution_time": 0.00012190699635539204}
{"items_size": 17, "stocks_size": 5, "fill_percentage": 0.7984227446252763, "solution_time": 0.00017003600078169256}
{"items_size": 16, "stocks_size": 6, "fill_percentage": 0.6602007738157482, "solution_time": 0.00010973800090141594}
{"items_size": 17, "stocks_size": 5, "fill_percentage": 0.6951828580634767, "solution_time": 0.00012353798956610262}
{"items_size": 16, "stocks_size": 6, "fill_percentage": 0.6513314785373608, "solution_time": 0.00012839700502809137}
{"items_size": 16, "stocks_size": 6, "fill_percentage": 0.6839648544755629, "solution_time": 0.00012425999739207327}
{"items_size": 17, "stocks_size": 5, "fill_percentage": 0.8031183557760454, "solution_time": 0.00014200400619301945}
{"items_size": 15, "stocks_size": 6, "fill_percentage": 0.6484592782340088, "solution_time": 0.00011118499969597906}
{"items_size": 15, "stocks_size": 6, "fill_percentage": 0.602833679270824, "solution_time": 0.0001390630059177056}
{"items_size": 16, "stocks_size": 6, "fill_percentage": 0.8069500390789395, "solution_time": 0.00022110599093139172}
{"items_size": 17, "stocks_size": 5, "fill_percentage": 0.6807002917882451, "solution_time": 0.00013394199777394533}
{"items_size": 16, "stocks_size": 6, "fill_percentage": 0.6308187520633872, "solution_time": 0.00013256300007924438}
{"items_size": 17, "stocks_size": 5, "fill_percentage": 0.75212900887842, "solution_time": 0.00014381700020749122}
{"items_size": 16, "stocks_size": 6, "fill_percentage": 0.5592955974842767, "solution_time": 0.00012146399240009487}
{"items_size": 17, "stocks_size": 5, "fill_percentage": 0.6358226917162533, "solution_time": 0.0001301220036111772}
{"items_size": 17, "stocks_size": 5, "fill_percentage": 0.7876510067114094, "solution_time": 0.00013228500029072165}
{"items_size": 17, "stocks_size": 5, "fill_percentage": 0.8935748167313498, "solution_time": 0.00013781899178866297}
{"items_size": 16, "stocks_size": 6, "fill_percentage": 0.6160727940051995, "solution_time": 0.00012588199751917273}
{"items_size": 16, "stocks_size": 6, "fill_percentage": 0.740251317389542, "solution_time": 0.00013117000344209373}
{"items_size": 16, "stocks_size": 6, "fill_percentage": 0.7413056379821958, "solution_time": 0.00011473899940028787}
{"items_size": 15, "stocks_size": 6, "fill_percentage": 0.6076035723145622, "solution_time": 0.00011666599311865866}
{"items_size": 15, "stocks_size": 6, "fill_percentage": 0.6830083062477429, "solution_time": 0.0001347210054518655}
{"items_size": 15, "stocks_size": 6, "fill_percentage": 0.599854800653397, "solution_time": 0.00012671299919020385}
{"items_size": 16, "stocks_size": 6, "fill_percentage": 0.836655357647724, "solution_time": 0.00011933800124097615}
{"items_size": 15, "stocks_size": 6, "fill_percentage": 0.7410949410949411, "solution_time": 0.00011131100472994149}
{"items_size": 16, "stocks_size": 6, "fill_percentage": 0.6121481768062675, "solution_time": 0.00013465499796438962}
{"items_size": 17, "stocks_size": 5, "fill_percentage": 0.7076777061791298, "solution_time": 0.00012902700109407306}
{"items_size": 17, "stocks_size": 5, "fill_percentage": 0.7110107676276485, "solution_time": 0.00014445799752138555}
{"items_size": 15, "stocks_size": 6, "fill_percentage": 0.6539064727687482, "solution_time": 9.882599988486618e-05}
{"items_size": 16, "stocks_size": 6, "fill_percentage": 0.7130779037777628, "solution_time": 0.0001274880050914362}
{"items_size": 16, "stocks_size": 6, "fill_percentage": 0.5665212649945475, "solution_time": 0.00011678900045808405}
{"items_size": 16, "stocks_size": 6, "fill_percentage": 0.5902801918932072, "solution_time": 0.00013845099601894617}
