{"items_size": 5, "stocks_size": 2, "fill_percentage": 0.42545396623128384, "solution_time": 0.020354270935058594}
{"items_size": 5, "stocks_size": 2, "fill_percentage": 0.8106882591093117, "solution_time": 0.026006221771240234}
{"items_size": 5, "stocks_size": 2, "fill_percentage": 0.7413446054750402, "solution_time": 0.06482243537902832}
{"items_size": 5, "stocks_size": 2, "fill_percentage": 0.5394329896907216, "solution_time": 0.1672191619873047}
{"items_size": 5, "stocks_size": 2, "fill_percentage": 0.27167277167277165, "solution_time": 0.020209550857543945}
{"items_size": 5, "stocks_size": 2, "fill_percentage": 0.5099380905832519, "solution_time": 0.49329233169555664}
{"items_size": 5, "stocks_size": 2, "fill_percentage": 0.7477785372522214, "solution_time": 0.18740105628967285}
{"items_size": 5, "stocks_size": 2, "fill_percentage": 0.46321102698505146, "solution_time": 0.021248340606689453}
{"items_size": 5, "stocks_size": 2, "fill_percentage": 0.32688172043010755, "solution_time": 0.21551060676574707}
{"items_size": 5, "stocks_size": 2, "fill_percentage": 0.20544258373205743, "solution_time": 0.019855976104736328}
{"items_size": 5, "stocks_size": 2, "fill_percentage": 0.5983471074380166, "solution_time": 0.06361508369445801}
{"items_size": 5, "stocks_size": 2, "fill_percentage": 0.5363030898569713, "solution_time": 0.02360224723815918}
{"items_size": 5, "stocks_size": 2, "fill_percentage": 0.501656086116478, "solution_time": 0.9906730651855469}
{"items_size": 5, "stocks_size": 2, "fill_percentage": 0.629894578313253, "solution_time": 0.029503345489501953}
{"items_size": 5, "stocks_size": 2, "fill_percentage": 0.7505877742946708, "solution_time": 0.16097450256347656}
{"items_size": 5, "stocks_size": 2, "fill_percentage": 0.32052089897080444, "solution_time": 0.017993688583374023}
{"items_size": 5, "stocks_size": 2, "fill_percentage": 0.8691620879120879, "solution_time": 0.202378511428833}
{"items_size": 5, "stocks_size": 2, "fill_percentage": 0.4821331595525144, "solution_time": 0.3495306968688965}
{"items_size": 5, "stocks_size": 2, "fill_percentage": 0.48985208118335055, "solution_time": 0.026897430419921875}
{"items_size": 5, "stocks_size": 2, "fill_percentage": 0.7967253629904232, "solution_time": 0.038987159729003906}
{"items_size": 5, "stocks_size": 2, "fill_percentage": 0.47783039173482567, "solution_time": 0.0268096923828125}
{"items_size": 5, "stocks_size": 2, "fill_percentage": 0.8041118421052632, "solution_time": 0.5230727195739746}
{"items_size": 5, "stocks_size": 2, "fill_percentage": 0.38471940500338064, "solution_time": 0.022182464599609375}
{"items_size": 5, "stocks_size": 2, "fill_percentage": 0.5044770044770045, "solution_time": 0.027363300323486328}
{"items_size": 5, "stocks_size": 2, "fill_percentage": 0.3541666666666667, "solution_time": 0.020199298858642578}
{"items_size": 5, "stocks_size": 2, "fill_percentage": 0.4942255030360757, "solution_time": 0.8064243793487549}
{"items_size": 5, "stocks_size": 2, "fill_percentage": 0.28361990950226246, "solution_time": 0.019026756286621094}
{"items_size": 5, "stocks_size": 2, "fill_percentage": 0.4941947565543071, "solution_time": 0.021389007568359375}
{"items_size": 5, "stocks_size": 2, "fill_percentage": 0.3320433436532508, "solution_time": 0.030079364776611328}
{"items_size": 5, "stocks_size": 2, "fill_percentage": 0.6902277039848197, "solution_time": 0.026267051696777344}
{"items_size": 5, "stocks_size": 2, "fill_percentage": 0.28435643564356433, "solution_time": 0.07894086837768555}
{"items_size": 5, "stocks_size": 2, "fill_percentage": 0.7208646616541353, "solution_time": 0.03479909896850586}
{"items_size": 5, "stocks_size": 2, "fill_percentage": 0.8231389284020862, "solution_time": 0.4687471389770508}
{"items_size": 5, "stocks_size": 2, "fill_percentage": 0.35184391080617494, "solution_time": 0.023100614547729492}
{"items_size": 5, "stocks_size": 2, "fill_percentage": 0.804093567251462, "solution_time": 0.10008859634399414}
{"items_size": 5, "stocks_size": 2, "fill_percentage": 0.868421052631579, "solution_time": 0.2693796157836914}
{"items_size": 5, "stocks_size": 2, "fill_percentage": 0.29252032520325205, "solution_time": 0.019664764404296875}
{"items_size": 5, "stocks_size": 2, "fill_percentage": 0.8980660757453667, "solution_time": 0.2724292278289795}
{"items_size": 5, "stocks_size": 2, "fill_percentage": 0.4104938271604938, "solution_time": 0.022269725799560547}
{"items_size": 5, "stocks_size": 2, "fill_percentage": 0.4458128078817734, "solution_time": 0.0214388370513916}
{"items_size": 5, "stocks_size": 2, "fill_percentage": 0.7254901960784313, "solution_time": 0.14345765113830566}
{"items_size": 5, "stocks_size": 2, "fill_percentage": 0.8188492063492063, "solution_time": 0.03392338752746582}
{"items_size": 5, "stocks_size": 2, "fill_percentage": 0.8204837490551776, "solution_time": 0.0908513069152832}
{"items_size": 5, "stocks_size": 2, "fill_percentage": 0.504989604989605, "solution_time": 0.038299560546875}
{"items_size": 5, "stocks_size": 2, "fill_percentage": 0.8208434058554929, "solution_time": 0.03688478469848633}
{"items_size": 5, "stocks_size": 2, "fill_percentage": 0.558983666061706, "solution_time": 0.041092872619628906}
{"items_size": 5, "stocks_size": 2, "fill_percentage": 0.9344687152906331, "solution_time": 0.2211928367614746}
{"items_size": 5, "stocks_size": 2, "fill_percentage": 0.4526959738227344, "solution_time": 0.020062685012817383}
{"items_size": 5, "stocks_size": 2, "fill_percentage": 0.6406955736224029, "solution_time": 0.04106497764587402}
{"items_size": 5, "stocks_size": 2, "fill_percentage": 0.5118634259259259, "solution_time": 0.04449892044067383}
