{"items_size": 26, "stocks_size": 7, "fill_percentage": 0.7645047547814937, "solution_time": 0.0003192999865859747}
{"items_size": 26, "stocks_size": 7, "fill_percentage": 0.8586914995224451, "solution_time": 0.00035989994648844004}
{"items_size": 24, "stocks_size": 8, "fill_percentage": 0.6614368290668868, "solution_time": 0.0003551999107003212}
{"items_size": 26, "stocks_size": 7, "fill_percentage": 0.776242983957645, "solution_time": 0.0003693000180646777}
{"items_size": 26, "stocks_size": 7, "fill_percentage": 0.7079693423438272, "solution_time": 0.0005449999589473009}
{"items_size": 25, "stocks_size": 8, "fill_percentage": 0.7328101346506255, "solution_time": 0.00034389994107186794}
{"items_size": 27, "stocks_size": 7, "fill_percentage": 0.895381246267171, "solution_time": 0.0004264999879524112}
{"items_size": 27, "stocks_size": 7, "fill_percentage": 0.6909156877862942, "solution_time": 0.0007179999956861138}
{"items_size": 23, "stocks_size": 9, "fill_percentage": 0.7214997832683139, "solution_time": 0.0005206000059843063}
{"items_size": 23, "stocks_size": 9, "fill_percentage": 0.7241454482036972, "solution_time": 0.0002452000044286251}
{"items_size": 24, "stocks_size": 8, "fill_percentage": 0.747156124635929, "solution_time": 0.00034849997609853745}
{"items_size": 24, "stocks_size": 9, "fill_percentage": 0.6493978405315615, "solution_time": 0.0003421000437811017}
{"items_size": 24, "stocks_size": 8, "fill_percentage": 0.7024696851707642, "solution_time": 0.0004298000130802393}
{"items_size": 23, "stocks_size": 9, "fill_percentage": 0.8957005727192062, "solution_time": 0.00046289991587400436}
{"items_size": 23, "stocks_size": 9, "fill_percentage": 0.6961135101789019, "solution_time": 0.0006488000508397818}
{"items_size": 23, "stocks_size": 9, "fill_percentage": 0.8526386868896738, "solution_time": 0.0013936000177636743}
{"items_size": 26, "stocks_size": 7, "fill_percentage": 0.8746385096509517, "solution_time": 0.00040909997187554836}
{"items_size": 25, "stocks_size": 8, "fill_percentage": 0.6854340567612688, "solution_time": 0.0004368999507278204}
{"items_size": 24, "stocks_size": 9, "fill_percentage": 0.944921875, "solution_time": 0.0005077000241726637}
{"items_size": 25, "stocks_size": 8, "fill_percentage": 0.7924148039574936, "solution_time": 0.0005269000539556146}
{"items_size": 27, "stocks_size": 7, "fill_percentage": 0.7030972797161443, "solution_time": 0.0009223000379279256}
{"items_size": 23, "stocks_size": 9, "fill_percentage": 0.6769477099397463, "solution_time": 0.0007952000014483929}
{"items_size": 27, "stocks_size": 7, "fill_percentage": 0.7159418982316853, "solution_time": 0.0009758999804034829}
{"items_size": 25, "stocks_size": 8, "fill_percentage": 0.7217227117424924, "solution_time": 0.0009250999428331852}
{"items_size": 25, "stocks_size": 8, "fill_percentage": 0.7909452908587258, "solution_time": 0.0008814999600872397}
{"items_size": 23, "stocks_size": 9, "fill_percentage": 0.7415593398992062, "solution_time": 0.0006669999565929174}
{"items_size": 26, "stocks_size": 7, "fill_percentage": 0.8113247681443035, "solution_time": 0.0006813999498263001}
{"items_size": 25, "stocks_size": 8, "fill_percentage": 0.7992071000585664, "solution_time": 0.0006015999242663383}
{"items_size": 26, "stocks_size": 7, "fill_percentage": 0.7333310444276592, "solution_time": 0.0004453998990356922}
{"items_size": 23, "stocks_size": 9, "fill_percentage": 0.7932793437105595, "solution_time": 0.0008345999522134662}
{"items_size": 25, "stocks_size": 8, "fill_percentage": 0.7004592471779905, "solution_time": 0.0009348999010398984}
{"items_size": 27, "stocks_size": 7, "fill_percentage": 0.8222527742315624, "solution_time": 0.0008207999635487795}
{"items_size": 27, "stocks_size": 7, "fill_percentage": 0.8189939045750718, "solution_time": 0.0008422000100836158}
{"items_size": 24, "stocks_size": 9, "fill_percentage": 0.8075450555607433, "solution_time": 0.0007303999736905098}
{"items_size": 27, "stocks_size": 7, "fill_percentage": 0.7582349285270354, "solution_time": 0.001019699964672327}
{"items_size": 24, "stocks_size": 9, "fill_percentage": 0.793141592920354, "solution_time": 0.0008202999597415328}
{"items_size": 24, "stocks_size": 9, "fill_percentage": 0.8425925925925926, "solution_time": 0.0009674000320956111}
{"items_size": 25, "stocks_size": 8, "fill_percentage": 0.681711720503562, "solution_time": 0.0007577999494969845}
{"items_size": 23, "stocks_size": 9, "fill_percentage": 0.7281621653289589, "solution_time": 0.0008601000299677253}
{"items_size": 23, "stocks_size": 9, "fill_percentage": 0.7400891483570667, "solution_time": 0.0008403999963775277}
{"items_size": 24, "stocks_size": 9, "fill_percentage": 0.8977260243875645, "solution_time": 0.000785800046287477}
{"items_size": 24, "stocks_size": 8, "fill_percentage": 0.7806926854484363, "solution_time": 0.0008876000065356493}
{"items_size": 24, "stocks_size": 8, "fill_percentage": 0.7955233335679595, "solution_time": 0.0010869998950511217}
{"items_size": 24, "stocks_size": 9, "fill_percentage": 0.7025979557069847, "solution_time": 0.0007961000083014369}
{"items_size": 25, "stocks_size": 8, "fill_percentage": 0.7122834645669291, "solution_time": 0.000586699927225709}
{"items_size": 23, "stocks_size": 9, "fill_percentage": 0.7645158131792813, "solution_time": 0.0005634000990539789}
{"items_size": 27, "stocks_size": 7, "fill_percentage": 0.6942552183891297, "solution_time": 0.0007359000155702233}
{"items_size": 23, "stocks_size": 9, "fill_percentage": 0.8223353566999543, "solution_time": 0.0006626000395044684}
{"items_size": 23, "stocks_size": 9, "fill_percentage": 0.6644999261338455, "solution_time": 0.0009763000998646021}
{"items_size": 27, "stocks_size": 7, "fill_percentage": 0.7248284887179284, "solution_time": 0.0003494999837130308}
{"items_size": 25, "stocks_size": 8, "fill_percentage": 0.7766361049636421, "solution_time": 0.0008712999988347292}
{"items_size": 27, "stocks_size": 7, "fill_percentage": 0.7564244856142748, "solution_time": 0.0005879000527784228}
{"items_size": 24, "stocks_size": 8, "fill_percentage": 0.8051312472193386, "solution_time": 0.0003386000171303749}
{"items_size": 24, "stocks_size": 9, "fill_percentage": 0.7178445374702455, "solution_time": 0.00033950002398341894}
{"items_size": 25, "stocks_size": 8, "fill_percentage": 0.7938611617480416, "solution_time": 0.0008290999103337526}
{"items_size": 24, "stocks_size": 9, "fill_percentage": 0.8258130601792574, "solution_time": 0.0009621999925002456}
{"items_size": 27, "stocks_size": 7, "fill_percentage": 0.7491159569765728, "solution_time": 0.0007593999616801739}
{"items_size": 23, "stocks_size": 9, "fill_percentage": 0.7407471990932473, "solution_time": 0.0007289999630302191}
{"items_size": 24, "stocks_size": 9, "fill_percentage": 0.8077795220652364, "solution_time": 0.0008198999566957355}
{"items_size": 25, "stocks_size": 8, "fill_percentage": 0.7264931242705638, "solution_time": 0.0008871000027284026}
{"items_size": 24, "stocks_size": 8, "fill_percentage": 0.7864852182074143, "solution_time": 0.0007452999707311392}
{"items_size": 26, "stocks_size": 7, "fill_percentage": 0.7597693149050413, "solution_time": 0.0008194999536499381}
{"items_size": 27, "stocks_size": 7, "fill_percentage": 0.82256664600124, "solution_time": 0.0007740999571979046}
{"items_size": 25, "stocks_size": 8, "fill_percentage": 0.7470381460747298, "solution_time": 0.0012136000441387296}
{"items_size": 26, "stocks_size": 7, "fill_percentage": 0.6450712799959414, "solution_time": 0.0007016999879851937}
{"items_size": 26, "stocks_size": 7, "fill_percentage": 0.7853071829687369, "solution_time": 0.00025949999690055847}
{"items_size": 27, "stocks_size": 7, "fill_percentage": 0.7476872246696036, "solution_time": 0.001532500027678907}
{"items_size": 26, "stocks_size": 7, "fill_percentage": 0.7546497823506134, "solution_time": 0.0007430999539792538}
{"items_size": 26, "stocks_size": 7,