{"items_size": 26, "stocks_size": 7, "fill_percentage": 0.7645047547814937, "solution_time": 0.0005131999496370554}
{"items_size": 26, "stocks_size": 7, "fill_percentage": 0.8586914995224451, "solution_time": 0.00039489998016506433}
{"items_size": 24, "stocks_size": 8, "fill_percentage": 0.6614368290668868, "solution_time": 0.0004331000382080674}
{"items_size": 26, "stocks_size": 7, "fill_percentage": 0.776242983957645, "solution_time": 0.000493000028654933}
{"items_size": 26, "stocks_size": 7, "fill_percentage": 0.7079693423438272, "solution_time": 0.0003725000424310565}
{"items_size": 25, "stocks_size": 8, "fill_percentage": 0.7328101346506255, "solution_time": 0.00027550000231713057}
{"items_size": 27, "stocks_size": 7, "fill_percentage": 0.895381246267171, "solution_time": 0.0006139000179246068}
{"items_size": 27, "stocks_size": 7, "fill_percentage": 0.6909156877862942, "solution_time": 0.0004851999692618847}
{"items_size": 23, "stocks_size": 9, "fill_percentage": 0.7214997832683139, "solution_time": 0.0003127999370917678}
{"items_size": 23, "stocks_size": 9, "fill_percentage": 0.7241454482036972, "solution_time": 0.0002408000873401761}
{"items_size": 24, "stocks_size": 8, "fill_percentage": 0.747156124635929, "solution_time": 0.00039270007982850075}
{"items_size": 24, "stocks_size": 9, "fill_percentage": 0.6493978405315615, "solution_time": 0.0003117999294772744}
{"items_size": 24, "stocks_size": 8, "fill_percentage": 0.7024696851707642, "solution_time": 0.000467000063508749}
{"items_size": 23, "stocks_size": 9, "fill_percentage": 0.8957005727192062, "solution_time": 0.00033089995849877596}
{"items_size": 23, "stocks_size": 9, "fill_percentage": 0.6961135101789019, "solution_time": 0.0006104999920353293}
{"items_size": 23, "stocks_size": 9, "fill_percentage": 0.8526386868896738, "solution_time": 0.0005359000060707331}
{"items_size": 26, "stocks_size": 7, "fill_percentage": 0.8746385096509517, "solution_time": 0.00044249999336898327}
{"items_size": 25, "stocks_size": 8, "fill_percentage": 0.6854340567612688, "solution_time": 0.0003677000058814883}
{"items_size": 24, "stocks_size": 9, "fill_percentage": 0.944921875, "solution_time": 0.0005463999696075916}
{"items_size": 25, "stocks_size": 8, "fill_percentage": 0.7924148039574936, "solution_time": 0.0004637999227270484}
{"items_size": 27, "stocks_size": 7, "fill_percentage": 0.7030972797161443, "solution_time": 0.00045519997365772724}
{"items_size": 23, "stocks_size": 9, "fill_percentage": 0.6769477099397463, "solution_time": 0.0005005999701097608}
{"items_size": 27, "stocks_size": 7, "fill_percentage": 0.7159418982316853, "solution_time": 0.000903200008906424}
{"items_size": 25, "stocks_size": 8, "fill_percentage": 0.7217227117424924, "solution_time": 0.0008717000018805265}
{"items_size": 25, "stocks_size": 8, "fill_percentage": 0.7909452908587258, "solution_time": 0.0010081999935209751}
{"items_size": 23, "stocks_size": 9, "fill_percentage": 0.7415593398992062, "solution_time": 0.000788699951954186}
{"items_size": 26, "stocks_size": 7, "fill_percentage": 0.8113247681443035, "solution_time": 0.0008030000608414412}
{"items_size": 25, "stocks_size": 8, "fill_percentage": 0.7992071000585664, "solution_time": 0.0005282999482005835}
{"items_size": 26, "stocks_size": 7, "fill_percentage": 0.7333310444276592, "solution_time": 0.0005778999766334891}
{"items_size": 23, "stocks_size": 9, "fill_percentage": 0.7932793437105595, "solution_time": 0.0006434000097215176}
{"items_size": 25, "stocks_size": 8, "fill_percentage": 0.7004592471779905, "solution_time": 0.0004779000300914049}
{"items_size": 27, "stocks_size": 7, "fill_percentage": 0.8222527742315624, "solution_time": 0.0009228999260812998}
{"items_size": 27, "stocks_size": 7, "fill_percentage": 0.8189939045750718, "solution_time": 0.0009350000182166696}
{"items_size": 24, "stocks_size": 9, "fill_percentage": 0.8075450555607433, "solution_time": 0.0006970999529585242}
{"items_size": 27, "stocks_size": 7, "fill_percentage": 0.7582349285270354, "solution_time": 0.0013991000596433878}
{"items_size": 24, "stocks_size": 9, "fill_percentage": 0.793141592920354, "solution_time": 0.0013517000479623675}
{"items_size": 24, "stocks_size": 9, "fill_percentage": 0.8425925925925926, "solution_time": 0.0004133000038564205}
{"items_size": 25, "stocks_size": 8, "fill_percentage": 0.681711720503562, "solution_time": 0.0006582000060006976}
{"items_size": 23, "stocks_size": 9, "fill_percentage": 0.7281621653289589, "solution_time": 0.0009383999276906252}
{"items_size": 23, "stocks_size": 9, "fill_percentage": 0.7400891483570667, "solution_time": 0.0002981999423354864}
{"items_size": 24, "stocks_size": 9, "fill_percentage": 0.8977260243875645, "solution_time": 0.000888100010342896}
{"items_size": 24, "stocks_size": 8, "fill_percentage": 0.7806926854484363, "solution_time": 0.0009717999491840601}
{"items_size": 24, "stocks_size": 8, "fill_percentage": 0.7955233335679595, "solution_time": 0.0009025000035762787}
{"items_size": 24, "stocks_size": 9, "fill_percentage": 0.7025979557069847, "solution_time": 0.0008303000358864665}
{"items_size": 25, "stocks_size": 8, "fill_percentage": 0.7122834645669291, "solution_time": 0.0010924000525847077}
{"items_size": 23, "stocks_size": 9, "fill_percentage": 0.7645158131792813, "solution_time": 0.0007483999943360686}
{"items_size": 27, "stocks_size": 7, "fill_percentage": 0.6942552183891297, "solution_time": 0.0007763999747112393}
{"items_size": 23, "stocks_size": 9, "fill_percentage": 0.8223353566999543, "solution_time": 0.0006657000631093979}
{"items_size": 23, "stocks_size": 9, "fill_percentage": 0.6644999261338455, "solution_time": 0.0006102999905124307}
{"items_size": 27, "stocks_size": 7, "fill_percentage": 0.7248284887179284, "solution_time": 0.0007603999692946672}
{"items_size": 25, "stocks_size": 8, "fill_percentage": 0.7766361049636421, "solution_time": 0.0019034999422729015}
{"items_size": 27, "stocks_size": 7, "fill_percentage": 0.7564244856142748, "solution_time": 0.0009289999725297093}
{"items_size": 24, "stocks_size": 8, "fill_percentage": 0.8051312472193386, "solution_time": 0.0008736000163480639}
{"items_size": 24, "stocks_size": 9, "fill_percentage": 0.7178445374702455, "solution_time": 0.0008473999332636595}
{"items_size": 25, "stocks_size": 8, "fill_percentage": 0.7938611617480416, "solution_time": 0.0008891000179573894}
{"items_size": 24, "stocks_size": 9, "fill_percentage": 0.8258130601792574, "solution_time": 0.0021170000545680523}
{"items_size": 27, "stocks_size": 7, "fill_percentage": 0.7491159569765728, "solution_time": 0.000757400062866509}
{"items_size": 23, "stocks_size": 9, "fill_percentage": 0.7407471990932473, "solution_time": 0.0008810000726953149}
{"items_size": 24, "stocks_size": 9, "fill_percentage": 0.8077795220652364, "solution_time": 0.0007153999758884311}
{"items_size": 25, "stocks_size": 8, "fill_percentage": 0.7264931242705638, "solution_time": 0.0006748000159859657}
{"items_size": 24, "stocks_size": 8, "fill_percentage": 0.7864852182074143, "solution_time": 0.0008007000433281064}
{"items_size": 26, "stocks_size": 7, "fill_percentage": 0.7597693149050413, "solution_time": 0.0006271000020205975}
{"items_size": 27, "stocks_size": 7, "fill_percentage": 0.82256664600124, "solution_time": 0.0008090999908745289}
{"items_size": 25, "stocks_size": 8, "fill_percentage": 0.7470381460747298, "solution_time": 0.0007158000953495502}
{"items_size": 26, "stocks_size": 7, "fill_percentage": 0.8818837564155916, "solution_time": 0.0010022000642493367}
{"items_size": 26, "stocks_size": 7, "fill_percentage": 0.7853071829687369, "solution_time": 0.0008897000225260854}
{"items_size": 27, "stocks_size": 7, "fill_percentage": 0.7476872246696036, "solution_time": 0.0007387000368908048}
{"items_size": 26, "stocks_size": 7, "fill_percentage": 0.7546497823506134, "solution_time": 0.0007990000303834677}
{"items_size": 26, "stocks_size": 7,