{"items_size": 26, "stocks_size": 7, "fill_percentage": 0.5751838900277342, "solution_time": 0.0005048998864367604}
{"items_size": 26, "stocks_size": 7, "fill_percentage": 0.5024450219353397, "solution_time": 0.0004110999871045351}
{"items_size": 24, "stocks_size": 8, "fill_percentage": 0.6614368290668868, "solution_time": 0.0004555999767035246}
{"items_size": 26, "stocks_size": 7, "fill_percentage": 0.6219500526265429, "solution_time": 0.0005397000350058079}
{"items_size": 26, "stocks_size": 7, "fill_percentage": 0.564941470472182, "solution_time": 0.0012625999515876174}
{"items_size": 25, "stocks_size": 8, "fill_percentage": 0.5948839014294031, "solution_time": 0.0004789000377058983}
{"items_size": 27, "stocks_size": 7, "fill_percentage": 0.5040345175389443, "solution_time": 0.00045149994548410177}
{"items_size": 27, "stocks_size": 7, "fill_percentage": 0.6909156877862942, "solution_time": 0.0008692999836057425}
{"items_size": 23, "stocks_size": 9, "fill_percentage": 0.5574346952444742, "solution_time": 0.0004964999388903379}
{"items_size": 23, "stocks_size": 9, "fill_percentage": 0.5830378769263173, "solution_time": 0.0004643999272957444}
{"items_size": 24, "stocks_size": 8, "fill_percentage": 0.5502893916703768, "solution_time": 0.00047660002019256353}
{"items_size": 24, "stocks_size": 9, "fill_percentage": 0.6493978405315615, "solution_time": 0.0004525999538600445}
{"items_size": 24, "stocks_size": 8, "fill_percentage": 0.5194126840503414, "solution_time": 0.000636399956420064}
{"items_size": 23, "stocks_size": 9, "fill_percentage": 0.6314831665150137, "solution_time": 0.00033139996230602264}
{"items_size": 23, "stocks_size": 9, "fill_percentage": 0.6961135101789019, "solution_time": 0.0005581999430432916}
{"items_size": 23, "stocks_size": 9, "fill_percentage": 0.5375094141916893, "solution_time": 0.000582000007852912}
{"items_size": 26, "stocks_size": 7, "fill_percentage": 0.6578814245244841, "solution_time": 0.000875100027769804}
{"items_size": 25, "stocks_size": 8, "fill_percentage": 0.6854340567612688, "solution_time": 0.0006565001094713807}
{"items_size": 24, "stocks_size": 9, "fill_percentage": 0.6011431411530815, "solution_time": 0.0004734999965876341}
{"items_size": 25, "stocks_size": 8, "fill_percentage": 0.6120210846570205, "solution_time": 0.0011567999608814716}
{"items_size": 27, "stocks_size": 7, "fill_percentage": 0.5244541243934715, "solution_time": 0.0012005000608041883}
{"items_size": 23, "stocks_size": 9, "fill_percentage": 0.5206429451033767, "solution_time": 0.0011144999880343676}
{"items_size": 27, "stocks_size": 7, "fill_percentage": 0.5449457492102733, "solution_time": 0.0012386000016704202}
{"items_size": 25, "stocks_size": 8, "fill_percentage": 0.5604859826135531, "solution_time": 0.0009575999574735761}
{"items_size": 25, "stocks_size": 8, "fill_percentage": 0.5844687519989765, "solution_time": 0.0008158000418916345}
{"items_size": 23, "stocks_size": 9, "fill_percentage": 0.6092003788391287, "solution_time": 0.0004915000172331929}
{"items_size": 26, "stocks_size": 7, "fill_percentage": 0.5320258885231267, "solution_time": 0.0006888000061735511}
{"items_size": 25, "stocks_size": 8, "fill_percentage": 0.6345005186165457, "solution_time": 0.0010091000003740191}
{"items_size": 26, "stocks_size": 7, "fill_percentage": 0.5626564105265931, "solution_time": 0.0011129999766126275}
{"items_size": 23, "stocks_size": 9, "fill_percentage": 0.6153124490128895, "solution_time": 0.0010980999795719981}
{"items_size": 25, "stocks_size": 8, "fill_percentage": 0.7004592471779905, "solution_time": 0.0015090999659150839}
{"items_size": 27, "stocks_size": 7, "fill_percentage": 0.6557800751879699, "solution_time": 0.0013779000146314502}
{"items_size": 27, "stocks_size": 7, "fill_percentage": null, "solution_time": null}
{"items_size": 24, "stocks_size": 9, "fill_percentage": 0.498530005188217, "solution_time": 0.0004371000686660409}
{"items_size": 27, "stocks_size": 7, "fill_percentage": 0.5059441526126625, "solution_time": 0.0008847001008689404}
{"items_size": 24, "stocks_size": 9, "fill_percentage": 0.5726837060702875, "solution_time": 0.0009456999832764268}
{"items_size": 24, "stocks_size": 9, "fill_percentage": 0.6671174377224199, "solution_time": 0.0009686999255791306}
{"items_size": 25, "stocks_size": 8, "fill_percentage": 0.681711720503562, "solution_time": 0.0009491000091657043}
{"items_size": 23, "stocks_size": 9, "fill_percentage": 0.5544947579745706, "solution_time": 0.0009841000428423285}
{"items_size": 23, "stocks_size": 9, "fill_percentage": 0.5161627555090924, "solution_time": 0.0004152000183239579}
{"items_size": 24, "stocks_size": 9, "fill_percentage": 0.5311321981021708, "solution_time": 0.0009592000860720873}
{"items_size": 24, "stocks_size": 8, "fill_percentage": 0.5905565693430657, "solution_time": 0.0006898000137880445}
{"items_size": 24, "stocks_size": 8, "fill_percentage": 0.643860198820748, "solution_time": 0.0006410999922081828}
{"items_size": 24, "stocks_size": 9, "fill_percentage": 0.558482006838417, "solution_time": 0.0007996999192982912}
{"items_size": 25, "stocks_size": 8, "fill_percentage": 0.5666026390512777, "solution_time": 0.0003304999554529786}
{"items_size": 23, "stocks_size": 9, "fill_percentage": 0.5932679887546539, "solution_time": 0.0009564000647515059}
{"items_size": 27, "stocks_size": 7, "fill_percentage": 0.5313667540288853, "solution_time": 0.0007915999740362167}
{"items_size": 23, "stocks_size": 9, "fill_percentage": 0.6131795395921545, "solution_time": 0.0008848999859765172}
{"items_size": 23, "stocks_size": 9, "fill_percentage": 0.6644999261338455, "solution_time": 0.00084279989823699}
{"items_size": 27, "stocks_size": 7, "fill_percentage": 0.568823328042822, "solution_time": 0.0008667000802233815}
{"items_size": 25, "stocks_size": 8, "fill_percentage": 0.5953227239680103, "solution_time": 0.0009575999574735761}
{"items_size": 27, "stocks_size": 7, "fill_percentage": 0.5749886430008436, "solution_time": 0.00123740010894835}
{"items_size": 24, "stocks_size": 8, "fill_percentage": 0.6313157741729171, "solution_time": 0.0007958000060170889}
{"items_size": 24, "stocks_size": 9, "fill_percentage": 0.5656673458167588, "solution_time": 0.0007882999489083886}
{"items_size": 25, "stocks_size": 8, "fill_percentage": 0.5985734982725955, "solution_time": 0.0014632000820711255}
{"items_size": 24, "stocks_size": 9, "fill_percentage": 0.5678864508857817, "solution_time": 0.0009491000091657043}
{"items_size": 27, "stocks_size": 7, "fill_percentage": 0.7491159569765728, "solution_time": 0.001001100055873394}
{"items_size": 23, "stocks_size": 9, "fill_percentage": 0.5601635128898266, "solution_time": 0.0009441000875085592}
{"items_size": 24, "stocks_size": 9, "fill_percentage": 0.6091817942646672, "solution_time": 0.000826000003144145}
{"items_size": 25, "stocks_size": 8, "fill_percentage": 0.5859937786509496, "solution_time": 0.0009187000105157495}
{"items_size": 24, "stocks_size": 8, "fill_percentage": 0.5901148717045904, "solution_time": 0.0009998000459745526}
{"items_size": 26, "stocks_size": 7, "fill_percentage": 0.5750733799954844, "solution_time": 0.0012558000162243843}
{"items_size": 27, "stocks_size": 7, "fill_percentage": 0.6613937722242531, "solution_time": 0.0008059999672695994}
{"items_size": 25, "stocks_size": 8, "fill_percentage": 0.605423275771111, "solution_time": 0.0008252999978139997}
{"items_size": 26, "stocks_size": 7, "fill_percentage": 0.6450712799959414, "solution_time": 0.00088900001719594}
{"items_size": 26, "stocks_size": 7, "fill_percentage": 0.6227236474810581, "solution_time": 0.000936600030399859}
{"items_size": 27, "stocks_size": 7, "fill_percentage": 0.5833142398900217, "solution_time": 0.0006981999613344669}
{"items_size": 26, "stocks_size": 7, "fill_percentage": 0.5468884427874964, "solution_time": 0.00040030002128332853}
{"items_size": 26, "stocks_size": 7, "fill_percentage": 0.5321747684236413,