{"items_size": 26, "stocks_size": 7, "fill_percentage": 0.8851363889404342, "solution_time": 0.0006689999718219042}
{"items_size": 26, "stocks_size": 7, "fill_percentage": 0.720768028219826, "solution_time": 0.00043919996824115515}
{"items_size": 24, "stocks_size": 8, "fill_percentage": 0.6771493786457012, "solution_time": 0.0004729999927803874}
{"items_size": 26, "stocks_size": 7, "fill_percentage": 0.7873697811515787, "solution_time": 0.0003548000240698457}
{"items_size": 26, "stocks_size": 7, "fill_percentage": 0.8755988176536541, "solution_time": 0.00041429989505559206}
{"items_size": 25, "stocks_size": 8, "fill_percentage": 0.7514297385620915, "solution_time": 0.0003402000293135643}
{"items_size": 27, "stocks_size": 7, "fill_percentage": 0.7584956573066869, "solution_time": 0.0007882000645622611}
{"items_size": 27, "stocks_size": 7, "fill_percentage": 0.7348415416525975, "solution_time": 0.0008870000019669533}
{"items_size": 23, "stocks_size": 9, "fill_percentage": 0.6836852049618007, "solution_time": 0.0003933999687433243}
{"items_size": 23, "stocks_size": 9, "fill_percentage": 0.6959564215378169, "solution_time": 0.00031050003599375486}
{"items_size": 24, "stocks_size": 8, "fill_percentage": 0.8088042831647829, "solution_time": 0.0006326999282464385}
{"items_size": 24, "stocks_size": 9, "fill_percentage": 0.7243355914538823, "solution_time": 0.0005655999993905425}
{"items_size": 24, "stocks_size": 8, "fill_percentage": 0.7800975971338563, "solution_time": 0.0007859000470489264}
{"items_size": 23, "stocks_size": 9, "fill_percentage": 0.7953584986748801, "solution_time": 0.0012938999570906162}
{"items_size": 23, "stocks_size": 9, "fill_percentage": 0.7254725472547254, "solution_time": 0.0009229000424966216}
{"items_size": 23, "stocks_size": 9, "fill_percentage": 0.8951845994437476, "solution_time": 0.001121099921874702}
{"items_size": 26, "stocks_size": 7, "fill_percentage": 0.6966093524023783, "solution_time": 0.0008014000486582518}
{"items_size": 25, "stocks_size": 8, "fill_percentage": 0.6922233930453109, "solution_time": 0.0008224999764934182}
{"items_size": 24, "stocks_size": 9, "fill_percentage": 0.5998016364988842, "solution_time": 0.0010992999887093902}
{"items_size": 25, "stocks_size": 8, "fill_percentage": 0.7269518446928314, "solution_time": 0.0007059999043121934}
{"items_size": 27, "stocks_size": 7, "fill_percentage": 0.9346533680538496, "solution_time": 0.000893399934284389}
{"items_size": 23, "stocks_size": 9, "fill_percentage": 0.7279894875164258, "solution_time": 0.0008797000627964735}
{"items_size": 27, "stocks_size": 7, "fill_percentage": 0.7028164024444248, "solution_time": 0.0007360000163316727}
{"items_size": 25, "stocks_size": 8, "fill_percentage": 0.8874516307352128, "solution_time": 0.0010653999634087086}
{"items_size": 25, "stocks_size": 8, "fill_percentage": 0.788624201622648, "solution_time": 0.0009205000242218375}
{"items_size": 23, "stocks_size": 9, "fill_percentage": 0.8224828291684934, "solution_time": 0.000852599972859025}
{"items_size": 26, "stocks_size": 7, "fill_percentage": 0.8170251049610144, "solution_time": 0.0007044000085443258}
{"items_size": 25, "stocks_size": 8, "fill_percentage": 0.8526386619244448, "solution_time": 0.0010291000362485647}
{"items_size": 26, "stocks_size": 7, "fill_percentage": 0.8578945254448327, "solution_time": 0.0004137998912483454}
{"items_size": 23, "stocks_size": 9, "fill_percentage": 0.8943499140333195, "solution_time": 0.0008550999918952584}
{"items_size": 25, "stocks_size": 8, "fill_percentage": 0.8768065330682856, "solution_time": 0.0010731000220403075}
{"items_size": 27, "stocks_size": 7, "fill_percentage": 0.7339586255259467, "solution_time": 0.0008755000308156013}
{"items_size": 27, "stocks_size": 7, "fill_percentage": 0.8296015045598099, "solution_time": 0.0007928999839350581}
{"items_size": 24, "stocks_size": 9, "fill_percentage": 0.757135352827876, "solution_time": 0.0010884000221267343}
{"items_size": 27, "stocks_size": 7, "fill_percentage": 0.6413176800420536, "solution_time": 0.0011926000006496906}
{"items_size": 24, "stocks_size": 9, "fill_percentage": 0.6861608804295816, "solution_time": 0.0008440000237897038}
{"items_size": 24, "stocks_size": 9, "fill_percentage": 0.7259419896991054, "solution_time": 0.0006050000665709376}
{"items_size": 25, "stocks_size": 8, "fill_percentage": 0.8295825663559171, "solution_time": 0.0007760999724268913}
{"items_size": 23, "stocks_size": 9, "fill_percentage": 0.6402740572841541, "solution_time": 0.0007861999329179525}
{"items_size": 23, "stocks_size": 9, "fill_percentage": 0.854060451565914, "solution_time": 0.0009068999206647277}
{"items_size": 24, "stocks_size": 9, "fill_percentage": 0.6679199019207193, "solution_time": 0.0009760999819263816}
{"items_size": 24, "stocks_size": 8, "fill_percentage": 0.7374867746398632, "solution_time": 0.0008023000555112958}
{"items_size": 24, "stocks_size": 8, "fill_percentage": 0.7536927744990164, "solution_time": 0.0007347000064328313}
{"items_size": 24, "stocks_size": 9, "fill_percentage": 0.6746687387534762, "solution_time": 0.0008409000001847744}
{"items_size": 25, "stocks_size": 8, "fill_percentage": 0.7821650910767812, "solution_time": 0.000983299920335412}
{"items_size": 23, "stocks_size": 9, "fill_percentage": 0.6434281005356407, "solution_time": 0.001107799937017262}
{"items_size": 27, "stocks_size": 7, "fill_percentage": 0.7674156398485946, "solution_time": 0.0009307001018896699}
{"items_size": 23, "stocks_size": 9, "fill_percentage": 0.8129436056265325, "solution_time": 0.0009486000053584576}
{"items_size": 23, "stocks_size": 9, "fill_percentage": 0.6834135224107369, "solution_time": 0.0007112000603228807}
{"items_size": 27, "stocks_size": 7, "fill_percentage": 0.7806107196241725, "solution_time": 0.0010044999653473496}
{"items_size": 25, "stocks_size": 8, "fill_percentage": 0.7060260586319218, "solution_time": 0.0009898000862449408}
{"items_size": 27, "stocks_size": 7, "fill_percentage": 0.8387768626337215, "solution_time": 0.0008507999591529369}
{"items_size": 24, "stocks_size": 8, "fill_percentage": 0.8605849251010541, "solution_time": 0.0010356000857427716}
{"items_size": 24, "stocks_size": 9, "fill_percentage": 0.8593819093008401, "solution_time": 0.0009275000775232911}
{"items_size": 25, "stocks_size": 8, "fill_percentage": 0.6957253886010363, "solution_time": 0.0008221999742090702}
{"items_size": 24, "stocks_size": 9, "fill_percentage": 0.8842821103433147, "solution_time": 0.0007025999948382378}
{"items_size": 27, "stocks_size": 7, "fill_percentage": 0.8326305015353122, "solution_time": 0.0009118999587371945}
{"items_size": 23, "stocks_size": 9, "fill_percentage": 0.6927875402617524, "solution_time": 0.0006693999748677015}
{"items_size": 24, "stocks_size": 9, "fill_percentage": 0.7791049798115747, "solution_time": 0.0007321999873965979}
{"items_size": 25, "stocks_size": 8, "fill_percentage": 0.8107939744025371, "solution_time": 0.0008559999987483025}
{"items_size": 24, "stocks_size": 8, "fill_percentage": 0.6602324207208982, "solution_time": 0.0003157999599352479}
{"items_size": 26, "stocks_size": 7, "fill_percentage": 0.7147467377578224, "solution_time": 0.0006255999905988574}
{"items_size": 27, "stocks_size": 7, "fill_percentage": 0.871556820670024, "solution_time": 0.0008444999111816287}
{"items_size": 25, "stocks_size": 8, "fill_percentage": 0.7196789163426565, "solution_time": 0.0008952999487519264}
{"items_size": 26, "stocks_size": 7, "fill_percentage": 0.7033021737927982, "solution_time": 0.0009296999778598547}
{"items_size": 26, "stocks_size": 7, "fill_percentage": 0.738453656998739, "solution_time": 0.0008947000605985522}
{"items_size": 27, "stocks_size": 7, "fill_percentage": 0.839841656014185, "solution_time": 0.0007421999471262097}
{"items_size": 26, "stocks_size": 7, "fill_percentage": 0.6487865729190293, "solution_time": 0.0009239999344572425}
{"items_size": 26, "stocks_size": 7, "fill_percentage": 0.8048931685746167,