{"items_size": 26, "stocks_size": 7, "fill_percentage": 0.7645047547814937, "solution_time": 0.0003024999750778079}
{"items_size": 26, "stocks_size": 7, "fill_percentage": 0.8586914995224451, "solution_time": 0.00047259998973459005}
{"items_size": 24, "stocks_size": 8, "fill_percentage": 0.6614368290668868, "solution_time": 0.0003667999990284443}
{"items_size": 26, "stocks_size": 7, "fill_percentage": 0.776242983957645, "solution_time": 0.00026380002964287996}
{"items_size": 26, "stocks_size": 7, "fill_percentage": 0.7079693423438272, "solution_time": 0.000344799947924912}
{"items_size": 25, "stocks_size": 8, "fill_percentage": 0.7328101346506255, "solution_time": 0.0007384000346064568}
{"items_size": 27, "stocks_size": 7, "fill_percentage": 0.6520005798782256, "solution_time": 0.00045629998203366995}
{"items_size": 27, "stocks_size": 7, "fill_percentage": 0.6909156877862942, "solution_time": 0.0006005000323057175}
{"items_size": 23, "stocks_size": 9, "fill_percentage": 0.7214997832683139, "solution_time": 0.0004941000370308757}
{"items_size": 23, "stocks_size": 9, "fill_percentage": 0.7241454482036972, "solution_time": 0.0005122000584378839}
{"items_size": 24, "stocks_size": 8, "fill_percentage": 0.747156124635929, "solution_time": 0.00044730002991855145}
{"items_size": 24, "stocks_size": 9, "fill_percentage": 0.6493978405315615, "solution_time": 0.000534099992364645}
{"items_size": 24, "stocks_size": 8, "fill_percentage": 0.7024696851707642, "solution_time": 0.0005469999741762877}
{"items_size": 23, "stocks_size": 9, "fill_percentage": 0.8957005727192062, "solution_time": 0.0009405000600963831}
{"items_size": 23, "stocks_size": 9, "fill_percentage": 0.6961135101789019, "solution_time": 0.0007628999883309007}
{"items_size": 23, "stocks_size": 9, "fill_percentage": 0.8526386868896738, "solution_time": 0.0009179000044241548}
{"items_size": 26, "stocks_size": 7, "fill_percentage": 0.8746385096509517, "solution_time": 0.000901999999769032}
{"items_size": 25, "stocks_size": 8, "fill_percentage": 0.6854340567612688, "solution_time": 0.0008242999901995063}
{"items_size": 24, "stocks_size": 9, "fill_percentage": 0.6011431411530815, "solution_time": 0.002139599993824959}
{"items_size": 25, "stocks_size": 8, "fill_percentage": 0.7924148039574936, "solution_time": 0.0006832999642938375}
{"items_size": 27, "stocks_size": 7, "fill_percentage": 0.7030972797161443, "solution_time": 0.0009463999886065722}
{"items_size": 23, "stocks_size": 9, "fill_percentage": 0.6769477099397463, "solution_time": 0.0007649000035598874}
{"items_size": 27, "stocks_size": 7, "fill_percentage": 0.7159418982316853, "solution_time": 0.0013797999126836658}
{"items_size": 25, "stocks_size": 8, "fill_percentage": 0.7217227117424924, "solution_time": 0.0007980999071151018}
{"items_size": 25, "stocks_size": 8, "fill_percentage": 0.7909452908587258, "solution_time": 0.0008019000524654984}
{"items_size": 23, "stocks_size": 9, "fill_percentage": 0.7415593398992062, "solution_time": 0.0009871000656858087}
{"items_size": 26, "stocks_size": 7, "fill_percentage": 0.8113247681443035, "solution_time": 0.0009371000342071056}
{"items_size": 25, "stocks_size": 8, "fill_percentage": 0.7992071000585664, "solution_time": 0.0007013999857008457}
{"items_size": 26, "stocks_size": 7, "fill_percentage": 0.7333310444276592, "solution_time": 0.000354600022546947}
{"items_size": 23, "stocks_size": 9, "fill_percentage": 0.7932793437105595, "solution_time": 0.0009736999636515975}
{"items_size": 25, "stocks_size": 8, "fill_percentage": 0.7004592471779905, "solution_time": 0.001028600032441318}
{"items_size": 27, "stocks_size": 7, "fill_percentage": 0.8222527742315624, "solution_time": 0.0007344000041484833}
{"items_size": 27, "stocks_size": 7, "fill_percentage": 0.8189939045750718, "solution_time": 0.0006791000487282872}
{"items_size": 24, "stocks_size": 9, "fill_percentage": 0.8075450555607433, "solution_time": 0.0011205000337213278}
{"items_size": 27, "stocks_size": 7, "fill_percentage": 0.7582349285270354, "solution_time": 0.0009054000256583095}
{"items_size": 24, "stocks_size": 9, "fill_percentage": 0.793141592920354, "solution_time": 0.0006984999636188149}
{"items_size": 24, "stocks_size": 9, "fill_percentage": 0.8425925925925926, "solution_time": 0.0005912999622523785}
{"items_size": 25, "stocks_size": 8, "fill_percentage": 0.9249867584745762, "solution_time": 0.0006681999657303095}
{"items_size": 23, "stocks_size": 9, "fill_percentage": 0.7281621653289589, "solution_time": 0.0007271000649780035}
{"items_size": 23, "stocks_size": 9, "fill_percentage": 0.7400891483570667, "solution_time": 0.0017468000296503305}
{"items_size": 24, "stocks_size": 9, "fill_percentage": 0.8977260243875645, "solution_time": 0.0006739000091329217}
{"items_size": 24, "stocks_size": 8, "fill_percentage": 0.7806926854484363, "solution_time": 0.0008304999209940434}
{"items_size": 24, "stocks_size": 8, "fill_percentage": 0.7955233335679595, "solution_time": 0.0008224999764934182}
{"items_size": 24, "stocks_size": 9, "fill_percentage": 0.7025979557069847, "solution_time": 0.0008744000224396586}
{"items_size": 25, "stocks_size": 8, "fill_percentage": 0.7122834645669291, "solution_time": 0.0008092001080513}
{"items_size": 23, "stocks_size": 9, "fill_percentage": 0.7645158131792813, "solution_time": 0.0009123000781983137}
{"items_size": 27, "stocks_size": 7, "fill_percentage": 0.6942552183891297, "solution_time": 0.0012768999440595508}
{"items_size": 23, "stocks_size": 9, "fill_percentage": 0.8223353566999543, "solution_time": 0.00024369999300688505}
{"items_size": 23, "stocks_size": 9, "fill_percentage": 0.6644999261338455, "solution_time": 0.0002978999400511384}
{"items_size": 27, "stocks_size": 7, "fill_percentage": 0.7248284887179284, "solution_time": 0.0007153999758884311}
{"items_size": 25, "stocks_size": 8, "fill_percentage": 0.7766361049636421, "solution_time": 0.0007238000398501754}
{"items_size": 27, "stocks_size": 7, "fill_percentage": 0.7564244856142748, "solution_time": 0.0006392999785020947}
{"items_size": 24, "stocks_size": 8, "fill_percentage": 0.8051312472193386, "solution_time": 0.0007413000566884875}
{"items_size": 24, "stocks_size": 9, "fill_percentage": 0.7178445374702455, "solution_time": 0.0006729000015184283}
{"items_size": 25, "stocks_size": 8, "fill_percentage": 0.7938611617480416, "solution_time": 0.001473400043323636}
{"items_size": 24, "stocks_size": 9, "fill_percentage": 0.8258130601792574, "solution_time": 0.0008487999439239502}
{"items_size": 27, "stocks_size": 7, "fill_percentage": 0.7491159569765728, "solution_time": 0.0007523999083787203}
{"items_size": 23, "stocks_size": 9, "fill_percentage": 0.7407471990932473, "solution_time": 0.0006309000309556723}
{"items_size": 24, "stocks_size": 9, "fill_percentage": 0.8077795220652364, "solution_time": 0.0006789999315515161}
{"items_size": 25, "stocks_size": 8, "fill_percentage": 0.7264931242705638, "solution_time": 0.0006664999527856708}
{"items_size": 24, "stocks_size": 8, "fill_percentage": 0.7864852182074143, "solution_time": 0.000534099992364645}
{"items_size": 26, "stocks_size": 7, "fill_percentage": 0.7597693149050413, "solution_time": 0.0009581000776961446}
{"items_size": 27, "stocks_size": 7, "fill_percentage": 0.82256664600124, "solution_time": 0.0007445000810548663}
{"items_size": 25, "stocks_size": 8, "fill_percentage": 0.7470381460747298, "solution_time": 0.0006958000594750047}
{"items_size": 26, "stocks_size": 7, "fill_percentage": 0.8818837564155916, "solution_time": 0.0010804999619722366}
{"items_size": 26, "stocks_size": 7, "fill_percentage": 0.7853071829687369, "solution_time": 0.00032160000409930944}
{"items_size": 27, "stocks_size": 7, "fill_percentage": 0.7476872246696036, "solution_time": 0.0008426000131294131}
{"items_size": 26, "stocks_size": 7, "fill_percentage": 0.7546497823506134, "solution_time": 0.0009237999329343438}
{"items_size": 26, "stocks_size": 7, "fill_percentage": 0.8343400591183653,