{"items_size": 26, "stocks_size": 7, "fill_percentage": 0.5060471037555697, "solution_time": 0.0006927000358700752}
{"items_size": 26, "stocks_size": 7, "fill_percentage": 0.5693252699236931, "solution_time": 0.0006398999830707908}
{"items_size": 24, "stocks_size": 8, "fill_percentage": 0.5318371954053516, "solution_time": 0.0006894000107422471}
{"items_size": 26, "stocks_size": 7, "fill_percentage": 0.5686789151356081, "solution_time": 0.0004741000011563301}
{"items_size": 26, "stocks_size": 7, "fill_percentage": 0.5688884474024039, "solution_time": 0.0007791001116856933}
{"items_size": 25, "stocks_size": 8, "fill_percentage": 0.6406282649578603, "solution_time": 0.0005653999978676438}
{"items_size": 27, "stocks_size": 7, "fill_percentage": 0.7584956573066869, "solution_time": 0.0007717000553384423}
{"items_size": 27, "stocks_size": 7, "fill_percentage": 0.5661934141083773, "solution_time": 0.0006200999487191439}
{"items_size": 23, "stocks_size": 9, "fill_percentage": 0.5345901849948612, "solution_time": 0.0007359000155702233}
{"items_size": 23, "stocks_size": 9, "fill_percentage": 0.5646246940440577, "solution_time": 0.00052579992916435}
{"items_size": 24, "stocks_size": 8, "fill_percentage": 0.5798856947880235, "solution_time": 0.0006108999950811267}
{"items_size": 24, "stocks_size": 9, "fill_percentage": 0.4965862178469355, "solution_time": 0.0006522999610751867}
{"items_size": 24, "stocks_size": 8, "fill_percentage": 0.5557315731573157, "solution_time": 0.0006825999589636922}
{"items_size": 23, "stocks_size": 9, "fill_percentage": 0.5581301834631817, "solution_time": 0.0006188999395817518}
{"items_size": 23, "stocks_size": 9, "fill_percentage": 0.5755772435134492, "solution_time": 0.000735500012524426}
{"items_size": 23, "stocks_size": 9, "fill_percentage": 0.5633150308853809, "solution_time": 0.0007360000163316727}
{"items_size": 26, "stocks_size": 7, "fill_percentage": 0.5733874167805653, "solution_time": 0.0007257000543177128}
{"items_size": 25, "stocks_size": 8, "fill_percentage": 0.6922233930453109, "solution_time": 0.0005804999964311719}
{"items_size": 24, "stocks_size": 9, "fill_percentage": 0.5998016364988842, "solution_time": 0.0011113000800833106}
{"items_size": 25, "stocks_size": 8, "fill_percentage": 0.5722224059802203, "solution_time": 0.0006493000546470284}
{"items_size": 27, "stocks_size": 7, "fill_percentage": 0.5795807689964049, "solution_time": 0.0008143000304698944}
{"items_size": 23, "stocks_size": 9, "fill_percentage": 0.5503185586079331, "solution_time": 0.0006431000074371696}
{"items_size": 27, "stocks_size": 7, "fill_percentage": 0.5568381166233949, "solution_time": 0.0007742999587208033}
{"items_size": 25, "stocks_size": 8, "fill_percentage": 0.5290492667655298, "solution_time": 0.0006750000175088644}
{"items_size": 25, "stocks_size": 8, "fill_percentage": 0.5586329175837613, "solution_time": 0.001069099991582334}
{"items_size": 23, "stocks_size": 9, "fill_percentage": 0.5807258750999561, "solution_time": 0.00032270001247525215}
{"items_size": 26, "stocks_size": 7, "fill_percentage": 0.6887821438890495, "solution_time": 0.0006096999859437346}
{"items_size": 25, "stocks_size": 8, "fill_percentage": 0.5749100690280974, "solution_time": 0.0005767000839114189}
{"items_size": 26, "stocks_size": 7, "fill_percentage": 0.5620641562064156, "solution_time": 0.0007393000414595008}
{"items_size": 23, "stocks_size": 9, "fill_percentage": 0.5203877466537877, "solution_time": 0.0004920000210404396}
{"items_size": 25, "stocks_size": 8, "fill_percentage": 0.5533891695771591, "solution_time": 0.0006307999137789011}
{"items_size": 27, "stocks_size": 7, "fill_percentage": 0.6134964830011723, "solution_time": 0.0005985999014228582}
{"items_size": 27, "stocks_size": 7, "fill_percentage": null, "solution_time": null}
{"items_size": 24, "stocks_size": 9, "fill_percentage": 0.5921665297178855, "solution_time": 0.000799700035713613}
{"items_size": 27, "stocks_size": 7, "fill_percentage": 0.4481449736745439, "solution_time": 0.0007621999830007553}
{"items_size": 24, "stocks_size": 9, "fill_percentage": 0.48144141455589956, "solution_time": 0.0006807000609114766}
{"items_size": 24, "stocks_size": 9, "fill_percentage": 0.7259419896991054, "solution_time": 0.0004632000345736742}
{"items_size": 25, "stocks_size": 8, "fill_percentage": 0.5877329519162005, "solution_time": 0.0005771000869572163}
{"items_size": 23, "stocks_size": 9, "fill_percentage": 0.6402740572841541, "solution_time": 0.0007170999888330698}
{"items_size": 23, "stocks_size": 9, "fill_percentage": 0.603357344996141, "solution_time": 0.0003996000159531832}
{"items_size": 24, "stocks_size": 9, "fill_percentage": 0.527123782493711, "solution_time": 0.000784300034865737}
{"items_size": 24, "stocks_size": 8, "fill_percentage": 0.7374867746398632, "solution_time": 0.0006110999966040254}
{"items_size": 24, "stocks_size": 8, "fill_percentage": 0.5766767864887619, "solution_time": 0.00034929998219013214}
{"items_size": 24, "stocks_size": 9, "fill_percentage": 0.6746687387534762, "solution_time": 0.0005874999333173037}
{"items_size": 25, "stocks_size": 8, "fill_percentage": 0.514698630656602, "solution_time": 0.0006777000380679965}
{"items_size": 23, "stocks_size": 9, "fill_percentage": 0.6434281005356407, "solution_time": 0.0007615999784320593}
{"items_size": 27, "stocks_size": 7, "fill_percentage": 0.6060548241429753, "solution_time": 0.0008159999269992113}
{"items_size": 23, "stocks_size": 9, "fill_percentage": 0.5695750452079567, "solution_time": 0.000658600009046495}
{"items_size": 23, "stocks_size": 9, "fill_percentage": 0.6834135224107369, "solution_time": 0.000508400029502809}
{"items_size": 27, "stocks_size": 7, "fill_percentage": 0.6284339006360667, "solution_time": 0.0007186000002548099}
{"items_size": 25, "stocks_size": 8, "fill_percentage": 0.5529336734693877, "solution_time": 0.0005158999701961875}
{"items_size": 27, "stocks_size": 7, "fill_percentage": 0.677214706107162, "solution_time": 0.0008051999611780047}
{"items_size": 24, "stocks_size": 8, "fill_percentage": 0.6727176977169232, "solution_time": 0.0004333000397309661}
{"items_size": 24, "stocks_size": 9, "fill_percentage": 0.6616106214774747, "solution_time": 0.0005569999339058995}
{"items_size": 25, "stocks_size": 8, "fill_percentage": 0.5410314955342153, "solution_time": 0.0008350999560207129}
{"items_size": 24, "stocks_size": 9, "fill_percentage": 0.6043478260869565, "solution_time": 0.0011813000310212374}
{"items_size": 27, "stocks_size": 7, "fill_percentage": 0.6825870980734376, "solution_time": 0.0007943999953567982}
{"items_size": 23, "stocks_size": 9, "fill_percentage": 0.5322974750955454, "solution_time": 0.00042040005791932344}
{"items_size": 24, "stocks_size": 9, "fill_percentage": 0.5544115886507841, "solution_time": 0.00070980004966259}
{"items_size": 25, "stocks_size": 8, "fill_percentage": 0.6450842570063982, "solution_time": 0.0006688000867143273}
{"items_size": 24, "stocks_size": 8, "fill_percentage": 0.6602324207208982, "solution_time": 0.0006196999456733465}
{"items_size": 26, "stocks_size": 7, "fill_percentage": 0.7147467377578224, "solution_time": 0.0005630999803543091}
{"items_size": 27, "stocks_size": 7, "fill_percentage": 0.6171354150516295, "solution_time": 0.0006584000075235963}
{"items_size": 25, "stocks_size": 8, "fill_percentage": 0.5939548685390932, "solution_time": 0.00046390003990381956}
{"items_size": 26, "stocks_size": 7, "fill_percentage": 0.5440270409036454, "solution_time": 0.001070300000719726}
{"items_size": 26, "stocks_size": 7, "fill_percentage": 0.5545395359848485, "solution_time": 0.00042230007238686085}
{"items_size": 27, "stocks_size": 7, "fill_percentage": 0.6430804205740267, "solution_time": 0.0006040000589564443}
{"items_size": 26, "stocks_size": 7, "fill_percentage": 0.6487865729190293, "solution_time": 0.0005863000405952334}
{"items_size": 26, "stocks_size": 7, "fill_percentage": 0.6659144527643861, "solution_time": 0.0009501000167801976}
{"items_size": 24, "stocks_size": 8,