{"items_size": 26, "stocks_size": 7, "fill_percentage": 0.8851363889404342, "solution_time": 0.0006149000255391002}
{"items_size": 26, "stocks_size": 7, "fill_percentage": 0.720768028219826, "solution_time": 0.000495100044645369}
{"items_size": 24, "stocks_size": 8, "fill_percentage": 0.6771493786457012, "solution_time": 0.0003480000887066126}
{"items_size": 26, "stocks_size": 7, "fill_percentage": 0.7873697811515787, "solution_time": 0.0003507999936118722}
{"items_size": 26, "stocks_size": 7, "fill_percentage": 0.8755988176536541, "solution_time": 0.0003133999416604638}
{"items_size": 25, "stocks_size": 8, "fill_percentage": 0.7514297385620915, "solution_time": 0.0005319999763742089}
{"items_size": 27, "stocks_size": 7, "fill_percentage": 0.7584956573066869, "solution_time": 0.0005151000805199146}
{"items_size": 27, "stocks_size": 7, "fill_percentage": 0.7348415416525975, "solution_time": 0.0004946000408381224}
{"items_size": 23, "stocks_size": 9, "fill_percentage": 0.6836852049618007, "solution_time": 0.0004918000195175409}
{"items_size": 23, "stocks_size": 9, "fill_percentage": 0.6959564215378169, "solution_time": 0.00031180004589259624}
{"items_size": 24, "stocks_size": 8, "fill_percentage": 0.8088042831647829, "solution_time": 0.0004168000305071473}
{"items_size": 24, "stocks_size": 9, "fill_percentage": 0.7243355914538823, "solution_time": 0.00035149999894201756}
{"items_size": 24, "stocks_size": 8, "fill_percentage": 0.7800975971338563, "solution_time": 0.0008448000298812985}
{"items_size": 23, "stocks_size": 9, "fill_percentage": 0.7953584986748801, "solution_time": 0.0006637000478804111}
{"items_size": 23, "stocks_size": 9, "fill_percentage": 0.7254725472547254, "solution_time": 0.00026759994216263294}
{"items_size": 23, "stocks_size": 9, "fill_percentage": 0.8951845994437476, "solution_time": 0.0004965999396517873}
{"items_size": 26, "stocks_size": 7, "fill_percentage": 0.6966093524023783, "solution_time": 0.0006041000597178936}
{"items_size": 25, "stocks_size": 8, "fill_percentage": 0.6922233930453109, "solution_time": 0.0005230000242590904}
{"items_size": 24, "stocks_size": 9, "fill_percentage": 0.5998016364988842, "solution_time": 0.000646800035610795}
{"items_size": 25, "stocks_size": 8, "fill_percentage": 0.7269518446928314, "solution_time": 0.0003773999633267522}
{"items_size": 27, "stocks_size": 7, "fill_percentage": 0.7646822366040922, "solution_time": 0.000916799996048212}
{"items_size": 23, "stocks_size": 9, "fill_percentage": 0.7279894875164258, "solution_time": 0.0009058000287041068}
{"items_size": 27, "stocks_size": 7, "fill_percentage": 0.7028164024444248, "solution_time": 0.0015409000916406512}
{"items_size": 25, "stocks_size": 8, "fill_percentage": 0.8874516307352128, "solution_time": 0.0008517999667674303}
{"items_size": 25, "stocks_size": 8, "fill_percentage": 0.788624201622648, "solution_time": 0.0008539999835193157}
{"items_size": 23, "stocks_size": 9, "fill_percentage": 0.8224828291684934, "solution_time": 0.0005957999965175986}
{"items_size": 26, "stocks_size": 7, "fill_percentage": 0.8170251049610144, "solution_time": 0.00037539994809776545}
{"items_size": 25, "stocks_size": 8, "fill_percentage": 0.8526386619244448, "solution_time": 0.000664799939841032}
{"items_size": 26, "stocks_size": 7, "fill_percentage": 0.8578945254448327, "solution_time": 0.00041999993845820427}
{"items_size": 23, "stocks_size": 9, "fill_percentage": 0.8943499140333195, "solution_time": 0.0008462999248877168}
{"items_size": 25, "stocks_size": 8, "fill_percentage": 0.8768065330682856, "solution_time": 0.0009582000784575939}
{"items_size": 27, "stocks_size": 7, "fill_percentage": 0.7339586255259467, "solution_time": 0.001014700043015182}
{"items_size": 27, "stocks_size": 7, "fill_percentage": 0.8296015045598099, "solution_time": 0.0002741999924182892}
{"items_size": 24, "stocks_size": 9, "fill_percentage": 0.757135352827876, "solution_time": 0.0002671999391168356}
{"items_size": 27, "stocks_size": 7, "fill_percentage": 0.6413176800420536, "solution_time": 0.0005786999827250838}
{"items_size": 24, "stocks_size": 9, "fill_percentage": 0.6861608804295816, "solution_time": 0.001084199990145862}
{"items_size": 24, "stocks_size": 9, "fill_percentage": 0.7259419896991054, "solution_time": 0.0007966000121086836}
{"items_size": 25, "stocks_size": 8, "fill_percentage": 0.8295825663559171, "solution_time": 0.0009783999994397163}
{"items_size": 23, "stocks_size": 9, "fill_percentage": 0.6402740572841541, "solution_time": 0.000960000092163682}
{"items_size": 23, "stocks_size": 9, "fill_percentage": 0.854060451565914, "solution_time": 0.0008345000678673387}
{"items_size": 24, "stocks_size": 9, "fill_percentage": 0.6679199019207193, "solution_time": 0.000978600000962615}
{"items_size": 24, "stocks_size": 8, "fill_percentage": 0.7374867746398632, "solution_time": 0.0009179000044241548}
{"items_size": 24, "stocks_size": 8, "fill_percentage": 0.7536927744990164, "solution_time": 0.0007951000006869435}
{"items_size": 24, "stocks_size": 9, "fill_percentage": 0.6746687387534762, "solution_time": 0.00094369996804744}
{"items_size": 25, "stocks_size": 8, "fill_percentage": 0.7821650910767812, "solution_time": 0.0011082000564783812}
{"items_size": 23, "stocks_size": 9, "fill_percentage": 0.8692457556359588, "solution_time": 0.0006895000115036964}
{"items_size": 27, "stocks_size": 7, "fill_percentage": 0.7674156398485946, "solution_time": 0.0006766999140381813}
{"items_size": 23, "stocks_size": 9, "fill_percentage": 0.8129436056265325, "solution_time": 0.000861200038343668}
{"items_size": 23, "stocks_size": 9, "fill_percentage": 0.6834135224107369, "solution_time": 0.0010470999404788017}
{"items_size": 27, "stocks_size": 7, "fill_percentage": 0.7806107196241725, "solution_time": 0.00036880001425743103}
{"items_size": 25, "stocks_size": 8, "fill_percentage": 0.7060260586319218, "solution_time": 0.0007332999957725406}
{"items_size": 27, "stocks_size": 7, "fill_percentage": 0.8387768626337215, "solution_time": 0.0010646999580785632}
{"items_size": 24, "stocks_size": 8, "fill_percentage": 0.8605849251010541, "solution_time": 0.0008569000056013465}
{"items_size": 24, "stocks_size": 9, "fill_percentage": 0.8593819093008401, "solution_time": 0.0014046999858692288}
{"items_size": 25, "stocks_size": 8, "fill_percentage": 0.6957253886010363, "solution_time": 0.0008718000026419759}
{"items_size": 24, "stocks_size": 9, "fill_percentage": 0.8842821103433147, "solution_time": 0.0007845999207347631}
{"items_size": 27, "stocks_size": 7, "fill_percentage": 0.8326305015353122, "solution_time": 0.0010313999373465776}
{"items_size": 23, "stocks_size": 9, "fill_percentage": 0.6927875402617524, "solution_time": 0.0007872000569477677}
{"items_size": 24, "stocks_size": 9, "fill_percentage": 0.7791049798115747, "solution_time": 0.00040449993684887886}
{"items_size": 25, "stocks_size": 8, "fill_percentage": 0.8107939744025371, "solution_time": 0.0008934999350458384}
{"items_size": 24, "stocks_size": 8, "fill_percentage": 0.9272475795297372, "solution_time": 0.0007660000119358301}
{"items_size": 26, "stocks_size": 7, "fill_percentage": 0.7147467377578224, "solution_time": 0.0004197999369353056}
{"items_size": 27, "stocks_size": 7, "fill_percentage": 0.871556820670024, "solution_time": 0.0007954000029712915}
{"items_size": 25, "stocks_size": 8, "fill_percentage": 0.7196789163426565, "solution_time": 0.0007805000059306622}
{"items_size": 26, "stocks_size": 7, "fill_percentage": 0.7033021737927982, "solution_time": 0.0009715000633150339}
{"items_size": 26, "stocks_size": 7, "fill_percentage": 0.738453656998739, "solution_time": 0.001222899998538196}
{"items_size": 27, "stocks_size": 7, "fill_percentage": 0.839841656014185, "solution_time": 0.0006649999413639307}
{"items_size": 26, "stocks_size": 7, "fill_percentage": 0.6487865729190293, "solution_time": 0.0010482000652700663}
{"items_size": 26, "stocks_size": 7,