{"items_size": 26, "stocks_size": 7, "fill_percentage": 0.8851363889404342, "solution_time": 0.0007106999401003122}
{"items_size": 26, "stocks_size": 7, "fill_percentage": 0.720768028219826, "solution_time": 0.0005030999891459942}
{"items_size": 24, "stocks_size": 8, "fill_percentage": 0.6771493786457012, "solution_time": 0.0005710999248549342}
{"items_size": 26, "stocks_size": 7, "fill_percentage": 0.7873697811515787, "solution_time": 0.00045980000868439674}
{"items_size": 26, "stocks_size": 7, "fill_percentage": 0.8755988176536541, "solution_time": 0.00033989991061389446}
{"items_size": 25, "stocks_size": 8, "fill_percentage": 0.7514297385620915, "solution_time": 0.001227300032041967}
{"items_size": 27, "stocks_size": 7, "fill_percentage": 0.7584956573066869, "solution_time": 0.0003695000195875764}
{"items_size": 27, "stocks_size": 7, "fill_percentage": 0.7348415416525975, "solution_time": 0.0006294000195339322}
{"items_size": 23, "stocks_size": 9, "fill_percentage": 0.6836852049618007, "solution_time": 0.000812100013718009}
{"items_size": 23, "stocks_size": 9, "fill_percentage": 0.6959564215378169, "solution_time": 0.0004897000035271049}
{"items_size": 24, "stocks_size": 8, "fill_percentage": 0.8088042831647829, "solution_time": 0.0006395999807864428}
{"items_size": 24, "stocks_size": 9, "fill_percentage": 0.7243355914538823, "solution_time": 0.0005649999948218465}
{"items_size": 24, "stocks_size": 8, "fill_percentage": 0.7800975971338563, "solution_time": 0.0004901000065729022}
{"items_size": 23, "stocks_size": 9, "fill_percentage": 0.7953584986748801, "solution_time": 0.0010790000669658184}
{"items_size": 23, "stocks_size": 9, "fill_percentage": 0.7254725472547254, "solution_time": 0.0008634999394416809}
{"items_size": 23, "stocks_size": 9, "fill_percentage": 0.8951845994437476, "solution_time": 0.0009637000039219856}
{"items_size": 26, "stocks_size": 7, "fill_percentage": 0.9444444444444444, "solution_time": 0.0010563000105321407}
{"items_size": 25, "stocks_size": 8, "fill_percentage": 0.6922233930453109, "solution_time": 0.0007543000392615795}
{"items_size": 24, "stocks_size": 9, "fill_percentage": 0.5998016364988842, "solution_time": 0.0009180000051856041}
{"items_size": 25, "stocks_size": 8, "fill_percentage": 0.7269518446928314, "solution_time": 0.001354500069282949}
{"items_size": 27, "stocks_size": 7, "fill_percentage": 0.7646822366040922, "solution_time": 0.0009017999982461333}
{"items_size": 23, "stocks_size": 9, "fill_percentage": 0.7279894875164258, "solution_time": 0.0007749999640509486}
{"items_size": 27, "stocks_size": 7, "fill_percentage": 0.7028164024444248, "solution_time": 0.0009536000434309244}
{"items_size": 25, "stocks_size": 8, "fill_percentage": 0.8874516307352128, "solution_time": 0.001041000010445714}
{"items_size": 25, "stocks_size": 8, "fill_percentage": 0.788624201622648, "solution_time": 0.0011385999387130141}
{"items_size": 23, "stocks_size": 9, "fill_percentage": 0.8224828291684934, "solution_time": 0.001027400023303926}
{"items_size": 26, "stocks_size": 7, "fill_percentage": 0.8170251049610144, "solution_time": 0.0008902000263333321}
{"items_size": 25, "stocks_size": 8, "fill_percentage": 0.8526386619244448, "solution_time": 0.0010785999475046992}
{"items_size": 26, "stocks_size": 7, "fill_percentage": 0.8578945254448327, "solution_time": 0.0009879999561235309}
{"items_size": 23, "stocks_size": 9, "fill_percentage": 0.8943499140333195, "solution_time": 0.00046900007873773575}
{"items_size": 25, "stocks_size": 8, "fill_percentage": 0.8768065330682856, "solution_time": 0.0009204000234603882}
{"items_size": 27, "stocks_size": 7, "fill_percentage": 0.7339586255259467, "solution_time": 0.0012257000198587775}
{"items_size": 27, "stocks_size": 7, "fill_percentage": 0.8296015045598099, "solution_time": 0.0008959999540820718}
{"items_size": 24, "stocks_size": 9, "fill_percentage": 0.757135352827876, "solution_time": 0.0008079999824985862}
{"items_size": 27, "stocks_size": 7, "fill_percentage": 0.6413176800420536, "solution_time": 0.0008200000738725066}
{"items_size": 24, "stocks_size": 9, "fill_percentage": 0.6861608804295816, "solution_time": 0.0008370999712496996}
{"items_size": 24, "stocks_size": 9, "fill_percentage": 0.7259419896991054, "solution_time": 0.000824199989438057}
{"items_size": 25, "stocks_size": 8, "fill_percentage": 0.8295825663559171, "solution_time": 0.0014261000324040651}
{"items_size": 23, "stocks_size": 9, "fill_percentage": 0.6402740572841541, "solution_time": 0.0007448999676853418}
{"items_size": 23, "stocks_size": 9, "fill_percentage": 0.854060451565914, "solution_time": 0.001318100024946034}
{"items_size": 24, "stocks_size": 9, "fill_percentage": 0.6679199019207193, "solution_time": 0.0009843000443652272}
{"items_size": 24, "stocks_size": 8, "fill_percentage": 0.7374867746398632, "solution_time": 0.0003695000195875764}
{"items_size": 24, "stocks_size": 8, "fill_percentage": 0.7536927744990164, "solution_time": 0.0008932000491768122}
{"items_size": 24, "stocks_size": 9, "fill_percentage": 0.6746687387534762, "solution_time": 0.0008519000839442015}
{"items_size": 25, "stocks_size": 8, "fill_percentage": 0.7821650910767812, "solution_time": 0.000951700028963387}
{"items_size": 23, "stocks_size": 9, "fill_percentage": 0.8692457556359588, "solution_time": 0.0014572000363841653}
{"items_size": 27, "stocks_size": 7, "fill_percentage": 0.7674156398485946, "solution_time": 0.000994600006379187}
{"items_size": 23, "stocks_size": 9, "fill_percentage": 0.8129436056265325, "solution_time": 0.0007203000131994486}
{"items_size": 23, "stocks_size": 9, "fill_percentage": 0.6834135224107369, "solution_time": 0.000847900053486228}
{"items_size": 27, "stocks_size": 7, "fill_percentage": 0.7806107196241725, "solution_time": 0.0008523000869899988}
{"items_size": 25, "stocks_size": 8, "fill_percentage": 0.7060260586319218, "solution_time": 0.0009639000054448843}
{"items_size": 27, "stocks_size": 7, "fill_percentage": 0.8387768626337215, "solution_time": 0.0008407999994233251}
{"items_size": 24, "stocks_size": 8, "fill_percentage": 0.8605849251010541, "solution_time": 0.0007775999838486314}
{"items_size": 24, "stocks_size": 9, "fill_percentage": 0.8593819093008401, "solution_time": 0.0007006999803707004}
{"items_size": 25, "stocks_size": 8, "fill_percentage": 0.6957253886010363, "solution_time": 0.000900499988347292}
{"items_size": 24, "stocks_size": 9, "fill_percentage": 0.8842821103433147, "solution_time": 0.0012354999780654907}
{"items_size": 27, "stocks_size": 7, "fill_percentage": 0.8326305015353122, "solution_time": 0.0009956000139936805}
{"items_size": 23, "stocks_size": 9, "fill_percentage": 0.6927875402617524, "solution_time": 0.0012791999615728855}
{"items_size": 24, "stocks_size": 9, "fill_percentage": 0.7791049798115747, "solution_time": 0.0007869000546634197}
{"items_size": 25, "stocks_size": 8, "fill_percentage": 0.8107939744025371, "solution_time": 0.0009567000670358539}
{"items_size": 24, "stocks_size": 8, "fill_percentage": 0.6602324207208982, "solution_time": 0.0009177000029012561}
{"items_size": 26, "stocks_size": 7, "fill_percentage": 0.7147467377578224, "solution_time": 0.0009543999331071973}
{"items_size": 27, "stocks_size": 7, "fill_percentage": 0.871556820670024, "solution_time": 0.0007992999162524939}
{"items_size": 25, "stocks_size": 8, "fill_percentage": 0.7196789163426565, "solution_time": 0.0009227000409737229}
{"items_size": 26, "stocks_size": 7, "fill_percentage": 0.7033021737927982, "solution_time": 0.000893999938853085}
{"items_size": 26, "stocks_size": 7, "fill_percentage": 0.738453656998739, "solution_time": 0.0008051999611780047}
{"items_size": 27, "stocks_size": 7, "fill_percentage": 0.839841656014185, "solution_time": 0.000889900024048984}
{"items_size": 26, "stocks_size": 7, "fill_percentage": 0.6487865729190293, "solution_time": 0.0008601000299677253}
{"items_size": 26, "stocks_size": 7,