{"items_size": 26, "stocks_size": 7, "fill_percentage": 0.5751838900277342, "solution_time": 0.0005765000823885202}
{"items_size": 26, "stocks_size": 7, "fill_percentage": 0.6419493038200642, "solution_time": 0.00043260003440082073}
{"items_size": 24, "stocks_size": 8, "fill_percentage": 0.6614368290668868, "solution_time": 0.0002664000494405627}
{"items_size": 26, "stocks_size": 7, "fill_percentage": 0.6219500526265429, "solution_time": 0.00033350009471178055}
{"items_size": 26, "stocks_size": 7, "fill_percentage": 0.564941470472182, "solution_time": 0.0004920999053865671}
{"items_size": 25, "stocks_size": 8, "fill_percentage": 0.5948839014294031, "solution_time": 0.0003968999953940511}
{"items_size": 27, "stocks_size": 7, "fill_percentage": 0.5040345175389443, "solution_time": 0.00037050002720206976}
{"items_size": 27, "stocks_size": 7, "fill_percentage": 0.6909156877862942, "solution_time": 0.00045439996756613255}
{"items_size": 23, "stocks_size": 9, "fill_percentage": 0.5574346952444742, "solution_time": 0.0002695999573916197}
{"items_size": 23, "stocks_size": 9, "fill_percentage": 0.5830378769263173, "solution_time": 0.0004282000008970499}
{"items_size": 24, "stocks_size": 8, "fill_percentage": 0.5502893916703768, "solution_time": 0.00040900008752942085}
{"items_size": 24, "stocks_size": 9, "fill_percentage": 0.6493978405315615, "solution_time": 0.0005591000663116574}
{"items_size": 24, "stocks_size": 8, "fill_percentage": 0.7024696851707642, "solution_time": 0.0005458000814542174}
{"items_size": 23, "stocks_size": 9, "fill_percentage": 0.6314831665150137, "solution_time": 0.00037969998084008694}
{"items_size": 23, "stocks_size": 9, "fill_percentage": 0.6961135101789019, "solution_time": 0.00040089990943670273}
{"items_size": 23, "stocks_size": 9, "fill_percentage": 0.5375094141916893, "solution_time": 0.00035639991983771324}
{"items_size": 26, "stocks_size": 7, "fill_percentage": 0.6578814245244841, "solution_time": 0.0004238999681547284}
{"items_size": 25, "stocks_size": 8, "fill_percentage": 0.6854340567612688, "solution_time": 0.0003323000855743885}
{"items_size": 24, "stocks_size": 9, "fill_percentage": 0.6011431411530815, "solution_time": 0.0004691999638453126}
{"items_size": 25, "stocks_size": 8, "fill_percentage": 0.6120210846570205, "solution_time": 0.00033439998514950275}
{"items_size": 27, "stocks_size": 7, "fill_percentage": 0.5244541243934715, "solution_time": 0.0005395000334829092}
{"items_size": 23, "stocks_size": 9, "fill_percentage": 0.5206429451033767, "solution_time": 0.0004341999301686883}
{"items_size": 27, "stocks_size": 7, "fill_percentage": 0.5449457492102733, "solution_time": 0.0005359000060707331}
{"items_size": 25, "stocks_size": 8, "fill_percentage": 0.5604859826135531, "solution_time": 0.0005392999155446887}
{"items_size": 25, "stocks_size": 8, "fill_percentage": 0.5844687519989765, "solution_time": 0.0005358000053092837}
{"items_size": 23, "stocks_size": 9, "fill_percentage": 0.6092003788391287, "solution_time": 0.0003078998997807503}
{"items_size": 26, "stocks_size": 7, "fill_percentage": 0.5320258885231267, "solution_time": 0.00036159995943307877}
{"items_size": 25, "stocks_size": 8, "fill_percentage": 0.6345005186165457, "solution_time": 0.00033489998895674944}
{"items_size": 26, "stocks_size": 7, "fill_percentage": 0.5626564105265931, "solution_time": 0.00036440009716898203}
{"items_size": 23, "stocks_size": 9, "fill_percentage": 0.6153124490128895, "solution_time": 0.0003274999326094985}
{"items_size": 25, "stocks_size": 8, "fill_percentage": 0.5643153526970954, "solution_time": 0.0002796000335365534}
{"items_size": 27, "stocks_size": 7, "fill_percentage": 0.6557800751879699, "solution_time": 0.00038780004251748323}
{"items_size": 27, "stocks_size": 7, "fill_percentage": null, "solution_time": null}
{"items_size": 24, "stocks_size": 9, "fill_percentage": 0.622561370671658, "solution_time": 0.0005139999557286501}
{"items_size": 27, "stocks_size": 7, "fill_percentage": 0.5059441526126625, "solution_time": 0.0005315000889822841}
{"items_size": 24, "stocks_size": 9, "fill_percentage": 0.5726837060702875, "solution_time": 0.0003532000118866563}
{"items_size": 24, "stocks_size": 9, "fill_percentage": 0.6671174377224199, "solution_time": 0.000484099960885942}
{"items_size": 25, "stocks_size": 8, "fill_percentage": 0.681711720503562, "solution_time": 0.00041809992399066687}
{"items_size": 23, "stocks_size": 9, "fill_percentage": 0.5544947579745706, "solution_time": 0.0003407999174669385}
{"items_size": 23, "stocks_size": 9, "fill_percentage": 0.6133978487592768, "solution_time": 0.000278900028206408}
{"items_size": 24, "stocks_size": 9, "fill_percentage": 0.5311321981021708, "solution_time": 0.00036149995867162943}
{"items_size": 24, "stocks_size": 8, "fill_percentage": 0.5905565693430657, "solution_time": 0.0004355000564828515}
{"items_size": 24, "stocks_size": 8, "fill_percentage": 0.643860198820748, "solution_time": 0.00031430006492882967}
{"items_size": 24, "stocks_size": 9, "fill_percentage": 0.558482006838417, "solution_time": 0.00041420001070946455}
{"items_size": 25, "stocks_size": 8, "fill_percentage": 0.5666026390512777, "solution_time": 0.0003330999752506614}
{"items_size": 23, "stocks_size": 9, "fill_percentage": 0.5932679887546539, "solution_time": 0.0004265999887138605}
{"items_size": 27, "stocks_size": 7, "fill_percentage": 0.6942552183891297, "solution_time": 0.00037599995266646147}
{"items_size": 23, "stocks_size": 9, "fill_percentage": 0.6131795395921545, "solution_time": 0.00031590007711201906}
{"items_size": 23, "stocks_size": 9, "fill_percentage": 0.6644999261338455, "solution_time": 0.0004264999879524112}
{"items_size": 27, "stocks_size": 7, "fill_percentage": 0.568823328042822, "solution_time": 0.0003469999646767974}
{"items_size": 25, "stocks_size": 8, "fill_percentage": 0.5953227239680103, "solution_time": 0.0003239000216126442}
{"items_size": 27, "stocks_size": 7, "fill_percentage": 0.4534984900445309, "solution_time": 0.0004123999970033765}
{"items_size": 24, "stocks_size": 8, "fill_percentage": 0.6313157741729171, "solution_time": 0.0003800999838858843}
{"items_size": 24, "stocks_size": 9, "fill_percentage": 0.5656673458167588, "solution_time": 0.0003306999569758773}
{"items_size": 25, "stocks_size": 8, "fill_percentage": 0.5985734982725955, "solution_time": 0.000313800061121583}
{"items_size": 24, "stocks_size": 9, "fill_percentage": 0.5678864508857817, "solution_time": 0.0004141000099480152}
{"items_size": 27, "stocks_size": 7, "fill_percentage": 0.7491159569765728, "solution_time": 0.0003540999023243785}
{"items_size": 23, "stocks_size": 9, "fill_percentage": 0.5601635128898266, "solution_time": 0.0004235999658703804}
{"items_size": 24, "stocks_size": 9, "fill_percentage": 0.6091817942646672, "solution_time": 0.0003480999730527401}
{"items_size": 25, "stocks_size": 8, "fill_percentage": 0.5859937786509496, "solution_time": 0.0003466999623924494}
{"items_size": 24, "stocks_size": 8, "fill_percentage": 0.5901148717045904, "solution_time": 0.00044810003601014614}
{"items_size": 26, "stocks_size": 7, "fill_percentage": 0.5750733799954844, "solution_time": 0.0005130000645294785}
{"items_size": 27, "stocks_size": 7, "fill_percentage": 0.6613937722242531, "solution_time": 0.0010235999943688512}
{"items_size": 25, "stocks_size": 8, "fill_percentage": 0.605423275771111, "solution_time": 0.0004651000490412116}
{"items_size": 26, "stocks_size": 7, "fill_percentage": 0.6450712799959414, "solution_time": 0.000395099981687963}
{"items_size": 26, "stocks_size": 7, "fill_percentage": 0.6227236474810581, "solution_time": 0.0005135999526828527}
{"items_size": 27, "stocks_size": 7, "fill_percentage": 0.5833142398900217, "solution_time": 0.0005007999716326594}
{"items_size": 26, "stocks_size": 7, "fill_percentage": 0.5468884427874964, "solution_time": 0.0004626000300049782}
{"items_size": 26, "stocks_size": 7,