{"items_size": 16, "stocks_size": 6, "fill_percentage": 0.5506946955219255, "solution_time": 0.00037510006222873926}
{"items_size": 16, "stocks_size": 6, "fill_percentage": 0.5821282401091405, "solution_time": 0.0007022999925538898}
{"items_size": 16, "stocks_size": 6, "fill_percentage": 0.5119029943083395, "solution_time": 0.0002815999323502183}
{"items_size": 16, "stocks_size": 6, "fill_percentage": 0.4706160018881284, "solution_time": 0.0003793999785557389}
{"items_size": 17, "stocks_size": 5, "fill_percentage": 0.4192841089733048, "solution_time": 0.000277700019069016}
{"items_size": 17, "stocks_size": 5, "fill_percentage": 0.517628502505103, "solution_time": 0.0003515999997034669}
{"items_size": 16, "stocks_size": 6, "fill_percentage": null, "solution_time": null}
{"items_size": 15, "stocks_size": 6, "fill_percentage": 0.5677146631439894, "solution_time": 0.0001954999752342701}
{"items_size": 16, "stocks_size": 6, "fill_percentage": 0.5412995792728973, "solution_time": 0.0002269000979140401}
{"items_size": 16, "stocks_size": 6, "fill_percentage": 0.5010825605621144, "solution_time": 0.00026730005629360676}
{"items_size": 16, "stocks_size": 6, "fill_percentage": 0.5584651022258033, "solution_time": 0.0005031999899074435}
{"items_size": 17, "stocks_size": 5, "fill_percentage": 0.44779594370860926, "solution_time": 0.00034660007804632187}
{"items_size": 17, "stocks_size": 5, "fill_percentage": 0.557770807373351, "solution_time": 0.0003533000126481056}
{"items_size": 17, "stocks_size": 5, "fill_percentage": 0.47637481910274965, "solution_time": 0.0005140999564900994}
{"items_size": 15, "stocks_size": 6, "fill_percentage": 0.6611002674763248, "solution_time": 0.000484699965454638}
{"items_size": 17, "stocks_size": 5, "fill_percentage": 0.6326032899770466, "solution_time": 0.0003128999378532171}
{"items_size": 15, "stocks_size": 6, "fill_percentage": 0.41024351397795383, "solution_time": 0.0004512000596150756}
{"items_size": 16, "stocks_size": 6, "fill_percentage": 0.4620152091254753, "solution_time": 0.0009181000059470534}
{"items_size": 16, "stocks_size": 6, "fill_percentage": 0.6969238050165641, "solution_time": 0.0003474999684840441}
{"items_size": 15, "stocks_size": 6, "fill_percentage": 0.48342392635032566, "solution_time": 0.00031510007102042437}
{"items_size": 15, "stocks_size": 6, "fill_percentage": 0.4369144821658788, "solution_time": 0.000542100053280592}
{"items_size": 16, "stocks_size": 6, "fill_percentage": 0.5973057808004185, "solution_time": 0.0005009999731555581}
{"items_size": 15, "stocks_size": 6, "fill_percentage": 0.41437772698940367, "solution_time": 0.0006408999906852841}
{"items_size": 16, "stocks_size": 6, "fill_percentage": 0.4595011571097969, "solution_time": 0.0008731000125408173}
{"items_size": 16, "stocks_size": 6, "fill_percentage": 0.6229746070133011, "solution_time": 0.000582600012421608}
{"items_size": 16, "stocks_size": 6, "fill_percentage": 0.41996477227793955, "solution_time": 0.0006461999146267772}
{"items_size": 15, "stocks_size": 6, "fill_percentage": 0.5696773834066975, "solution_time": 0.0006411999929696321}
{"items_size": 16, "stocks_size": 6, "fill_percentage": 0.39628635177551713, "solution_time": 0.0006624000379815698}
{"items_size": 15, "stocks_size": 6, "fill_percentage": 0.507125755330065, "solution_time": 0.0007923999801278114}
{"items_size": 15, "stocks_size": 6, "fill_percentage": 0.4214077002406325, "solution_time": 0.0007983000250533223}
{"items_size": 17, "stocks_size": 5, "fill_percentage": 0.44303545534673455, "solution_time": 0.00021670002024620771}
{"items_size": 15, "stocks_size": 6, "fill_percentage": 0.4680090497737557, "solution_time": 0.00030750001315027475}
{"items_size": 17, "stocks_size": 5, "fill_percentage": 0.5687136150234742, "solution_time": 0.0009994999272748828}
{"items_size": 17, "stocks_size": 5, "fill_percentage": 0.5787761644352254, "solution_time": 0.0007914999732747674}
{"items_size": 15, "stocks_size": 6, "fill_percentage": 0.5738718022420236, "solution_time": 0.0009616999886929989}
{"items_size": 17, "stocks_size": 5, "fill_percentage": 0.621520706042091, "solution_time": 0.001088599907234311}
{"items_size": 17, "stocks_size": 5, "fill_percentage": 0.5180981108112399, "solution_time": 0.0015272999880835414}
{"items_size": 17, "stocks_size": 5, "fill_percentage": 0.4952681388012618, "solution_time": 0.0005988000193610787}
{"items_size": 16, "stocks_size": 6, "fill_percentage": 0.4679882132333244, "solution_time": 0.0010688999900594354}
{"items_size": 17, "stocks_size": 5, "fill_percentage": 0.46550412863972185, "solution_time": 0.00036259996704757214}
{"items_size": 16, "stocks_size": 6, "fill_percentage": 0.5724888910591337, "solution_time": 0.00047149998135864735}
{"items_size": 17, "stocks_size": 5, "fill_percentage": null, "solution_time": null}
{"items_size": 16, "stocks_size": 6, "fill_percentage": 0.6408783290325721, "solution_time": 0.0004887999966740608}
{"items_size": 16, "stocks_size": 6, "fill_percentage": 0.5647748988933825, "solution_time": 0.00026730005629360676}
{"items_size": 16, "stocks_size": 6, "fill_percentage": 0.4679615795090715, "solution_time": 0.0004440000047907233}
{"items_size": 16, "stocks_size": 6, "fill_percentage": 0.541597723211331, "solution_time": 0.00030179996974766254}
{"items_size": 15, "stocks_size": 6, "fill_percentage": 0.46952839588176687, "solution_time": 0.00034609995782375336}
{"items_size": 15, "stocks_size": 6, "fill_percentage": 0.4705610033247759, "solution_time": 0.000395099981687963}
{"items_size": 16, "stocks_size": 6, "fill_percentage": 0.4439741444367884, "solution_time": 0.00034899997990578413}
{"items_size": 17, "stocks_size": 5, "fill_percentage": 0.6110405741098537, "solution_time": 0.0002269000979140401}
{"items_size": 16, "stocks_size": 6, "fill_percentage": 0.3737508581890304, "solution_time": 0.0006600000197067857}
{"items_size": 17, "stocks_size": 5, "fill_percentage": 0.4335559852346634, "solution_time": 0.000812400016002357}
{"items_size": 15, "stocks_size": 6, "fill_percentage": 0.5970936840396168, "solution_time": 0.0007409000536426902}
{"items_size": 16, "stocks_size": 6, "fill_percentage": 0.5232137892688351, "solution_time": 0.0010705000022426248}
{"items_size": 16, "stocks_size": 6, "fill_percentage": 0.42975374460522975, "solution_time": 0.0011386999394744635}
{"items_size": 16, "stocks_size": 6, "fill_percentage": 0.4602179146078804, "solution_time": 0.0002767000114545226}
{"items_size": 17, "stocks_size": 5, "fill_percentage": 0.5421300977418267, "solution_time": 0.0009342000121250749}
{"items_size": 15, "stocks_size": 6, "fill_percentage": 0.5670119607005554, "solution_time": 0.0008086999878287315}
{"items_size": 16, "stocks_size": 6, "fill_percentage": 0.6088509624925581, "solution_time": 0.000893999938853085}
{"items_size": 16, "stocks_size": 6, "fill_percentage": 0.6212927756653992, "solution_time": 0.0009717999491840601}
{"items_size": 16, "stocks_size": 6, "fill_percentage": 0.4710538311715221, "solution_time": 0.0008709999965503812}
{"items_size": 17, "stocks_size": 5, "fill_percentage": 0.4538950225127984, "solution_time": 0.0006549999816343188}
{"items_size": 16, "stocks_size": 6, "fill_percentage": 0.41661535016514584, "solution_time": 0.0004904000088572502}
{"items_size": 16, "stocks_size": 6, "fill_percentage": 0.5682817344624925, "solution_time": 0.0005000999663025141}
{"items_size": 17, "stocks_size": 5, "fill_percentage": 0.35488372093023257, "solution_time": 0.00031240005046129227}
{"items_size": 15, "stocks_size": 6, "fill_percentage": 0.5249931960446339, "solution_time": 0.00033579999580979347}
{"items_size": 17, "stocks_size": 5, "fill_percentage": 0.4495245062179956, "solution_time": 0.0008233999833464622}
{"items_size": 17, "stocks_size": 5, "fill_percentage": 0.46965046888320544, "solution_time": 0.0004200000548735261}
{"items_size": 17, "stocks_size": 5, "fill_percentage": 0.5611769472298187,