{"items_size": 16, "stocks_size": 6, "fill_percentage": 0.5506946955219255, "solution_time": 0.00034799997229129076}
{"items_size": 16, "stocks_size": 6, "fill_percentage": 0.5821282401091405, "solution_time": 0.00024750002194195986}
{"items_size": 16, "stocks_size": 6, "fill_percentage": 0.5119029943083395, "solution_time": 0.0006651000585407019}
{"items_size": 16, "stocks_size": 6, "fill_percentage": 0.6959860383944153, "solution_time": 0.0006327999290078878}
{"items_size": 17, "stocks_size": 5, "fill_percentage": 0.7085687818434461, "solution_time": 0.0003684000112116337}
{"items_size": 17, "stocks_size": 5, "fill_percentage": 0.517628502505103, "solution_time": 0.0003101000329479575}
{"items_size": 16, "stocks_size": 6, "fill_percentage": 0.5248406419167815, "solution_time": 0.00032679992727935314}
{"items_size": 15, "stocks_size": 6, "fill_percentage": 0.5677146631439894, "solution_time": 0.00031679996754974127}
{"items_size": 16, "stocks_size": 6, "fill_percentage": 0.6890821698329137, "solution_time": 0.00025669997557997704}
{"items_size": 16, "stocks_size": 6, "fill_percentage": 0.5010825605621144, "solution_time": 0.0003247000277042389}
{"items_size": 16, "stocks_size": 6, "fill_percentage": 0.5584651022258033, "solution_time": 0.0003478999715298414}
{"items_size": 17, "stocks_size": 5, "fill_percentage": 0.44779594370860926, "solution_time": 0.00023720005992799997}
{"items_size": 17, "stocks_size": 5, "fill_percentage": 0.557770807373351, "solution_time": 0.000577600090764463}
{"items_size": 17, "stocks_size": 5, "fill_percentage": 0.47637481910274965, "solution_time": 0.0003165000816807151}
{"items_size": 15, "stocks_size": 6, "fill_percentage": 0.6611002674763248, "solution_time": 0.000506000011228025}
{"items_size": 17, "stocks_size": 5, "fill_percentage": 0.6326032899770466, "solution_time": 0.00042699999175965786}
{"items_size": 15, "stocks_size": 6, "fill_percentage": 0.5580705855521979, "solution_time": 0.00036170007660984993}
{"items_size": 16, "stocks_size": 6, "fill_percentage": 0.4620152091254753, "solution_time": 0.0003402000293135643}
{"items_size": 16, "stocks_size": 6, "fill_percentage": 0.6969238050165641, "solution_time": 0.0005873000482097268}
{"items_size": 15, "stocks_size": 6, "fill_percentage": 0.48342392635032566, "solution_time": 0.0006689999718219042}
{"items_size": 15, "stocks_size": 6, "fill_percentage": 0.5757730207271492, "solution_time": 0.0005207000067457557}
{"items_size": 16, "stocks_size": 6, "fill_percentage": 0.5973057808004185, "solution_time": 0.0008198999566957355}
{"items_size": 15, "stocks_size": 6, "fill_percentage": 0.5661084303150724, "solution_time": 0.00055239989887923}
{"items_size": 16, "stocks_size": 6, "fill_percentage": 0.6761256148316307, "solution_time": 0.0006526999641209841}
{"items_size": 16, "stocks_size": 6, "fill_percentage": 0.6229746070133011, "solution_time": 0.0008081999840214849}
{"items_size": 16, "stocks_size": 6, "fill_percentage": 0.5671909894164482, "solution_time": 0.0008669999660924077}
{"items_size": 15, "stocks_size": 6, "fill_percentage": 0.5696773834066975, "solution_time": 0.000547999981790781}
{"items_size": 16, "stocks_size": 6, "fill_percentage": 0.6184855102402173, "solution_time": 0.0006692999741062522}
{"items_size": 15, "stocks_size": 6, "fill_percentage": 0.507125755330065, "solution_time": 0.0007839000318199396}
{"items_size": 15, "stocks_size": 6, "fill_percentage": 0.5582308743169399, "solution_time": 0.000820400076918304}
{"items_size": 17, "stocks_size": 5, "fill_percentage": 0.5886441766461411, "solution_time": 0.0007204000139608979}
{"items_size": 15, "stocks_size": 6, "fill_percentage": 0.6365706548498277, "solution_time": 0.00030399998649954796}
{"items_size": 17, "stocks_size": 5, "fill_percentage": 0.5687136150234742, "solution_time": 0.0009858999401330948}
{"items_size": 17, "stocks_size": 5, "fill_percentage": 0.5787761644352254, "solution_time": 0.0009735000785440207}
{"items_size": 15, "stocks_size": 6, "fill_percentage": 0.5738718022420236, "solution_time": 0.0003100000321865082}
{"items_size": 17, "stocks_size": 5, "fill_percentage": 0.621520706042091, "solution_time": 0.0002851000754162669}
{"items_size": 17, "stocks_size": 5, "fill_percentage": 0.5180981108112399, "solution_time": 0.0009865999454632401}
{"items_size": 17, "stocks_size": 5, "fill_percentage": 0.6738197424892703, "solution_time": 0.0008801000658422709}
{"items_size": 16, "stocks_size": 6, "fill_percentage": 0.4679882132333244, "solution_time": 0.0011669000377878547}
{"items_size": 17, "stocks_size": 5, "fill_percentage": 0.46550412863972185, "solution_time": 0.000660400022752583}
{"items_size": 16, "stocks_size": 6, "fill_percentage": 0.5724888910591337, "solution_time": 0.0005271000554785132}
{"items_size": 17, "stocks_size": 5, "fill_percentage": 0.5148390736155943, "solution_time": 0.0006624000379815698}
{"items_size": 16, "stocks_size": 6, "fill_percentage": 0.6408783290325721, "solution_time": 0.00028680008836090565}
{"items_size": 16, "stocks_size": 6, "fill_percentage": 0.5647748988933825, "solution_time": 0.00039139995351433754}
{"items_size": 16, "stocks_size": 6, "fill_percentage": 0.630507304727942, "solution_time": 0.00024999992456287146}
{"items_size": 16, "stocks_size": 6, "fill_percentage": 0.541597723211331, "solution_time": 0.0005550000350922346}
{"items_size": 15, "stocks_size": 6, "fill_percentage": 0.6106911447084233, "solution_time": 0.00039980001747608185}
{"items_size": 15, "stocks_size": 6, "fill_percentage": 0.6137673601580941, "solution_time": 0.0002764000091701746}
{"items_size": 16, "stocks_size": 6, "fill_percentage": 0.5870027330701488, "solution_time": 0.00035879993811249733}
{"items_size": 17, "stocks_size": 5, "fill_percentage": 0.6110405741098537, "solution_time": 0.0004447000101208687}
{"items_size": 16, "stocks_size": 6, "fill_percentage": 0.5668093475242943, "solution_time": 0.00027279998175799847}
{"items_size": 17, "stocks_size": 5, "fill_percentage": 0.6157014478282576, "solution_time": 0.0003890000516548753}
{"items_size": 15, "stocks_size": 6, "fill_percentage": 0.5970936840396168, "solution_time": 0.0004851000849157572}
{"items_size": 16, "stocks_size": 6, "fill_percentage": 0.5232137892688351, "solution_time": 0.0006768000312149525}
{"items_size": 16, "stocks_size": 6, "fill_percentage": 0.42975374460522975, "solution_time": 0.0008105000015348196}
{"items_size": 16, "stocks_size": 6, "fill_percentage": 0.4602179146078804, "solution_time": 0.0009500999003648758}
{"items_size": 17, "stocks_size": 5, "fill_percentage": 0.5421300977418267, "solution_time": 0.0002720999764278531}
{"items_size": 15, "stocks_size": 6, "fill_percentage": 0.5670119607005554, "solution_time": 0.0008924000430852175}
{"items_size": 16, "stocks_size": 6, "fill_percentage": 0.6088509624925581, "solution_time": 0.000723400036804378}
{"items_size": 16, "stocks_size": 6, "fill_percentage": 0.6212927756653992, "solution_time": 0.0008626000490039587}
{"items_size": 16, "stocks_size": 6, "fill_percentage": 0.4710538311715221, "solution_time": 0.0008058999665081501}
{"items_size": 17, "stocks_size": 5, "fill_percentage": 0.4538950225127984, "solution_time": 0.0008254999993368983}
{"items_size": 16, "stocks_size": 6, "fill_percentage": 0.6398418020806466, "solution_time": 0.0006312000332400203}
{"items_size": 16, "stocks_size": 6, "fill_percentage": 0.5682817344624925, "solution_time": 0.0004520000657066703}
{"items_size": 17, "stocks_size": 5, "fill_percentage": 0.6060365369340747, "solution_time": 0.0005941999843344092}
{"items_size": 15, "stocks_size": 6, "fill_percentage": 0.5249931960446339, "solution_time": 0.0006928000366315246}
{"items_size": 17, "stocks_size": 5, "fill_percentage": 0.7479568770648582, "solution_time": 0.00042200007010251284}
{"items_size": 17, "stocks_size": 5, "fill_percentage": 0.46965046888320544, "solution_time": 0.0003855000250041485}
{"items_size": 17, "stocks_size": 5, "fill_percentage": 0.5611769472298187,