{"items_size": 16, "stocks_size": 6, "fill_percentage": 0.5506946955219255, "solution_time": 0.00027710001450031996}
{"items_size": 16, "stocks_size": 6, "fill_percentage": 0.5821282401091405, "solution_time": 0.00023639993742108345}
{"items_size": 16, "stocks_size": 6, "fill_percentage": 0.7449045732805185, "solution_time": 0.0004558999789878726}
{"items_size": 16, "stocks_size": 6, "fill_percentage": 0.6959860383944153, "solution_time": 0.0007954000029712915}
{"items_size": 17, "stocks_size": 5, "fill_percentage": 0.7085687818434461, "solution_time": 0.0003513999981805682}
{"items_size": 17, "stocks_size": 5, "fill_percentage": 0.7640372500684743, "solution_time": 0.0003258000360801816}
{"items_size": 16, "stocks_size": 6, "fill_percentage": 0.8578084917020051, "solution_time": 0.0003589000552892685}
{"items_size": 15, "stocks_size": 6, "fill_percentage": 0.7512236050901971, "solution_time": 0.0002169000217691064}
{"items_size": 16, "stocks_size": 6, "fill_percentage": 0.6890821698329137, "solution_time": 0.0001908999402076006}
{"items_size": 16, "stocks_size": 6, "fill_percentage": 0.6803483276942703, "solution_time": 0.0002367000561207533}
{"items_size": 16, "stocks_size": 6, "fill_percentage": 0.5584651022258033, "solution_time": 0.000434699933975935}
{"items_size": 17, "stocks_size": 5, "fill_percentage": 0.6812814861460957, "solution_time": 0.0002177999122068286}
{"items_size": 17, "stocks_size": 5, "fill_percentage": 0.7877298379756054, "solution_time": 0.0002666000509634614}
{"items_size": 17, "stocks_size": 5, "fill_percentage": 0.6330288461538461, "solution_time": 0.00020460004452615976}
{"items_size": 15, "stocks_size": 6, "fill_percentage": 0.6611002674763248, "solution_time": 0.0003968999953940511}
{"items_size": 17, "stocks_size": 5, "fill_percentage": 0.6326032899770466, "solution_time": 0.000278900028206408}
{"items_size": 15, "stocks_size": 6, "fill_percentage": 0.8286488316965798, "solution_time": 0.0003874999238178134}
{"items_size": 16, "stocks_size": 6, "fill_percentage": 0.714428504233302, "solution_time": 0.00036720000207424164}
{"items_size": 16, "stocks_size": 6, "fill_percentage": 0.6969238050165641, "solution_time": 0.0004907000111415982}
{"items_size": 15, "stocks_size": 6, "fill_percentage": 0.679375129034478, "solution_time": 0.0001852000132203102}
{"items_size": 15, "stocks_size": 6, "fill_percentage": 0.8354149548069022, "solution_time": 0.00030860002152621746}
{"items_size": 16, "stocks_size": 6, "fill_percentage": 0.5973057808004185, "solution_time": 0.000593300093896687}
{"items_size": 15, "stocks_size": 6, "fill_percentage": 0.5661084303150724, "solution_time": 0.0007521000225096941}
{"items_size": 16, "stocks_size": 6, "fill_percentage": 0.6761256148316307, "solution_time": 0.0005079999100416899}
{"items_size": 16, "stocks_size": 6, "fill_percentage": 0.6229746070133011, "solution_time": 0.0004499999340623617}
{"items_size": 16, "stocks_size": 6, "fill_percentage": 0.7769501895324865, "solution_time": 0.0003611000720411539}
{"items_size": 15, "stocks_size": 6, "fill_percentage": 0.5696773834066975, "solution_time": 0.0005837000207975507}
{"items_size": 16, "stocks_size": 6, "fill_percentage": 0.6184855102402173, "solution_time": 0.0004749998915940523}
{"items_size": 15, "stocks_size": 6, "fill_percentage": 0.7697499351042658, "solution_time": 0.0005893999477848411}
{"items_size": 15, "stocks_size": 6, "fill_percentage": 0.7860692529656942, "solution_time": 0.0005087999161332846}
{"items_size": 17, "stocks_size": 5, "fill_percentage": 0.8523603741589628, "solution_time": 0.0006885000038892031}
{"items_size": 15, "stocks_size": 6, "fill_percentage": 0.6365706548498277, "solution_time": 0.0005787000991404057}
{"items_size": 17, "stocks_size": 5, "fill_percentage": 0.8333516785910842, "solution_time": 0.0002725999802350998}
{"items_size": 17, "stocks_size": 5, "fill_percentage": 0.8004303038205763, "solution_time": 0.00024449999909847975}
{"items_size": 15, "stocks_size": 6, "fill_percentage": 0.8703138622493461, "solution_time": 0.0002573999809101224}
{"items_size": 17, "stocks_size": 5, "fill_percentage": 0.621520706042091, "solution_time": 0.0008432999020442367}
{"items_size": 17, "stocks_size": 5, "fill_percentage": 0.7385155012446255, "solution_time": 0.0009928999934345484}
{"items_size": 17, "stocks_size": 5, "fill_percentage": 0.6738197424892703, "solution_time": 0.0013272999785840511}
{"items_size": 16, "stocks_size": 6, "fill_percentage": 0.7966256269949841, "solution_time": 0.0009713999461382627}
{"items_size": 17, "stocks_size": 5, "fill_percentage": 0.8170289855072463, "solution_time": 0.0010189999593421817}
{"items_size": 16, "stocks_size": 6, "fill_percentage": 0.775191748214758, "solution_time": 0.0009160999907180667}
{"items_size": 17, "stocks_size": 5, "fill_percentage": 0.6952473655254137, "solution_time": 0.00018830003682523966}
{"items_size": 16, "stocks_size": 6, "fill_percentage": 0.6408783290325721, "solution_time": 0.00020269991364330053}
{"items_size": 16, "stocks_size": 6, "fill_percentage": 0.7442895630783648, "solution_time": 0.0005185001064091921}
{"items_size": 16, "stocks_size": 6, "fill_percentage": 0.630507304727942, "solution_time": 0.0004517000634223223}
{"items_size": 16, "stocks_size": 6, "fill_percentage": 0.541597723211331, "solution_time": 0.0004023999208584428}
{"items_size": 15, "stocks_size": 6, "fill_percentage": 0.6106911447084233, "solution_time": 0.000466400058940053}
{"items_size": 15, "stocks_size": 6, "fill_percentage": 0.6137673601580941, "solution_time": 0.0003423999296501279}
{"items_size": 16, "stocks_size": 6, "fill_percentage": 0.8300717747377462, "solution_time": 0.00046470004599541426}
{"items_size": 17, "stocks_size": 5, "fill_percentage": 0.6110405741098537, "solution_time": 0.0004187000449746847}
{"items_size": 16, "stocks_size": 6, "fill_percentage": 0.5668093475242943, "solution_time": 0.00042719999328255653}
{"items_size": 17, "stocks_size": 5, "fill_percentage": 0.6157014478282576, "solution_time": 0.00024110008962452412}
{"items_size": 15, "stocks_size": 6, "fill_percentage": 0.5970936840396168, "solution_time": 0.0004741000011563301}
{"items_size": 16, "stocks_size": 6, "fill_percentage": 0.8320070733863837, "solution_time": 0.0004365999484434724}
{"items_size": 16, "stocks_size": 6, "fill_percentage": 0.5983739837398374, "solution_time": 0.00020180002320557833}
{"items_size": 16, "stocks_size": 6, "fill_percentage": 0.7640933950357593, "solution_time": 0.00027379998937249184}
{"items_size": 17, "stocks_size": 5, "fill_percentage": 0.7896416298478154, "solution_time": 0.0005867000436410308}
{"items_size": 15, "stocks_size": 6, "fill_percentage": 0.7749397942056484, "solution_time": 0.0006799000548198819}
{"items_size": 16, "stocks_size": 6, "fill_percentage": 0.8659328252893028, "solution_time": 0.0006506999488919973}
{"items_size": 16, "stocks_size": 6, "fill_percentage": 0.8840624516926882, "solution_time": 0.00018880004063248634}
{"items_size": 16, "stocks_size": 6, "fill_percentage": 0.6685290831029819, "solution_time": 0.0007733999518677592}
{"items_size": 17, "stocks_size": 5, "fill_percentage": 0.7619589977220956, "solution_time": 0.0009911999804899096}
{"items_size": 16, "stocks_size": 6, "fill_percentage": 0.6398418020806466, "solution_time": 0.0008057000814005733}
{"items_size": 16, "stocks_size": 6, "fill_percentage": 0.8205265267940666, "solution_time": 0.0009762999834492803}
{"items_size": 17, "stocks_size": 5, "fill_percentage": 0.6060365369340747, "solution_time": 0.0009206000249832869}
{"items_size": 15, "stocks_size": 6, "fill_percentage": 0.7278329769840272, "solution_time": 0.0008475999347865582}
{"items_size": 17, "stocks_size": 5, "fill_percentage": 0.7479568770648582, "solution_time": 0.0006859999848529696}
{"items_size": 17, "stocks_size": 5, "fill_percentage": 0.6848157125986699, "solution_time": 0.0005471999756991863}
{"items_size": 17, "stocks_size": 5,