{"items_size": 16, "stocks_size": 6, "fill_percentage": 0.5506946955219255, "solution_time": 0.00027810002211481333}
{"items_size": 16, "stocks_size": 6, "fill_percentage": 0.5821282401091405, "solution_time": 0.0006212999578565359}
{"items_size": 16, "stocks_size": 6, "fill_percentage": 0.7449045732805185, "solution_time": 0.00033790001180022955}
{"items_size": 16, "stocks_size": 6, "fill_percentage": 0.6959860383944153, "solution_time": 0.0003426000475883484}
{"items_size": 17, "stocks_size": 5, "fill_percentage": 0.7085687818434461, "solution_time": 0.0002484000287950039}
{"items_size": 17, "stocks_size": 5, "fill_percentage": 0.7640372500684743, "solution_time": 0.00038730003871023655}
{"items_size": 16, "stocks_size": 6, "fill_percentage": 0.8578084917020051, "solution_time": 0.00023909995798021555}
{"items_size": 15, "stocks_size": 6, "fill_percentage": 0.7512236050901971, "solution_time": 0.00022670009639114141}
{"items_size": 16, "stocks_size": 6, "fill_percentage": 0.6890821698329137, "solution_time": 0.0002568999771028757}
{"items_size": 16, "stocks_size": 6, "fill_percentage": 0.6803483276942703, "solution_time": 0.00028719997499138117}
{"items_size": 16, "stocks_size": 6, "fill_percentage": 0.5584651022258033, "solution_time": 0.00029429991263896227}
{"items_size": 17, "stocks_size": 5, "fill_percentage": 0.6812814861460957, "solution_time": 0.00029959995299577713}
{"items_size": 17, "stocks_size": 5, "fill_percentage": 0.7877298379756054, "solution_time": 0.0004611000185832381}
{"items_size": 17, "stocks_size": 5, "fill_percentage": 0.6330288461538461, "solution_time": 0.00045810011215507984}
{"items_size": 15, "stocks_size": 6, "fill_percentage": 0.6611002674763248, "solution_time": 0.00036810000892728567}
{"items_size": 17, "stocks_size": 5, "fill_percentage": 0.6326032899770466, "solution_time": 0.0003478000871837139}
{"items_size": 15, "stocks_size": 6, "fill_percentage": 0.8286488316965798, "solution_time": 0.0004900000058114529}
{"items_size": 16, "stocks_size": 6, "fill_percentage": 0.714428504233302, "solution_time": 0.0004146000137552619}
{"items_size": 16, "stocks_size": 6, "fill_percentage": 0.6969238050165641, "solution_time": 0.0002462000120431185}
{"items_size": 15, "stocks_size": 6, "fill_percentage": 0.679375129034478, "solution_time": 0.0002951000351458788}
{"items_size": 15, "stocks_size": 6, "fill_percentage": 0.8354149548069022, "solution_time": 0.00042450008913874626}
{"items_size": 16, "stocks_size": 6, "fill_percentage": 0.5973057808004185, "solution_time": 0.00043320003896951675}
{"items_size": 15, "stocks_size": 6, "fill_percentage": 0.5661084303150724, "solution_time": 0.0006792999338358641}
{"items_size": 16, "stocks_size": 6, "fill_percentage": 0.6761256148316307, "solution_time": 0.00048120005521923304}
{"items_size": 16, "stocks_size": 6, "fill_percentage": 0.6229746070133011, "solution_time": 0.00044760003220289946}
{"items_size": 16, "stocks_size": 6, "fill_percentage": 0.7769501895324865, "solution_time": 0.00025729998014867306}
{"items_size": 15, "stocks_size": 6, "fill_percentage": 0.8673962840417409, "solution_time": 0.0005982000147923827}
{"items_size": 16, "stocks_size": 6, "fill_percentage": 0.6184855102402173, "solution_time": 0.0005420999368652701}
{"items_size": 15, "stocks_size": 6, "fill_percentage": 0.7697499351042658, "solution_time": 0.0005891000619158149}
{"items_size": 15, "stocks_size": 6, "fill_percentage": 0.7860692529656942, "solution_time": 0.0007299000862985849}
{"items_size": 17, "stocks_size": 5, "fill_percentage": 0.8523603741589628, "solution_time": 0.000853199977427721}
{"items_size": 15, "stocks_size": 6, "fill_percentage": 0.6365706548498277, "solution_time": 0.0009289000881835818}
{"items_size": 17, "stocks_size": 5, "fill_percentage": 0.8333516785910842, "solution_time": 0.0008735000155866146}
{"items_size": 17, "stocks_size": 5, "fill_percentage": 0.8004303038205763, "solution_time": 0.0007550000445917249}
{"items_size": 15, "stocks_size": 6, "fill_percentage": 0.8703138622493461, "solution_time": 0.00021950004156678915}
{"items_size": 17, "stocks_size": 5, "fill_percentage": 0.621520706042091, "solution_time": 0.0009157999884337187}
{"items_size": 17, "stocks_size": 5, "fill_percentage": 0.7385155012446255, "solution_time": 0.0009171999990940094}
{"items_size": 17, "stocks_size": 5, "fill_percentage": 0.6738197424892703, "solution_time": 0.0007075999164953828}
{"items_size": 16, "stocks_size": 6, "fill_percentage": 0.7966256269949841, "solution_time": 0.000660700025036931}
{"items_size": 17, "stocks_size": 5, "fill_percentage": 0.8170289855072463, "solution_time": 0.000300200073979795}
{"items_size": 16, "stocks_size": 6, "fill_percentage": 0.775191748214758, "solution_time": 0.0004553999751806259}
{"items_size": 17, "stocks_size": 5, "fill_percentage": 0.6952473655254137, "solution_time": 0.0004613000201061368}
{"items_size": 16, "stocks_size": 6, "fill_percentage": 0.9154958965085548, "solution_time": 0.00038430001586675644}
{"items_size": 16, "stocks_size": 6, "fill_percentage": 0.7442895630783648, "solution_time": 0.0004194000503048301}
{"items_size": 16, "stocks_size": 6, "fill_percentage": 0.630507304727942, "solution_time": 0.0006308000301942229}
{"items_size": 16, "stocks_size": 6, "fill_percentage": 0.541597723211331, "solution_time": 0.00043519993778318167}
{"items_size": 15, "stocks_size": 6, "fill_percentage": 0.6106911447084233, "solution_time": 0.0003143999492749572}
{"items_size": 15, "stocks_size": 6, "fill_percentage": 0.6137673601580941, "solution_time": 0.00033989991061389446}
{"items_size": 16, "stocks_size": 6, "fill_percentage": 0.8300717747377462, "solution_time": 0.00018099998123943806}
{"items_size": 17, "stocks_size": 5, "fill_percentage": 0.6110405741098537, "solution_time": 0.00044970004819333553}
{"items_size": 16, "stocks_size": 6, "fill_percentage": 0.859561403508772, "solution_time": 0.00023960007820278406}
{"items_size": 17, "stocks_size": 5, "fill_percentage": 0.6157014478282576, "solution_time": 0.0003400000277906656}
{"items_size": 15, "stocks_size": 6, "fill_percentage": 0.5970936840396168, "solution_time": 0.0006375000812113285}
{"items_size": 16, "stocks_size": 6, "fill_percentage": 0.8320070733863837, "solution_time": 0.0007814000127837062}
{"items_size": 16, "stocks_size": 6, "fill_percentage": 0.5983739837398374, "solution_time": 0.0008297000313177705}
{"items_size": 16, "stocks_size": 6, "fill_percentage": 0.7640933950357593, "solution_time": 0.000928599969483912}
{"items_size": 17, "stocks_size": 5, "fill_percentage": 0.7896416298478154, "solution_time": 0.0008810999570414424}
{"items_size": 15, "stocks_size": 6, "fill_percentage": 0.7749397942056484, "solution_time": 0.0007170999888330698}
{"items_size": 16, "stocks_size": 6, "fill_percentage": 0.8659328252893028, "solution_time": 0.0008195000700652599}
{"items_size": 16, "stocks_size": 6, "fill_percentage": 0.8840624516926882, "solution_time": 0.0007773999823257327}
{"items_size": 16, "stocks_size": 6, "fill_percentage": 0.6685290831029819, "solution_time": 0.0008094999939203262}
{"items_size": 17, "stocks_size": 5, "fill_percentage": 0.7619589977220956, "solution_time": 0.0007763999747112393}
{"items_size": 16, "stocks_size": 6, "fill_percentage": 0.6398418020806466, "solution_time": 0.0005406000418588519}
{"items_size": 16, "stocks_size": 6, "fill_percentage": 0.8205265267940666, "solution_time": 0.0001984999980777502}
{"items_size": 17, "stocks_size": 5, "fill_percentage": 0.6060365369340747, "solution_time": 0.0005790999857708812}
{"items_size": 15, "stocks_size": 6, "fill_percentage": 0.7278329769840272, "solution_time": 0.00016679998952895403}
{"items_size": 17, "stocks_size": 5, "fill_percentage": 0.7479568770648582, "solution_time": 0.00044510001316666603}
{"items_size": 17, "stocks_size": 5, "fill_percentage": 0.6848157125986699, "solution_time": 0.00026919995434582233}
{"items_size": 17, "stocks_size": 5, "fill_percentage": 0.8562046051614898,