{"items_size": 16, "stocks_size": 6, "fill_percentage": 0.44408346869923776, "solution_time": 0.0009280999656766653}
{"items_size": 16, "stocks_size": 6, "fill_percentage": 0.5446538739735353, "solution_time": 0.000426200102083385}
{"items_size": 16, "stocks_size": 6, "fill_percentage": 0.47460193640159687, "solution_time": 0.0005366000114008784}
{"items_size": 16, "stocks_size": 6, "fill_percentage": 0.41621441095432915, "solution_time": 0.00044169998727738857}
{"items_size": 17, "stocks_size": 5, "fill_percentage": 0.39838541666666666, "solution_time": 0.0007330999942496419}
{"items_size": 17, "stocks_size": 5, "fill_percentage": 0.522573997751967, "solution_time": 0.00039329996798187494}
{"items_size": 16, "stocks_size": 6, "fill_percentage": 0.5248406419167815, "solution_time": 0.00023609993513673544}
{"items_size": 15, "stocks_size": 6, "fill_percentage": 0.5181327160493827, "solution_time": 0.0003060000017285347}
{"items_size": 16, "stocks_size": 6, "fill_percentage": 0.5412995792728973, "solution_time": 0.00023150001652538776}
{"items_size": 16, "stocks_size": 6, "fill_percentage": 0.502519562456471, "solution_time": 0.0002937999088317156}
{"items_size": 16, "stocks_size": 6, "fill_percentage": 0.43061272035411974, "solution_time": 0.0006785000441595912}
{"items_size": 17, "stocks_size": 5, "fill_percentage": 0.5333703087446848, "solution_time": 0.0006951999384909868}
{"items_size": 17, "stocks_size": 5, "fill_percentage": 0.575526490800266, "solution_time": 0.0004162000259384513}
{"items_size": 17, "stocks_size": 5, "fill_percentage": 0.47637481910274965, "solution_time": 0.00037059991154819727}
{"items_size": 15, "stocks_size": 6, "fill_percentage": 0.5747957259585167, "solution_time": 0.0007082000374794006}
{"items_size": 17, "stocks_size": 5, "fill_percentage": 0.6226290770461712, "solution_time": 0.0005654999986290932}
{"items_size": 15, "stocks_size": 6, "fill_percentage": 0.6720219704771713, "solution_time": 0.0004931000294163823}
{"items_size": 16, "stocks_size": 6, "fill_percentage": 0.6500641985876311, "solution_time": 0.00056900002527982}
{"items_size": 16, "stocks_size": 6, "fill_percentage": 0.464454677348136, "solution_time": 0.0008363000815734267}
{"items_size": 15, "stocks_size": 6, "fill_percentage": 0.48340025462736264, "solution_time": 0.00039270007982850075}
{"items_size": 15, "stocks_size": 6, "fill_percentage": 0.5483818770226537, "solution_time": 0.0006192000582814217}
{"items_size": 16, "stocks_size": 6, "fill_percentage": 0.46215341024084194, "solution_time": 0.000309899915009737}
{"items_size": 15, "stocks_size": 6, "fill_percentage": 0.45928518791451733, "solution_time": 0.0005659000016748905}
{"items_size": 16, "stocks_size": 6, "fill_percentage": 0.43199729246240876, "solution_time": 0.0010697999969124794}
{"items_size": 16, "stocks_size": 6, "fill_percentage": 0.42100102145045964, "solution_time": 0.0007671999046579003}
{"items_size": 16, "stocks_size": 6, "fill_percentage": 0.5339091490722969, "solution_time": 0.000646800035610795}
{"items_size": 15, "stocks_size": 6, "fill_percentage": 0.6713947990543735, "solution_time": 0.0015400999691337347}
{"items_size": 16, "stocks_size": 6, "fill_percentage": 0.5487824037706206, "solution_time": 0.0010342999594286084}
{"items_size": 15, "stocks_size": 6, "fill_percentage": 0.4476425300659186, "solution_time": 0.0009206000249832869}
{"items_size": 15, "stocks_size": 6, "fill_percentage": 0.5180665610142631, "solution_time": 0.00035440002102404833}
{"items_size": 17, "stocks_size": 5, "fill_percentage": 0.6247544204322201, "solution_time": 0.0009409000631421804}
{"items_size": 15, "stocks_size": 6, "fill_percentage": 0.4272378041224338, "solution_time": 0.000938400044105947}
{"items_size": 17, "stocks_size": 5, "fill_percentage": 0.6073075843259936, "solution_time": 0.0009199000196531415}
{"items_size": 17, "stocks_size": 5, "fill_percentage": 0.5234947978850418, "solution_time": 0.0008127999026328325}
{"items_size": 15, "stocks_size": 6, "fill_percentage": 0.45592601050468146, "solution_time": 0.0010306999320164323}
{"items_size": 17, "stocks_size": 5, "fill_percentage": 0.5128851540616246, "solution_time": 0.000824799994006753}
{"items_size": 17, "stocks_size": 5, "fill_percentage": 0.5904382830521507, "solution_time": 0.0002930000191554427}
{"items_size": 17, "stocks_size": 5, "fill_percentage": 0.5881251170631204, "solution_time": 0.0006247999845072627}
{"items_size": 16, "stocks_size": 6, "fill_percentage": 0.4592232371689558, "solution_time": 0.0006080999737605453}
{"items_size": 17, "stocks_size": 5, "fill_percentage": 0.4941753171856978, "solution_time": 0.0005981000140309334}
{"items_size": 16, "stocks_size": 6, "fill_percentage": 0.5020769988437326, "solution_time": 0.00039350008592009544}
{"items_size": 17, "stocks_size": 5, "fill_percentage": 0.7111996190311269, "solution_time": 0.00030019995756447315}
{"items_size": 16, "stocks_size": 6, "fill_percentage": 0.4946450715869377, "solution_time": 0.0003587000537663698}
{"items_size": 16, "stocks_size": 6, "fill_percentage": 0.615787178368949, "solution_time": 0.00023580004926770926}
{"items_size": 16, "stocks_size": 6, "fill_percentage": 0.4817191070486905, "solution_time": 0.0004533999599516392}
{"items_size": 16, "stocks_size": 6, "fill_percentage": 0.5143952728187076, "solution_time": 0.00037219992373138666}
{"items_size": 15, "stocks_size": 6, "fill_percentage": 0.5987928843710292, "solution_time": 0.0006485999329015613}
{"items_size": 15, "stocks_size": 6, "fill_percentage": 0.5510596352883194, "solution_time": 0.0008278000168502331}
{"items_size": 16, "stocks_size": 6, "fill_percentage": 0.6114324446452779, "solution_time": 0.0009425000753253698}
{"items_size": 17, "stocks_size": 5, "fill_percentage": 0.591988447962349, "solution_time": 0.0010664999717846513}
{"items_size": 16, "stocks_size": 6, "fill_percentage": 0.5099130977780091, "solution_time": 0.001102200010791421}
{"items_size": 17, "stocks_size": 5, "fill_percentage": 0.6853768669676971, "solution_time": 0.000925400061532855}
{"items_size": 15, "stocks_size": 6, "fill_percentage": 0.5156337633202468, "solution_time": 0.000902900006622076}
{"items_size": 16, "stocks_size": 6, "fill_percentage": 0.4798572157062723, "solution_time": 0.000820700079202652}
{"items_size": 16, "stocks_size": 6, "fill_percentage": 0.49226474351517974, "solution_time": 0.0003120000474154949}
{"items_size": 16, "stocks_size": 6, "fill_percentage": 0.4463901689708141, "solution_time": 0.0007778999861329794}
{"items_size": 17, "stocks_size": 5, "fill_percentage": 0.5978813034320406, "solution_time": 0.000539699918590486}
{"items_size": 15, "stocks_size": 6, "fill_percentage": 0.5461605719282003, "solution_time": 0.0005200000014156103}
{"items_size": 16, "stocks_size": 6, "fill_percentage": 0.5137880986937591, "solution_time": 0.000632000039331615}
{"items_size": 16, "stocks_size": 6, "fill_percentage": 0.4838204813671165, "solution_time": 0.0004751000087708235}
{"items_size": 16, "stocks_size": 6, "fill_percentage": 0.4957477430328405, "solution_time": 0.0004483000375330448}
{"items_size": 17, "stocks_size": 5, "fill_percentage": 0.46161083929243507, "solution_time": 0.0004178999224677682}
{"items_size": 16, "stocks_size": 6, "fill_percentage": 0.5237894144144144, "solution_time": 0.000519299996085465}
{"items_size": 16, "stocks_size": 6, "fill_percentage": 0.5851798903979033, "solution_time": 0.0004217000678181648}
{"items_size": 17, "stocks_size": 5, "fill_percentage": 0.384600844307227, "solution_time": 0.00045409996528178453}
{"items_size": 15, "stocks_size": 6, "fill_percentage": 0.5613813842945142, "solution_time": 0.0004342000465840101}
{"items_size": 17, "stocks_size": 5, "fill_percentage": 0.4455435289243358, "solution_time": 0.0008200000738725066}
{"items_size": 17, "stocks_size": 5, "fill_percentage": 0.4880187801745139, "solution_time": 0.0005697000306099653}
{"items_size": 17, "stocks_size": 5,