{"items_size": 16, "stocks_size": 6, "fill_percentage": 0.5506946955219255, "solution_time": 0.0012968999799340963}
{"items_size": 16, "stocks_size": 6, "fill_percentage": 0.5821282401091405, "solution_time": 0.0003755000652745366}
{"items_size": 16, "stocks_size": 6, "fill_percentage": 0.5119029943083395, "solution_time": 0.0002839999506250024}
{"items_size": 16, "stocks_size": 6, "fill_percentage": 0.4706160018881284, "solution_time": 0.00030800001695752144}
{"items_size": 17, "stocks_size": 5, "fill_percentage": 0.4192841089733048, "solution_time": 0.0003522000042721629}
{"items_size": 17, "stocks_size": 5, "fill_percentage": 0.517628502505103, "solution_time": 0.0005061000119894743}
{"items_size": 16, "stocks_size": 6, "fill_percentage": 0.5248406419167815, "solution_time": 0.0001998000079765916}
{"items_size": 15, "stocks_size": 6, "fill_percentage": 0.5677146631439894, "solution_time": 0.0003060000017285347}
{"items_size": 16, "stocks_size": 6, "fill_percentage": 0.5412995792728973, "solution_time": 0.0002166999038308859}
{"items_size": 16, "stocks_size": 6, "fill_percentage": 0.5010825605621144, "solution_time": 0.0003029999788850546}
{"items_size": 16, "stocks_size": 6, "fill_percentage": 0.5584651022258033, "solution_time": 0.0002843000693246722}
{"items_size": 17, "stocks_size": 5, "fill_percentage": 0.44779594370860926, "solution_time": 0.0004069999558851123}
{"items_size": 17, "stocks_size": 5, "fill_percentage": 0.557770807373351, "solution_time": 0.00046659994404762983}
{"items_size": 17, "stocks_size": 5, "fill_percentage": 0.47637481910274965, "solution_time": 0.0003451000666245818}
{"items_size": 15, "stocks_size": 6, "fill_percentage": 0.6611002674763248, "solution_time": 0.00033629999961704016}
{"items_size": 17, "stocks_size": 5, "fill_percentage": 0.6326032899770466, "solution_time": 0.000499499961733818}
{"items_size": 15, "stocks_size": 6, "fill_percentage": 0.5580705855521979, "solution_time": 0.00019509997218847275}
{"items_size": 16, "stocks_size": 6, "fill_percentage": 0.4620152091254753, "solution_time": 0.0002663000486791134}
{"items_size": 16, "stocks_size": 6, "fill_percentage": 0.4063914339331052, "solution_time": 0.0006386999739333987}
{"items_size": 15, "stocks_size": 6, "fill_percentage": 0.48342392635032566, "solution_time": 0.0005054000066593289}
{"items_size": 15, "stocks_size": 6, "fill_percentage": 0.5757730207271492, "solution_time": 0.00031160004436969757}
{"items_size": 16, "stocks_size": 6, "fill_percentage": 0.5973057808004185, "solution_time": 0.0005873000482097268}
{"items_size": 15, "stocks_size": 6, "fill_percentage": 0.5661084303150724, "solution_time": 0.00021909992210566998}
{"items_size": 16, "stocks_size": 6, "fill_percentage": 0.6761256148316307, "solution_time": 0.000496799941174686}
{"items_size": 16, "stocks_size": 6, "fill_percentage": 0.6229746070133011, "solution_time": 0.0006841999711468816}
{"items_size": 16, "stocks_size": 6, "fill_percentage": 0.5671909894164482, "solution_time": 0.0008687999797984958}
{"items_size": 15, "stocks_size": 6, "fill_percentage": 0.5696773834066975, "solution_time": 0.0006292000180110335}
{"items_size": 16, "stocks_size": 6, "fill_percentage": 0.39628635177551713, "solution_time": 0.00028630008455365896}
{"items_size": 15, "stocks_size": 6, "fill_percentage": 0.507125755330065, "solution_time": 0.0008637000573799014}
{"items_size": 15, "stocks_size": 6, "fill_percentage": 0.5582308743169399, "solution_time": 0.0007921999786049128}
{"items_size": 17, "stocks_size": 5, "fill_percentage": 0.44303545534673455, "solution_time": 0.0009260999504476786}
{"items_size": 15, "stocks_size": 6, "fill_percentage": 0.6365706548498277, "solution_time": 0.00018350000027567148}
{"items_size": 17, "stocks_size": 5, "fill_percentage": 0.42821187183620374, "solution_time": 0.0015091999666765332}
{"items_size": 17, "stocks_size": 5, "fill_percentage": 0.5787761644352254, "solution_time": 0.0008665999630466104}
{"items_size": 15, "stocks_size": 6, "fill_percentage": 0.5738718022420236, "solution_time": 0.00022819999139755964}
{"items_size": 17, "stocks_size": 5, "fill_percentage": 0.621520706042091, "solution_time": 0.0008846999844536185}
{"items_size": 17, "stocks_size": 5, "fill_percentage": 0.5180981108112399, "solution_time": 0.00032329990062862635}
{"items_size": 17, "stocks_size": 5, "fill_percentage": 0.4952681388012618, "solution_time": 0.0006627000402659178}
{"items_size": 16, "stocks_size": 6, "fill_percentage": 0.4679882132333244, "solution_time": 0.0009626999963074923}
{"items_size": 17, "stocks_size": 5, "fill_percentage": 0.46550412863972185, "solution_time": 0.000444800010882318}
{"items_size": 16, "stocks_size": 6, "fill_percentage": 0.5724888910591337, "solution_time": 0.0005160999717190862}
{"items_size": 17, "stocks_size": 5, "fill_percentage": 0.5148390736155943, "solution_time": 0.000449199927970767}
{"items_size": 16, "stocks_size": 6, "fill_percentage": 0.4762473316690184, "solution_time": 0.0005359000060707331}
{"items_size": 16, "stocks_size": 6, "fill_percentage": 0.5647748988933825, "solution_time": 0.0004124999977648258}
{"items_size": 16, "stocks_size": 6, "fill_percentage": 0.4679615795090715, "solution_time": 0.00034849997609853745}
{"items_size": 16, "stocks_size": 6, "fill_percentage": 0.541597723211331, "solution_time": 0.00028069992549717426}
{"items_size": 15, "stocks_size": 6, "fill_percentage": 0.6106911447084233, "solution_time": 0.00032760004978626966}
{"items_size": 15, "stocks_size": 6, "fill_percentage": 0.6137673601580941, "solution_time": 0.0004118999931961298}
{"items_size": 16, "stocks_size": 6, "fill_percentage": 0.5870027330701488, "solution_time": 0.00035099999513477087}
{"items_size": 17, "stocks_size": 5, "fill_percentage": 0.6110405741098537, "solution_time": 0.0003408000338822603}
{"items_size": 16, "stocks_size": 6, "fill_percentage": 0.5668093475242943, "solution_time": 0.0006031999364495277}
{"items_size": 17, "stocks_size": 5, "fill_percentage": 0.6157014478282576, "solution_time": 0.0009041000157594681}
{"items_size": 15, "stocks_size": 6, "fill_percentage": 0.5970936840396168, "solution_time": 0.0015355999348685145}
{"items_size": 16, "stocks_size": 6, "fill_percentage": 0.5232137892688351, "solution_time": 0.0010001999326050282}
{"items_size": 16, "stocks_size": 6, "fill_percentage": 0.42975374460522975, "solution_time": 0.0008472000481560826}
{"items_size": 16, "stocks_size": 6, "fill_percentage": 0.4602179146078804, "solution_time": 0.0009511999087408185}
{"items_size": 17, "stocks_size": 5, "fill_percentage": 0.5421300977418267, "solution_time": 0.0009417000692337751}
{"items_size": 15, "stocks_size": 6, "fill_percentage": 0.5670119607005554, "solution_time": 0.000788699951954186}
{"items_size": 16, "stocks_size": 6, "fill_percentage": 0.6088509624925581, "solution_time": 0.00070980004966259}
{"items_size": 16, "stocks_size": 6, "fill_percentage": 0.6212927756653992, "solution_time": 0.0005938000977039337}
{"items_size": 16, "stocks_size": 6, "fill_percentage": 0.4710538311715221, "solution_time": 0.0005225000204518437}
{"items_size": 17, "stocks_size": 5, "fill_percentage": 0.4538950225127984, "solution_time": 0.0005376000190153718}
{"items_size": 16, "stocks_size": 6, "fill_percentage": 0.6398418020806466, "solution_time": 0.000496799941174686}
{"items_size": 16, "stocks_size": 6, "fill_percentage": 0.5682817344624925, "solution_time": 0.0007169999880716205}
{"items_size": 17, "stocks_size": 5, "fill_percentage": 0.6060365369340747, "solution_time": 0.00046389992348849773}
{"items_size": 15, "stocks_size": 6, "fill_percentage": 0.5249931960446339, "solution_time": 0.00042319996282458305}
{"items_size": 17, "stocks_size": 5, "fill_percentage": 0.7479568770648582, "solution_time": 0.000533799990080297}
{"items_size": 17, "stocks_size": 5, "fill_percentage": 0.46965046888320544, "solution_time": 0.00024389999452978373}
{"items_size": 17,