{"items_size": 9, "stocks_size": 4, "fill_percentage": 0.6205900816070308, "solution_time": 9.618799958843738e-05}
{"items_size": 11, "stocks_size": 3, "fill_percentage": 0.624711093990755, "solution_time": 0.0001096680061891675}
{"items_size": 9, "stocks_size": 4, "fill_percentage": 0.6631104788999526, "solution_time": 8.52659868542105e-05}
{"items_size": 9, "stocks_size": 4, "fill_percentage": 0.7542576419213973, "solution_time": 8.890900062397122e-05}
{"items_size": 11, "stocks_size": 3, "fill_percentage": 0.8497676819824471, "solution_time": 0.00010578300862107426}
{"items_size": 9, "stocks_size": 4, "fill_percentage": 0.8391651957221472, "solution_time": 7.56049994379282e-05}
{"items_size": 9, "stocks_size": 4, "fill_percentage": 0.8166764533176747, "solution_time": 7.989800360519439e-05}
{"items_size": 11, "stocks_size": 3, "fill_percentage": 0.7239665096807953, "solution_time": 0.00012424099259078503}
{"items_size": 9, "stocks_size": 4, "fill_percentage": 0.41525002485336515, "solution_time": 9.027299529407173e-05}
{"items_size": 9, "stocks_size": 4, "fill_percentage": 0.4100131504790532, "solution_time": 7.747100607957691e-05}
{"items_size": 9, "stocks_size": 4, "fill_percentage": 0.5631216526396328, "solution_time": 9.472100646235049e-05}
{"items_size": 9, "stocks_size": 4, "fill_percentage": 0.4799178457325422, "solution_time": 8.910299220588058e-05}
{"items_size": 11, "stocks_size": 3, "fill_percentage": 0.646789902603856, "solution_time": 9.494400001130998e-05}
{"items_size": 11, "stocks_size": 3, "fill_percentage": 0.81802899768859, "solution_time": 9.828900510910898e-05}
{"items_size": 9, "stocks_size": 4, "fill_percentage": 0.44966603053435117, "solution_time": 8.453000918962061e-05}
{"items_size": 11, "stocks_size": 3, "fill_percentage": 0.5177794832437964, "solution_time": 0.00011168100172653794}
{"items_size": 9, "stocks_size": 4, "fill_percentage": 0.4593385077966576, "solution_time": 8.916101069189608e-05}
{"items_size": 9, "stocks_size": 4, "fill_percentage": 0.5696441032798325, "solution_time": 7.402901246678084e-05}
{"items_size": 9, "stocks_size": 4, "fill_percentage": 0.8350447891632073, "solution_time": 7.494699093513191e-05}
{"items_size": 9, "stocks_size": 4, "fill_percentage": 0.8217219673530353, "solution_time": 7.254899537656456e-05}
{"items_size": 9, "stocks_size": 4, "fill_percentage": 0.8079710144927537, "solution_time": 8.846400305628777e-05}
{"items_size": 9, "stocks_size": 4, "fill_percentage": 0.5520361990950227, "solution_time": 6.933700933586806e-05}
{"items_size": 11, "stocks_size": 3, "fill_percentage": 0.8563950617283951, "solution_time": 8.953799260780215e-05}
{"items_size": 11, "stocks_size": 3, "fill_percentage": 0.3853973376361436, "solution_time": 0.00014678400475531816}
{"items_size": 9, "stocks_size": 4, "fill_percentage": 0.5972844142712697, "solution_time": 7.547398854512721e-05}
{"items_size": 9, "stocks_size": 4, "fill_percentage": 0.6082289803220036, "solution_time": 7.386200013570487e-05}
{"items_size": 11, "stocks_size": 3, "fill_percentage": 0.5493636475966885, "solution_time": 9.60729958023876e-05}
{"items_size": 11, "stocks_size": 3, "fill_percentage": 0.8019125683060109, "solution_time": 0.00010405899956822395}
{"items_size": 11, "stocks_size": 3, "fill_percentage": 0.5633323167632408, "solution_time": 9.590199624653906e-05}
{"items_size": 11, "stocks_size": 3, "fill_percentage": 0.4933987174651075, "solution_time": 0.00011262299085501581}
{"items_size": 11, "stocks_size": 3, "fill_percentage": 0.6789841632187188, "solution_time": 0.00010239900439046323}
{"items_size": 11, "stocks_size": 3, "fill_percentage": 0.5582557978058603, "solution_time": 9.372099884785712e-05}
{"items_size": 11, "stocks_size": 3, "fill_percentage": 0.4030514385353095, "solution_time": 0.00010673400538507849}
{"items_size": 11, "stocks_size": 3, "fill_percentage": 0.7961149590000796, "solution_time": 0.0005042090051574633}
{"items_size": 11, "stocks_size": 3, "fill_percentage": 0.7188959306204136, "solution_time": 0.0001027309917844832}
{"items_size": 11, "stocks_size": 3, "fill_percentage": 0.3456658595641646, "solution_time": 0.00012556799629237503}
{"items_size": 11, "stocks_size": 3, "fill_percentage": 0.448150833937636, "solution_time": 9.722998947836459e-05}
{"items_size": 9, "stocks_size": 4, "fill_percentage": 0.7157691378893987, "solution_time": 8.825799159239978e-05}
{"items_size": 11, "stocks_size": 3, "fill_percentage": 0.7314423076923077, "solution_time": 9.241201041731983e-05}
{"items_size": 11, "stocks_size": 3, "fill_percentage": 0.6600047025628968, "solution_time": 9.17389988899231e-05}
{"items_size": 11, "stocks_size": 3, "fill_percentage": 0.46074074074074073, "solution_time": 8.715900185052305e-05}
{"items_size": 9, "stocks_size": 4, "fill_percentage": 0.6099535181920179, "solution_time": 7.564399857074022e-05}
{"items_size": 9, "stocks_size": 4, "fill_percentage": 0.735396000629822, "solution_time": 7.386200013570487e-05}
{"items_size": 11, "stocks_size": 3, "fill_percentage": 0.4765002736061288, "solution_time": 9.593099821358919e-05}
{"items_size": 9, "stocks_size": 4, "fill_percentage": 0.5524440345434728, "solution_time": 8.15250095911324e-05}
{"items_size": 9, "stocks_size": 4, "fill_percentage": 0.5965417867435159, "solution_time": 7.96370004536584e-05}
{"items_size": 11, "stocks_size": 3, "fill_percentage": 0.5284018264840182, "solution_time": 8.741499914322048e-05}
{"items_size": 11, "stocks_size": 3, "fill_percentage": 0.5594863096680397, "solution_time": 9.84920043265447e-05}
{"items_size": 11, "stocks_size": 3, "fill_percentage": 0.7001574493209998, "solution_time": 9.578900062479079e-05}
{"items_size": 11, "stocks_size": 3, "fill_percentage": 0.7260905349794239, "solution_time": 0.0001088390126824379}
