{"items_size": 248, "stocks_size": 77, "fill_percentage": 0.9451930670944122, "solution_time": 0.019872400007443503}
{"items_size": 245, "stocks_size": 76, "fill_percentage": 0.9352113861334063, "solution_time": 0.021503399999346584}
{"items_size": 245, "stocks_size": 80, "fill_percentage": 0.9479046246889254, "solution_time": 0.02170260000275448}
{"items_size": 243, "stocks_size": 82, "fill_percentage": 0.9440410175160637, "solution_time": 0.020259600001736544}
{"items_size": 246, "stocks_size": 80, "fill_percentage": 0.9648903769063669, "solution_time": 0.02041300000564661}
{"items_size": 245, "stocks_size": 78, "fill_percentage": 0.9488764109060613, "solution_time": 0.020205099994200282}
{"items_size": 245, "stocks_size": 79, "fill_percentage": 0.9309186004568956, "solution_time": 0.019482899995637126}
{"items_size": 245, "stocks_size": 77, "fill_percentage": 0.9430195497025828, "solution_time": 0.019223399998736568}
{"items_size": 245, "stocks_size": 80, "fill_percentage": 0.9267675596572318, "solution_time": 0.019641400009277277}
{"items_size": 234, "stocks_size": 83, "fill_percentage": 0.937873380401893, "solution_time": 0.01961950000259094}
{"items_size": 249, "stocks_size": 82, "fill_percentage": 0.958875429938687, "solution_time": 0.021079199999803677}
{"items_size": 245, "stocks_size": 82, "fill_percentage": 0.9427783725910064, "solution_time": 0.020408000011229888}
{"items_size": 237, "stocks_size": 83, "fill_percentage": 0.942241082833841, "solution_time": 0.021263999995426275}
{"items_size": 249, "stocks_size": 83, "fill_percentage": 0.9387388847721378, "solution_time": 0.020782599996891804}
{"items_size": 242, "stocks_size": 77, "fill_percentage": 0.9447977904674798, "solution_time": 0.018605599994771183}
{"items_size": 244, "stocks_size": 78, "fill_percentage": 0.9503809003701436, "solution_time": 0.022666799995931797}
{"items_size": 243, "stocks_size": 79, "fill_percentage": 0.9319927855061068, "solution_time": 0.02352719999908004}
{"items_size": 237, "stocks_size": 82, "fill_percentage": 0.9483054651554259, "solution_time": 0.020116500003496185}
{"items_size": 248, "stocks_size": 81, "fill_percentage": 0.9497891890320141, "solution_time": 0.02102470000681933}
{"items_size": 246, "stocks_size": 80, "fill_percentage": 0.9499746806954369, "solution_time": 0.01937290000205394}
{"items_size": 247, "stocks_size": 79, "fill_percentage": 0.9380511911575553, "solution_time": 0.01972850000311155}
{"items_size": 247, "stocks_size": 76, "fill_percentage": 0.9316376234720419, "solution_time": 0.02027510000334587}
{"items_size": 233, "stocks_size": 83, "fill_percentage": 0.9443119287721702, "solution_time": 0.01820160000352189}
{"items_size": 249, "stocks_size": 79, "fill_percentage": 0.948116761362027, "solution_time": 0.021018700004788116}
{"items_size": 240, "stocks_size": 79, "fill_percentage": 0.9442677834682663, "solution_time": 0.01871170000231359}
{"items_size": 239, "stocks_size": 82, "fill_percentage": 0.9310940313684055, "solution_time": 0.018488100002286956}
{"items_size": 247, "stocks_size": 82, "fill_percentage": 0.9460520923455216, "solution_time": 0.02135529999213759}
{"items_size": 235, "stocks_size": 82, "fill_percentage": 0.9291198834233191, "solution_time": 0.01866899999731686}
{"items_size": 245, "stocks_size": 80, "fill_percentage": 0.9486616651677947, "solution_time": 0.019770400002016686}
{"items_size": 243, "stocks_size": 77, "fill_percentage": 0.9331594315291021, "solution_time": 0.019843500005663373}
{"items_size": 245, "stocks_size": 76, "fill_percentage": 0.9580334843161326, "solution_time": 0.021928100002696738}
{"items_size": 245, "stocks_size": 81, "fill_percentage": 0.957237073086417, "solution_time": 0.020617200003471226}
{"items_size": 244, "stocks_size": 78, "fill_percentage": 0.9193887527991842, "solution_time": 0.02161820000037551}
{"items_size": 244, "stocks_size": 76, "fill_percentage": 0.9321638405960123, "solution_time": 0.020165499998256564}
{"items_size": 239, "stocks_size": 79, "fill_percentage": 0.9384349757180858, "solution_time": 0.019978800002718344}
{"items_size": 248, "stocks_size": 74, "fill_percentage": 0.9514638961286821, "solution_time": 0.01922509999712929}
{"items_size": 249, "stocks_size": 75, "fill_percentage": 0.9261227026366192, "solution_time": 0.02210019998892676}
{"items_size": 244, "stocks_size": 78, "fill_percentage": 0.9523450309532864, "solution_time": 0.020022299999254756}
{"items_size": 235, "stocks_size": 82, "fill_percentage": 0.9515984463698834, "solution_time": 0.01792510000814218}
{"items_size": 248, "stocks_size": 80, "fill_percentage": 0.9620491692952323, "solution_time": 0.01896159999887459}
{"items_size": 238, "stocks_size": 82, "fill_percentage": 0.9454830744529454, "solution_time": 0.01952079999318812}
{"items_size": 247, "stocks_size": 79, "fill_percentage": 0.9504575685484571, "solution_time": 0.022447499999543652}
{"items_size": 245, "stocks_size": 78, "fill_percentage": 0.9478622887902295, "solution_time": 0.021679299999959767}
{"items_size": 240, "stocks_size": 80, "fill_percentage": 0.9328312617325913, "solution_time": 0.020151399992755614}
{"items_size": 245, "stocks_size": 76, "fill_percentage": 0.9373868428371162, "solution_time": 0.02046169999812264}
{"items_size": 242, "stocks_size": 83, "fill_percentage": 0.9447400972298133, "solution_time": 0.029055199993308634}
{"items_size": 243, "stocks_size": 80, "fill_percentage": 0.9403010657900375, "solution_time": 0.019495299988193437}
{"items_size": 246, "stocks_size": 81, "fill_percentage": 0.9480201769693025, "solution_time": 0.021628600006806664}
{"items_size": 245, "stocks_size": 81, "fill_percentage": 0.9539149648317223, "solution_time": 0.020038400005432777}
{"items_size": 247, "stocks_size": 76, "fill_percentage": 0.9440408818312358, "solution_time": 0.021124300008523278}
