{"items_size": 26, "stocks_size": 8, "fill_percentage": 0.8710596452531937, "solution_time": 0.0004341000458225608}
{"items_size": 25, "stocks_size": 9, "fill_percentage": 0.8457544034562978, "solution_time": 0.000362900085747242}
{"items_size": 24, "stocks_size": 9, "fill_percentage": 0.8077349290780141, "solution_time": 0.0003100000321865082}
{"items_size": 24, "stocks_size": 9, "fill_percentage": 0.71996699669967, "solution_time": 0.0002722999779507518}
{"items_size": 24, "stocks_size": 10, "fill_percentage": 0.8057569296375267, "solution_time": 0.0003073000116273761}
{"items_size": 26, "stocks_size": 8, "fill_percentage": 0.8284841954022989, "solution_time": 0.00024720001965761185}
{"items_size": 25, "stocks_size": 9, "fill_percentage": 0.7358820270212675, "solution_time": 0.0004211999475955963}
{"items_size": 24, "stocks_size": 10, "fill_percentage": 0.7970732410611303, "solution_time": 0.0002983999438583851}
{"items_size": 24, "stocks_size": 10, "fill_percentage": 0.7637912087912088, "solution_time": 0.00027409999165683985}
{"items_size": 24, "stocks_size": 9, "fill_percentage": 0.8299603174603175, "solution_time": 0.0003424999304115772}
{"items_size": 26, "stocks_size": 8, "fill_percentage": 0.793982683982684, "solution_time": 0.00034170004073530436}
{"items_size": 27, "stocks_size": 8, "fill_percentage": 0.895509410801964, "solution_time": 0.0004624000284820795}
{"items_size": 27, "stocks_size": 8, "fill_percentage": 0.8168837335504002, "solution_time": 0.0002666000509634614}
{"items_size": 24, "stocks_size": 10, "fill_percentage": 0.6153905556199081, "solution_time": 0.0005172999808564782}
{"items_size": 26, "stocks_size": 8, "fill_percentage": 0.6927901847256686, "solution_time": 0.0004746000049635768}
{"items_size": 25, "stocks_size": 9, "fill_percentage": 0.6461472967220093, "solution_time": 0.0003470999654382467}
{"items_size": 26, "stocks_size": 8, "fill_percentage": 0.8756180067655478, "solution_time": 0.0002978000557050109}
{"items_size": 25, "stocks_size": 9, "fill_percentage": 0.7458887043189368, "solution_time": 0.00032489991281181574}
{"items_size": 24, "stocks_size": 10, "fill_percentage": 0.7555863575268817, "solution_time": 0.0010874000145122409}
{"items_size": 25, "stocks_size": 9, "fill_percentage": 0.6893866099071208, "solution_time": 0.00034870009403675795}
{"items_size": 23, "stocks_size": 10, "fill_percentage": 0.7944166666666667, "solution_time": 0.00025859999004751444}
{"items_size": 24, "stocks_size": 9, "fill_percentage": 0.6604677373908143, "solution_time": 0.0004080000799149275}
{"items_size": 27, "stocks_size": 8, "fill_percentage": 0.7618361836183618, "solution_time": 0.0004056000616401434}
{"items_size": 24, "stocks_size": 9, "fill_percentage": 0.8270923132183908, "solution_time": 0.0002839999506250024}
{"items_size": 24, "stocks_size": 10, "fill_percentage": 0.7381666666666666, "solution_time": 0.00048399996012449265}
{"items_size": 24, "stocks_size": 10, "fill_percentage": 0.8237179487179487, "solution_time": 0.00036689999978989363}
{"items_size": 26, "stocks_size": 8, "fill_percentage": 0.8686366149052717, "solution_time": 0.00038979994133114815}
{"items_size": 27, "stocks_size": 8, "fill_percentage": 0.6586815480241368, "solution_time": 0.0004805000498890877}
{"items_size": 24, "stocks_size": 10, "fill_percentage": 0.7905148237179487, "solution_time": 0.00037299992982298136}
{"items_size": 24, "stocks_size": 9, "fill_percentage": 0.7554106910039113, "solution_time": 0.00029170000925660133}
{"items_size": 26, "stocks_size": 8, "fill_percentage": 0.7768837751941103, "solution_time": 0.00024780002422630787}
{"items_size": 24, "stocks_size": 10, "fill_percentage": 0.7038943214959684, "solution_time": 0.00040140002965927124}
{"items_size": 23, "stocks_size": 10, "fill_percentage": 0.8646285681199699, "solution_time": 0.0003381000133231282}
{"items_size": 26, "stocks_size": 8, "fill_percentage": 0.8946162657502864, "solution_time": 0.00041909993160516024}
{"items_size": 23, "stocks_size": 10, "fill_percentage": 0.8394082840236686, "solution_time": 0.00024399999529123306}
{"items_size": 27, "stocks_size": 8, "fill_percentage": 0.6738072923639934, "solution_time": 0.0003032999811694026}
{"items_size": 23, "stocks_size": 10, "fill_percentage": 0.7766295707472178, "solution_time": 0.0003328999737277627}
{"items_size": 25, "stocks_size": 9, "fill_percentage": 0.828052805280528, "solution_time": 0.00044840003829449415}
{"items_size": 27, "stocks_size": 8, "fill_percentage": 0.7786317907444668, "solution_time": 0.00029349990654736757}
{"items_size": 25, "stocks_size": 9, "fill_percentage": 0.7315899884259259, "solution_time": 0.000264400034211576}
{"items_size": 24, "stocks_size": 10, "fill_percentage": 0.7908050730631376, "solution_time": 0.00031919998582452536}
{"items_size": 25, "stocks_size": 9, "fill_percentage": 0.7285567715458277, "solution_time": 0.0003136999439448118}
{"items_size": 26, "stocks_size": 8, "fill_percentage": 0.8739444444444444, "solution_time": 0.0003056999994441867}
{"items_size": 26, "stocks_size": 8, "fill_percentage": 0.7507665945165946, "solution_time": 0.0004002000205218792}
{"items_size": 27, "stocks_size": 8, "fill_percentage": 0.8380486968449932, "solution_time": 0.0003328999737277627}
{"items_size": 23, "stocks_size": 10, "fill_percentage": 0.7280675608544461, "solution_time": 0.0003530000103637576}
{"items_size": 27, "stocks_size": 8, "fill_percentage": 0.7753255208333333, "solution_time": 0.0003223000094294548}
{"items_size": 25, "stocks_size": 9, "fill_percentage": 0.7313201035375324, "solution_time": 0.0004099000943824649}
{"items_size": 24, "stocks_size": 9, "fill_percentage": 0.793939393939394, "solution_time": 0.0003360999980941415}
{"items_size": 24, "stocks_size": 10, "fill_percentage": 0.8666072489601901, "solution_time": 0.00030970002990216017}
{"items_size": 24, "stocks_size": 9, "fill_percentage": 0.6318307542797339, "solution_time": 0.00044899992644786835}
{"items_size": 25, "stocks_size": 9, "fill_percentage": 0.7890625, "solution_time": 0.00029440002981573343}
{"items_size": 25, "stocks_size": 9, "fill_percentage": 0.6111182934712347, "solution_time": 0.00052429991774261}
{"items_size": 26, "stocks_size": 8, "fill_percentage": 0.693944209039548, "solution_time": 0.0003464999608695507}
{"items_size": 24, "stocks_size": 9, "fill_percentage": 0.7533913223568396, "solution_time": 0.0003792999777942896}
{"items_size": 25, "stocks_size": 9, "fill_percentage": 0.797487922705314, "solution_time": 0.00025450007524341345}
{"items_size": 23, "stocks_size": 10, "fill_percentage": 0.6922879616963065, "solution_time": 0.00032700004521757364}
{"items_size": 27, "stocks_size": 8, "fill_percentage": 0.7135025062656641, "solution_time": 0.0003942999755963683}
{"items_size": 23, "stocks_size": 10, "fill_percentage": 0.5783645031169784, "solution_time": 0.0004208999453112483}
{"items_size": 26, "stocks_size": 8, "fill_percentage": 0.8203174603174603, "solution_time": 0.0003201999934390187}
{"items_size": 26, "stocks_size": 8, "fill_percentage": 0.8002180899908172, "solution_time": 0.0003749999450519681}
{"items_size": 25, "stocks_size": 9, "fill_percentage": 0.780083857442348, "solution_time": 0.00026320002507418394}
{"items_size": 24, "stocks_size": 10, "fill_percentage": 0.724265993973793, "solution_time": 0.0003003000747412443}
{"items_size": 27, "stocks_size": 8, "fill_percentage": 0.8044943820224719, "solution_time": 0.00029799994081258774}
{"items_size": 27, "stocks_size": 8, "fill_percentage": 0.7352061170212766, "solution_time": 0.00030529999639838934}
{"items_size": 24, "stocks_size": 9, "fill_percentage": 0.8545487451737451, "solution_time": 0.00039000005926936865}
{"items_size": 25, "stocks_size": 9, "fill_percentage": 0.8006578471770404, "solution_time": 0.00024780002422630787}
{"items_size": 26, "stocks_size": 8, "fill_percentage": 0.7807914046121593, "solution_time": 0.00026240001898258924}
{"items_size": 25, "stocks_size": 9, "fill_percentage": 0.8719452590420332,