{"items_size": 26, "stocks_size": 8, "fill_percentage": 0.5226357871519162, "solution_time": 0.0005438000662252307}
{"items_size": 25, "stocks_size": 9, "fill_percentage": 0.5638362689708651, "solution_time": 0.0003282999387010932}
{"items_size": 24, "stocks_size": 9, "fill_percentage": 0.5384899527186762, "solution_time": 0.00033829989843070507}
{"items_size": 24, "stocks_size": 9, "fill_percentage": 0.71996699669967, "solution_time": 0.0005564999300986528}
{"items_size": 24, "stocks_size": 10, "fill_percentage": 0.5371712864250178, "solution_time": 0.00034470006357878447}
{"items_size": 26, "stocks_size": 8, "fill_percentage": 0.6213631465517241, "solution_time": 0.0002951000351458788}
{"items_size": 25, "stocks_size": 9, "fill_percentage": 0.5519115202659507, "solution_time": 0.0006738000083714724}
{"items_size": 24, "stocks_size": 10, "fill_percentage": 0.4782439446366782, "solution_time": 0.0005611999658867717}
{"items_size": 24, "stocks_size": 10, "fill_percentage": 0.6110329670329671, "solution_time": 0.00037480005994439125}
{"items_size": 24, "stocks_size": 9, "fill_percentage": 0.5187251984126984, "solution_time": 0.0003063000040128827}
{"items_size": 26, "stocks_size": 8, "fill_percentage": 0.595487012987013, "solution_time": 0.00036289996933192015}
{"items_size": 27, "stocks_size": 8, "fill_percentage": 0.7164075286415712, "solution_time": 0.0004889999981969595}
{"items_size": 27, "stocks_size": 8, "fill_percentage": 0.7147732668566001, "solution_time": 0.0008533999789506197}
{"items_size": 24, "stocks_size": 10, "fill_percentage": 0.6153905556199081, "solution_time": 0.0004903000080958009}
{"items_size": 26, "stocks_size": 8, "fill_percentage": 0.4618601231504457, "solution_time": 0.0009568000677973032}
{"items_size": 25, "stocks_size": 9, "fill_percentage": 0.484610472541507, "solution_time": 0.0005013999762013555}
{"items_size": 26, "stocks_size": 8, "fill_percentage": 0.4378090033827739, "solution_time": 0.0006554999854415655}
{"items_size": 25, "stocks_size": 9, "fill_percentage": 0.5967109634551495, "solution_time": 0.00039110006764531136}
{"items_size": 24, "stocks_size": 10, "fill_percentage": 0.6044690860215054, "solution_time": 0.00037969998084008694}
{"items_size": 25, "stocks_size": 9, "fill_percentage": 0.5515092879256966, "solution_time": 0.0004658999387174845}
{"items_size": 23, "stocks_size": 10, "fill_percentage": 0.5958125, "solution_time": 0.000354000017978251}
{"items_size": 24, "stocks_size": 9, "fill_percentage": 0.49535080304311074, "solution_time": 0.0004667999455705285}
{"items_size": 27, "stocks_size": 8, "fill_percentage": 0.6094689468946894, "solution_time": 0.000381499994546175}
{"items_size": 24, "stocks_size": 9, "fill_percentage": 0.5513948754789272, "solution_time": 0.00037640007212758064}
{"items_size": 24, "stocks_size": 10, "fill_percentage": 0.553625, "solution_time": 0.0006231000879779458}
{"items_size": 24, "stocks_size": 10, "fill_percentage": 0.4706959706959707, "solution_time": 0.0004398999735713005}
{"items_size": 26, "stocks_size": 8, "fill_percentage": 0.5211819689431629, "solution_time": 0.000547999981790781}
{"items_size": 27, "stocks_size": 8, "fill_percentage": 0.4940111610181026, "solution_time": 0.000686399987898767}
{"items_size": 24, "stocks_size": 10, "fill_percentage": 0.5270098824786325, "solution_time": 0.00034380005672574043}
{"items_size": 24, "stocks_size": 9, "fill_percentage": 0.5395790650027938, "solution_time": 0.0004458000184968114}
{"items_size": 26, "stocks_size": 8, "fill_percentage": null, "solution_time": null}
{"items_size": 24, "stocks_size": 10, "fill_percentage": 0.5279207411219763, "solution_time": 0.0005621000891551375}
{"items_size": 23, "stocks_size": 10, "fill_percentage": 0.5187771408719819, "solution_time": 0.00039820000529289246}
{"items_size": 26, "stocks_size": 8, "fill_percentage": 0.5367697594501718, "solution_time": 0.0006669999565929174}
{"items_size": 23, "stocks_size": 10, "fill_percentage": 0.5995773457311919, "solution_time": 0.0004493000451475382}
{"items_size": 27, "stocks_size": 8, "fill_percentage": 0.6738072923639934, "solution_time": 0.0006087999790906906}
{"items_size": 23, "stocks_size": 10, "fill_percentage": 0.6040452216922805, "solution_time": 0.00035340001340955496}
{"items_size": 25, "stocks_size": 9, "fill_percentage": 0.5520352035203521, "solution_time": 0.0005912999622523785}
{"items_size": 27, "stocks_size": 8, "fill_percentage": null, "solution_time": null}
{"items_size": 25, "stocks_size": 9, "fill_percentage": 0.5852719907407408, "solution_time": 0.00037210003938525915}
{"items_size": 24, "stocks_size": 10, "fill_percentage": 0.5931038047973531, "solution_time": 0.0004477000329643488}
{"items_size": 25, "stocks_size": 9, "fill_percentage": 0.48570451436388506, "solution_time": 0.0004610000178217888}
{"items_size": 26, "stocks_size": 8, "fill_percentage": 0.6991555555555555, "solution_time": 0.0008703999919816852}
{"items_size": 26, "stocks_size": 8, "fill_percentage": 0.5630749458874459, "solution_time": 0.0008535000961273909}
{"items_size": 27, "stocks_size": 8, "fill_percentage": 0.6285365226337448, "solution_time": 0.0003203999949619174}
{"items_size": 23, "stocks_size": 10, "fill_percentage": 0.5200482577531758, "solution_time": 0.0003415000392124057}
{"items_size": 27, "stocks_size": 8, "fill_percentage": null, "solution_time": null}
{"items_size": 25, "stocks_size": 9, "fill_percentage": 0.6094334196146103, "solution_time": 0.0004502000520005822}
{"items_size": 24, "stocks_size": 9, "fill_percentage": 0.5954545454545455, "solution_time": 0.00035850005224347115}
{"items_size": 24, "stocks_size": 10, "fill_percentage": 0.6932857991681521, "solution_time": 0.0003100999165326357}
{"items_size": 24, "stocks_size": 9, "fill_percentage": 0.6318307542797339, "solution_time": 0.0005631999811157584}
{"items_size": 25, "stocks_size": 9, "fill_percentage": 0.63125, "solution_time": 0.0005092000355944037}
{"items_size": 25, "stocks_size": 9, "fill_percentage": 0.6111182934712347, "solution_time": 0.0007128999568521976}
{"items_size": 26, "stocks_size": 8, "fill_percentage": 0.693944209039548, "solution_time": 0.0004496000474318862}
{"items_size": 24, "stocks_size": 9, "fill_percentage": 0.5650434917676297, "solution_time": 0.0003472999669611454}
{"items_size": 25, "stocks_size": 9, "fill_percentage": 0.664573268921095, "solution_time": 0.00041360000614076853}
{"items_size": 23, "stocks_size": 10, "fill_percentage": 0.5538303693570451, "solution_time": 0.00041770003736019135}
{"items_size": 27, "stocks_size": 8, "fill_percentage": null, "solution_time": null}
{"items_size": 23, "stocks_size": 10, "fill_percentage": 0.5783645031169784, "solution_time": 0.00040470005478709936}
{"items_size": 26, "stocks_size": 8, "fill_percentage": null, "solution_time": null}
{"items_size": 26, "stocks_size": 8, "fill_percentage": 0.600163567493113, "solution_time": 0.0004547999706119299}
{"items_size": 25, "stocks_size": 9, "fill_percentage": 0.6240670859538784, "solution_time": 0.00045779999345541}
{"items_size": 24, "stocks_size": 10, "fill_percentage": 0.724265993973793, "solution_time": 0.0005401000380516052}
{"items_size": 27, "stocks_size": 8, "fill_percentage": 0.5363295880149813, "solution_time": 0.000471699982881546}
{"items_size": 27, "stocks_size": 8, "fill_percentage": 0.5514045877659575, "solution_time": 0.0006040000589564443}
{"items_size": 24, "stocks_size": 9, "fill_percentage": 0.6836389961389961, "solution_time": 0.0003472999669611454}
{"items_size": 25, "stocks_size": 9, "fill_percentage": 0.6004933853827803, "solution_time": 0.0004118999931961298}
{"items_size": 26, "stocks_size": 8, "fill_percentage": null, "solution_time": null}
{"items_size": 25, "stocks_size": 9, "fill_percentage": 0.5812968393613555, "solution_time": 0.0005019999807700515}
{"items_size": 25, "stocks_size": 9, "fill_percentage": 0.6374135763670647,