{"items_size": 26, "stocks_size": 8, "fill_percentage": 0.5226357871519162, "solution_time": 0.0005011000903323293}
{"items_size": 25, "stocks_size": 9, "fill_percentage": 0.5638362689708651, "solution_time": 0.00039190007373690605}
{"items_size": 24, "stocks_size": 9, "fill_percentage": 0.5384899527186762, "solution_time": 0.0003754999488592148}
{"items_size": 24, "stocks_size": 9, "fill_percentage": 0.71996699669967, "solution_time": 0.0004344000481069088}
{"items_size": 24, "stocks_size": 10, "fill_percentage": 0.5371712864250178, "solution_time": 0.0004010000266134739}
{"items_size": 26, "stocks_size": 8, "fill_percentage": 0.6213631465517241, "solution_time": 0.000301100080832839}
{"items_size": 25, "stocks_size": 9, "fill_percentage": 0.5519115202659507, "solution_time": 0.0004913000157102942}
{"items_size": 24, "stocks_size": 10, "fill_percentage": 0.4782439446366782, "solution_time": 0.000681400066241622}
{"items_size": 24, "stocks_size": 10, "fill_percentage": 0.6110329670329671, "solution_time": 0.0005016999784857035}
{"items_size": 24, "stocks_size": 9, "fill_percentage": 0.5187251984126984, "solution_time": 0.0003787999739870429}
{"items_size": 26, "stocks_size": 8, "fill_percentage": 0.595487012987013, "solution_time": 0.0003192999865859747}
{"items_size": 27, "stocks_size": 8, "fill_percentage": 0.7164075286415712, "solution_time": 0.00040259992238134146}
{"items_size": 27, "stocks_size": 8, "fill_percentage": 0.7147732668566001, "solution_time": 0.0003076000139117241}
{"items_size": 24, "stocks_size": 10, "fill_percentage": 0.6153905556199081, "solution_time": 0.0004744000034406781}
{"items_size": 26, "stocks_size": 8, "fill_percentage": 0.4618601231504457, "solution_time": 0.0013015000149607658}
{"items_size": 25, "stocks_size": 9, "fill_percentage": 0.484610472541507, "solution_time": 0.00046680006198585033}
{"items_size": 26, "stocks_size": 8, "fill_percentage": 0.4378090033827739, "solution_time": 0.0006052999524399638}
{"items_size": 25, "stocks_size": 9, "fill_percentage": 0.5967109634551495, "solution_time": 0.0003396000247448683}
{"items_size": 24, "stocks_size": 10, "fill_percentage": 0.6044690860215054, "solution_time": 0.00035099999513477087}
{"items_size": 25, "stocks_size": 9, "fill_percentage": 0.5515092879256966, "solution_time": 0.0004743000026792288}
{"items_size": 23, "stocks_size": 10, "fill_percentage": 0.5958125, "solution_time": 0.0005117000546306372}
{"items_size": 24, "stocks_size": 9, "fill_percentage": 0.49535080304311074, "solution_time": 0.000458099995739758}
{"items_size": 27, "stocks_size": 8, "fill_percentage": 0.6094689468946894, "solution_time": 0.000519599998369813}
{"items_size": 24, "stocks_size": 9, "fill_percentage": 0.5513948754789272, "solution_time": 0.000317899975925684}
{"items_size": 24, "stocks_size": 10, "fill_percentage": 0.553625, "solution_time": 0.001002300065010786}
{"items_size": 24, "stocks_size": 10, "fill_percentage": 0.4706959706959707, "solution_time": 0.0003521000035107136}
{"items_size": 26, "stocks_size": 8, "fill_percentage": 0.5211819689431629, "solution_time": 0.0007530999137088656}
{"items_size": 27, "stocks_size": 8, "fill_percentage": 0.4940111610181026, "solution_time": 0.0006940000457689166}
{"items_size": 24, "stocks_size": 10, "fill_percentage": 0.5270098824786325, "solution_time": 0.0004685999592766166}
{"items_size": 24, "stocks_size": 9, "fill_percentage": 0.5395790650027938, "solution_time": 0.0003695000195875764}
{"items_size": 26, "stocks_size": 8, "fill_percentage": null, "solution_time": null}
{"items_size": 24, "stocks_size": 10, "fill_percentage": 0.5279207411219763, "solution_time": 0.0003770999610424042}
{"items_size": 23, "stocks_size": 10, "fill_percentage": 0.5187771408719819, "solution_time": 0.0004176999209448695}
{"items_size": 26, "stocks_size": 8, "fill_percentage": 0.5367697594501718, "solution_time": 0.00035450002178549767}
{"items_size": 23, "stocks_size": 10, "fill_percentage": 0.5995773457311919, "solution_time": 0.00029719993472099304}
{"items_size": 27, "stocks_size": 8, "fill_percentage": 0.6738072923639934, "solution_time": 0.0005232000257819891}
{"items_size": 23, "stocks_size": 10, "fill_percentage": 0.6040452216922805, "solution_time": 0.0002715999726206064}
{"items_size": 25, "stocks_size": 9, "fill_percentage": 0.5520352035203521, "solution_time": 0.0007136999629437923}
{"items_size": 27, "stocks_size": 8, "fill_percentage": null, "solution_time": null}
{"items_size": 25, "stocks_size": 9, "fill_percentage": 0.5852719907407408, "solution_time": 0.0005091000348329544}
{"items_size": 24, "stocks_size": 10, "fill_percentage": 0.5931038047973531, "solution_time": 0.0005162999732419848}
{"items_size": 25, "stocks_size": 9, "fill_percentage": 0.48570451436388506, "solution_time": 0.0004406999796628952}
{"items_size": 26, "stocks_size": 8, "fill_percentage": 0.6991555555555555, "solution_time": 0.0004689000779762864}
{"items_size": 26, "stocks_size": 8, "fill_percentage": 0.5630749458874459, "solution_time": 0.0008645999478176236}
{"items_size": 27, "stocks_size": 8, "fill_percentage": 0.6285365226337448, "solution_time": 0.00038129999302327633}
{"items_size": 23, "stocks_size": 10, "fill_percentage": 0.5200482577531758, "solution_time": 0.0004572999896481633}
{"items_size": 27, "stocks_size": 8, "fill_percentage": null, "solution_time": null}
{"items_size": 25, "stocks_size": 9, "fill_percentage": 0.6094334196146103, "solution_time": 0.00042280007619410753}
{"items_size": 24, "stocks_size": 9, "fill_percentage": 0.5954545454545455, "solution_time": 0.0007598999654874206}
{"items_size": 24, "stocks_size": 10, "fill_percentage": 0.6932857991681521, "solution_time": 0.00047019997145980597}
{"items_size": 24, "stocks_size": 9, "fill_percentage": 0.6318307542797339, "solution_time": 0.000542700057849288}
{"items_size": 25, "stocks_size": 9, "fill_percentage": 0.63125, "solution_time": 0.000340400030836463}
{"items_size": 25, "stocks_size": 9, "fill_percentage": 0.6111182934712347, "solution_time": 0.0004732999950647354}
{"items_size": 26, "stocks_size": 8, "fill_percentage": 0.693944209039548, "solution_time": 0.00036970002111047506}
{"items_size": 24, "stocks_size": 9, "fill_percentage": 0.5650434917676297, "solution_time": 0.0004437000025063753}
{"items_size": 25, "stocks_size": 9, "fill_percentage": 0.664573268921095, "solution_time": 0.00038860004860907793}
{"items_size": 23, "stocks_size": 10, "fill_percentage": 0.5538303693570451, "solution_time": 0.0005921999691054225}
{"items_size": 27, "stocks_size": 8, "fill_percentage": null, "solution_time": null}
{"items_size": 23, "stocks_size": 10, "fill_percentage": 0.5783645031169784, "solution_time": 0.0004993000766262412}
{"items_size": 26, "stocks_size": 8, "fill_percentage": null, "solution_time": null}
{"items_size": 26, "stocks_size": 8, "fill_percentage": 0.600163567493113, "solution_time": 0.0006279000081121922}
{"items_size": 25, "stocks_size": 9, "fill_percentage": 0.6240670859538784, "solution_time": 0.0004952999297529459}
{"items_size": 24, "stocks_size": 10, "fill_percentage": 0.724265993973793, "solution_time": 0.0005190999945625663}
{"items_size": 27, "stocks_size": 8, "fill_percentage": 0.5363295880149813, "solution_time": 0.0005395000334829092}
{"items_size": 27, "stocks_size": 8, "fill_percentage": 0.5514045877659575, "solution_time": 0.0006025000475347042}
{"items_size": 24, "stocks_size": 9, "fill_percentage": 0.6836389961389961, "solution_time": 0.00037919997703284025}
{"items_size": 25, "stocks_size": 9, "fill_percentage": 0.6004933853827803, "solution_time": 0.000534399994648993}
{"items_size": 26, "stocks_size": 8, "fill_percentage": null, "solution_time": null}
{"items_size": 25, "stocks_size": 9, "fill_percentage": 0.5812968393613555, "solution_time": 0.0006066999631002545}
{"items_size": 25, "stocks_size": 9, "fill_percentage": 0.6374135763670647, "solution_time": 0.00048109993804246187}
{"items_size": 26, "stocks_size": 8, "fill_percentage": 0.5838121118012423,