{"items_size": 26, "stocks_size": 8, "fill_percentage": 0.6532947339398952, "solution_time": 0.00035640003625303507}
{"items_size": 25, "stocks_size": 9, "fill_percentage": 0.8457544034562978, "solution_time": 0.0003719000378623605}
{"items_size": 24, "stocks_size": 9, "fill_percentage": 0.8077349290780141, "solution_time": 0.00039739999920129776}
{"items_size": 24, "stocks_size": 9, "fill_percentage": 0.71996699669967, "solution_time": 0.0003784999717026949}
{"items_size": 24, "stocks_size": 10, "fill_percentage": 0.8057569296375267, "solution_time": 0.00026839994825422764}
{"items_size": 26, "stocks_size": 8, "fill_percentage": 0.8284841954022989, "solution_time": 0.00022280006669461727}
{"items_size": 25, "stocks_size": 9, "fill_percentage": 0.7358820270212675, "solution_time": 0.00029800005722790956}
{"items_size": 24, "stocks_size": 10, "fill_percentage": 0.7970732410611303, "solution_time": 0.0003053999971598387}
{"items_size": 24, "stocks_size": 10, "fill_percentage": 0.7637912087912088, "solution_time": 0.0002938000252470374}
{"items_size": 24, "stocks_size": 9, "fill_percentage": 0.8299603174603175, "solution_time": 0.00023389991838485003}
{"items_size": 26, "stocks_size": 8, "fill_percentage": 0.793982683982684, "solution_time": 0.00024969992227852345}
{"items_size": 27, "stocks_size": 8, "fill_percentage": 0.895509410801964, "solution_time": 0.0002587999915704131}
{"items_size": 27, "stocks_size": 8, "fill_percentage": 0.8168837335504002, "solution_time": 0.0002437999937683344}
{"items_size": 24, "stocks_size": 10, "fill_percentage": 0.6153905556199081, "solution_time": 0.0002938000252470374}
{"items_size": 26, "stocks_size": 8, "fill_percentage": 0.6927901847256686, "solution_time": 0.0003584000514820218}
{"items_size": 25, "stocks_size": 9, "fill_percentage": 0.6461472967220093, "solution_time": 0.0003003999590873718}
{"items_size": 26, "stocks_size": 8, "fill_percentage": 0.8756180067655478, "solution_time": 0.0003898999420925975}
{"items_size": 25, "stocks_size": 9, "fill_percentage": 0.7458887043189368, "solution_time": 0.0003692000173032284}
{"items_size": 24, "stocks_size": 10, "fill_percentage": 0.7555863575268817, "solution_time": 0.001788900000974536}
{"items_size": 25, "stocks_size": 9, "fill_percentage": 0.6893866099071208, "solution_time": 0.0003073000116273761}
{"items_size": 23, "stocks_size": 10, "fill_percentage": 0.7944166666666667, "solution_time": 0.0003256000345572829}
{"items_size": 24, "stocks_size": 9, "fill_percentage": 0.6604677373908143, "solution_time": 0.0003056999994441867}
{"items_size": 27, "stocks_size": 8, "fill_percentage": 0.7618361836183618, "solution_time": 0.000394199974834919}
{"items_size": 24, "stocks_size": 9, "fill_percentage": 0.8270923132183908, "solution_time": 0.0002788000274449587}
{"items_size": 24, "stocks_size": 10, "fill_percentage": 0.7381666666666666, "solution_time": 0.0004152000183239579}
{"items_size": 24, "stocks_size": 10, "fill_percentage": 0.8237179487179487, "solution_time": 0.0003066000062972307}
{"items_size": 26, "stocks_size": 8, "fill_percentage": 0.8686366149052717, "solution_time": 0.0004552999744191766}
{"items_size": 27, "stocks_size": 8, "fill_percentage": 0.6586815480241368, "solution_time": 0.00035690004006028175}
{"items_size": 24, "stocks_size": 10, "fill_percentage": 0.7905148237179487, "solution_time": 0.0002730999840423465}
{"items_size": 24, "stocks_size": 9, "fill_percentage": 0.7554106910039113, "solution_time": 0.0003242000238969922}
{"items_size": 26, "stocks_size": 8, "fill_percentage": 0.7768837751941103, "solution_time": 0.0003328999737277627}
{"items_size": 24, "stocks_size": 10, "fill_percentage": 0.7038943214959684, "solution_time": 0.00036369997542351484}
{"items_size": 23, "stocks_size": 10, "fill_percentage": 0.8646285681199699, "solution_time": 0.000447999918833375}
{"items_size": 26, "stocks_size": 8, "fill_percentage": 0.8946162657502864, "solution_time": 0.00040449993684887886}
{"items_size": 23, "stocks_size": 10, "fill_percentage": 0.8394082840236686, "solution_time": 0.00026490003801882267}
{"items_size": 27, "stocks_size": 8, "fill_percentage": 0.6738072923639934, "solution_time": 0.0003733999328687787}
{"items_size": 23, "stocks_size": 10, "fill_percentage": 0.7766295707472178, "solution_time": 0.00027359998784959316}
{"items_size": 25, "stocks_size": 9, "fill_percentage": 0.828052805280528, "solution_time": 0.0004566999850794673}
{"items_size": 27, "stocks_size": 8, "fill_percentage": 0.7786317907444668, "solution_time": 0.00029090000316500664}
{"items_size": 25, "stocks_size": 9, "fill_percentage": 0.7315899884259259, "solution_time": 0.00034570007119327784}
{"items_size": 24, "stocks_size": 10, "fill_percentage": 0.7908050730631376, "solution_time": 0.0003469999646767974}
{"items_size": 25, "stocks_size": 9, "fill_percentage": 0.7285567715458277, "solution_time": 0.0003415000392124057}
{"items_size": 26, "stocks_size": 8, "fill_percentage": 0.8739444444444444, "solution_time": 0.0003801999846473336}
{"items_size": 26, "stocks_size": 8, "fill_percentage": 0.7507665945165946, "solution_time": 0.00031679996754974127}
{"items_size": 27, "stocks_size": 8, "fill_percentage": 0.8380486968449932, "solution_time": 0.0003353999927639961}
{"items_size": 23, "stocks_size": 10, "fill_percentage": 0.7280675608544461, "solution_time": 0.00028680008836090565}
{"items_size": 27, "stocks_size": 8, "fill_percentage": 0.7753255208333333, "solution_time": 0.0002489999169483781}
{"items_size": 25, "stocks_size": 9, "fill_percentage": 0.7313201035375324, "solution_time": 0.00031509995460510254}
{"items_size": 24, "stocks_size": 9, "fill_percentage": 0.793939393939394, "solution_time": 0.0003637999761849642}
{"items_size": 24, "stocks_size": 10, "fill_percentage": 0.8666072489601901, "solution_time": 0.0003529000096023083}
{"items_size": 24, "stocks_size": 9, "fill_percentage": 0.6318307542797339, "solution_time": 0.0004292000085115433}
{"items_size": 25, "stocks_size": 9, "fill_percentage": 0.7890625, "solution_time": 0.00028200005181133747}
{"items_size": 25, "stocks_size": 9, "fill_percentage": 0.9166774402068519, "solution_time": 0.0009049000218510628}
{"items_size": 26, "stocks_size": 8, "fill_percentage": 0.693944209039548, "solution_time": 0.0002901999978348613}
{"items_size": 24, "stocks_size": 9, "fill_percentage": 0.7533913223568396, "solution_time": 0.00029090000316500664}
{"items_size": 25, "stocks_size": 9, "fill_percentage": 0.797487922705314, "solution_time": 0.00027089996729046106}
{"items_size": 23, "stocks_size": 10, "fill_percentage": 0.9230506155950753, "solution_time": 0.00033029995393007994}
{"items_size": 27, "stocks_size": 8, "fill_percentage": 0.7135025062656641, "solution_time": 0.0003323000855743885}
{"items_size": 23, "stocks_size": 10, "fill_percentage": 0.5783645031169784, "solution_time": 0.00042239995673298836}
{"items_size": 26, "stocks_size": 8, "fill_percentage": 0.8203174603174603, "solution_time": 0.00030289997812360525}
{"items_size": 26, "stocks_size": 8, "fill_percentage": 0.8002180899908172, "solution_time": 0.0003828998887911439}
{"items_size": 25, "stocks_size": 9, "fill_percentage": 0.780083857442348, "solution_time": 0.00031809997744858265}
{"items_size": 24, "stocks_size": 10, "fill_percentage": 0.724265993973793, "solution_time": 0.00027600000612437725}
{"items_size": 27, "stocks_size": 8, "fill_percentage": 0.8044943820224719, "solution_time": 0.00037699996028095484}
{"items_size": 27, "stocks_size": 8, "fill_percentage": 0.7352061170212766, "solution_time": 0.000345399952493608}
{"items_size": 24, "stocks_size": 9, "fill_percentage": 0.8545487451737451, "solution_time": 0.00025200005620718}
{"items_size": 25, "stocks_size": 9, "fill_percentage": 0.8006578471770404, "solution_time": 0.00023800006601959467}
{"items_size": 26, "stocks_size": 8, "fill_percentage": 0.7807914046121593, "solution_time": 0.00024530000519007444}
{"items_size": 25, "stocks_size": 9, "fill_percentage": 0.8719452590420332,