{"items_size": 26, "stocks_size": 8, "fill_percentage": 0.6532947339398952, "solution_time": 0.00045650009997189045}
{"items_size": 25, "stocks_size": 9, "fill_percentage": 0.8457544034562978, "solution_time": 0.0003252000315114856}
{"items_size": 24, "stocks_size": 9, "fill_percentage": 0.8077349290780141, "solution_time": 0.0003085000207647681}
{"items_size": 24, "stocks_size": 9, "fill_percentage": 0.71996699669967, "solution_time": 0.00031649996526539326}
{"items_size": 24, "stocks_size": 10, "fill_percentage": 0.8057569296375267, "solution_time": 0.0002758000046014786}
{"items_size": 26, "stocks_size": 8, "fill_percentage": 0.8284841954022989, "solution_time": 0.00030590000096708536}
{"items_size": 25, "stocks_size": 9, "fill_percentage": 0.7358820270212675, "solution_time": 0.0003898999420925975}
{"items_size": 24, "stocks_size": 10, "fill_percentage": 0.7970732410611303, "solution_time": 0.00031750008929520845}
{"items_size": 24, "stocks_size": 10, "fill_percentage": 0.7637912087912088, "solution_time": 0.00028570007998496294}
{"items_size": 24, "stocks_size": 9, "fill_percentage": 0.8299603174603175, "solution_time": 0.00028250005561858416}
{"items_size": 26, "stocks_size": 8, "fill_percentage": 0.793982683982684, "solution_time": 0.0002834999468177557}
{"items_size": 27, "stocks_size": 8, "fill_percentage": 0.895509410801964, "solution_time": 0.00028529996052384377}
{"items_size": 27, "stocks_size": 8, "fill_percentage": 0.8168837335504002, "solution_time": 0.0003233000170439482}
{"items_size": 24, "stocks_size": 10, "fill_percentage": 0.6153905556199081, "solution_time": 0.0003893999382853508}
{"items_size": 26, "stocks_size": 8, "fill_percentage": 0.6927901847256686, "solution_time": 0.0008042000699788332}
{"items_size": 25, "stocks_size": 9, "fill_percentage": 0.6461472967220093, "solution_time": 0.00030919990967959166}
{"items_size": 26, "stocks_size": 8, "fill_percentage": 0.8756180067655478, "solution_time": 0.00028279994148761034}
{"items_size": 25, "stocks_size": 9, "fill_percentage": 0.7458887043189368, "solution_time": 0.0002783999079838395}
{"items_size": 24, "stocks_size": 10, "fill_percentage": 0.7555863575268817, "solution_time": 0.001093100057914853}
{"items_size": 25, "stocks_size": 9, "fill_percentage": 0.6893866099071208, "solution_time": 0.0003124999348074198}
{"items_size": 23, "stocks_size": 10, "fill_percentage": 0.7944166666666667, "solution_time": 0.00027199997566640377}
{"items_size": 24, "stocks_size": 9, "fill_percentage": 0.6604677373908143, "solution_time": 0.0003738000523298979}
{"items_size": 27, "stocks_size": 8, "fill_percentage": 0.7618361836183618, "solution_time": 0.00029250001534819603}
{"items_size": 24, "stocks_size": 9, "fill_percentage": 0.8270923132183908, "solution_time": 0.0002584999892860651}
{"items_size": 24, "stocks_size": 10, "fill_percentage": 0.7381666666666666, "solution_time": 0.0003106000367552042}
{"items_size": 24, "stocks_size": 10, "fill_percentage": 0.8237179487179487, "solution_time": 0.0002957000397145748}
{"items_size": 26, "stocks_size": 8, "fill_percentage": 0.8686366149052717, "solution_time": 0.00033740000799298286}
{"items_size": 27, "stocks_size": 8, "fill_percentage": 0.6586815480241368, "solution_time": 0.00037589995190501213}
{"items_size": 24, "stocks_size": 10, "fill_percentage": 0.7905148237179487, "solution_time": 0.0002672000555321574}
{"items_size": 24, "stocks_size": 9, "fill_percentage": 0.7554106910039113, "solution_time": 0.0004463999066501856}
{"items_size": 26, "stocks_size": 8, "fill_percentage": 0.7768837751941103, "solution_time": 0.00029479991644620895}
{"items_size": 24, "stocks_size": 10, "fill_percentage": 0.7038943214959684, "solution_time": 0.0003347999881953001}
{"items_size": 23, "stocks_size": 10, "fill_percentage": 0.8646285681199699, "solution_time": 0.0002976000541821122}
{"items_size": 26, "stocks_size": 8, "fill_percentage": 0.8946162657502864, "solution_time": 0.0002924000145867467}
{"items_size": 23, "stocks_size": 10, "fill_percentage": 0.8394082840236686, "solution_time": 0.00025290006306022406}
{"items_size": 27, "stocks_size": 8, "fill_percentage": 0.6738072923639934, "solution_time": 0.0003127000527456403}
{"items_size": 23, "stocks_size": 10, "fill_percentage": 0.7766295707472178, "solution_time": 0.00022529996931552887}
{"items_size": 25, "stocks_size": 9, "fill_percentage": 0.828052805280528, "solution_time": 0.000367600005120039}
{"items_size": 27, "stocks_size": 8, "fill_percentage": 0.7786317907444668, "solution_time": 0.00025509996339678764}
{"items_size": 25, "stocks_size": 9, "fill_percentage": 0.7315899884259259, "solution_time": 0.00026320002507418394}
{"items_size": 24, "stocks_size": 10, "fill_percentage": 0.7908050730631376, "solution_time": 0.0004243999719619751}
{"items_size": 25, "stocks_size": 9, "fill_percentage": 0.7285567715458277, "solution_time": 0.0004256999818608165}
{"items_size": 26, "stocks_size": 8, "fill_percentage": 0.8739444444444444, "solution_time": 0.0004708999767899513}
{"items_size": 26, "stocks_size": 8, "fill_percentage": 0.7507665945165946, "solution_time": 0.00040220003575086594}
{"items_size": 27, "stocks_size": 8, "fill_percentage": 0.8380486968449932, "solution_time": 0.0003399000270292163}
{"items_size": 23, "stocks_size": 10, "fill_percentage": 0.7280675608544461, "solution_time": 0.0002535999519750476}
{"items_size": 27, "stocks_size": 8, "fill_percentage": 0.7753255208333333, "solution_time": 0.000264100031927228}
{"items_size": 25, "stocks_size": 9, "fill_percentage": 0.7313201035375324, "solution_time": 0.000229199999012053}
{"items_size": 24, "stocks_size": 9, "fill_percentage": 0.793939393939394, "solution_time": 0.00021430000197142363}
{"items_size": 24, "stocks_size": 10, "fill_percentage": 0.8666072489601901, "solution_time": 0.00024610001128166914}
{"items_size": 24, "stocks_size": 9, "fill_percentage": 0.6318307542797339, "solution_time": 0.000408399966545403}
{"items_size": 25, "stocks_size": 9, "fill_percentage": 0.7890625, "solution_time": 0.0003717999206855893}
{"items_size": 25, "stocks_size": 9, "fill_percentage": 0.9166774402068519, "solution_time": 0.0003887999337166548}
{"items_size": 26, "stocks_size": 8, "fill_percentage": 0.693944209039548, "solution_time": 0.0003565999213606119}
{"items_size": 24, "stocks_size": 9, "fill_percentage": 0.7533913223568396, "solution_time": 0.00032220000866800547}
{"items_size": 25, "stocks_size": 9, "fill_percentage": 0.797487922705314, "solution_time": 0.0002682999474927783}
{"items_size": 23, "stocks_size": 10, "fill_percentage": 0.9230506155950753, "solution_time": 0.0002734999870881438}
{"items_size": 27, "stocks_size": 8, "fill_percentage": 0.7135025062656641, "solution_time": 0.0002736999886110425}
{"items_size": 23, "stocks_size": 10, "fill_percentage": 0.5783645031169784, "solution_time": 0.0003215000033378601}
{"items_size": 26, "stocks_size": 8, "fill_percentage": 0.8203174603174603, "solution_time": 0.0002965000458061695}
{"items_size": 26, "stocks_size": 8, "fill_percentage": 0.8002180899908172, "solution_time": 0.0004376999568194151}
{"items_size": 25, "stocks_size": 9, "fill_percentage": 0.780083857442348, "solution_time": 0.0002513999352231622}
{"items_size": 24, "stocks_size": 10, "fill_percentage": 0.724265993973793, "solution_time": 0.00027139997109770775}
{"items_size": 27, "stocks_size": 8, "fill_percentage": 0.8044943820224719, "solution_time": 0.0003458999563008547}
{"items_size": 27, "stocks_size": 8, "fill_percentage": 0.7352061170212766, "solution_time": 0.0003890000516548753}
{"items_size": 24, "stocks_size": 9, "fill_percentage": 0.8545487451737451, "solution_time": 0.0002671999391168356}
{"items_size": 25, "stocks_size": 9, "fill_percentage": 0.8006578471770404, "solution_time": 0.00032869994174689054}
{"items_size": 26, "stocks_size": 8, "fill_percentage": 0.7807914046121593, "solution_time": 0.0003264000406488776}
{"items_size": 25,