{"items_size": 26, "stocks_size": 8, "fill_percentage": 0.8710596452531937, "solution_time": 0.00037590006832033396}
{"items_size": 25, "stocks_size": 9, "fill_percentage": 0.6343158025922233, "solution_time": 0.0002962000435218215}
{"items_size": 24, "stocks_size": 9, "fill_percentage": 0.8077349290780141, "solution_time": 0.00031809997744858265}
{"items_size": 24, "stocks_size": 9, "fill_percentage": 0.71996699669967, "solution_time": 0.0003082000184804201}
{"items_size": 24, "stocks_size": 10, "fill_percentage": 0.8057569296375267, "solution_time": 0.00023550004698336124}
{"items_size": 26, "stocks_size": 8, "fill_percentage": 0.8284841954022989, "solution_time": 0.0002671000547707081}
{"items_size": 25, "stocks_size": 9, "fill_percentage": 0.7358820270212675, "solution_time": 0.00035619991831481457}
{"items_size": 24, "stocks_size": 10, "fill_percentage": 0.7970732410611303, "solution_time": 0.00026190001517534256}
{"items_size": 24, "stocks_size": 10, "fill_percentage": 0.7637912087912088, "solution_time": 0.00024880003184080124}
{"items_size": 24, "stocks_size": 9, "fill_percentage": 0.8299603174603175, "solution_time": 0.00024590000975877047}
{"items_size": 26, "stocks_size": 8, "fill_percentage": 0.793982683982684, "solution_time": 0.00024309998843818903}
{"items_size": 27, "stocks_size": 8, "fill_percentage": 0.895509410801964, "solution_time": 0.0003453000681474805}
{"items_size": 27, "stocks_size": 8, "fill_percentage": 0.8168837335504002, "solution_time": 0.00023600005079060793}
{"items_size": 24, "stocks_size": 10, "fill_percentage": 0.9230858334298622, "solution_time": 0.0003268999280408025}
{"items_size": 26, "stocks_size": 8, "fill_percentage": 0.6927901847256686, "solution_time": 0.0004653999349102378}
{"items_size": 25, "stocks_size": 9, "fill_percentage": 0.6461472967220093, "solution_time": 0.00029039999935775995}
{"items_size": 26, "stocks_size": 8, "fill_percentage": 0.8756180067655478, "solution_time": 0.00024209998082369566}
{"items_size": 25, "stocks_size": 9, "fill_percentage": 0.7458887043189368, "solution_time": 0.00030149996746331453}
{"items_size": 24, "stocks_size": 10, "fill_percentage": 0.7555863575268817, "solution_time": 0.0002685999497771263}
{"items_size": 25, "stocks_size": 9, "fill_percentage": 0.9191821465428277, "solution_time": 0.0002682000631466508}
{"items_size": 23, "stocks_size": 10, "fill_percentage": 0.7944166666666667, "solution_time": 0.0002258999738842249}
{"items_size": 24, "stocks_size": 9, "fill_percentage": 0.6604677373908143, "solution_time": 0.0002522999420762062}
{"items_size": 27, "stocks_size": 8, "fill_percentage": 0.7618361836183618, "solution_time": 0.00023070001043379307}
{"items_size": 24, "stocks_size": 9, "fill_percentage": 0.8270923132183908, "solution_time": 0.00021000008564442396}
{"items_size": 24, "stocks_size": 10, "fill_percentage": 0.7381666666666666, "solution_time": 0.0002764000091701746}
{"items_size": 24, "stocks_size": 10, "fill_percentage": 0.8237179487179487, "solution_time": 0.0002148000057786703}
{"items_size": 26, "stocks_size": 8, "fill_percentage": 0.8686366149052717, "solution_time": 0.00031859998125582933}
{"items_size": 27, "stocks_size": 8, "fill_percentage": 0.6586815480241368, "solution_time": 0.0004518000641837716}
{"items_size": 24, "stocks_size": 10, "fill_percentage": 0.7905148237179487, "solution_time": 0.00026350002735853195}
{"items_size": 24, "stocks_size": 9, "fill_percentage": 0.7554106910039113, "solution_time": 0.0003302000695839524}
{"items_size": 26, "stocks_size": 8, "fill_percentage": 0.7768837751941103, "solution_time": 0.000250800047069788}
{"items_size": 24, "stocks_size": 10, "fill_percentage": 0.7038943214959684, "solution_time": 0.00033179996535182}
{"items_size": 23, "stocks_size": 10, "fill_percentage": 0.8646285681199699, "solution_time": 0.0002573999809101224}
{"items_size": 26, "stocks_size": 8, "fill_percentage": 0.8946162657502864, "solution_time": 0.00022879999596625566}
{"items_size": 23, "stocks_size": 10, "fill_percentage": 0.8394082840236686, "solution_time": 0.00025619997177273035}
{"items_size": 27, "stocks_size": 8, "fill_percentage": 0.6738072923639934, "solution_time": 0.0003532998962327838}
{"items_size": 23, "stocks_size": 10, "fill_percentage": 0.7766295707472178, "solution_time": 0.00022350007202476263}
{"items_size": 25, "stocks_size": 9, "fill_percentage": 0.828052805280528, "solution_time": 0.000457199988886714}
{"items_size": 27, "stocks_size": 8, "fill_percentage": 0.7786317907444668, "solution_time": 0.00027680001221597195}
{"items_size": 25, "stocks_size": 9, "fill_percentage": 0.7315899884259259, "solution_time": 0.000291000003926456}
{"items_size": 24, "stocks_size": 10, "fill_percentage": 0.7908050730631376, "solution_time": 0.00034630007576197386}
{"items_size": 25, "stocks_size": 9, "fill_percentage": 0.7285567715458277, "solution_time": 0.00031869998201727867}
{"items_size": 26, "stocks_size": 8, "fill_percentage": 0.8739444444444444, "solution_time": 0.0003226000117138028}
{"items_size": 26, "stocks_size": 8, "fill_percentage": 0.7507665945165946, "solution_time": 0.0003584000514820218}
{"items_size": 27, "stocks_size": 8, "fill_percentage": 0.8380486968449932, "solution_time": 0.0003360999980941415}
{"items_size": 23, "stocks_size": 10, "fill_percentage": 0.7280675608544461, "solution_time": 0.00022799998987466097}
{"items_size": 27, "stocks_size": 8, "fill_percentage": null, "solution_time": null}
{"items_size": 25, "stocks_size": 9, "fill_percentage": 0.9141501294219154, "solution_time": 0.00032680004369467497}
{"items_size": 24, "stocks_size": 9, "fill_percentage": 0.6805194805194805, "solution_time": 0.0002172000240534544}
{"items_size": 24, "stocks_size": 10, "fill_percentage": 0.8666072489601901, "solution_time": 0.0002490000333636999}
{"items_size": 24, "stocks_size": 9, "fill_percentage": 0.6318307542797339, "solution_time": 0.0003108000382781029}
{"items_size": 25, "stocks_size": 9, "fill_percentage": 0.7890625, "solution_time": 0.0004634000360965729}
{"items_size": 25, "stocks_size": 9, "fill_percentage": 0.9166774402068519, "solution_time": 0.0005902000702917576}
{"items_size": 26, "stocks_size": 8, "fill_percentage": 0.8327330508474576, "solution_time": 0.0002519999397918582}
{"items_size": 24, "stocks_size": 9, "fill_percentage": 0.7533913223568396, "solution_time": 0.0002775999018922448}
{"items_size": 25, "stocks_size": 9, "fill_percentage": 0.797487922705314, "solution_time": 0.00022299995180219412}
{"items_size": 23, "stocks_size": 10, "fill_percentage": 0.9230506155950753, "solution_time": 0.0002626000205054879}
{"items_size": 27, "stocks_size": 8, "fill_percentage": 0.7135025062656641, "solution_time": 0.00022829999215900898}
{"items_size": 23, "stocks_size": 10, "fill_percentage": 0.8675467546754676, "solution_time": 0.0003138999454677105}
{"items_size": 26, "stocks_size": 8, "fill_percentage": 0.7177777777777777, "solution_time": 0.0002375999465584755}
{"items_size": 26, "stocks_size": 8, "fill_percentage": 0.8002180899908172, "solution_time": 0.0004284000024199486}
{"items_size": 25, "stocks_size": 9, "fill_percentage": 0.780083857442348, "solution_time": 0.00028519995976239443}
{"items_size": 24, "stocks_size": 10, "fill_percentage": 0.724265993973793, "solution_time": 0.0003367000026628375}
{"items_size": 27, "stocks_size": 8, "fill_percentage": 0.8044943820224719, "solution_time": 0.00027810002211481333}
{"items_size": 27, "stocks_size": 8, "fill_percentage": 0.7352061170212766, "solution_time": 0.0003640999784693122}
{"items_size": 24, "stocks_size": 9, "fill_percentage": 0.8545487451737451, "solution_time": 0.00029420002829283476}
{"items_size": 25, "stocks_size": 9, "fill_percentage": 0.8006578471770404, "solution_time": 0.0002628000220283866}
{"items_size": 26, "stocks_size": 8, "fill_percentage": 0.7807914046121593, "solution_time": 0.0002343000378459692}
{"items_size": 25, "stocks_size": 9,