{"items_size": 26, "stocks_size": 8, "fill_percentage": 0.5226357871519162, "solution_time": 0.0006896998966112733}
{"items_size": 25, "stocks_size": 9, "fill_percentage": 0.5638362689708651, "solution_time": 0.0004563999827951193}
{"items_size": 24, "stocks_size": 9, "fill_percentage": 0.6461879432624114, "solution_time": 0.000457499991171062}
{"items_size": 24, "stocks_size": 9, "fill_percentage": 0.71996699669967, "solution_time": 0.0006172000430524349}
{"items_size": 24, "stocks_size": 10, "fill_percentage": 0.6446055437100213, "solution_time": 0.0005053000058978796}
{"items_size": 26, "stocks_size": 8, "fill_percentage": 0.6213631465517241, "solution_time": 0.00043370004277676344}
{"items_size": 25, "stocks_size": 9, "fill_percentage": 0.7358820270212675, "solution_time": 0.0006848999764770269}
{"items_size": 24, "stocks_size": 10, "fill_percentage": 0.5978049307958477, "solution_time": 0.0006798000540584326}
{"items_size": 24, "stocks_size": 10, "fill_percentage": 0.7637912087912088, "solution_time": 0.0006730000022798777}
{"items_size": 24, "stocks_size": 9, "fill_percentage": 0.5187251984126984, "solution_time": 0.0004973000613972545}
{"items_size": 26, "stocks_size": 8, "fill_percentage": 0.680556586270872, "solution_time": 0.00047209998592734337}
{"items_size": 27, "stocks_size": 8, "fill_percentage": 0.7164075286415712, "solution_time": 0.0006059999577701092}
{"items_size": 27, "stocks_size": 8, "fill_percentage": 0.7147732668566001, "solution_time": 0.00037049991078674793}
{"items_size": 24, "stocks_size": 10, "fill_percentage": 0.6153905556199081, "solution_time": 0.0005469999741762877}
{"items_size": 26, "stocks_size": 8, "fill_percentage": 0.6927901847256686, "solution_time": 0.0008321999339386821}
{"items_size": 25, "stocks_size": 9, "fill_percentage": 0.484610472541507, "solution_time": 0.0005576999392360449}
{"items_size": 26, "stocks_size": 8, "fill_percentage": 0.6567135050741608, "solution_time": 0.0007986000273376703}
{"items_size": 25, "stocks_size": 9, "fill_percentage": 0.7458887043189368, "solution_time": 0.0005011999746784568}
{"items_size": 24, "stocks_size": 10, "fill_percentage": 0.6044690860215054, "solution_time": 0.000381499994546175}
{"items_size": 25, "stocks_size": 9, "fill_percentage": 0.5515092879256966, "solution_time": 0.0006688999710604548}
{"items_size": 23, "stocks_size": 10, "fill_percentage": 0.47665, "solution_time": 0.0003719000378623605}
{"items_size": 24, "stocks_size": 9, "fill_percentage": 0.6604677373908143, "solution_time": 0.000480900052934885}
{"items_size": 27, "stocks_size": 8, "fill_percentage": 0.7618361836183618, "solution_time": 0.00043519993778318167}
{"items_size": 24, "stocks_size": 9, "fill_percentage": 0.6203192349137931, "solution_time": 0.000323199899867177}
{"items_size": 24, "stocks_size": 10, "fill_percentage": 0.553625, "solution_time": 0.0005086999153718352}
{"items_size": 24, "stocks_size": 10, "fill_percentage": 0.5491452991452992, "solution_time": 0.00041039998177438974}
{"items_size": 26, "stocks_size": 8, "fill_percentage": 0.5211819689431629, "solution_time": 0.0006458000279963017}
{"items_size": 27, "stocks_size": 8, "fill_percentage": 0.6586815480241368, "solution_time": 0.0008785000536590815}
{"items_size": 24, "stocks_size": 10, "fill_percentage": 0.6324118589743589, "solution_time": 0.0003909999504685402}
{"items_size": 24, "stocks_size": 9, "fill_percentage": 0.6295089091699261, "solution_time": 0.00044350000098347664}
{"items_size": 26, "stocks_size": 8, "fill_percentage": null, "solution_time": null}
{"items_size": 24, "stocks_size": 10, "fill_percentage": 0.7038943214959684, "solution_time": 0.0005883999401703477}
{"items_size": 23, "stocks_size": 10, "fill_percentage": 0.5187771408719819, "solution_time": 0.0004512000596150756}
{"items_size": 26, "stocks_size": 8, "fill_percentage": 0.5367697594501718, "solution_time": 0.0005521000130102038}
{"items_size": 23, "stocks_size": 10, "fill_percentage": 0.5995773457311919, "solution_time": 0.0003926000790670514}
{"items_size": 27, "stocks_size": 8, "fill_percentage": 0.6738072923639934, "solution_time": 0.0007131000747904181}
{"items_size": 23, "stocks_size": 10, "fill_percentage": 0.6040452216922805, "solution_time": 0.0003689998993650079}
{"items_size": 25, "stocks_size": 9, "fill_percentage": 0.5520352035203521, "solution_time": 0.0008076000958681107}
{"items_size": 27, "stocks_size": 8, "fill_percentage": null, "solution_time": null}
{"items_size": 25, "stocks_size": 9, "fill_percentage": 0.5852719907407408, "solution_time": 0.0006483000470325351}
{"items_size": 24, "stocks_size": 10, "fill_percentage": 0.7908050730631376, "solution_time": 0.00047999992966651917}
{"items_size": 25, "stocks_size": 9, "fill_percentage": 0.5828454172366621, "solution_time": 0.0007153999758884311}
{"items_size": 26, "stocks_size": 8, "fill_percentage": 0.6991555555555555, "solution_time": 0.00045389996375888586}
{"items_size": 26, "stocks_size": 8, "fill_percentage": 0.5630749458874459, "solution_time": 0.0014301000628620386}
{"items_size": 27, "stocks_size": 8, "fill_percentage": 0.6285365226337448, "solution_time": 0.00041470001451671124}
{"items_size": 23, "stocks_size": 10, "fill_percentage": 0.6067229673787051, "solution_time": 0.00044980004895478487}
{"items_size": 27, "stocks_size": 8, "fill_percentage": null, "solution_time": null}
{"items_size": 25, "stocks_size": 9, "fill_percentage": 0.6094334196146103, "solution_time": 0.00037999998312443495}
{"items_size": 24, "stocks_size": 9, "fill_percentage": 0.5954545454545455, "solution_time": 0.0004126999992877245}
{"items_size": 24, "stocks_size": 10, "fill_percentage": 0.6932857991681521, "solution_time": 0.0004458000184968114}
{"items_size": 24, "stocks_size": 9, "fill_percentage": 0.6318307542797339, "solution_time": 0.0005402000388130546}
{"items_size": 25, "stocks_size": 9, "fill_percentage": 0.5260416666666666, "solution_time": 0.0004860999761149287}
{"items_size": 25, "stocks_size": 9, "fill_percentage": 0.6111182934712347, "solution_time": 0.0005221999017521739}
{"items_size": 26, "stocks_size": 8, "fill_percentage": 0.693944209039548, "solution_time": 0.00040280004031956196}
{"items_size": 24, "stocks_size": 9, "fill_percentage": 0.5650434917676297, "solution_time": 0.0005108000477775931}
{"items_size": 25, "stocks_size": 9, "fill_percentage": 0.664573268921095, "solution_time": 0.00038570002652704716}
{"items_size": 23, "stocks_size": 10, "fill_percentage": 0.5538303693570451, "solution_time": 0.00048619997687637806}
{"items_size": 27, "stocks_size": 8, "fill_percentage": 0.6115735767991407, "solution_time": 0.000570800038985908}
{"items_size": 23, "stocks_size": 10, "fill_percentage": 0.5783645031169784, "solution_time": 0.0005757000762969255}
{"items_size": 26, "stocks_size": 8, "fill_percentage": null, "solution_time": null}
{"items_size": 26, "stocks_size": 8, "fill_percentage": 0.600163567493113, "solution_time": 0.000723400036804378}
{"items_size": 25, "stocks_size": 9, "fill_percentage": 0.6240670859538784, "solution_time": 0.0005764999659731984}
{"items_size": 24, "stocks_size": 10, "fill_percentage": 0.724265993973793, "solution_time": 0.000613299896940589}
{"items_size": 27, "stocks_size": 8, "fill_percentage": 0.5363295880149813, "solution_time": 0.00039380008820444345}
{"items_size": 27, "stocks_size": 8, "fill_percentage": 0.5514045877659575, "solution_time": 0.0005110999336466193}
{"items_size": 24, "stocks_size": 9, "fill_percentage": 0.6836389961389961, "solution_time": 0.000522000016644597}
{"items_size": 25, "stocks_size": 9, "fill_percentage": 0.6862781547231775, "solution_time": 0.0004230999620631337}
{"items_size": 26, "stocks_size": 8, "fill_percentage": null, "solution_time": null}
{"items_size": 25, "stocks_size": 9, "fill_percentage": 0.5812968393613555, "solution_time": 0.0006958999438211322}
{"items_size": 25, "stocks_size": 9, "fill_percentage": 0.6374135763670647,