{"items_size": 245, "stocks_size": 76, "fill_percentage": 0.9390752091487409, "solution_time": 0.0034983999794349074}
{"items_size": 239, "stocks_size": 82, "fill_percentage": 0.9497850325145807, "solution_time": 0.004013399942778051}
{"items_size": 245, "stocks_size": 82, "fill_percentage": 0.95805635546465, "solution_time": 0.0047966999700292945}
{"items_size": 243, "stocks_size": 77, "fill_percentage": 0.9390755141999595, "solution_time": 0.0047506000846624374}
{"items_size": 245, "stocks_size": 77, "fill_percentage": 0.938525816762639, "solution_time": 0.005297100055031478}
{"items_size": 237, "stocks_size": 80, "fill_percentage": 0.9323880744360531, "solution_time": 0.00437219999730587}
{"items_size": 239, "stocks_size": 81, "fill_percentage": 0.9474454033011173, "solution_time": 0.0054065000731498}
{"items_size": 236, "stocks_size": 83, "fill_percentage": 0.9583167413052668, "solution_time": 0.0055859999265521765}
{"items_size": 244, "stocks_size": 82, "fill_percentage": 0.9374876989869754, "solution_time": 0.0036684999940916896}
{"items_size": 238, "stocks_size": 82, "fill_percentage": 0.9653187822375421, "solution_time": 0.0035445999819785357}
{"items_size": 235, "stocks_size": 82, "fill_percentage": 0.9443813582140224, "solution_time": 0.0033984999172389507}
{"items_size": 242, "stocks_size": 80, "fill_percentage": 0.9484503365188858, "solution_time": 0.005231300019659102}
{"items_size": 237, "stocks_size": 82, "fill_percentage": 0.9552675538414969, "solution_time": 0.005036099930293858}
{"items_size": 245, "stocks_size": 80, "fill_percentage": 0.9575040132915726, "solution_time": 0.0055948999943211675}
{"items_size": 245, "stocks_size": 77, "fill_percentage": 0.941709728653558, "solution_time": 0.0039576999843120575}
{"items_size": 248, "stocks_size": 76, "fill_percentage": 0.934954207664895, "solution_time": 0.0040784000884741545}
{"items_size": 245, "stocks_size": 77, "fill_percentage": 0.9546808702717342, "solution_time": 0.004471699940040708}
{"items_size": 246, "stocks_size": 80, "fill_percentage": 0.9466807689914764, "solution_time": 0.005586499930359423}
{"items_size": 248, "stocks_size": 83, "fill_percentage": 0.936515289219854, "solution_time": 0.005677500041201711}
{"items_size": 244, "stocks_size": 78, "fill_percentage": 0.9471320677689324, "solution_time": 0.004693099996075034}
{"items_size": 247, "stocks_size": 77, "fill_percentage": 0.9354115813310591, "solution_time": 0.005512800067663193}
{"items_size": 246, "stocks_size": 75, "fill_percentage": 0.9415126103974041, "solution_time": 0.0049643999664112926}
{"items_size": 247, "stocks_size": 75, "fill_percentage": 0.942731456730434, "solution_time": 0.003320900024846196}
{"items_size": 241, "stocks_size": 78, "fill_percentage": 0.956906977022642, "solution_time": 0.004103199928067625}
{"items_size": 239, "stocks_size": 82, "fill_percentage": 0.931612264058567, "solution_time": 0.0036826999858021736}
{"items_size": 246, "stocks_size": 75, "fill_percentage": 0.9511656709058175, "solution_time": 0.004496699897572398}
{"items_size": 248, "stocks_size": 83, "fill_percentage": 0.9432413730858329, "solution_time": 0.004272500053048134}
{"items_size": 241, "stocks_size": 82, "fill_percentage": 0.9428228784629247, "solution_time": 0.003437899984419346}
{"items_size": 243, "stocks_size": 80, "fill_percentage": 0.9572521524923908, "solution_time": 0.003462200053036213}
{"items_size": 248, "stocks_size": 78, "fill_percentage": 0.9556285396570896, "solution_time": 0.005747899995185435}
{"items_size": 246, "stocks_size": 80, "fill_percentage": 0.9621291458727029, "solution_time": 0.0031081000342965126}
{"items_size": 247, "stocks_size": 76, "fill_percentage": 0.9333826933127598, "solution_time": 0.003867899999022484}
{"items_size": 243, "stocks_size": 78, "fill_percentage": 0.9217883779364257, "solution_time": 0.004728399915620685}
{"items_size": 242, "stocks_size": 77, "fill_percentage": 0.9522056475260863, "solution_time": 0.005559500074014068}
{"items_size": 237, "stocks_size": 81, "fill_percentage": 0.9381637965439393, "solution_time": 0.004720700089819729}
{"items_size": 240, "stocks_size": 78, "fill_percentage": 0.9518983164705397, "solution_time": 0.004867800045758486}
{"items_size": 246, "stocks_size": 81, "fill_percentage": 0.9461491669764456, "solution_time": 0.005564799997955561}
{"items_size": 249, "stocks_size": 79, "fill_percentage": 0.9382163929497539, "solution_time": 0.00401509995572269}
{"items_size": 247, "stocks_size": 74, "fill_percentage": 0.959050022726729, "solution_time": 0.0034374999813735485}
{"items_size": 244, "stocks_size": 76, "fill_percentage": 0.9529561954531083, "solution_time": 0.0035188000183552504}
{"items_size": 244, "stocks_size": 79, "fill_percentage": 0.9527897219399056, "solution_time": 0.0035040000220760703}
{"items_size": 241, "stocks_size": 83, "fill_percentage": 0.9490864336623478, "solution_time": 0.0039521000580862164}
{"items_size": 248, "stocks_size": 82, "fill_percentage": 0.9366341568400902, "solution_time": 0.0036065999884158373}
{"items_size": 247, "stocks_size": 77, "fill_percentage": 0.9510576157182051, "solution_time": 0.0037246999563649297}
{"items_size": 241, "stocks_size": 81, "fill_percentage": 0.9426764345613869, "solution_time": 0.003234699950553477}
{"items_size": 243, "stocks_size": 82, "fill_percentage": 0.9464121579934778, "solution_time": 0.003201299929060042}
{"items_size": 247, "stocks_size": 75, "fill_percentage": 0.9643238384178886, "solution_time": 0.005815700045786798}
{"items_size": 234, "stocks_size": 83, "fill_percentage": 0.9532224405364835, "solution_time": 0.0035864999517798424}
{"items_size": 242, "stocks_size": 77, "fill_percentage": 0.9558993670742497, "solution_time": 0.0032570998882874846}
{"items_size": 245, "stocks_size": 78, "fill_percentage": 0.9634030816422536, "solution_time": 0.00538699992466718}
{"items_size": 247, "stocks_size": 78, "fill_percentage": 0.9284595300261097, "solution_time": 0.0049703000113368034}
{"items_size": 237, "stocks_size": 82, "fill_percentage": 0.9518995392147451, "solution_time": 0.005201299907639623}
{"items_size": 247, "stocks_size": 75, "fill_percentage": 0.9526346761503921, "solution_time": 0.0034972999710589647}
{"items_size": 248, "stocks_size": 80, "fill_percentage": 0.9519800624418031, "solution_time": 0.0034498999593779445}
{"items_size": 246, "stocks_size": 81, "fill_percentage": 0.9521669569775633, "solution_time": 0.005119799985550344}
{"items_size": 238, "stocks_size": 80, "fill_percentage": 0.9569112579788737, "solution_time": 0.0039230999536812305}
{"items_size": 249, "stocks_size": 77, "fill_percentage": 0.9280717869003038, "solution_time": 0.003788999980315566}
{"items_size": 248, "stocks_size": 81, "fill_percentage": 0.9626424827356685, "solution_time": 0.0061304999981075525}
{"items_size": 248, "stocks_size": 76, "fill_percentage": 0.9539841414272715, "solution_time": 0.004495700006373227}
{"items_size": 240, "stocks_size": 83, "fill_percentage": 0.9561600586503328, "solution_time": 0.0035185000160709023}
{"items_size": 235, "stocks_size": 82, "fill_percentage": 0.9364751637164346, "solution_time": 0.0037930000107735395}
{"items_size": 247, "stocks_size": 78, "fill_percentage": 0.948124206023767, "solution_time": 0.003545299987308681}
{"items_size": 240, "stocks_size": 80, "fill_percentage": 0.94520463129218, "solution_time": 0.0034232999896630645}
{"items_size": 237, "stocks_size": 81, "fill_percentage": 0.9375323292256199, "solution_time": 0.004578199936076999}
{"items_size": 248, "stocks_size": 81, "fill_percentage": 0.9629415481455872, "solution_time": 0.005472199991345406}
{"items_size": 240, "stocks_size": 80, "fill_percentage": 0.9494166693597906, "solution_time": 0.003375799977220595}
{"items_size": 238, "stocks_size": 81, "fill_percentage": 0.9473439454021002, "solution_time": 0.0034408000065013766}
{"items_size": 236, "stocks_size": 81, "fill_percentage": 0.9600126424390877,