{"items_size": 245, "stocks_size": 76, "fill_percentage": 0.7231824773634802, "solution_time": 0.011728699901141226}
{"items_size": 239, "stocks_size": 82, "fill_percentage": 0.719892163225663, "solution_time": 0.01045440009329468}
{"items_size": 245, "stocks_size": 82, "fill_percentage": 0.7126648482270214, "solution_time": 0.011962699936702847}
{"items_size": 243, "stocks_size": 77, "fill_percentage": 0.6872439629150496, "solution_time": 0.012357300030998886}
{"items_size": 245, "stocks_size": 77, "fill_percentage": 0.7139695636731237, "solution_time": 0.009793300065211952}
{"items_size": 237, "stocks_size": 80, "fill_percentage": 0.7026629901561897, "solution_time": 0.012302800081670284}
{"items_size": 239, "stocks_size": 81, "fill_percentage": 0.6609318096194902, "solution_time": 0.01266490004491061}
{"items_size": 236, "stocks_size": 83, "fill_percentage": 0.7142067920117614, "solution_time": 0.012192599941045046}
{"items_size": 244, "stocks_size": 82, "fill_percentage": 0.7011472854792623, "solution_time": 0.012210999964736402}
{"items_size": 238, "stocks_size": 82, "fill_percentage": 0.710184930879795, "solution_time": 0.013240700005553663}
{"items_size": 235, "stocks_size": 82, "fill_percentage": 0.6991740264692882, "solution_time": 0.015091300010681152}
{"items_size": 242, "stocks_size": 80, "fill_percentage": 0.7223709473665008, "solution_time": 0.013837600010447204}
{"items_size": 237, "stocks_size": 82, "fill_percentage": 0.6958201142455831, "solution_time": 0.011194300022907555}
{"items_size": 245, "stocks_size": 80, "fill_percentage": 0.7118766431582022, "solution_time": 0.011803700006566942}
{"items_size": 245, "stocks_size": 77, "fill_percentage": 0.719955705294842, "solution_time": 0.016792999929748476}
{"items_size": 248, "stocks_size": 76, "fill_percentage": 0.7313490345690405, "solution_time": 0.015124500030651689}
{"items_size": 245, "stocks_size": 77, "fill_percentage": 0.6624233523806873, "solution_time": 0.011073100031353533}
{"items_size": 246, "stocks_size": 80, "fill_percentage": 0.6909425659358578, "solution_time": 0.011466299998573959}
{"items_size": 248, "stocks_size": 83, "fill_percentage": 0.6992141840866806, "solution_time": 0.013232800061814487}
{"items_size": 244, "stocks_size": 78, "fill_percentage": 0.6965078703221099, "solution_time": 0.008725399966351688}
{"items_size": 247, "stocks_size": 77, "fill_percentage": 0.6850543618725985, "solution_time": 0.015527999959886074}
{"items_size": 246, "stocks_size": 75, "fill_percentage": 0.6835625575952466, "solution_time": 0.013681799988262355}
{"items_size": 247, "stocks_size": 75, "fill_percentage": 0.6606625806845717, "solution_time": 0.015591899980790913}
{"items_size": 241, "stocks_size": 78, "fill_percentage": 0.7259399213363733, "solution_time": 0.013068899977952242}
{"items_size": 239, "stocks_size": 82, "fill_percentage": 0.7102426171917884, "solution_time": 0.009472800069488585}
{"items_size": 246, "stocks_size": 75, "fill_percentage": 0.6824096127819395, "solution_time": 0.01019339996855706}
{"items_size": 248, "stocks_size": 83, "fill_percentage": 0.7145585574087326, "solution_time": 0.011371499975211918}
{"items_size": 241, "stocks_size": 82, "fill_percentage": 0.7497691457636355, "solution_time": 0.011124799959361553}
{"items_size": 243, "stocks_size": 80, "fill_percentage": 0.6914656994003062, "solution_time": 0.013318700017407537}
{"items_size": 248, "stocks_size": 78, "fill_percentage": 0.693737938077752, "solution_time": 0.010515499976463616}
{"items_size": 246, "stocks_size": 80, "fill_percentage": 0.7151616887296258, "solution_time": 0.011393000022508204}
{"items_size": 247, "stocks_size": 76, "fill_percentage": 0.6946324884472556, "solution_time": 0.009992399951443076}
{"items_size": 243, "stocks_size": 78, "fill_percentage": 0.7174902211223757, "solution_time": 0.008508399943821132}
{"items_size": 242, "stocks_size": 77, "fill_percentage": 0.7294231727279197, "solution_time": 0.010783000034280121}
{"items_size": 237, "stocks_size": 81, "fill_percentage": 0.7336578548969372, "solution_time": 0.01232710003387183}
{"items_size": 240, "stocks_size": 78, "fill_percentage": 0.6894726733391664, "solution_time": 0.012158400029875338}
{"items_size": 246, "stocks_size": 81, "fill_percentage": 0.7286714439393414, "solution_time": 0.01244399999268353}
{"items_size": 249, "stocks_size": 79, "fill_percentage": 0.6752929083714604, "solution_time": 0.013864199980162084}
{"items_size": 247, "stocks_size": 74, "fill_percentage": 0.7138399216524216, "solution_time": 0.01060369994957}
{"items_size": 244, "stocks_size": 76, "fill_percentage": 0.6834595473409489, "solution_time": 0.015511399949900806}
{"items_size": 244, "stocks_size": 79, "fill_percentage": 0.67646917335524, "solution_time": 0.011915800045244396}
{"items_size": 241, "stocks_size": 83, "fill_percentage": 0.6979794750327598, "solution_time": 0.01660440000705421}
{"items_size": 248, "stocks_size": 82, "fill_percentage": 0.7124811511783207, "solution_time": 0.011089300038293004}
{"items_size": 247, "stocks_size": 77, "fill_percentage": 0.7403448683122712, "solution_time": 0.010479899938218296}
{"items_size": 241, "stocks_size": 81, "fill_percentage": 0.7075781954488393, "solution_time": 0.012046099989674985}
{"items_size": 243, "stocks_size": 82, "fill_percentage": 0.7090268508605199, "solution_time": 0.012042400077916682}
{"items_size": 247, "stocks_size": 75, "fill_percentage": 0.6813965285282636, "solution_time": 0.015050400048494339}
{"items_size": 234, "stocks_size": 83, "fill_percentage": 0.6834432913917715, "solution_time": 0.015034899930469692}
{"items_size": 242, "stocks_size": 77, "fill_percentage": 0.6959846720512693, "solution_time": 0.012680499930866063}
{"items_size": 245, "stocks_size": 78, "fill_percentage": 0.7057385097624532, "solution_time": 0.01786679995711893}
{"items_size": 247, "stocks_size": 78, "fill_percentage": 0.7012772806591182, "solution_time": 0.011736200074665248}
{"items_size": 237, "stocks_size": 82, "fill_percentage": 0.7083856103801006, "solution_time": 0.013011000002734363}
{"items_size": 247, "stocks_size": 75, "fill_percentage": 0.6851368820068361, "solution_time": 0.013117800001055002}
{"items_size": 248, "stocks_size": 80, "fill_percentage": 0.6898997717574675, "solution_time": 0.013704800046980381}
{"items_size": 246, "stocks_size": 81, "fill_percentage": 0.6718073384598788, "solution_time": 0.016179900034330785}
{"items_size": 238, "stocks_size": 80, "fill_percentage": 0.7021378893006059, "solution_time": 0.009344400023110211}
{"items_size": 249, "stocks_size": 77, "fill_percentage": 0.7359272843246691, "solution_time": 0.014095399994403124}
{"items_size": 248, "stocks_size": 81, "fill_percentage": 0.705801357746037, "solution_time": 0.012478300021030009}
{"items_size": 248, "stocks_size": 76, "fill_percentage": 0.6630854843015257, "solution_time": 0.019001899985596538}
{"items_size": 240, "stocks_size": 83, "fill_percentage": 0.7089507092882569, "solution_time": 0.009023400023579597}
{"items_size": 235, "stocks_size": 82, "fill_percentage": 0.6967129757675042, "solution_time": 0.013701000018045306}
{"items_size": 247, "stocks_size": 78, "fill_percentage": 0.7036674583189125, "solution_time": 0.011050299974158406}
{"items_size": 240, "stocks_size": 80, "fill_percentage": 0.6963087665757196, "solution_time": 0.010113200056366622}
{"items_size": 237, "stocks_size": 81, "fill_percentage": 0.7245143176933676, "solution_time": 0.012709899921901524}
{"items_size": 248, "stocks_size": 81, "fill_percentage": 0.7096512036548936, "solution_time": 0.014464500010944903}
{"items_size": 240, "stocks_size": 80, "fill_percentage": 0.6714434601354873, "solution_time": 0.0184741000412032}
{"items_size": 238, "stocks_size": 81, "fill_percentage": 0.6870357035430092, "solution_time": 0.014387700008228421}
{"items_size": 236, "stocks_size": 81, "fill_percentage": 0.7014701940326206,