{"items_size": 245, "stocks_size": 76, "fill_percentage": 0.9390752091487409, "solution_time": 0.005022000055760145}
{"items_size": 239, "stocks_size": 82, "fill_percentage": 0.9497850325145807, "solution_time": 0.003191899973899126}
{"items_size": 245, "stocks_size": 82, "fill_percentage": 0.95805635546465, "solution_time": 0.004698099917732179}
{"items_size": 243, "stocks_size": 77, "fill_percentage": 0.9693968712577696, "solution_time": 0.00485959998331964}
{"items_size": 245, "stocks_size": 77, "fill_percentage": 0.938525816762639, "solution_time": 0.004895000020042062}
{"items_size": 237, "stocks_size": 80, "fill_percentage": 0.9323880744360531, "solution_time": 0.004939000005833805}
{"items_size": 239, "stocks_size": 81, "fill_percentage": 0.9474454033011173, "solution_time": 0.0032972999615594745}
{"items_size": 236, "stocks_size": 83, "fill_percentage": 0.9583167413052668, "solution_time": 0.00533219997305423}
{"items_size": 244, "stocks_size": 82, "fill_percentage": 0.9374876989869754, "solution_time": 0.005257899989373982}
{"items_size": 238, "stocks_size": 82, "fill_percentage": 0.9653187822375421, "solution_time": 0.0050969000440090895}
{"items_size": 235, "stocks_size": 82, "fill_percentage": 0.9443813582140224, "solution_time": 0.004559999913908541}
{"items_size": 242, "stocks_size": 80, "fill_percentage": 0.9484503365188858, "solution_time": 0.004589900025166571}
{"items_size": 237, "stocks_size": 82, "fill_percentage": 0.9552675538414969, "solution_time": 0.005378600093536079}
{"items_size": 245, "stocks_size": 80, "fill_percentage": 0.9575040132915726, "solution_time": 0.00540050002746284}
{"items_size": 245, "stocks_size": 77, "fill_percentage": 0.941709728653558, "solution_time": 0.004588100011460483}
{"items_size": 248, "stocks_size": 76, "fill_percentage": 0.9663716591657657, "solution_time": 0.0035165000008419156}
{"items_size": 245, "stocks_size": 77, "fill_percentage": 0.9277129572769541, "solution_time": 0.004288200056180358}
{"items_size": 246, "stocks_size": 80, "fill_percentage": 0.9466807689914764, "solution_time": 0.0053189999889582396}
{"items_size": 248, "stocks_size": 83, "fill_percentage": 0.936515289219854, "solution_time": 0.0038717000279575586}
{"items_size": 244, "stocks_size": 78, "fill_percentage": 0.9471320677689324, "solution_time": 0.004263399983756244}
{"items_size": 247, "stocks_size": 77, "fill_percentage": 0.9354115813310591, "solution_time": 0.0037486000219359994}
{"items_size": 246, "stocks_size": 75, "fill_percentage": 0.9415126103974041, "solution_time": 0.0038804999785497785}
{"items_size": 247, "stocks_size": 75, "fill_percentage": 0.942731456730434, "solution_time": 0.00490549998357892}
{"items_size": 241, "stocks_size": 78, "fill_percentage": 0.956906977022642, "solution_time": 0.004929000046104193}
{"items_size": 239, "stocks_size": 82, "fill_percentage": 0.9636501212457028, "solution_time": 0.0034444000339135528}
{"items_size": 246, "stocks_size": 75, "fill_percentage": 0.9511656709058175, "solution_time": 0.0044800000032410026}
{"items_size": 248, "stocks_size": 83, "fill_percentage": 0.9432413730858329, "solution_time": 0.004941600025631487}
{"items_size": 241, "stocks_size": 82, "fill_percentage": 0.9428228784629247, "solution_time": 0.00408330000936985}
{"items_size": 243, "stocks_size": 80, "fill_percentage": 0.9572521524923908, "solution_time": 0.005193099961616099}
{"items_size": 248, "stocks_size": 78, "fill_percentage": 0.9556285396570896, "solution_time": 0.003978300024755299}
{"items_size": 246, "stocks_size": 80, "fill_percentage": 0.9621291458727029, "solution_time": 0.0032912999158725142}
{"items_size": 247, "stocks_size": 76, "fill_percentage": 0.9659446512047184, "solution_time": 0.0034973000874742866}
{"items_size": 243, "stocks_size": 78, "fill_percentage": 0.9535215418164673, "solution_time": 0.0031277999514713883}
{"items_size": 242, "stocks_size": 77, "fill_percentage": 0.9522056475260863, "solution_time": 0.0031964000081643462}
{"items_size": 237, "stocks_size": 81, "fill_percentage": 0.9717060289726315, "solution_time": 0.003765700035728514}
{"items_size": 240, "stocks_size": 78, "fill_percentage": 0.9518983164705397, "solution_time": 0.0032544999849051237}
{"items_size": 246, "stocks_size": 81, "fill_percentage": 0.9461491669764456, "solution_time": 0.00324930006172508}
{"items_size": 249, "stocks_size": 79, "fill_percentage": 0.9670091911662987, "solution_time": 0.005273099988698959}
{"items_size": 247, "stocks_size": 74, "fill_percentage": 0.959050022726729, "solution_time": 0.003189900075085461}
{"items_size": 244, "stocks_size": 76, "fill_percentage": 0.9529561954531083, "solution_time": 0.0036909999325871468}
{"items_size": 244, "stocks_size": 79, "fill_percentage": 0.9527897219399056, "solution_time": 0.0040683000115677714}
{"items_size": 241, "stocks_size": 83, "fill_percentage": 0.9490864336623478, "solution_time": 0.00490709999576211}
{"items_size": 248, "stocks_size": 82, "fill_percentage": 0.9366341568400902, "solution_time": 0.005121700000017881}
{"items_size": 247, "stocks_size": 77, "fill_percentage": 0.9510576157182051, "solution_time": 0.0035697000566869974}
{"items_size": 241, "stocks_size": 81, "fill_percentage": 0.9426764345613869, "solution_time": 0.003127699950709939}
{"items_size": 243, "stocks_size": 82, "fill_percentage": 0.9464121579934778, "solution_time": 0.0042221000185236335}
{"items_size": 247, "stocks_size": 75, "fill_percentage": 0.9321731154505298, "solution_time": 0.004853500053286552}
{"items_size": 234, "stocks_size": 83, "fill_percentage": 0.9532224405364835, "solution_time": 0.0030617999145761132}
{"items_size": 242, "stocks_size": 77, "fill_percentage": 0.9558993670742497, "solution_time": 0.003391199978068471}
{"items_size": 245, "stocks_size": 78, "fill_percentage": 0.9634030816422536, "solution_time": 0.0039434999926015735}
{"items_size": 247, "stocks_size": 78, "fill_percentage": 0.9567556990509735, "solution_time": 0.0039820000529289246}
{"items_size": 237, "stocks_size": 82, "fill_percentage": 0.9518995392147451, "solution_time": 0.0031172999879345298}
{"items_size": 247, "stocks_size": 75, "fill_percentage": 0.9526346761503921, "solution_time": 0.0031909000826999545}
{"items_size": 248, "stocks_size": 80, "fill_percentage": 0.9519800624418031, "solution_time": 0.003177500097081065}
{"items_size": 246, "stocks_size": 81, "fill_percentage": 0.9521669569775633, "solution_time": 0.003366700024344027}
{"items_size": 238, "stocks_size": 80, "fill_percentage": 0.9569112579788737, "solution_time": 0.003267700085416436}
{"items_size": 249, "stocks_size": 77, "fill_percentage": 0.9585492227979274, "solution_time": 0.003673400031402707}
{"items_size": 248, "stocks_size": 81, "fill_percentage": 0.9626424827356685, "solution_time": 0.0040849000215530396}
{"items_size": 248, "stocks_size": 76, "fill_percentage": 0.9539841414272715, "solution_time": 0.005580099998041987}
{"items_size": 240, "stocks_size": 83, "fill_percentage": 0.9561600586503328, "solution_time": 0.004701199941337109}
{"items_size": 235, "stocks_size": 82, "fill_percentage": 0.9364751637164346, "solution_time": 0.003760000108741224}
{"items_size": 247, "stocks_size": 78, "fill_percentage": 0.948124206023767, "solution_time": 0.0055408000480383635}
{"items_size": 240, "stocks_size": 80, "fill_percentage": 0.94520463129218, "solution_time": 0.004995599971152842}
{"items_size": 237, "stocks_size": 81, "fill_percentage": 0.9375323292256199, "solution_time": 0.003163900109939277}
{"items_size": 248, "stocks_size": 81, "fill_percentage": 0.9629415481455872, "solution_time": 0.00510559999383986}
{"items_size": 240, "stocks_size": 80, "fill_percentage": 0.9494166693597906, "solution_time": 0.003610100015066564}
{"items_size": 238, "stocks_size": 81, "fill_percentage": 0.9473439454021002, "solution_time": 0.003683999995701015}
{"items_size": 236, "stocks_size": 81, "fill_percentage": 0.9600126424390877,