{"items_size": 245, "stocks_size": 76, "fill_percentage": 0.6769151213502713, "solution_time": 0.00700059998780489}
{"items_size": 239, "stocks_size": 82, "fill_percentage": 0.7082431002379921, "solution_time": 0.006956900004297495}
{"items_size": 245, "stocks_size": 82, "fill_percentage": 0.6935425738137682, "solution_time": 0.0076651000417768955}
{"items_size": 243, "stocks_size": 77, "fill_percentage": 0.67317710624967, "solution_time": 0.005793799995444715}
{"items_size": 245, "stocks_size": 77, "fill_percentage": 0.6819741723899456, "solution_time": 0.005900299991481006}
{"items_size": 237, "stocks_size": 80, "fill_percentage": 0.6978185378107798, "solution_time": 0.006824500043876469}
{"items_size": 239, "stocks_size": 81, "fill_percentage": 0.6322182973020658, "solution_time": 0.006181800039485097}
{"items_size": 236, "stocks_size": 83, "fill_percentage": 0.6850197500372229, "solution_time": 0.005628500017337501}
{"items_size": 244, "stocks_size": 82, "fill_percentage": 0.6614402522401837, "solution_time": 0.005807299981825054}
{"items_size": 238, "stocks_size": 82, "fill_percentage": 0.6767678530144342, "solution_time": 0.007076199981383979}
{"items_size": 235, "stocks_size": 82, "fill_percentage": 0.6834152974216258, "solution_time": 0.006760800024494529}
{"items_size": 242, "stocks_size": 80, "fill_percentage": 0.7168524477391733, "solution_time": 0.006908899988047779}
{"items_size": 237, "stocks_size": 82, "fill_percentage": 0.6498646226594974, "solution_time": 0.006246200064197183}
{"items_size": 245, "stocks_size": 80, "fill_percentage": 0.6744115251717785, "solution_time": 0.006528600002638996}
{"items_size": 245, "stocks_size": 77, "fill_percentage": 0.6563926451155194, "solution_time": 0.0070581999607384205}
{"items_size": 248, "stocks_size": 76, "fill_percentage": 0.6776477018283115, "solution_time": 0.006774800014682114}
{"items_size": 245, "stocks_size": 77, "fill_percentage": 0.6468197603691647, "solution_time": 0.00489370001014322}
{"items_size": 246, "stocks_size": 80, "fill_percentage": 0.6769723590652074, "solution_time": 0.007829300011508167}
{"items_size": 248, "stocks_size": 83, "fill_percentage": 0.6812832445390447, "solution_time": 0.0073324000695720315}
{"items_size": 244, "stocks_size": 78, "fill_percentage": 0.6936531402089597, "solution_time": 0.00450999999884516}
{"items_size": 247, "stocks_size": 77, "fill_percentage": 0.6685977583640935, "solution_time": 0.006911300006322563}
{"items_size": 246, "stocks_size": 75, "fill_percentage": 0.6659029188937426, "solution_time": 0.004787200014106929}
{"items_size": 247, "stocks_size": 75, "fill_percentage": 0.6145130986833134, "solution_time": 0.004749300074763596}
{"items_size": 241, "stocks_size": 78, "fill_percentage": 0.6928094942936278, "solution_time": 0.007290299981832504}
{"items_size": 239, "stocks_size": 82, "fill_percentage": 0.6716331140787988, "solution_time": 0.004867600044235587}
{"items_size": 246, "stocks_size": 75, "fill_percentage": 0.6477508785630613, "solution_time": 0.006064499961212277}
{"items_size": 248, "stocks_size": 83, "fill_percentage": 0.7276837521933286, "solution_time": 0.004054200020618737}
{"items_size": 241, "stocks_size": 82, "fill_percentage": 0.6839101357353597, "solution_time": 0.005361299961805344}
{"items_size": 243, "stocks_size": 80, "fill_percentage": 0.6804520772824851, "solution_time": 0.006426200037822127}
{"items_size": 248, "stocks_size": 78, "fill_percentage": 0.6739300121825782, "solution_time": 0.008332900004461408}
{"items_size": 246, "stocks_size": 80, "fill_percentage": 0.7080061307432665, "solution_time": 0.008149100001901388}
{"items_size": 247, "stocks_size": 76, "fill_percentage": 0.6720408912940249, "solution_time": 0.005391699960455298}
{"items_size": 243, "stocks_size": 78, "fill_percentage": 0.6686726073371138, "solution_time": 0.0068177999928593636}
{"items_size": 242, "stocks_size": 77, "fill_percentage": 0.6566242627361947, "solution_time": 0.005202900036238134}
{"items_size": 237, "stocks_size": 81, "fill_percentage": 0.6583071052092607, "solution_time": 0.00434689992107451}
{"items_size": 240, "stocks_size": 78, "fill_percentage": 0.678129748881258, "solution_time": 0.004728399915620685}
{"items_size": 246, "stocks_size": 81, "fill_percentage": 0.7242324821404705, "solution_time": 0.0051108000334352255}
{"items_size": 249, "stocks_size": 79, "fill_percentage": 0.6469771574543705, "solution_time": 0.005153200007043779}
{"items_size": 247, "stocks_size": 74, "fill_percentage": 0.6794471444127604, "solution_time": 0.008461700053885579}
{"items_size": 244, "stocks_size": 76, "fill_percentage": 0.6717167894506677, "solution_time": 0.0049709000159054995}
{"items_size": 244, "stocks_size": 79, "fill_percentage": 0.6733842895294226, "solution_time": 0.0042215000139549375}
{"items_size": 241, "stocks_size": 83, "fill_percentage": 0.6787304756775219, "solution_time": 0.00861720007378608}
{"items_size": 248, "stocks_size": 82, "fill_percentage": 0.6688506821003757, "solution_time": 0.004919499973766506}
{"items_size": 247, "stocks_size": 77, "fill_percentage": 0.7062568070004132, "solution_time": 0.005671899998560548}
{"items_size": 241, "stocks_size": 81, "fill_percentage": 0.6509613507710326, "solution_time": 0.004775600042194128}
{"items_size": 243, "stocks_size": 82, "fill_percentage": 0.7049208001575556, "solution_time": 0.006510999985039234}
{"items_size": 247, "stocks_size": 75, "fill_percentage": 0.6716815082788368, "solution_time": 0.0056856999872252345}
{"items_size": 234, "stocks_size": 83, "fill_percentage": 0.6477771742060152, "solution_time": 0.004410700057633221}
{"items_size": 242, "stocks_size": 77, "fill_percentage": 0.6618888107851261, "solution_time": 0.006603799993172288}
{"items_size": 245, "stocks_size": 78, "fill_percentage": 0.6868639531731702, "solution_time": 0.0068434999557211995}
{"items_size": 247, "stocks_size": 78, "fill_percentage": 0.6418140649099202, "solution_time": 0.006643200060352683}
{"items_size": 237, "stocks_size": 82, "fill_percentage": 0.6563260139327851, "solution_time": 0.00658869999460876}
{"items_size": 247, "stocks_size": 75, "fill_percentage": 0.6818652138082593, "solution_time": 0.005091400002129376}
{"items_size": 248, "stocks_size": 80, "fill_percentage": 0.6687997598827119, "solution_time": 0.00756960001308471}
{"items_size": 246, "stocks_size": 81, "fill_percentage": 0.644518284704717, "solution_time": 0.006967199966311455}
{"items_size": 238, "stocks_size": 80, "fill_percentage": 0.6623190275676288, "solution_time": 0.004737899987958372}
{"items_size": 249, "stocks_size": 77, "fill_percentage": 0.6269045223916763, "solution_time": 0.005453299963846803}
{"items_size": 248, "stocks_size": 81, "fill_percentage": 0.6516081018565079, "solution_time": 0.006234799977391958}
{"items_size": 248, "stocks_size": 76, "fill_percentage": 0.6671239272625102, "solution_time": 0.007664700038731098}
{"items_size": 240, "stocks_size": 83, "fill_percentage": 0.6874341143265209, "solution_time": 0.006617699982598424}
{"items_size": 235, "stocks_size": 82, "fill_percentage": 0.673037873743228, "solution_time": 0.004196599940769374}
{"items_size": 247, "stocks_size": 78, "fill_percentage": 0.6497199213943323, "solution_time": 0.00550269999075681}
{"items_size": 240, "stocks_size": 80, "fill_percentage": 0.6716717597555317, "solution_time": 0.004802999901585281}
{"items_size": 237, "stocks_size": 81, "fill_percentage": 0.6739724828838288, "solution_time": 0.007393800071440637}
{"items_size": 248, "stocks_size": 81, "fill_percentage": 0.7136766862817863, "solution_time": 0.006977399927563965}
{"items_size": 240, "stocks_size": 80, "fill_percentage": 0.6630749299182492, "solution_time": 0.004497100017033517}
{"items_size": 238, "stocks_size": 81, "fill_percentage": 0.7072556241056558, "solution_time": 0.0042273999424651265}
{"items_size": 236, "stocks_size": 81, "fill_percentage": 0.6773683560787375, "solution_time": 0.005056299967691302}
{"items_size": 248, "stocks_size": 79,