{"items_size": 245, "stocks_size": 76, "fill_percentage": 0.9390752091487409, "solution_time": 0.0037631000159308314}
{"items_size": 239, "stocks_size": 82, "fill_percentage": 0.9497850325145807, "solution_time": 0.005400200025178492}
{"items_size": 245, "stocks_size": 82, "fill_percentage": 0.95805635546465, "solution_time": 0.003801100072450936}
{"items_size": 243, "stocks_size": 77, "fill_percentage": 0.9390755141999595, "solution_time": 0.003817899967543781}
{"items_size": 245, "stocks_size": 77, "fill_percentage": 0.938525816762639, "solution_time": 0.003669199999421835}
{"items_size": 237, "stocks_size": 80, "fill_percentage": 0.9323880744360531, "solution_time": 0.005779600003734231}
{"items_size": 239, "stocks_size": 81, "fill_percentage": 0.9474454033011173, "solution_time": 0.0034021000610664487}
{"items_size": 236, "stocks_size": 83, "fill_percentage": 0.9290172765012265, "solution_time": 0.003483499982394278}
{"items_size": 244, "stocks_size": 82, "fill_percentage": 0.9374876989869754, "solution_time": 0.0035767999943345785}
{"items_size": 238, "stocks_size": 82, "fill_percentage": 0.9341759042383444, "solution_time": 0.005613700021058321}
{"items_size": 235, "stocks_size": 82, "fill_percentage": 0.9443813582140224, "solution_time": 0.003776300000026822}
{"items_size": 242, "stocks_size": 80, "fill_percentage": 0.9484503365188858, "solution_time": 0.0035991999320685863}
{"items_size": 237, "stocks_size": 82, "fill_percentage": 0.9552675538414969, "solution_time": 0.005153400008566678}
{"items_size": 245, "stocks_size": 80, "fill_percentage": 0.9575040132915726, "solution_time": 0.0038614999502897263}
{"items_size": 245, "stocks_size": 77, "fill_percentage": 0.941709728653558, "solution_time": 0.003414300037547946}
{"items_size": 248, "stocks_size": 76, "fill_percentage": 0.934954207664895, "solution_time": 0.005322800017893314}
{"items_size": 245, "stocks_size": 77, "fill_percentage": 0.9546808702717342, "solution_time": 0.003820100100710988}
{"items_size": 246, "stocks_size": 80, "fill_percentage": 0.9466807689914764, "solution_time": 0.005785599933005869}
{"items_size": 248, "stocks_size": 83, "fill_percentage": 0.9675598068733227, "solution_time": 0.004789099912159145}
{"items_size": 244, "stocks_size": 78, "fill_percentage": 0.9471320677689324, "solution_time": 0.0038934999611228704}
{"items_size": 247, "stocks_size": 77, "fill_percentage": 0.9354115813310591, "solution_time": 0.005006800056435168}
{"items_size": 246, "stocks_size": 75, "fill_percentage": 0.9415126103974041, "solution_time": 0.005664799944497645}
{"items_size": 247, "stocks_size": 75, "fill_percentage": 0.942731456730434, "solution_time": 0.005266000051051378}
{"items_size": 241, "stocks_size": 78, "fill_percentage": 0.956906977022642, "solution_time": 0.005331100081093609}
{"items_size": 239, "stocks_size": 82, "fill_percentage": 0.9636501212457028, "solution_time": 0.005604699952527881}
{"items_size": 246, "stocks_size": 75, "fill_percentage": 0.9511656709058175, "solution_time": 0.005636999965645373}
{"items_size": 248, "stocks_size": 83, "fill_percentage": 0.9432413730858329, "solution_time": 0.003665599972009659}
{"items_size": 241, "stocks_size": 82, "fill_percentage": 0.9428228784629247, "solution_time": 0.0038603999419137836}
{"items_size": 243, "stocks_size": 80, "fill_percentage": 0.9572521524923908, "solution_time": 0.0035016998881474137}
{"items_size": 248, "stocks_size": 78, "fill_percentage": 0.9269352330306527, "solution_time": 0.0037965000374242663}
{"items_size": 246, "stocks_size": 80, "fill_percentage": 0.9621291458727029, "solution_time": 0.0034317999379709363}
{"items_size": 247, "stocks_size": 76, "fill_percentage": 0.9659446512047184, "solution_time": 0.0036179000744596124}
{"items_size": 243, "stocks_size": 78, "fill_percentage": 0.9535215418164673, "solution_time": 0.003343400079756975}
{"items_size": 242, "stocks_size": 77, "fill_percentage": 0.9522056475260863, "solution_time": 0.005408099968917668}
{"items_size": 237, "stocks_size": 81, "fill_percentage": 0.9381637965439393, "solution_time": 0.005216599907726049}
{"items_size": 240, "stocks_size": 78, "fill_percentage": 0.9518983164705397, "solution_time": 0.004960799938999116}
{"items_size": 246, "stocks_size": 81, "fill_percentage": 0.9461491669764456, "solution_time": 0.0034402000019326806}
{"items_size": 249, "stocks_size": 79, "fill_percentage": 0.9382163929497539, "solution_time": 0.004166500060819089}
{"items_size": 247, "stocks_size": 74, "fill_percentage": 0.959050022726729, "solution_time": 0.0041739000007510185}
{"items_size": 244, "stocks_size": 76, "fill_percentage": 0.9529561954531083, "solution_time": 0.0034793000668287277}
{"items_size": 244, "stocks_size": 79, "fill_percentage": 0.9527897219399056, "solution_time": 0.0062827999936416745}
{"items_size": 241, "stocks_size": 83, "fill_percentage": 0.9490864336623478, "solution_time": 0.0038117000367492437}
{"items_size": 248, "stocks_size": 82, "fill_percentage": 0.9366341568400902, "solution_time": 0.004111999995075166}
{"items_size": 247, "stocks_size": 77, "fill_percentage": 0.9510576157182051, "solution_time": 0.0055210000136867166}
{"items_size": 241, "stocks_size": 81, "fill_percentage": 0.9732125486381323, "solution_time": 0.005274099996313453}
{"items_size": 243, "stocks_size": 82, "fill_percentage": 0.9464121579934778, "solution_time": 0.004543900024145842}
{"items_size": 247, "stocks_size": 75, "fill_percentage": 0.9321731154505298, "solution_time": 0.003666300093755126}
{"items_size": 234, "stocks_size": 83, "fill_percentage": 0.9532224405364835, "solution_time": 0.0033572999527677894}
{"items_size": 242, "stocks_size": 77, "fill_percentage": 0.9558993670742497, "solution_time": 0.003719500033184886}
{"items_size": 245, "stocks_size": 78, "fill_percentage": 0.9634030816422536, "solution_time": 0.0042706000385805964}
{"items_size": 247, "stocks_size": 78, "fill_percentage": 0.9567556990509735, "solution_time": 0.003480799961835146}
{"items_size": 237, "stocks_size": 82, "fill_percentage": 0.9518995392147451, "solution_time": 0.0033132999669760466}
{"items_size": 247, "stocks_size": 75, "fill_percentage": 0.9526346761503921, "solution_time": 0.00342399999499321}
{"items_size": 248, "stocks_size": 80, "fill_percentage": 0.9519800624418031, "solution_time": 0.003961099893786013}
{"items_size": 246, "stocks_size": 81, "fill_percentage": 0.9521669569775633, "solution_time": 0.003381999908015132}
{"items_size": 238, "stocks_size": 80, "fill_percentage": 0.9569112579788737, "solution_time": 0.003715400001965463}
{"items_size": 249, "stocks_size": 77, "fill_percentage": 0.9280717869003038, "solution_time": 0.003788999980315566}
{"items_size": 248, "stocks_size": 81, "fill_percentage": 0.9626424827356685, "solution_time": 0.0050882999785244465}
{"items_size": 248, "stocks_size": 76, "fill_percentage": 0.9539841414272715, "solution_time": 0.0051284999353811145}
{"items_size": 240, "stocks_size": 83, "fill_percentage": 0.9246598056032018, "solution_time": 0.0042625999776646495}
{"items_size": 235, "stocks_size": 82, "fill_percentage": 0.9364751637164346, "solution_time": 0.003309600055217743}
{"items_size": 247, "stocks_size": 78, "fill_percentage": 0.948124206023767, "solution_time": 0.0051506999880075455}
{"items_size": 240, "stocks_size": 80, "fill_percentage": 0.94520463129218, "solution_time": 0.0044299999717622995}
{"items_size": 237, "stocks_size": 81, "fill_percentage": 0.9681696779261587, "solution_time": 0.005104600102640688}
{"items_size": 248, "stocks_size": 81, "fill_percentage": 0.9629415481455872, "solution_time": 0.0045180999441072345}
{"items_size": 240, "stocks_size": 80, "fill_percentage": 0.9494166693597906, "solution_time": 0.005165299982763827}
{"items_size": 238, "stocks_size": 81, "fill_percentage": 0.9473439454021002, "solution_time": 0.004678299999795854}
{"items_size": 236, "stocks_size": 81, "fill_percentage": 0.9600126424390877,