{"items_size": 245, "stocks_size": 76, "fill_percentage": 0.659839513722874, "solution_time": 0.0067912000231444836}
{"items_size": 239, "stocks_size": 82, "fill_percentage": 0.6554759366244328, "solution_time": 0.005042199976742268}
{"items_size": 245, "stocks_size": 82, "fill_percentage": 0.6562116924891932, "solution_time": 0.005440799985080957}
{"items_size": 243, "stocks_size": 77, "fill_percentage": 0.67317710624967, "solution_time": 0.007790100062265992}
{"items_size": 245, "stocks_size": 77, "fill_percentage": 0.6469838204528292, "solution_time": 0.00788950000423938}
{"items_size": 237, "stocks_size": 80, "fill_percentage": 0.6307875974687349, "solution_time": 0.007677100016735494}
{"items_size": 239, "stocks_size": 81, "fill_percentage": 0.6322182973020658, "solution_time": 0.00469680002424866}
{"items_size": 236, "stocks_size": 83, "fill_percentage": 0.6850197500372229, "solution_time": 0.004890999989584088}
{"items_size": 244, "stocks_size": 82, "fill_percentage": 0.6160081246386514, "solution_time": 0.007133500068448484}
{"items_size": 238, "stocks_size": 82, "fill_percentage": 0.6595684982463599, "solution_time": 0.005019999924115837}
{"items_size": 235, "stocks_size": 82, "fill_percentage": 0.6657094050949421, "solution_time": 0.006719100056216121}
{"items_size": 242, "stocks_size": 80, "fill_percentage": 0.6823635337552288, "solution_time": 0.008363500004634261}
{"items_size": 237, "stocks_size": 82, "fill_percentage": 0.6186209950848356, "solution_time": 0.006153700058348477}
{"items_size": 245, "stocks_size": 80, "fill_percentage": 0.6424493269962264, "solution_time": 0.008942499989643693}
{"items_size": 245, "stocks_size": 77, "fill_percentage": 0.6563926451155194, "solution_time": 0.007709400029852986}
{"items_size": 248, "stocks_size": 76, "fill_percentage": 0.6603583946120541, "solution_time": 0.008810600033029914}
{"items_size": 245, "stocks_size": 77, "fill_percentage": 0.6325622509711916, "solution_time": 0.007227399968542159}
{"items_size": 246, "stocks_size": 80, "fill_percentage": 0.629147934865958, "solution_time": 0.005212499992921948}
{"items_size": 248, "stocks_size": 83, "fill_percentage": 0.6641163923042699, "solution_time": 0.007907600025646389}
{"items_size": 244, "stocks_size": 78, "fill_percentage": 0.6442456032088861, "solution_time": 0.00690719997510314}
{"items_size": 247, "stocks_size": 77, "fill_percentage": 0.6181863413913604, "solution_time": 0.007567299995571375}
{"items_size": 246, "stocks_size": 75, "fill_percentage": 0.6505810987849586, "solution_time": 0.007517600082792342}
{"items_size": 247, "stocks_size": 75, "fill_percentage": 0.6145130986833134, "solution_time": 0.005592699977569282}
{"items_size": 241, "stocks_size": 78, "fill_percentage": 0.6747124253361194, "solution_time": 0.006767999962903559}
{"items_size": 239, "stocks_size": 82, "fill_percentage": 0.6539071091273692, "solution_time": 0.007235099910758436}
{"items_size": 246, "stocks_size": 75, "fill_percentage": 0.6316356602724704, "solution_time": 0.004376400029286742}
{"items_size": 248, "stocks_size": 83, "fill_percentage": 0.6576359639554982, "solution_time": 0.006926300004124641}
{"items_size": 241, "stocks_size": 82, "fill_percentage": 0.6298167606953174, "solution_time": 0.005311899934895337}
{"items_size": 243, "stocks_size": 80, "fill_percentage": 0.6804520772824851, "solution_time": 0.005903900018893182}
{"items_size": 248, "stocks_size": 78, "fill_percentage": 0.6739300121825782, "solution_time": 0.008043900015763938}
{"items_size": 246, "stocks_size": 80, "fill_percentage": 0.6722754346590792, "solution_time": 0.008215000038035214}
{"items_size": 247, "stocks_size": 76, "fill_percentage": 0.6198306814472646, "solution_time": 0.0074729000916704535}
{"items_size": 243, "stocks_size": 78, "fill_percentage": 0.651884325426406, "solution_time": 0.005671699997037649}
{"items_size": 242, "stocks_size": 77, "fill_percentage": 0.6400028100083129, "solution_time": 0.007962799980305135}
{"items_size": 237, "stocks_size": 81, "fill_percentage": 0.6259782276045993, "solution_time": 0.005153700010851026}
{"items_size": 240, "stocks_size": 78, "fill_percentage": 0.6408181399850843, "solution_time": 0.005717399995774031}
{"items_size": 246, "stocks_size": 81, "fill_percentage": 0.6733270537306852, "solution_time": 0.005945500102825463}
{"items_size": 249, "stocks_size": 79, "fill_percentage": 0.6171860652379674, "solution_time": 0.004831199999898672}
{"items_size": 247, "stocks_size": 74, "fill_percentage": 0.6618800949334434, "solution_time": 0.006353700067847967}
{"items_size": 244, "stocks_size": 76, "fill_percentage": 0.6214042035079803, "solution_time": 0.00721539999358356}
{"items_size": 244, "stocks_size": 79, "fill_percentage": 0.6257277914503117, "solution_time": 0.005262299906462431}
{"items_size": 241, "stocks_size": 83, "fill_percentage": 0.6456276710069228, "solution_time": 0.006032500066794455}
{"items_size": 248, "stocks_size": 82, "fill_percentage": 0.6688506821003757, "solution_time": 0.008822500007227063}
{"items_size": 247, "stocks_size": 77, "fill_percentage": 0.7062568070004132, "solution_time": 0.006404699990525842}
{"items_size": 241, "stocks_size": 81, "fill_percentage": 0.6192920894927635, "solution_time": 0.005797400022856891}
{"items_size": 243, "stocks_size": 82, "fill_percentage": 0.6689122444802392, "solution_time": 0.0062052999855950475}
{"items_size": 247, "stocks_size": 75, "fill_percentage": 0.6203805591922956, "solution_time": 0.008048999938182533}
{"items_size": 234, "stocks_size": 83, "fill_percentage": 0.6175595061611262, "solution_time": 0.0067520999582484365}
{"items_size": 242, "stocks_size": 77, "fill_percentage": 0.6145353649154662, "solution_time": 0.008351700031198561}
{"items_size": 245, "stocks_size": 78, "fill_percentage": 0.6342078023451154, "solution_time": 0.006958700018003583}
{"items_size": 247, "stocks_size": 78, "fill_percentage": 0.6272454182954598, "solution_time": 0.006912800017744303}
{"items_size": 237, "stocks_size": 82, "fill_percentage": 0.6563260139327851, "solution_time": 0.005252899951301515}
{"items_size": 247, "stocks_size": 75, "fill_percentage": 0.6302255021856236, "solution_time": 0.008396000019274652}
{"items_size": 248, "stocks_size": 80, "fill_percentage": 0.622011230365649, "solution_time": 0.008584999945014715}
{"items_size": 246, "stocks_size": 81, "fill_percentage": 0.644518284704717, "solution_time": 0.00555160001385957}
{"items_size": 238, "stocks_size": 80, "fill_percentage": 0.6300868497889197, "solution_time": 0.004748299950733781}
{"items_size": 249, "stocks_size": 77, "fill_percentage": 0.6269045223916763, "solution_time": 0.005612100008875132}
{"items_size": 248, "stocks_size": 81, "fill_percentage": 0.619974049734182, "solution_time": 0.006725999992340803}
{"items_size": 248, "stocks_size": 76, "fill_percentage": 0.6345721517395337, "solution_time": 0.009860999998636544}
{"items_size": 240, "stocks_size": 83, "fill_percentage": 0.6355337409811843, "solution_time": 0.0058095999993383884}
{"items_size": 235, "stocks_size": 82, "fill_percentage": 0.6408105918588587, "solution_time": 0.004706299980171025}
{"items_size": 247, "stocks_size": 78, "fill_percentage": 0.6341733621589063, "solution_time": 0.005142400041222572}
{"items_size": 240, "stocks_size": 80, "fill_percentage": 0.655914818489325, "solution_time": 0.005741699947975576}
{"items_size": 237, "stocks_size": 81, "fill_percentage": 0.6580133174446566, "solution_time": 0.005692100035957992}
{"items_size": 248, "stocks_size": 81, "fill_percentage": 0.6596446669416122, "solution_time": 0.004949600086547434}
{"items_size": 240, "stocks_size": 80, "fill_percentage": 0.6630749299182492, "solution_time": 0.005844500032253563}
{"items_size": 238, "stocks_size": 81, "fill_percentage": 0.6391852241312054, "solution_time": 0.007904800004325807}
{"items_size": 236, "stocks_size": 81, "fill_percentage": 0.6773683560787375, "solution_time": 0.0047750999219715595}
{"items_size": 248, "stocks_size": 79,