{"items_size": 245, "stocks_size": 76, "fill_percentage": 0.6914541168062951, "solution_time": 0.017754400032572448}
{"items_size": 239, "stocks_size": 82, "fill_percentage": 0.6826832858458651, "solution_time": 0.012684199959039688}
{"items_size": 245, "stocks_size": 82, "fill_percentage": 0.7126648482270214, "solution_time": 0.02001520001795143}
{"items_size": 243, "stocks_size": 77, "fill_percentage": 0.6872439629150496, "solution_time": 0.018052699975669384}
{"items_size": 245, "stocks_size": 77, "fill_percentage": 0.6767785767932526, "solution_time": 0.017090899986214936}
{"items_size": 237, "stocks_size": 80, "fill_percentage": 0.6845698391341968, "solution_time": 0.01864010002464056}
{"items_size": 239, "stocks_size": 81, "fill_percentage": 0.6466123267001717, "solution_time": 0.017276200000196695}
{"items_size": 236, "stocks_size": 83, "fill_percentage": 0.6963359641742676, "solution_time": 0.01379820005968213}
{"items_size": 244, "stocks_size": 82, "fill_percentage": 0.7011472854792623, "solution_time": 0.014597199973650277}
{"items_size": 238, "stocks_size": 82, "fill_percentage": 0.6731298213340506, "solution_time": 0.015177299967035651}
{"items_size": 235, "stocks_size": 82, "fill_percentage": 0.6663472737335107, "solution_time": 0.013687500031664968}
{"items_size": 242, "stocks_size": 80, "fill_percentage": 0.7223709473665008, "solution_time": 0.012748299981467426}
{"items_size": 237, "stocks_size": 82, "fill_percentage": 0.6789104859946377, "solution_time": 0.012430900009348989}
{"items_size": 245, "stocks_size": 80, "fill_percentage": 0.6799382986695153, "solution_time": 0.01241139997728169}
{"items_size": 245, "stocks_size": 77, "fill_percentage": 0.7043560827881606, "solution_time": 0.01917059998959303}
{"items_size": 248, "stocks_size": 76, "fill_percentage": 0.6593190755758352, "solution_time": 0.012646199902519584}
{"items_size": 245, "stocks_size": 77, "fill_percentage": 0.6279711928318581, "solution_time": 0.01207209995482117}
{"items_size": 246, "stocks_size": 80, "fill_percentage": 0.6748787342394832, "solution_time": 0.016978799947537482}
{"items_size": 248, "stocks_size": 83, "fill_percentage": 0.6810101862866742, "solution_time": 0.0135538000613451}
{"items_size": 244, "stocks_size": 78, "fill_percentage": 0.6800610687022901, "solution_time": 0.011928699910640717}
{"items_size": 247, "stocks_size": 77, "fill_percentage": 0.6850543618725985, "solution_time": 0.012554000015370548}
{"items_size": 246, "stocks_size": 75, "fill_percentage": 0.6696355388351898, "solution_time": 0.015095400041900575}
{"items_size": 247, "stocks_size": 75, "fill_percentage": 0.6606625806845717, "solution_time": 0.013664099969901145}
{"items_size": 241, "stocks_size": 78, "fill_percentage": 0.6714754428933317, "solution_time": 0.012915500090457499}
{"items_size": 239, "stocks_size": 82, "fill_percentage": 0.7102426171917884, "solution_time": 0.013013800024054945}
{"items_size": 246, "stocks_size": 75, "fill_percentage": 0.7156156039566375, "solution_time": 0.012870899983681738}
{"items_size": 248, "stocks_size": 83, "fill_percentage": 0.6780979241194053, "solution_time": 0.017259599990211427}
{"items_size": 241, "stocks_size": 82, "fill_percentage": 0.7009878849637681, "solution_time": 0.014262399985454977}
{"items_size": 243, "stocks_size": 80, "fill_percentage": 0.6586442086735442, "solution_time": 0.021515500033274293}
{"items_size": 248, "stocks_size": 78, "fill_percentage": 0.693737938077752, "solution_time": 0.014546200050972402}
{"items_size": 246, "stocks_size": 80, "fill_percentage": 0.7151616887296258, "solution_time": 0.019317699945531785}
{"items_size": 247, "stocks_size": 76, "fill_percentage": 0.6433500156530764, "solution_time": 0.021019899984821677}
{"items_size": 243, "stocks_size": 78, "fill_percentage": 0.6804251184973651, "solution_time": 0.019129700027406216}
{"items_size": 242, "stocks_size": 77, "fill_percentage": 0.6916351397517493, "solution_time": 0.011411700048483908}
{"items_size": 237, "stocks_size": 81, "fill_percentage": 0.6930208612928633, "solution_time": 0.01732709992211312}
{"items_size": 240, "stocks_size": 78, "fill_percentage": 0.6707663944126331, "solution_time": 0.013444700045511127}
{"items_size": 246, "stocks_size": 81, "fill_percentage": 0.7286714439393414, "solution_time": 0.018858599942177534}
{"items_size": 249, "stocks_size": 79, "fill_percentage": 0.6900820571952077, "solution_time": 0.01597299997229129}
{"items_size": 247, "stocks_size": 74, "fill_percentage": 0.7324076822946403, "solution_time": 0.013276000041514635}
{"items_size": 244, "stocks_size": 76, "fill_percentage": 0.6670215875401896, "solution_time": 0.01502329995855689}
{"items_size": 244, "stocks_size": 79, "fill_percentage": 0.6500197345261758, "solution_time": 0.009949700091965497}
{"items_size": 241, "stocks_size": 83, "fill_percentage": 0.6792241995065796, "solution_time": 0.02226700005121529}
{"items_size": 248, "stocks_size": 82, "fill_percentage": 0.6750703138713245, "solution_time": 0.01848019997123629}
{"items_size": 247, "stocks_size": 77, "fill_percentage": 0.6999674312566883, "solution_time": 0.02196929999627173}
{"items_size": 241, "stocks_size": 81, "fill_percentage": 0.6718797219703838, "solution_time": 0.017298499937169254}
{"items_size": 243, "stocks_size": 82, "fill_percentage": 0.6710291971128738, "solution_time": 0.015889300033450127}
{"items_size": 247, "stocks_size": 75, "fill_percentage": 0.6640301933509289, "solution_time": 0.014652400044724345}
{"items_size": 234, "stocks_size": 83, "fill_percentage": 0.6353446452683467, "solution_time": 0.018286400008946657}
{"items_size": 242, "stocks_size": 77, "fill_percentage": 0.6959846720512693, "solution_time": 0.015610600006766617}
{"items_size": 245, "stocks_size": 78, "fill_percentage": 0.7057385097624532, "solution_time": 0.024409999954514205}
{"items_size": 247, "stocks_size": 78, "fill_percentage": 0.6328289310482436, "solution_time": 0.013088900013826787}
{"items_size": 237, "stocks_size": 82, "fill_percentage": 0.6719651343040838, "solution_time": 0.022123699891380966}
{"items_size": 247, "stocks_size": 75, "fill_percentage": 0.6516002012556603, "solution_time": 0.023602299974299967}
{"items_size": 248, "stocks_size": 80, "fill_percentage": 0.6592811759127548, "solution_time": 0.0154694999800995}
{"items_size": 246, "stocks_size": 81, "fill_percentage": 0.6560360265458759, "solution_time": 0.01787690003402531}
{"items_size": 238, "stocks_size": 80, "fill_percentage": 0.7021378893006059, "solution_time": 0.011945700040087104}
{"items_size": 249, "stocks_size": 77, "fill_percentage": 0.6820215204939968, "solution_time": 0.01198459998704493}
{"items_size": 248, "stocks_size": 81, "fill_percentage": 0.6887841883249421, "solution_time": 0.019547399948351085}
{"items_size": 248, "stocks_size": 76, "fill_percentage": 0.6630854843015257, "solution_time": 0.021961400052532554}
{"items_size": 240, "stocks_size": 83, "fill_percentage": 0.7089507092882569, "solution_time": 0.01096840004902333}
{"items_size": 235, "stocks_size": 82, "fill_percentage": 0.6645993237840493, "solution_time": 0.013045800034888089}
{"items_size": 247, "stocks_size": 78, "fill_percentage": 0.6882660565451871, "solution_time": 0.014054300030693412}
{"items_size": 240, "stocks_size": 80, "fill_percentage": 0.6810728379589635, "solution_time": 0.015587599948048592}
{"items_size": 237, "stocks_size": 81, "fill_percentage": 0.6886070970423775, "solution_time": 0.02329560008365661}
{"items_size": 248, "stocks_size": 81, "fill_percentage": 0.7096512036548936, "solution_time": 0.020606399979442358}
{"items_size": 240, "stocks_size": 80, "fill_percentage": 0.6542706718691539, "solution_time": 0.0177421000553295}
{"items_size": 238, "stocks_size": 81, "fill_percentage": 0.6870357035430092, "solution_time": 0.01957230002153665}
{"items_size": 236, "stocks_size": 81, "fill_percentage": 0.670561613485662,