{"items_size": 245, "stocks_size": 76, "fill_percentage": 0.9390752091487409, "solution_time": 0.005398200009949505}
{"items_size": 239, "stocks_size": 82, "fill_percentage": 0.9497850325145807, "solution_time": 0.003835699986666441}
{"items_size": 245, "stocks_size": 82, "fill_percentage": 0.95805635546465, "solution_time": 0.005559799959883094}
{"items_size": 243, "stocks_size": 77, "fill_percentage": 0.9390755141999595, "solution_time": 0.003928799997083843}
{"items_size": 245, "stocks_size": 77, "fill_percentage": 0.938525816762639, "solution_time": 0.004955700016580522}
{"items_size": 237, "stocks_size": 80, "fill_percentage": 0.9323880744360531, "solution_time": 0.003441500011831522}
{"items_size": 239, "stocks_size": 81, "fill_percentage": 0.9474454033011173, "solution_time": 0.005282999947667122}
{"items_size": 236, "stocks_size": 83, "fill_percentage": 0.9290172765012265, "solution_time": 0.004665200016461313}
{"items_size": 244, "stocks_size": 82, "fill_percentage": 0.9374876989869754, "solution_time": 0.003602899960242212}
{"items_size": 238, "stocks_size": 82, "fill_percentage": 0.9653187822375421, "solution_time": 0.005771799944341183}
{"items_size": 235, "stocks_size": 82, "fill_percentage": 0.9443813582140224, "solution_time": 0.0033936999971047044}
{"items_size": 242, "stocks_size": 80, "fill_percentage": 0.9484503365188858, "solution_time": 0.0063405000837519765}
{"items_size": 237, "stocks_size": 82, "fill_percentage": 0.9552675538414969, "solution_time": 0.005447800038382411}
{"items_size": 245, "stocks_size": 80, "fill_percentage": 0.9575040132915726, "solution_time": 0.0050270999781787395}
{"items_size": 245, "stocks_size": 77, "fill_percentage": 0.941709728653558, "solution_time": 0.004839599947445095}
{"items_size": 248, "stocks_size": 76, "fill_percentage": 0.934954207664895, "solution_time": 0.005484700086526573}
{"items_size": 245, "stocks_size": 77, "fill_percentage": 0.9546808702717342, "solution_time": 0.005324899917468429}
{"items_size": 246, "stocks_size": 80, "fill_percentage": 0.9466807689914764, "solution_time": 0.005432800040580332}
{"items_size": 248, "stocks_size": 83, "fill_percentage": 0.936515289219854, "solution_time": 0.005849300068803132}
{"items_size": 244, "stocks_size": 78, "fill_percentage": 0.9471320677689324, "solution_time": 0.0038528000004589558}
{"items_size": 247, "stocks_size": 77, "fill_percentage": 0.9354115813310591, "solution_time": 0.005978700006380677}
{"items_size": 246, "stocks_size": 75, "fill_percentage": 0.9415126103974041, "solution_time": 0.004978799959644675}
{"items_size": 247, "stocks_size": 75, "fill_percentage": 0.942731456730434, "solution_time": 0.003508899942971766}
{"items_size": 241, "stocks_size": 78, "fill_percentage": 0.956906977022642, "solution_time": 0.005460000014863908}
{"items_size": 239, "stocks_size": 82, "fill_percentage": 0.931612264058567, "solution_time": 0.004749000072479248}
{"items_size": 246, "stocks_size": 75, "fill_percentage": 0.9511656709058175, "solution_time": 0.005726000061258674}
{"items_size": 248, "stocks_size": 83, "fill_percentage": 0.9432413730858329, "solution_time": 0.0062689000042155385}
{"items_size": 241, "stocks_size": 82, "fill_percentage": 0.9428228784629247, "solution_time": 0.0052689999574795365}
{"items_size": 243, "stocks_size": 80, "fill_percentage": 0.9572521524923908, "solution_time": 0.005480799940414727}
{"items_size": 248, "stocks_size": 78, "fill_percentage": 0.9269352330306527, "solution_time": 0.005935200024396181}
{"items_size": 246, "stocks_size": 80, "fill_percentage": 0.9334362601247609, "solution_time": 0.0040216000052168965}
{"items_size": 247, "stocks_size": 76, "fill_percentage": 0.9333826933127598, "solution_time": 0.005624999990686774}
{"items_size": 243, "stocks_size": 78, "fill_percentage": 0.9217883779364257, "solution_time": 0.0044574999483302236}
{"items_size": 242, "stocks_size": 77, "fill_percentage": 0.9522056475260863, "solution_time": 0.00546880008187145}
{"items_size": 237, "stocks_size": 81, "fill_percentage": 0.9381637965439393, "solution_time": 0.0037206000415608287}
{"items_size": 240, "stocks_size": 78, "fill_percentage": 0.9518983164705397, "solution_time": 0.0031781999859958887}
{"items_size": 246, "stocks_size": 81, "fill_percentage": 0.9461491669764456, "solution_time": 0.004711100016720593}
{"items_size": 249, "stocks_size": 79, "fill_percentage": 0.9382163929497539, "solution_time": 0.003863500081934035}
{"items_size": 247, "stocks_size": 74, "fill_percentage": 0.959050022726729, "solution_time": 0.003453299985267222}
{"items_size": 244, "stocks_size": 76, "fill_percentage": 0.9529561954531083, "solution_time": 0.003413400030694902}
{"items_size": 244, "stocks_size": 79, "fill_percentage": 0.9527897219399056, "solution_time": 0.0035523000406101346}
{"items_size": 241, "stocks_size": 83, "fill_percentage": 0.9490864336623478, "solution_time": 0.004666699911467731}
{"items_size": 248, "stocks_size": 82, "fill_percentage": 0.9366341568400902, "solution_time": 0.0036650000838562846}
{"items_size": 247, "stocks_size": 77, "fill_percentage": 0.9510576157182051, "solution_time": 0.005392500082962215}
{"items_size": 241, "stocks_size": 81, "fill_percentage": 0.9426764345613869, "solution_time": 0.0033764999825507402}
{"items_size": 243, "stocks_size": 82, "fill_percentage": 0.9464121579934778, "solution_time": 0.0033534999238327146}
{"items_size": 247, "stocks_size": 75, "fill_percentage": 0.9321731154505298, "solution_time": 0.0036373999901115894}
{"items_size": 234, "stocks_size": 83, "fill_percentage": 0.9236336116169619, "solution_time": 0.003743099980056286}
{"items_size": 242, "stocks_size": 77, "fill_percentage": 0.9558993670742497, "solution_time": 0.0038394000148400664}
{"items_size": 245, "stocks_size": 78, "fill_percentage": 0.9634030816422536, "solution_time": 0.0036471999483183026}
{"items_size": 247, "stocks_size": 78, "fill_percentage": 0.9567556990509735, "solution_time": 0.004950099973939359}
{"items_size": 237, "stocks_size": 82, "fill_percentage": 0.9518995392147451, "solution_time": 0.003198399906978011}
{"items_size": 247, "stocks_size": 75, "fill_percentage": 0.9526346761503921, "solution_time": 0.00402979995124042}
{"items_size": 248, "stocks_size": 80, "fill_percentage": 0.9519800624418031, "solution_time": 0.0034508000826463103}
{"items_size": 246, "stocks_size": 81, "fill_percentage": 0.9521669569775633, "solution_time": 0.004697900032624602}
{"items_size": 238, "stocks_size": 80, "fill_percentage": 0.9271632641891522, "solution_time": 0.003791700000874698}
{"items_size": 249, "stocks_size": 77, "fill_percentage": 0.9280717869003038, "solution_time": 0.0037755999946966767}
{"items_size": 248, "stocks_size": 81, "fill_percentage": 0.9331128917973858, "solution_time": 0.007141200010664761}
{"items_size": 248, "stocks_size": 76, "fill_percentage": 0.9539841414272715, "solution_time": 0.0035511000314727426}
{"items_size": 240, "stocks_size": 83, "fill_percentage": 0.9561600586503328, "solution_time": 0.0050363000482320786}
{"items_size": 235, "stocks_size": 82, "fill_percentage": 0.9364751637164346, "solution_time": 0.005113299936056137}
{"items_size": 247, "stocks_size": 78, "fill_percentage": 0.948124206023767, "solution_time": 0.0047221999848261476}
{"items_size": 240, "stocks_size": 80, "fill_percentage": 0.94520463129218, "solution_time": 0.005263000028207898}
{"items_size": 237, "stocks_size": 81, "fill_percentage": 0.9375323292256199, "solution_time": 0.0031956000020727515}
{"items_size": 248, "stocks_size": 81, "fill_percentage": 0.9629415481455872, "solution_time": 0.003602699958719313}
{"items_size": 240, "stocks_size": 80, "fill_percentage": 0.9494166693597906, "solution_time": 0.0036687999963760376}
{"items_size": 238, "stocks_size": 81, "fill_percentage": 0.9473439454021002, "solution_time": 0.004617900005541742}
{"items_size": 236, "stocks_size": 81, "fill_percentage": 0.9600126424390877, "solution_time": 0.004004899994470179}
{"items_size": 248,