{"items_size": 14, "stocks_size": 5, "fill_percentage": 0.7007844946931241, "solution_time": 0.0010320000001229346}
{"items_size": 15, "stocks_size": 4, "fill_percentage": 0.5707624794295117, "solution_time": 0.0008931000047596171}
{"items_size": 15, "stocks_size": 4, "fill_percentage": 0.8953125, "solution_time": 0.0007968999998411164}
{"items_size": 14, "stocks_size": 5, "fill_percentage": 0.5978406734171038, "solution_time": 0.000985900012892671}
{"items_size": 14, "stocks_size": 5, "fill_percentage": 0.5756221521205749, "solution_time": 0.0006810999911976978}
{"items_size": 14, "stocks_size": 5, "fill_percentage": 0.9046460715154464, "solution_time": 0.000826000003144145}
{"items_size": 14, "stocks_size": 5, "fill_percentage": 0.6860440565838553, "solution_time": 0.001004199992166832}
{"items_size": 14, "stocks_size": 5, "fill_percentage": 0.8159539884971243, "solution_time": 0.0008292999991681427}
{"items_size": 14, "stocks_size": 5, "fill_percentage": 0.6958554066687441, "solution_time": 0.0006738999945810065}
{"items_size": 14, "stocks_size": 5, "fill_percentage": 0.7270645823464393, "solution_time": 0.000785099997301586}
{"items_size": 15, "stocks_size": 4, "fill_percentage": 0.7855681911151109, "solution_time": 0.0006757999944966286}
{"items_size": 14, "stocks_size": 5, "fill_percentage": 0.6551477287517896, "solution_time": 0.0008331999997608364}
{"items_size": 15, "stocks_size": 4, "fill_percentage": 0.8299446703553096, "solution_time": 0.0008333000005222857}
{"items_size": 15, "stocks_size": 4, "fill_percentage": 0.9060254284134881, "solution_time": 0.0010098000057041645}
{"items_size": 15, "stocks_size": 4, "fill_percentage": 0.7187298517085751, "solution_time": 0.0007632000051671639}
{"items_size": 14, "stocks_size": 5, "fill_percentage": 0.6471234213897871, "solution_time": 0.0010155999916605651}
{"items_size": 14, "stocks_size": 5, "fill_percentage": 0.8618506982819251, "solution_time": 0.0008701000042492524}
{"items_size": 14, "stocks_size": 5, "fill_percentage": 0.593049090139653, "solution_time": 0.0007012999994913116}
{"items_size": 14, "stocks_size": 5, "fill_percentage": 0.6929886685552408, "solution_time": 0.0007236999954329804}
{"items_size": 15, "stocks_size": 4, "fill_percentage": 0.7965674507921268, "solution_time": 0.0007666000019526109}
{"items_size": 14, "stocks_size": 5, "fill_percentage": 0.8913043478260869, "solution_time": 0.0008749999979045242}
{"items_size": 15, "stocks_size": 4, "fill_percentage": 0.5619380862127619, "solution_time": 0.0006628999981330708}
{"items_size": 15, "stocks_size": 4, "fill_percentage": 0.9058241553108083, "solution_time": 0.000832199992146343}
{"items_size": 15, "stocks_size": 4, "fill_percentage": 0.5542727724686516, "solution_time": 0.0009479000000283122}
{"items_size": 15, "stocks_size": 4, "fill_percentage": 0.681943297550234, "solution_time": 0.000744799996027723}
{"items_size": 14, "stocks_size": 5, "fill_percentage": 0.5079104575592464, "solution_time": 0.0006209999992279336}
{"items_size": 14, "stocks_size": 5, "fill_percentage": 0.8462977131684094, "solution_time": 0.0007022999925538898}
{"items_size": 14, "stocks_size": 5, "fill_percentage": 0.8818396395107646, "solution_time": 0.0007344999903580174}
{"items_size": 14, "stocks_size": 5, "fill_percentage": 0.4843518191451784, "solution_time": 0.0008728999964660034}
{"items_size": 14, "stocks_size": 5, "fill_percentage": 0.7279263086946753, "solution_time": 0.0007792999967932701}
