{"items_size": 5084, "stocks_size": 1743, "fill_percentage": 0.9951279796079581, "solution_time": 0.9549508000491187}
{"items_size": 5265, "stocks_size": 1629, "fill_percentage": 0.9953909705958887, "solution_time": 1.265485499985516}
{"items_size": 5240, "stocks_size": 1767, "fill_percentage": 0.9947145650380316, "solution_time": 0.7641337999375537}
{"items_size": 5226, "stocks_size": 1739, "fill_percentage": 0.9880460817960818, "solution_time": 1.1656891000457108}
{"items_size": 5190, "stocks_size": 1762, "fill_percentage": 0.9958719364728306, "solution_time": 1.1024225000292063}
{"items_size": 5298, "stocks_size": 1700, "fill_percentage": 0.9927016282437969, "solution_time": 1.0340324999997392}
{"items_size": 5243, "stocks_size": 1765, "fill_percentage": 0.9942720746793781, "solution_time": 0.9108206999953836}
{"items_size": 5228, "stocks_size": 1696, "fill_percentage": 0.9940963649322879, "solution_time": 1.0709306999342516}
{"items_size": 5309, "stocks_size": 1628, "fill_percentage": 0.9944317177569092, "solution_time": 1.2953624998917803}
{"items_size": 5304, "stocks_size": 1747, "fill_percentage": 0.993763331273985, "solution_time": 1.2612206999910995}
{"items_size": 5297, "stocks_size": 1605, "fill_percentage": 0.9929732833655706, "solution_time": 0.8591227999422699}
{"items_size": 5310, "stocks_size": 1608, "fill_percentage": 0.9933899516270889, "solution_time": 1.2627916999626905}
{"items_size": 5276, "stocks_size": 1717, "fill_percentage": 0.9946908876622647, "solution_time": 0.9126209999667481}
{"items_size": 5289, "stocks_size": 1708, "fill_percentage": 0.9930630629638845, "solution_time": 0.9615089000435546}
{"items_size": 5302, "stocks_size": 1714, "fill_percentage": 0.9940012149438089, "solution_time": 0.9772627999773249}
{"items_size": 5284, "stocks_size": 1640, "fill_percentage": 0.9934883927814373, "solution_time": 0.8217679000226781}
{"items_size": 5199, "stocks_size": 1749, "fill_percentage": 0.9936350705214992, "solution_time": 0.9179373000515625}
{"items_size": 5229, "stocks_size": 1729, "fill_percentage": 0.9856359958630061, "solution_time": 1.197285100002773}
{"items_size": 5287, "stocks_size": 1768, "fill_percentage": 0.9929150183251696, "solution_time": 1.0383731999900192}
{"items_size": 5295, "stocks_size": 1678, "fill_percentage": 0.9950729262898576, "solution_time": 1.0083173000020906}
{"items_size": 5140, "stocks_size": 1749, "fill_percentage": 0.9939850678650526, "solution_time": 0.925375199993141}
{"items_size": 5303, "stocks_size": 1683, "fill_percentage": 0.9918909524062561, "solution_time": 1.1526574000017717}
{"items_size": 5298, "stocks_size": 1680, "fill_percentage": 0.9843475481822673, "solution_time": 1.5587428000289947}
{"items_size": 5306, "stocks_size": 1755, "fill_percentage": 0.9841028066647262, "solution_time": 1.4556861000601202}
{"items_size": 5287, "stocks_size": 1655, "fill_percentage": 0.9951766356471891, "solution_time": 1.4319864999270067}
{"items_size": 5191, "stocks_size": 1746, "fill_percentage": 0.9950701166542566, "solution_time": 0.9944932000944391}
{"items_size": 5201, "stocks_size": 1732, "fill_percentage": 0.9927664715021037, "solution_time": 1.3741764000151306}
{"items_size": 5207, "stocks_size": 1695, "fill_percentage": 0.9937235461906515, "solution_time": 1.2049985999474302}
{"items_size": 5308, "stocks_size": 1651, "fill_percentage": 0.99398072856985, "solution_time": 1.0034003000473604}
{"items_size": 5198, "stocks_size": 1693, "fill_percentage": 0.9957197241053956, "solution_time": 1.0462740000803024}
{"items_size": 5158, "stocks_size": 1735, "fill_percentage": 0.9938155992533019, "solution_time": 0.9870234000263736}
{"items_size": 5098, "stocks_size": 1748, "fill_percentage": 0.9938339307841084, "solution_time": 0.8408020000206307}
{"items_size": 5289, "stocks_size": 1733, "fill_percentage": 0.9944381456286219, "solution_time": 1.146330300020054}
{"items_size": 5215, "stocks_size": 1767, "fill_percentage": 0.9934993867082962, "solution_time": 0.8132007999811321}
{"items_size": 5211, "stocks_size": 1663, "fill_percentage": 0.995103328921918, "solution_time": 1.254323699977249}
{"items_size": 5091, "stocks_size": 1746, "fill_percentage": 0.9930714314711392, "solution_time": 1.2273314000340179}
{"items_size": 5268, "stocks_size": 1646, "fill_percentage": 0.9932776162790697, "solution_time": 1.1057040999876335}
{"items_size": 5293, "stocks_size": 1624, "fill_percentage": 0.9928187077719788, "solution_time": 1.1198815000243485}
{"items_size": 5217, "stocks_size": 1748, "fill_percentage": 0.9942803672560757, "solution_time": 1.3145214000251144}
{"items_size": 5214, "stocks_size": 1672, "fill_percentage": 0.9931015931980768, "solution_time": 0.9793175000231713}
{"items_size": 5276, "stocks_size": 1769, "fill_percentage": 0.9936444165446049, "solution_time": 1.0131468999898061}
{"items_size": 5289, "stocks_size": 1665, "fill_percentage": 0.986468030377266, "solution_time": 1.4840502999722958}
{"items_size": 5308, "stocks_size": 1661, "fill_percentage": 0.9948885198438737, "solution_time": 0.9351336000254378}
{"items_size": 5242, "stocks_size": 1714, "fill_percentage": 0.9931178451178451, "solution_time": 0.7924463000381365}
{"items_size": 5273, "stocks_size": 1716, "fill_percentage": 0.9946866111223096, "solution_time": 0.8262274001026526}
{"items_size": 5165, "stocks_size": 1714, "fill_percentage": 0.9929614002404297, "solution_time": 1.0136013000737876}
{"items_size": 5305, "stocks_size": 1657, "fill_percentage": 0.9770246587177686, "solution_time": 1.4995805999496952}
{"items_size": 5254, "stocks_size": 1773, "fill_percentage": 0.9854335411093231, "solution_time": 1.298603400005959}
{"items_size": 5213, "stocks_size": 1773, "fill_percentage": 0.9837056882511428, "solution_time": 1.150954999960959}
{"items_size": 5282, "stocks_size": 1659, "fill_percentage": 0.9947685652487382, "solution_time": 1.1671730999369174}
{"items_size": 5109, "stocks_size": 1735, "fill_percentage": 0.9930284736826583, "solution_time": 1.0765205000061542}
{"items_size": 5144, "stocks_size": 1734, "fill_percentage": 0.9865071567495725, "solution_time": 1.3685236999299377}
{"items_size": 5165, "stocks_size": 1711, "fill_percentage": 0.9929201540733876, "solution_time": 0.9870036999927834}
{"items_size": 5220, "stocks_size": 1694, "fill_percentage": null, "solution_time": null}
{"items_size": 5243, "stocks_size": 1718, "fill_percentage": 0.9926230146371847, "solution_time": 0.908987500006333}
{"items_size": 5304, "stocks_size": 1766, "fill_percentage": 0.9922269353128313, "solution_time": 0.9037959000561386}
{"items_size": 5216, "stocks_size": 1747, "fill_percentage": 0.9912350796024996, "solution_time": 0.8637114999582991}
{"items_size": 5112, "stocks_size": 1760, "fill_percentage": 0.9930498761898271, "solution_time": 1.0957949999719858}
{"items_size": 5274, "stocks_size": 1634, "fill_percentage": 0.9939954754540007, "solution_time": 1.2017082000384107}
{"items_size": 5217, "stocks_size": 1685, "fill_percentage": 0.994330753768618, "solution_time": 0.9405247999820858}
{"items_size": 5218, "stocks_size": 1709, "fill_percentage": 0.9933913644630809, "solution_time": 1.1686568999430165}
{"items_size": 5237, "stocks_size": 1725, "fill_percentage": 0.9931307447958908, "solution_time": 1.0099501999793574}
{"items_size": 5307, "stocks_size": 1721, "fill_percentage": 0.9913207464495112, "solution_time": 1.04594010009896}
{"items_size": 5306, "stocks_size": 1672, "fill_percentage": 0.9944766339957762, "solution_time": 1.336860099923797}
{"items_size": 5192, "stocks_size": 1716, "fill_percentage": 0.9927191913722305, "solution_time": 0.9372644999530166}
{"items_size": 5145, "stocks_size": 1732, "fill_percentage": 0.9948116923147176, "solution_time": 1.039316999958828}
{"items_size": 5185, "stocks_size": 1689, "fill_percentage": 0.9942548850526126, "solution_time": 0.9732728999806568}
{"items_size": 5172, "stocks_size": 1714, "fill_percentage": 0.9911608895184972, "solution_time": 0.9790711000096053}
{"items_size": 5252,