{"items_size": 5084, "stocks_size": 1743, "fill_percentage": 0.9939640872341476, "solution_time": 0.8092485000379384}
{"items_size": 5265, "stocks_size": 1629, "fill_percentage": 0.9943042992306093, "solution_time": 0.8488306999206543}
{"items_size": 5240, "stocks_size": 1767, "fill_percentage": 0.9925187271461154, "solution_time": 0.6331798000028357}
{"items_size": 5226, "stocks_size": 1739, "fill_percentage": 0.9481825511184301, "solution_time": 0.9266652000369504}
{"items_size": 5190, "stocks_size": 1762, "fill_percentage": 0.994762947679431, "solution_time": 0.879815399996005}
{"items_size": 5298, "stocks_size": 1700, "fill_percentage": 0.9943756613437021, "solution_time": 0.759374599903822}
{"items_size": 5243, "stocks_size": 1765, "fill_percentage": 0.9924136222033418, "solution_time": 0.9670004999497905}
{"items_size": 5228, "stocks_size": 1696, "fill_percentage": 0.9925083515697763, "solution_time": 1.0175565999234095}
{"items_size": 5309, "stocks_size": 1628, "fill_percentage": 0.9932436272936394, "solution_time": 1.1522967999335378}
{"items_size": 5304, "stocks_size": 1747, "fill_percentage": 0.9950039846213933, "solution_time": 1.3485657999990508}
{"items_size": 5297, "stocks_size": 1605, "fill_percentage": 0.9929732833655706, "solution_time": 0.8232817000243813}
{"items_size": 5310, "stocks_size": 1608, "fill_percentage": 0.9933899516270889, "solution_time": 1.2100337001029402}
{"items_size": 5276, "stocks_size": 1717, "fill_percentage": 0.9946908876622647, "solution_time": 0.911966499988921}
{"items_size": 5289, "stocks_size": 1708, "fill_percentage": 0.990780159370864, "solution_time": 0.8154996000230312}
{"items_size": 5302, "stocks_size": 1714, "fill_percentage": 0.9940012149438089, "solution_time": 1.0757407000055537}
{"items_size": 5284, "stocks_size": 1640, "fill_percentage": 0.9934883927814373, "solution_time": 0.9114946000045165}
{"items_size": 5199, "stocks_size": 1749, "fill_percentage": 0.9936350705214992, "solution_time": 1.0419601000612602}
{"items_size": 5229, "stocks_size": 1729, "fill_percentage": 0.9856359958630061, "solution_time": 1.2872322999173775}
{"items_size": 5287, "stocks_size": 1768, "fill_percentage": 0.9929150183251696, "solution_time": 1.0349007999757305}
{"items_size": 5295, "stocks_size": 1678, "fill_percentage": 0.9930296553939851, "solution_time": 0.9436337000224739}
{"items_size": 5140, "stocks_size": 1749, "fill_percentage": 0.9939850678650526, "solution_time": 0.9131056000478566}
{"items_size": 5303, "stocks_size": 1683, "fill_percentage": 0.9935143418537296, "solution_time": 1.071631700033322}
{"items_size": 5298, "stocks_size": 1680, "fill_percentage": 0.9919277823266852, "solution_time": 1.4355712999822572}
{"items_size": 5306, "stocks_size": 1755, "fill_percentage": 0.9919576751329737, "solution_time": 1.1802559000207111}
{"items_size": 5287, "stocks_size": 1655, "fill_percentage": 0.9941632174846156, "solution_time": 1.4128459999337792}
{"items_size": 5191, "stocks_size": 1746, "fill_percentage": 0.9932995292580747, "solution_time": 0.898438400006853}
{"items_size": 5201, "stocks_size": 1732, "fill_percentage": 0.9917301808220389, "solution_time": 1.3056969000026584}
{"items_size": 5207, "stocks_size": 1695, "fill_percentage": 0.9923140092457001, "solution_time": 0.9460181000176817}
{"items_size": 5308, "stocks_size": 1651, "fill_percentage": 0.99398072856985, "solution_time": 0.9133611000142992}
{"items_size": 5198, "stocks_size": 1693, "fill_percentage": 0.9940176391069249, "solution_time": 0.9576742000645027}
{"items_size": 5158, "stocks_size": 1735, "fill_percentage": 0.9922529961098219, "solution_time": 0.969573299982585}
{"items_size": 5098, "stocks_size": 1748, "fill_percentage": 0.9919041561612266, "solution_time": 0.8477838999824598}
{"items_size": 5289, "stocks_size": 1733, "fill_percentage": 0.9928963810617557, "solution_time": 1.1382235999917611}
{"items_size": 5215, "stocks_size": 1767, "fill_percentage": 0.9934993867082962, "solution_time": 1.0278917000396177}
{"items_size": 5211, "stocks_size": 1663, "fill_percentage": 0.9917715097402597, "solution_time": 1.1582478999625891}
{"items_size": 5091, "stocks_size": 1746, "fill_percentage": 0.9930714314711392, "solution_time": 1.0934140000026673}
{"items_size": 5268, "stocks_size": 1646, "fill_percentage": 0.9932776162790697, "solution_time": 0.9081132999854162}
{"items_size": 5293, "stocks_size": 1624, "fill_percentage": 0.9928187077719788, "solution_time": 1.121588799986057}
{"items_size": 5217, "stocks_size": 1748, "fill_percentage": 0.9942803672560757, "solution_time": 1.2800588000100106}
{"items_size": 5214, "stocks_size": 1672, "fill_percentage": 0.9931015931980768, "solution_time": 1.0628420999273658}
{"items_size": 5276, "stocks_size": 1769, "fill_percentage": 0.9936444165446049, "solution_time": 1.0604731000494212}
{"items_size": 5289, "stocks_size": 1665, "fill_percentage": 0.9748260001210434, "solution_time": 1.4979135999456048}
{"items_size": 5308, "stocks_size": 1661, "fill_percentage": 0.993244076009421, "solution_time": 1.1466165999881923}
{"items_size": 5242, "stocks_size": 1714, "fill_percentage": 0.9931178451178451, "solution_time": 1.017145000048913}
{"items_size": 5273, "stocks_size": 1716, "fill_percentage": 0.9946866111223096, "solution_time": 0.8479852000018582}
{"items_size": 5165, "stocks_size": 1714, "fill_percentage": 0.9929614002404297, "solution_time": 0.8202259999234229}
{"items_size": 5305, "stocks_size": 1657, "fill_percentage": 0.9789254849020443, "solution_time": 1.1751431999728084}
{"items_size": 5254, "stocks_size": 1773, "fill_percentage": 0.9876356272347071, "solution_time": 1.3711527000414208}
{"items_size": 5213, "stocks_size": 1773, "fill_percentage": 0.9937435013965626, "solution_time": 1.093432999914512}
{"items_size": 5282, "stocks_size": 1659, "fill_percentage": 0.9932749187543708, "solution_time": 0.9208560000406578}
{"items_size": 5109, "stocks_size": 1735, "fill_percentage": 0.9930284736826583, "solution_time": 1.0495021999813616}
{"items_size": 5144, "stocks_size": 1734, "fill_percentage": 0.9907185000014384, "solution_time": 1.1740911999950185}
{"items_size": 5165, "stocks_size": 1711, "fill_percentage": 0.9929201540733876, "solution_time": 0.8684890000149608}
{"items_size": 5220, "stocks_size": 1694, "fill_percentage": null, "solution_time": null}
{"items_size": 5243, "stocks_size": 1718, "fill_percentage": 0.9926230146371847, "solution_time": 1.0227863999316469}
{"items_size": 5304, "stocks_size": 1766, "fill_percentage": 0.9922269353128313, "solution_time": 0.8254201000090688}
{"items_size": 5216, "stocks_size": 1747, "fill_percentage": 0.9932175497617045, "solution_time": 0.9122353000566363}
{"items_size": 5112, "stocks_size": 1760, "fill_percentage": 0.9930498761898271, "solution_time": 0.9025256999302655}
{"items_size": 5274, "stocks_size": 1634, "fill_percentage": 0.9926594600300033, "solution_time": 1.0777294000145048}
{"items_size": 5217, "stocks_size": 1685, "fill_percentage": 0.9908047581878782, "solution_time": 0.7393848999636248}
{"items_size": 5218, "stocks_size": 1709, "fill_percentage": 0.9933913644630809, "solution_time": 0.9690563000040129}
{"items_size": 5237, "stocks_size": 1725, "fill_percentage": 0.9931307447958908, "solution_time": 0.8959976999321952}
{"items_size": 5307, "stocks_size": 1721, "fill_percentage": 0.99295120820354, "solution_time": 0.963368900003843}
{"items_size": 5306, "stocks_size": 1672, "fill_percentage": 0.9808965959265062, "solution_time": 1.4013334000483155}
{"items_size": 5192, "stocks_size": 1716, "fill_percentage": 0.9947166142924966, "solution_time": 0.7990096999565139}
{"items_size": 5145, "stocks_size": 1732, "fill_percentage": 0.9934280877356985, "solution_time": 1.0760199000360444}
{"items_size": 5185, "stocks_size": 1689, "fill_percentage": 0.9928643187798117, "solution_time": 1.1378318999195471}
{"items_size": 5172, "stocks_size": 1714, "fill_percentage": 0.9933155871044069, "solution_time": 0.9786076999735087}
{"items_size": 5252,