{"items_size": 5084, "stocks_size": 1743, "fill_percentage": 0.9939640872341476, "solution_time": 0.8050786999519914}
{"items_size": 5265, "stocks_size": 1629, "fill_percentage": 0.9943042992306093, "solution_time": 0.9263370999833569}
{"items_size": 5240, "stocks_size": 1767, "fill_percentage": 0.9925187271461154, "solution_time": 0.6099344999529421}
{"items_size": 5226, "stocks_size": 1739, "fill_percentage": 0.9481825511184301, "solution_time": 1.0022522000363097}
{"items_size": 5190, "stocks_size": 1762, "fill_percentage": 0.994762947679431, "solution_time": 0.9144759000046179}
{"items_size": 5298, "stocks_size": 1700, "fill_percentage": 0.9943756613437021, "solution_time": 0.8449888000031933}
{"items_size": 5243, "stocks_size": 1765, "fill_percentage": 0.9924136222033418, "solution_time": 1.09370300010778}
{"items_size": 5228, "stocks_size": 1696, "fill_percentage": 0.9925083515697763, "solution_time": 1.0861662999959663}
{"items_size": 5309, "stocks_size": 1628, "fill_percentage": 0.9932436272936394, "solution_time": 1.1961275000358}
{"items_size": 5304, "stocks_size": 1747, "fill_percentage": 0.9950039846213933, "solution_time": 1.4370276000117883}
{"items_size": 5297, "stocks_size": 1605, "fill_percentage": 0.9929732833655706, "solution_time": 0.9067160000558943}
{"items_size": 5310, "stocks_size": 1608, "fill_percentage": 0.9933899516270889, "solution_time": 1.2332012000260875}
{"items_size": 5276, "stocks_size": 1717, "fill_percentage": 0.9946908876622647, "solution_time": 0.8295218999264762}
{"items_size": 5289, "stocks_size": 1708, "fill_percentage": 0.990780159370864, "solution_time": 0.8784215999767184}
{"items_size": 5302, "stocks_size": 1714, "fill_percentage": 0.9940012149438089, "solution_time": 0.846656100009568}
{"items_size": 5284, "stocks_size": 1640, "fill_percentage": 0.9934883927814373, "solution_time": 0.7764924999792129}
{"items_size": 5199, "stocks_size": 1749, "fill_percentage": 0.9936350705214992, "solution_time": 1.0705097999889404}
{"items_size": 5229, "stocks_size": 1729, "fill_percentage": 0.9856359958630061, "solution_time": 1.2915265000192448}
{"items_size": 5287, "stocks_size": 1768, "fill_percentage": 0.9929150183251696, "solution_time": 0.9843566999770701}
{"items_size": 5295, "stocks_size": 1678, "fill_percentage": 0.9930296553939851, "solution_time": 0.9456761000910774}
{"items_size": 5140, "stocks_size": 1749, "fill_percentage": 0.9939850678650526, "solution_time": 0.9062335999915376}
{"items_size": 5303, "stocks_size": 1683, "fill_percentage": 0.9935143418537296, "solution_time": 1.0873842000728473}
{"items_size": 5298, "stocks_size": 1680, "fill_percentage": 0.9919277823266852, "solution_time": 1.4335809999611229}
{"items_size": 5306, "stocks_size": 1755, "fill_percentage": 0.9919576751329737, "solution_time": 1.4368796999333426}
{"items_size": 5287, "stocks_size": 1655, "fill_percentage": 0.9941632174846156, "solution_time": 1.2369303000159562}
{"items_size": 5191, "stocks_size": 1746, "fill_percentage": 0.9932995292580747, "solution_time": 0.9614138000179082}
{"items_size": 5201, "stocks_size": 1732, "fill_percentage": 0.9917301808220389, "solution_time": 1.2551313999574631}
{"items_size": 5207, "stocks_size": 1695, "fill_percentage": 0.9923140092457001, "solution_time": 1.1344213000265881}
{"items_size": 5308, "stocks_size": 1651, "fill_percentage": 0.99398072856985, "solution_time": 0.8869160000467673}
{"items_size": 5198, "stocks_size": 1693, "fill_percentage": 0.9940176391069249, "solution_time": 1.0229739000787959}
{"items_size": 5158, "stocks_size": 1735, "fill_percentage": 0.9922529961098219, "solution_time": 0.961027399986051}
{"items_size": 5098, "stocks_size": 1748, "fill_percentage": 0.9919041561612266, "solution_time": 1.000901999999769}
{"items_size": 5289, "stocks_size": 1733, "fill_percentage": 0.9928963810617557, "solution_time": 1.1138111000182107}
{"items_size": 5215, "stocks_size": 1767, "fill_percentage": 0.9934993867082962, "solution_time": 1.04818509996403}
{"items_size": 5211, "stocks_size": 1663, "fill_percentage": 0.9917715097402597, "solution_time": 1.071870099985972}
{"items_size": 5091, "stocks_size": 1746, "fill_percentage": 0.9930714314711392, "solution_time": 1.0150399999693036}
{"items_size": 5268, "stocks_size": 1646, "fill_percentage": 0.9932776162790697, "solution_time": 0.9912704000016674}
{"items_size": 5293, "stocks_size": 1624, "fill_percentage": 0.9928187077719788, "solution_time": 1.0737626999616623}
{"items_size": 5217, "stocks_size": 1748, "fill_percentage": 0.9942803672560757, "solution_time": 1.2287621999857947}
{"items_size": 5214, "stocks_size": 1672, "fill_percentage": 0.9931015931980768, "solution_time": 1.093760000076145}
{"items_size": 5276, "stocks_size": 1769, "fill_percentage": 0.9936444165446049, "solution_time": 1.1121991999680176}
{"items_size": 5289, "stocks_size": 1665, "fill_percentage": 0.9748260001210434, "solution_time": 1.6468901000916958}
{"items_size": 5308, "stocks_size": 1661, "fill_percentage": 0.993244076009421, "solution_time": 1.0996639999793842}
{"items_size": 5242, "stocks_size": 1714, "fill_percentage": 0.9931178451178451, "solution_time": 0.7280926000094041}
{"items_size": 5273, "stocks_size": 1716, "fill_percentage": 0.9946866111223096, "solution_time": 1.043196199927479}
{"items_size": 5165, "stocks_size": 1714, "fill_percentage": 0.9929614002404297, "solution_time": 1.0127214000094682}
{"items_size": 5305, "stocks_size": 1657, "fill_percentage": 0.9789254849020443, "solution_time": 1.4700080999173224}
{"items_size": 5254, "stocks_size": 1773, "fill_percentage": 0.9876356272347071, "solution_time": 1.3619079999625683}
{"items_size": 5213, "stocks_size": 1773, "fill_percentage": 0.9937435013965626, "solution_time": 1.0664114999817684}
{"items_size": 5282, "stocks_size": 1659, "fill_percentage": 0.9932749187543708, "solution_time": 1.126943500014022}
{"items_size": 5109, "stocks_size": 1735, "fill_percentage": 0.9930284736826583, "solution_time": 1.1179252000292763}
{"items_size": 5144, "stocks_size": 1734, "fill_percentage": 0.9907185000014384, "solution_time": 1.2977313000010327}
{"items_size": 5165, "stocks_size": 1711, "fill_percentage": 0.9929201540733876, "solution_time": 0.8579181000823155}
{"items_size": 5220, "stocks_size": 1694, "fill_percentage": null, "solution_time": null}
{"items_size": 5243, "stocks_size": 1718, "fill_percentage": 0.9926230146371847, "solution_time": 0.8113251000177115}
{"items_size": 5304, "stocks_size": 1766, "fill_percentage": 0.9922269353128313, "solution_time": 0.9443690000334755}
{"items_size": 5216, "stocks_size": 1747, "fill_percentage": 0.9932175497617045, "solution_time": 0.9927681999979541}
{"items_size": 5112, "stocks_size": 1760, "fill_percentage": 0.9930498761898271, "solution_time": 1.226695500081405}
{"items_size": 5274, "stocks_size": 1634, "fill_percentage": 0.9926594600300033, "solution_time": 1.2291148999938741}
{"items_size": 5217, "stocks_size": 1685, "fill_percentage": 0.9908047581878782, "solution_time": 0.9262530000414699}
{"items_size": 5218, "stocks_size": 1709, "fill_percentage": 0.9933913644630809, "solution_time": 1.0060437000356615}
{"items_size": 5237, "stocks_size": 1725, "fill_percentage": 0.9931307447958908, "solution_time": 1.0446614999091253}
{"items_size": 5307, "stocks_size": 1721, "fill_percentage": 0.99295120820354, "solution_time": 1.0819652000209317}
{"items_size": 5306, "stocks_size": 1672, "fill_percentage": 0.9808965959265062, "solution_time": 1.3829281999496743}
{"items_size": 5192, "stocks_size": 1716, "fill_percentage": 0.9947166142924966, "solution_time": 1.0006765000289306}
{"items_size": 5145, "stocks_size": 1732, "fill_percentage": 0.9934280877356985, "solution_time": 1.2202908999752253}
{"items_size": 5185, "stocks_size": 1689, "fill_percentage": 0.9928643187798117, "solution_time": 1.0479483999079093}
{"items_size": 5172, "stocks_size": 1714,