{"items_size": 5084, "stocks_size": 1743, "fill_percentage": 0.9951279796079581, "solution_time": 0.7644921999890357}
{"items_size": 5265, "stocks_size": 1629, "fill_percentage": 0.9953909705958887, "solution_time": 0.965732799959369}
{"items_size": 5240, "stocks_size": 1767, "fill_percentage": 0.9947145650380316, "solution_time": 0.6772082999814302}
{"items_size": 5226, "stocks_size": 1739, "fill_percentage": 0.9880460817960818, "solution_time": 1.138009599992074}
{"items_size": 5190, "stocks_size": 1762, "fill_percentage": 0.9958719364728306, "solution_time": 1.1568303999956697}
{"items_size": 5298, "stocks_size": 1700, "fill_percentage": 0.9927016282437969, "solution_time": 1.050694299978204}
{"items_size": 5243, "stocks_size": 1765, "fill_percentage": 0.9942720746793781, "solution_time": 0.8651821999810636}
{"items_size": 5228, "stocks_size": 1696, "fill_percentage": 0.9940963649322879, "solution_time": 0.8946463000029325}
{"items_size": 5309, "stocks_size": 1628, "fill_percentage": 0.9944317177569092, "solution_time": 1.4187752000289038}
{"items_size": 5304, "stocks_size": 1747, "fill_percentage": 0.993763331273985, "solution_time": 1.2177959999535233}
{"items_size": 5297, "stocks_size": 1605, "fill_percentage": 0.9929732833655706, "solution_time": 0.7589387000771239}
{"items_size": 5310, "stocks_size": 1608, "fill_percentage": 0.9933899516270889, "solution_time": 1.2159375000046566}
{"items_size": 5276, "stocks_size": 1717, "fill_percentage": 0.9946908876622647, "solution_time": 0.8396826999960467}
{"items_size": 5289, "stocks_size": 1708, "fill_percentage": 0.9930630629638845, "solution_time": 0.9319401000393555}
{"items_size": 5302, "stocks_size": 1714, "fill_percentage": 0.9940012149438089, "solution_time": 1.1409645000239834}
{"items_size": 5284, "stocks_size": 1640, "fill_percentage": 0.9934883927814373, "solution_time": 0.9386307999957353}
{"items_size": 5199, "stocks_size": 1749, "fill_percentage": 0.9936350705214992, "solution_time": 0.8142405999824405}
{"items_size": 5229, "stocks_size": 1729, "fill_percentage": 0.9856359958630061, "solution_time": 1.1928046999964863}
{"items_size": 5287, "stocks_size": 1768, "fill_percentage": 0.9929150183251696, "solution_time": 1.0056737000122666}
{"items_size": 5295, "stocks_size": 1678, "fill_percentage": 0.9950729262898576, "solution_time": 0.9509467999450862}
{"items_size": 5140, "stocks_size": 1749, "fill_percentage": 0.9939850678650526, "solution_time": 0.9376497999764979}
{"items_size": 5303, "stocks_size": 1683, "fill_percentage": 0.9918909524062561, "solution_time": 1.0592738999985158}
{"items_size": 5298, "stocks_size": 1680, "fill_percentage": 0.9843475481822673, "solution_time": 1.2988693000515923}
{"items_size": 5306, "stocks_size": 1755, "fill_percentage": 0.9841028066647262, "solution_time": 1.1961895999265835}
{"items_size": 5287, "stocks_size": 1655, "fill_percentage": 0.9951766356471891, "solution_time": 1.3574481999967247}
{"items_size": 5191, "stocks_size": 1746, "fill_percentage": 0.9950701166542566, "solution_time": 0.9392832000739872}
{"items_size": 5201, "stocks_size": 1732, "fill_percentage": 0.9927664715021037, "solution_time": 1.2579098000423983}
{"items_size": 5207, "stocks_size": 1695, "fill_percentage": 0.9937235461906515, "solution_time": 1.1967619999777526}
{"items_size": 5308, "stocks_size": 1651, "fill_percentage": 0.99398072856985, "solution_time": 0.9631249000085518}
{"items_size": 5198, "stocks_size": 1693, "fill_percentage": 0.9957197241053956, "solution_time": 1.0571802000049502}
{"items_size": 5158, "stocks_size": 1735, "fill_percentage": 0.9938155992533019, "solution_time": 1.0747958000283688}
{"items_size": 5098, "stocks_size": 1748, "fill_percentage": 0.9938339307841084, "solution_time": 0.8993198000825942}
{"items_size": 5289, "stocks_size": 1733, "fill_percentage": 0.9944381456286219, "solution_time": 1.0262332999845967}
{"items_size": 5215, "stocks_size": 1767, "fill_percentage": 0.9934993867082962, "solution_time": 0.9837913999799639}
{"items_size": 5211, "stocks_size": 1663, "fill_percentage": 0.995103328921918, "solution_time": 1.1964919000165537}
{"items_size": 5091, "stocks_size": 1746, "fill_percentage": 0.9930714314711392, "solution_time": 1.1679042999166995}
{"items_size": 5268, "stocks_size": 1646, "fill_percentage": 0.9932776162790697, "solution_time": 0.9103130999719724}
{"items_size": 5293, "stocks_size": 1624, "fill_percentage": 0.9928187077719788, "solution_time": 1.1701420999597758}
{"items_size": 5217, "stocks_size": 1748, "fill_percentage": 0.9942803672560757, "solution_time": 1.278553800075315}
{"items_size": 5214, "stocks_size": 1672, "fill_percentage": 0.9931015931980768, "solution_time": 1.0836653999285772}
{"items_size": 5276, "stocks_size": 1769, "fill_percentage": 0.9936444165446049, "solution_time": 0.9489610000746325}
{"items_size": 5289, "stocks_size": 1665, "fill_percentage": 0.986468030377266, "solution_time": 1.7284751000115648}
{"items_size": 5308, "stocks_size": 1661, "fill_percentage": 0.9948885198438737, "solution_time": 0.9939713999629021}
{"items_size": 5242, "stocks_size": 1714, "fill_percentage": 0.9931178451178451, "solution_time": 0.9838976999744773}
{"items_size": 5273, "stocks_size": 1716, "fill_percentage": 0.9946866111223096, "solution_time": 0.851870600017719}
{"items_size": 5165, "stocks_size": 1714, "fill_percentage": 0.9929614002404297, "solution_time": 0.9415188999846578}
{"items_size": 5305, "stocks_size": 1657, "fill_percentage": 0.9770246587177686, "solution_time": 1.5288531000260264}
{"items_size": 5254, "stocks_size": 1773, "fill_percentage": 0.9854335411093231, "solution_time": 1.2887220999691635}
{"items_size": 5213, "stocks_size": 1773, "fill_percentage": 0.9837056882511428, "solution_time": 1.1742534999502823}
{"items_size": 5282, "stocks_size": 1659, "fill_percentage": 0.9947685652487382, "solution_time": 1.0515224999981}
{"items_size": 5109, "stocks_size": 1735, "fill_percentage": 0.9930284736826583, "solution_time": 1.1155504999915138}
{"items_size": 5144, "stocks_size": 1734, "fill_percentage": 0.9865071567495725, "solution_time": 1.2983555999817327}
{"items_size": 5165, "stocks_size": 1711, "fill_percentage": 0.9929201540733876, "solution_time": 0.8677009999519214}
{"items_size": 5220, "stocks_size": 1694, "fill_percentage": null, "solution_time": null}
{"items_size": 5243, "stocks_size": 1718, "fill_percentage": 0.9926230146371847, "solution_time": 0.8772127000847831}
{"items_size": 5304, "stocks_size": 1766, "fill_percentage": 0.9922269353128313, "solution_time": 0.8956213999772444}
{"items_size": 5216, "stocks_size": 1747, "fill_percentage": 0.9912350796024996, "solution_time": 0.9839390000561252}
{"items_size": 5112, "stocks_size": 1760, "fill_percentage": 0.9930498761898271, "solution_time": 1.1910371999256313}
{"items_size": 5274, "stocks_size": 1634, "fill_percentage": 0.9939954754540007, "solution_time": 1.2419493000488728}
{"items_size": 5217, "stocks_size": 1685, "fill_percentage": 0.994330753768618, "solution_time": 0.8298677999991924}
{"items_size": 5218, "stocks_size": 1709, "fill_percentage": 0.9933913644630809, "solution_time": 1.1248235000530258}
{"items_size": 5237, "stocks_size": 1725, "fill_percentage": 0.9931307447958908, "solution_time": 1.0192720999475569}
{"items_size": 5307, "stocks_size": 1721, "fill_percentage": 0.9913207464495112, "solution_time": 0.9875806999625638}
{"items_size": 5306, "stocks_size": 1672, "fill_percentage": 0.9944766339957762, "solution_time": 1.4028260000050068}
{"items_size": 5192, "stocks_size": 1716, "fill_percentage": 0.9927191913722305, "solution_time": 0.9990309000713751}
{"items_size": 5145, "stocks_size": 1732, "fill_percentage": 0.9948116923147176, "solution_time": 0.9234295000787824}
{"items_size": 5185, "stocks_size": 1689, "fill_percentage": 0.9942548850526126, "solution_time": 1.1473542000167072}
{"items_size": 5172, "stocks_size": 1714,