{"items_size": 5084, "stocks_size": 1743, "fill_percentage": 0.64042147293534, "solution_time": 1.071258099982515}
{"items_size": 5265, "stocks_size": 1629, "fill_percentage": 0.6183182200239227, "solution_time": 1.081269699963741}
{"items_size": 5240, "stocks_size": 1767, "fill_percentage": 0.7298879600603738, "solution_time": 0.824427800020203}
{"items_size": 5226, "stocks_size": 1739, "fill_percentage": 0.663345454109063, "solution_time": 1.0696071999846026}
{"items_size": 5190, "stocks_size": 1762, "fill_percentage": 0.621208016005653, "solution_time": 1.2663399999728426}
{"items_size": 5298, "stocks_size": 1700, "fill_percentage": 0.6824823694176104, "solution_time": 0.9882765000220388}
{"items_size": 5243, "stocks_size": 1765, "fill_percentage": 0.7032334938791892, "solution_time": 1.0259429999860004}
{"items_size": 5228, "stocks_size": 1696, "fill_percentage": 0.7068375746105574, "solution_time": 1.0245269000297412}
{"items_size": 5309, "stocks_size": 1628, "fill_percentage": 0.628853945570935, "solution_time": 1.351974599994719}
{"items_size": 5304, "stocks_size": 1747, "fill_percentage": 0.7034405928347184, "solution_time": 1.2568949999986216}
{"items_size": 5297, "stocks_size": 1605, "fill_percentage": 0.7650777757078987, "solution_time": 0.9485579000320286}
{"items_size": 5310, "stocks_size": 1608, "fill_percentage": 0.6876617199391172, "solution_time": 1.0612973999232054}
{"items_size": 5276, "stocks_size": 1717, "fill_percentage": 0.7641457099611043, "solution_time": 1.0730563000543043}
{"items_size": 5289, "stocks_size": 1708, "fill_percentage": 0.7495467292631753, "solution_time": 1.0649996999418363}
{"items_size": 5302, "stocks_size": 1714, "fill_percentage": 0.679024940174014, "solution_time": 1.0903029999462888}
{"items_size": 5284, "stocks_size": 1640, "fill_percentage": 0.7708734010655968, "solution_time": 1.07717629999388}
{"items_size": 5199, "stocks_size": 1749, "fill_percentage": 0.6987421830842485, "solution_time": 1.1026991999242455}
{"items_size": 5229, "stocks_size": 1729, "fill_percentage": 0.6469250084762457, "solution_time": 1.369756400003098}
{"items_size": 5287, "stocks_size": 1768, "fill_percentage": 0.6905105676145445, "solution_time": 1.13278210000135}
{"items_size": 5295, "stocks_size": 1678, "fill_percentage": 0.726134297562869, "solution_time": 1.0131031000055373}
{"items_size": 5140, "stocks_size": 1749, "fill_percentage": 0.7083121940298209, "solution_time": 1.0085557999555022}
{"items_size": 5303, "stocks_size": 1683, "fill_percentage": 0.6866937362812542, "solution_time": 1.1501633999869227}
{"items_size": 5298, "stocks_size": 1680, "fill_percentage": 0.6973413411716604, "solution_time": 1.4117801999673247}
{"items_size": 5306, "stocks_size": 1755, "fill_percentage": 0.7107409159245245, "solution_time": 1.3470667999936268}
{"items_size": 5287, "stocks_size": 1655, "fill_percentage": 0.6322981085297231, "solution_time": 1.4351195999188349}
{"items_size": 5191, "stocks_size": 1746, "fill_percentage": 0.6567462769918094, "solution_time": 1.0624162000603974}
{"items_size": 5201, "stocks_size": 1732, "fill_percentage": 0.6325416199916866, "solution_time": 1.2592710999306291}
{"items_size": 5207, "stocks_size": 1695, "fill_percentage": 0.6606056435488372, "solution_time": 1.1452576000010595}
{"items_size": 5308, "stocks_size": 1651, "fill_percentage": 0.707197769118428, "solution_time": 0.9404587000608444}
{"items_size": 5198, "stocks_size": 1693, "fill_percentage": 0.7057042704824649, "solution_time": 1.0057253999402747}
{"items_size": 5158, "stocks_size": 1735, "fill_percentage": 0.6942496210405354, "solution_time": 0.9713402000488713}
{"items_size": 5098, "stocks_size": 1748, "fill_percentage": 0.7094870005875441, "solution_time": 1.0038714000256732}
{"items_size": 5289, "stocks_size": 1733, "fill_percentage": 0.7053063499832957, "solution_time": 1.1015757999848574}
{"items_size": 5215, "stocks_size": 1767, "fill_percentage": 0.7192755740874542, "solution_time": 1.0150748000014573}
{"items_size": 5211, "stocks_size": 1663, "fill_percentage": 0.6425359889568133, "solution_time": 1.1905541999731213}
{"items_size": 5091, "stocks_size": 1746, "fill_percentage": 0.6421064275777245, "solution_time": 1.231568800052628}
{"items_size": 5268, "stocks_size": 1646, "fill_percentage": 0.6945283075267532, "solution_time": 0.9701055000768974}
{"items_size": 5293, "stocks_size": 1624, "fill_percentage": 0.6470960511569649, "solution_time": 1.0630078000249341}
{"items_size": 5217, "stocks_size": 1748, "fill_percentage": 0.6993135134893951, "solution_time": 1.0513710000086576}
{"items_size": 5214, "stocks_size": 1672, "fill_percentage": 0.6561564097915864, "solution_time": 0.9154727000277489}
{"items_size": 5276, "stocks_size": 1769, "fill_percentage": 0.7120447843254861, "solution_time": 0.9249149999814108}
{"items_size": 5289, "stocks_size": 1665, "fill_percentage": null, "solution_time": null}
{"items_size": 5308, "stocks_size": 1661, "fill_percentage": 0.6963066813275779, "solution_time": 1.1059296999592334}
{"items_size": 5242, "stocks_size": 1714, "fill_percentage": 0.7134881470730527, "solution_time": 1.0221628999570385}
{"items_size": 5273, "stocks_size": 1716, "fill_percentage": 0.7318167399937383, "solution_time": 1.0576050999807194}
{"items_size": 5165, "stocks_size": 1714, "fill_percentage": 0.6987057657789365, "solution_time": 0.9286416000686586}
{"items_size": 5305, "stocks_size": 1657, "fill_percentage": 0.6940244127443459, "solution_time": 1.3268089999910444}
{"items_size": 5254, "stocks_size": 1773, "fill_percentage": 0.7257256866790336, "solution_time": 1.17459329997655}
{"items_size": 5213, "stocks_size": 1773, "fill_percentage": 0.7676892364392365, "solution_time": 1.0478188999695703}
{"items_size": 5282, "stocks_size": 1659, "fill_percentage": 0.6288223344965883, "solution_time": 1.0350503999507055}
{"items_size": 5109, "stocks_size": 1735, "fill_percentage": 0.6378768139385089, "solution_time": 1.2600846999557689}
{"items_size": 5144, "stocks_size": 1734, "fill_percentage": 0.6984975428904046, "solution_time": 1.2478949000360444}
{"items_size": 5165, "stocks_size": 1711, "fill_percentage": 0.7019358415685902, "solution_time": 1.0436447999672964}
{"items_size": 5220, "stocks_size": 1694, "fill_percentage": null, "solution_time": null}
{"items_size": 5243, "stocks_size": 1718, "fill_percentage": 0.7264529914529915, "solution_time": 0.9661581000545993}
{"items_size": 5304, "stocks_size": 1766, "fill_percentage": 0.7364184285524921, "solution_time": 1.0495990999042988}
{"items_size": 5216, "stocks_size": 1747, "fill_percentage": 0.6994489787054257, "solution_time": 0.9646117000374943}
{"items_size": 5112, "stocks_size": 1760, "fill_percentage": 0.6434258073537638, "solution_time": 1.2994797999272123}
{"items_size": 5274, "stocks_size": 1634, "fill_percentage": 0.7067355390070071, "solution_time": 1.1756579000502825}
{"items_size": 5217, "stocks_size": 1685, "fill_percentage": 0.7055730853762163, "solution_time": 0.9615169001044706}
{"items_size": 5218, "stocks_size": 1709, "fill_percentage": 0.6296543734598686, "solution_time": 1.1027627000585198}
{"items_size": 5237, "stocks_size": 1725, "fill_percentage": 0.7104904022821777, "solution_time": 1.0668343999423087}
{"items_size": 5307, "stocks_size": 1721, "fill_percentage": 0.6590767844844457, "solution_time": 0.9000257999869063}
{"items_size": 5306, "stocks_size": 1672, "fill_percentage": 0.6440093512565751, "solution_time": 1.378449699957855}
{"items_size": 5192, "stocks_size": 1716, "fill_percentage": 0.7217140982530961, "solution_time": 1.012086399947293}
{"items_size": 5145, "stocks_size": 1732, "fill_percentage": 0.6848272244314163, "solution_time": 1.164708900032565}
{"items_size": 5185, "stocks_size": 1689, "fill_percentage": 0.6183780382644298, "solution_time": 0.8568685000063851}
{"items_size": 5172, "stocks_size": 1714, "fill_percentage": 0.728748277620458, "solution_time": 0.9818163000745699}
{"items_size": 5252, "stocks_size": 1699,