{"items_size": 5084, "stocks_size": 1743, "fill_percentage": 0.6356314843569156, "solution_time": 0.9858707999810576}
{"items_size": 5265, "stocks_size": 1629, "fill_percentage": 0.6129089758379799, "solution_time": 1.21389520005323}
{"items_size": 5240, "stocks_size": 1767, "fill_percentage": 0.7263505386061233, "solution_time": 0.8570489999838173}
{"items_size": 5226, "stocks_size": 1739, "fill_percentage": 0.6611239355085637, "solution_time": 1.1170569999376312}
{"items_size": 5190, "stocks_size": 1762, "fill_percentage": 0.6190555280777055, "solution_time": 1.1083955999929458}
{"items_size": 5298, "stocks_size": 1700, "fill_percentage": 0.6769974364831405, "solution_time": 1.1768550999695435}
{"items_size": 5243, "stocks_size": 1765, "fill_percentage": 0.6976889459642416, "solution_time": 1.0697476000059396}
{"items_size": 5228, "stocks_size": 1696, "fill_percentage": 0.7036355923926161, "solution_time": 1.0287856999784708}
{"items_size": 5309, "stocks_size": 1628, "fill_percentage": 0.6236646031843782, "solution_time": 1.0841257999418303}
{"items_size": 5304, "stocks_size": 1747, "fill_percentage": 0.6997350234255804, "solution_time": 1.1194559000432491}
{"items_size": 5297, "stocks_size": 1605, "fill_percentage": 0.7623007238904471, "solution_time": 1.012683799955994}
{"items_size": 5310, "stocks_size": 1608, "fill_percentage": 0.6839142446260975, "solution_time": 1.0776730999350548}
{"items_size": 5276, "stocks_size": 1717, "fill_percentage": 0.7612997296632975, "solution_time": 1.0054625000339001}
{"items_size": 5289, "stocks_size": 1708, "fill_percentage": 0.7456563483154427, "solution_time": 1.1757495999336243}
{"items_size": 5302, "stocks_size": 1714, "fill_percentage": 0.6759208261617901, "solution_time": 1.0243220999836922}
{"items_size": 5284, "stocks_size": 1640, "fill_percentage": 0.7596197747726683, "solution_time": 1.1590912999818102}
{"items_size": 5199, "stocks_size": 1749, "fill_percentage": 0.6913262872732129, "solution_time": 1.065871199942194}
{"items_size": 5229, "stocks_size": 1729, "fill_percentage": 0.644802551099355, "solution_time": 1.4872505000093952}
{"items_size": 5287, "stocks_size": 1768, "fill_percentage": 0.6837656536451717, "solution_time": 1.03319750004448}
{"items_size": 5295, "stocks_size": 1678, "fill_percentage": 0.7175154928440218, "solution_time": 1.0193683999823406}
{"items_size": 5140, "stocks_size": 1749, "fill_percentage": 0.7027785050139629, "solution_time": 1.2346889999462292}
{"items_size": 5303, "stocks_size": 1683, "fill_percentage": 0.6820643403063245, "solution_time": 1.2794191000284627}
{"items_size": 5298, "stocks_size": 1680, "fill_percentage": 0.6941203649999668, "solution_time": 1.4181659000460058}
{"items_size": 5306, "stocks_size": 1755, "fill_percentage": 0.7072738870663561, "solution_time": 1.3056817000033334}
{"items_size": 5287, "stocks_size": 1655, "fill_percentage": 0.6298505029483177, "solution_time": 1.4038128999527544}
{"items_size": 5191, "stocks_size": 1746, "fill_percentage": 0.6521429152371939, "solution_time": 1.1986798999132589}
{"items_size": 5201, "stocks_size": 1732, "fill_percentage": 0.6300248761455658, "solution_time": 1.484235699987039}
{"items_size": 5207, "stocks_size": 1695, "fill_percentage": 0.6550387420582572, "solution_time": 1.2202573999529704}
{"items_size": 5308, "stocks_size": 1651, "fill_percentage": 0.707197769118428, "solution_time": 1.2031830999767408}
{"items_size": 5198, "stocks_size": 1693, "fill_percentage": 0.699759709840615, "solution_time": 1.1530770999379456}
{"items_size": 5158, "stocks_size": 1735, "fill_percentage": 0.6874432522068047, "solution_time": 1.167674700031057}
{"items_size": 5098, "stocks_size": 1748, "fill_percentage": 0.7007279018148583, "solution_time": 1.1589696999872103}
{"items_size": 5289, "stocks_size": 1733, "fill_percentage": 0.6991464691974153, "solution_time": 1.396077699959278}
{"items_size": 5215, "stocks_size": 1767, "fill_percentage": 0.7152301546606407, "solution_time": 1.2117663000244647}
{"items_size": 5211, "stocks_size": 1663, "fill_percentage": 0.6370087976539589, "solution_time": 1.5305340000195429}
{"items_size": 5091, "stocks_size": 1746, "fill_percentage": 0.6354709875471121, "solution_time": 1.1695948999840766}
{"items_size": 5268, "stocks_size": 1646, "fill_percentage": 0.6892130398671097, "solution_time": 1.2061524000018835}
{"items_size": 5293, "stocks_size": 1624, "fill_percentage": 0.6380276380276381, "solution_time": 1.350093899993226}
{"items_size": 5217, "stocks_size": 1748, "fill_percentage": 0.6961747634288502, "solution_time": 1.3950021000346169}
{"items_size": 5214, "stocks_size": 1672, "fill_percentage": 0.6506884397099899, "solution_time": 1.2470651000039652}
{"items_size": 5276, "stocks_size": 1769, "fill_percentage": 0.7063255491100203, "solution_time": 1.1983093998860568}
{"items_size": 5289, "stocks_size": 1665, "fill_percentage": null, "solution_time": null}
{"items_size": 5308, "stocks_size": 1661, "fill_percentage": 0.6907042137766664, "solution_time": 1.241811600048095}
{"items_size": 5242, "stocks_size": 1714, "fill_percentage": 0.7093698893698893, "solution_time": 1.114538999972865}
{"items_size": 5273, "stocks_size": 1716, "fill_percentage": 0.7247232013185163, "solution_time": 1.027960600098595}
{"items_size": 5165, "stocks_size": 1714, "fill_percentage": 0.6944711853802763, "solution_time": 1.1490567999426275}
{"items_size": 5305, "stocks_size": 1657, "fill_percentage": 0.690690047000207, "solution_time": 1.5487803999567404}
{"items_size": 5254, "stocks_size": 1773, "fill_percentage": 0.7239425768837534, "solution_time": 1.3090964000439271}
{"items_size": 5213, "stocks_size": 1773, "fill_percentage": 0.7676892364392365, "solution_time": 1.01357349997852}
{"items_size": 5282, "stocks_size": 1659, "fill_percentage": 0.6223152360210827, "solution_time": 1.1680200999835506}
{"items_size": 5109, "stocks_size": 1735, "fill_percentage": 0.6323203956986265, "solution_time": 1.350527499918826}
{"items_size": 5144, "stocks_size": 1734, "fill_percentage": 0.6958794861329443, "solution_time": 1.3258515999186784}
{"items_size": 5165, "stocks_size": 1711, "fill_percentage": 0.6939086210169799, "solution_time": 1.1794739000033587}
{"items_size": 5220, "stocks_size": 1694, "fill_percentage": null, "solution_time": null}
{"items_size": 5243, "stocks_size": 1718, "fill_percentage": 0.7211114253393666, "solution_time": 1.1415412001078948}
{"items_size": 5304, "stocks_size": 1766, "fill_percentage": 0.7329825727427604, "solution_time": 1.1693294999422505}
{"items_size": 5216, "stocks_size": 1747, "fill_percentage": 0.6945577271060871, "solution_time": 1.1222193000139669}
{"items_size": 5112, "stocks_size": 1760, "fill_percentage": 0.6387016824833249, "solution_time": 1.400145799969323}
{"items_size": 5274, "stocks_size": 1634, "fill_percentage": 0.7040406465799071, "solution_time": 1.0071068000979722}
{"items_size": 5217, "stocks_size": 1685, "fill_percentage": 0.6959077006450353, "solution_time": 1.118992600007914}
{"items_size": 5218, "stocks_size": 1709, "fill_percentage": 0.6236917373475592, "solution_time": 1.1316789000993595}
{"items_size": 5237, "stocks_size": 1725, "fill_percentage": 0.699531681424355, "solution_time": 1.0529666000511497}
{"items_size": 5307, "stocks_size": 1721, "fill_percentage": 0.6547877815485383, "solution_time": 1.245437299949117}
{"items_size": 5306, "stocks_size": 1672, "fill_percentage": 0.6409152775031118, "solution_time": 1.5136992000043392}
{"items_size": 5192, "stocks_size": 1716, "fill_percentage": 0.7185670891037366, "solution_time": 1.0770366999786347}
{"items_size": 5145, "stocks_size": 1732, "fill_percentage": 0.677680071235263, "solution_time": 1.3307641999563202}
{"items_size": 5185, "stocks_size": 1689, "fill_percentage": 0.6135678374481983, "solution_time": 1.2589232000755146}
{"items_size": 5172, "stocks_size": 1714, "fill_percentage": 0.7264311129857348,