{"items_size": 5084, "stocks_size": 1743, "fill_percentage": 0.9951279796079581, "solution_time": 0.7927913999883458}
{"items_size": 5265, "stocks_size": 1629, "fill_percentage": 0.9943042992306093, "solution_time": 0.8221455999882892}
{"items_size": 5240, "stocks_size": 1767, "fill_percentage": 0.9947145650380316, "solution_time": 0.611953999963589}
{"items_size": 5226, "stocks_size": 1739, "fill_percentage": 0.9910221242111302, "solution_time": 0.8550312999868765}
{"items_size": 5190, "stocks_size": 1762, "fill_percentage": 0.9958719364728306, "solution_time": 0.8441324000013992}
{"items_size": 5298, "stocks_size": 1700, "fill_percentage": 0.9943756613437021, "solution_time": 0.7149351999396458}
{"items_size": 5243, "stocks_size": 1765, "fill_percentage": 0.9942720746793781, "solution_time": 0.8921840999973938}
{"items_size": 5228, "stocks_size": 1696, "fill_percentage": 0.9940963649322879, "solution_time": 0.9411200999747962}
{"items_size": 5309, "stocks_size": 1628, "fill_percentage": 0.9932436272936394, "solution_time": 1.1567730999086052}
{"items_size": 5304, "stocks_size": 1747, "fill_percentage": 0.9950039846213933, "solution_time": 1.2276382999261841}
{"items_size": 5297, "stocks_size": 1605, "fill_percentage": 0.9929732833655706, "solution_time": 0.7531658000079915}
{"items_size": 5310, "stocks_size": 1608, "fill_percentage": 0.9947022236900044, "solution_time": 1.328435100032948}
{"items_size": 5276, "stocks_size": 1717, "fill_percentage": 0.9946908876622647, "solution_time": 0.8434832999482751}
{"items_size": 5289, "stocks_size": 1708, "fill_percentage": 0.9930630629638845, "solution_time": 0.8599471000488847}
{"items_size": 5302, "stocks_size": 1714, "fill_percentage": 0.9940012149438089, "solution_time": 1.0936260999878868}
{"items_size": 5284, "stocks_size": 1640, "fill_percentage": 0.9934883927814373, "solution_time": 0.814208299969323}
{"items_size": 5199, "stocks_size": 1749, "fill_percentage": 0.9936350705214992, "solution_time": 1.0145634000655264}
{"items_size": 5229, "stocks_size": 1729, "fill_percentage": 0.9866255902363625, "solution_time": 1.2575313000706956}
{"items_size": 5287, "stocks_size": 1768, "fill_percentage": 0.9929150183251696, "solution_time": 0.9871136000147089}
{"items_size": 5295, "stocks_size": 1678, "fill_percentage": 0.9950729262898576, "solution_time": 0.8811318000080064}
{"items_size": 5140, "stocks_size": 1749, "fill_percentage": 0.9921578894314771, "solution_time": 0.8463780999882147}
{"items_size": 5303, "stocks_size": 1683, "fill_percentage": 0.9935143418537296, "solution_time": 0.924441899987869}
{"items_size": 5298, "stocks_size": 1680, "fill_percentage": 0.9930202138050186, "solution_time": 1.3215600000694394}
{"items_size": 5306, "stocks_size": 1755, "fill_percentage": 0.988576001240475, "solution_time": 0.9675952999386936}
{"items_size": 5287, "stocks_size": 1655, "fill_percentage": 0.9951766356471891, "solution_time": 1.1356079000979662}
{"items_size": 5191, "stocks_size": 1746, "fill_percentage": 0.9932995292580747, "solution_time": 0.9259252999909222}
{"items_size": 5201, "stocks_size": 1732, "fill_percentage": 0.9917301808220389, "solution_time": 1.1591090000001714}
{"items_size": 5207, "stocks_size": 1695, "fill_percentage": 0.995137093198035, "solution_time": 1.1199528999859467}
{"items_size": 5308, "stocks_size": 1651, "fill_percentage": 0.99398072856985, "solution_time": 1.01809179992415}
{"items_size": 5198, "stocks_size": 1693, "fill_percentage": 0.9957197241053956, "solution_time": 0.8885739999823272}
{"items_size": 5158, "stocks_size": 1735, "fill_percentage": 0.9938155992533019, "solution_time": 0.9697767000179738}
{"items_size": 5098, "stocks_size": 1748, "fill_percentage": 0.9938339307841084, "solution_time": 0.8904349999502301}
{"items_size": 5289, "stocks_size": 1733, "fill_percentage": 0.9944381456286219, "solution_time": 0.987635999917984}
{"items_size": 5215, "stocks_size": 1767, "fill_percentage": 0.9950541588314703, "solution_time": 0.9386718000750989}
{"items_size": 5211, "stocks_size": 1663, "fill_percentage": 0.995103328921918, "solution_time": 1.2551595999393612}
{"items_size": 5091, "stocks_size": 1746, "fill_percentage": 0.9943065949431182, "solution_time": 1.053300500032492}
{"items_size": 5268, "stocks_size": 1646, "fill_percentage": 0.9932776162790697, "solution_time": 0.9646506001008675}
{"items_size": 5293, "stocks_size": 1624, "fill_percentage": 0.9928187077719788, "solution_time": 1.101050200057216}
{"items_size": 5217, "stocks_size": 1748, "fill_percentage": 0.9942803672560757, "solution_time": 1.137522600009106}
{"items_size": 5214, "stocks_size": 1672, "fill_percentage": 0.994682965161768, "solution_time": 0.9677182999439538}
{"items_size": 5276, "stocks_size": 1769, "fill_percentage": 0.9936444165446049, "solution_time": 0.8780229000840336}
{"items_size": 5289, "stocks_size": 1665, "fill_percentage": 0.9872540606803555, "solution_time": 1.6085730000631884}
{"items_size": 5308, "stocks_size": 1661, "fill_percentage": 0.9948885198438737, "solution_time": 1.1053854000056162}
{"items_size": 5242, "stocks_size": 1714, "fill_percentage": 0.9951282051282051, "solution_time": 0.8676249999552965}
{"items_size": 5273, "stocks_size": 1716, "fill_percentage": 0.9946866111223096, "solution_time": 0.7912822000216693}
{"items_size": 5165, "stocks_size": 1714, "fill_percentage": 0.9946852915602915, "solution_time": 0.9651206999551505}
{"items_size": 5305, "stocks_size": 1657, "fill_percentage": 0.9846726012517628, "solution_time": 1.4700567000545561}
{"items_size": 5254, "stocks_size": 1773, "fill_percentage": 0.9920694572110694, "solution_time": 1.304227799992077}
{"items_size": 5213, "stocks_size": 1773, "fill_percentage": 0.9937435013965626, "solution_time": 0.8692953999852762}
{"items_size": 5282, "stocks_size": 1659, "fill_percentage": 0.9947685652487382, "solution_time": 1.0228320000460371}
{"items_size": 5109, "stocks_size": 1735, "fill_percentage": 0.9943887866603057, "solution_time": 0.9952469998970628}
{"items_size": 5144, "stocks_size": 1734, "fill_percentage": 0.9896622969097524, "solution_time": 1.0725622000172734}
{"items_size": 5165, "stocks_size": 1711, "fill_percentage": 0.9947287518039402, "solution_time": 0.9752152999863029}
{"items_size": 5220, "stocks_size": 1694, "fill_percentage": null, "solution_time": null}
{"items_size": 5243, "stocks_size": 1718, "fill_percentage": 0.9946364487439538, "solution_time": 0.7449735999107361}
{"items_size": 5304, "stocks_size": 1766, "fill_percentage": 0.9943202410835336, "solution_time": 0.954570599948056}
{"items_size": 5216, "stocks_size": 1747, "fill_percentage": 0.9932175497617045, "solution_time": 0.8078642999753356}
{"items_size": 5112, "stocks_size": 1760, "fill_percentage": 0.9930498761898271, "solution_time": 1.1957931000506505}
{"items_size": 5274, "stocks_size": 1634, "fill_percentage": 0.9953350919977392, "solution_time": 1.157277200021781}
{"items_size": 5217, "stocks_size": 1685, "fill_percentage": 0.9925646245434517, "solution_time": 0.939067600062117}
{"items_size": 5218, "stocks_size": 1709, "fill_percentage": 0.9933913644630809, "solution_time": 1.0752603000728413}
{"items_size": 5237, "stocks_size": 1725, "fill_percentage": 0.9949463403074006, "solution_time": 0.9303034999174997}
{"items_size": 5307, "stocks_size": 1721, "fill_percentage": 0.99295120820354, "solution_time": 0.948972100042738}
{"items_size": 5306, "stocks_size": 1672, "fill_percentage": 0.9829616413916147, "solution_time": 1.222440299927257}
{"items_size": 5192, "stocks_size": 1716, "fill_percentage": 0.9947166142924966, "solution_time": 0.9756412000861019}
{"items_size": 5145, "stocks_size": 1732, "fill_percentage": 0.9948116923147176, "solution_time": 1.266054300009273}
{"items_size": 5185, "stocks_size": 1689, "fill_percentage": 0.9942548850526126, "solution_time": 1.1634052000008523}
{"items_size": 5172, "stocks_size": 1714, "fill_percentage": 0.9933155871044069,