{"items_size": 5084, "stocks_size": 1743, "fill_percentage": 0.64042147293534, "solution_time": 0.9309164000442252}
{"items_size": 5265, "stocks_size": 1629, "fill_percentage": 0.6183182200239227, "solution_time": 0.9877034000819549}
{"items_size": 5240, "stocks_size": 1767, "fill_percentage": 0.7298879600603738, "solution_time": 0.8088076999410987}
{"items_size": 5226, "stocks_size": 1739, "fill_percentage": 0.663345454109063, "solution_time": 1.0004144000122324}
{"items_size": 5190, "stocks_size": 1762, "fill_percentage": 0.621208016005653, "solution_time": 1.1559201999334618}
{"items_size": 5298, "stocks_size": 1700, "fill_percentage": 0.6824823694176104, "solution_time": 1.0913431999506429}
{"items_size": 5243, "stocks_size": 1765, "fill_percentage": 0.7032334938791892, "solution_time": 1.0130812000716105}
{"items_size": 5228, "stocks_size": 1696, "fill_percentage": 0.7068375746105574, "solution_time": 1.0428966000908986}
{"items_size": 5309, "stocks_size": 1628, "fill_percentage": 0.628853945570935, "solution_time": 1.2732996999984607}
{"items_size": 5304, "stocks_size": 1747, "fill_percentage": 0.7034405928347184, "solution_time": 1.128051400068216}
{"items_size": 5297, "stocks_size": 1605, "fill_percentage": 0.7650777757078987, "solution_time": 1.0628275000490248}
{"items_size": 5310, "stocks_size": 1608, "fill_percentage": 0.6876617199391172, "solution_time": 1.2930943999672309}
{"items_size": 5276, "stocks_size": 1717, "fill_percentage": 0.7641457099611043, "solution_time": 0.9599387999624014}
{"items_size": 5289, "stocks_size": 1708, "fill_percentage": 0.7495467292631753, "solution_time": 0.9996975000249222}
{"items_size": 5302, "stocks_size": 1714, "fill_percentage": 0.679024940174014, "solution_time": 1.0787242000224069}
{"items_size": 5284, "stocks_size": 1640, "fill_percentage": 0.7708734010655968, "solution_time": 1.0130946000572294}
{"items_size": 5199, "stocks_size": 1749, "fill_percentage": 0.6987421830842485, "solution_time": 0.9374753000447527}
{"items_size": 5229, "stocks_size": 1729, "fill_percentage": 0.6469250084762457, "solution_time": 1.3745123000117019}
{"items_size": 5287, "stocks_size": 1768, "fill_percentage": 0.6905105676145445, "solution_time": 1.0804979999084026}
{"items_size": 5295, "stocks_size": 1678, "fill_percentage": 0.726134297562869, "solution_time": 0.9629551999969408}
{"items_size": 5140, "stocks_size": 1749, "fill_percentage": 0.7083121940298209, "solution_time": 1.0975937000475824}
{"items_size": 5303, "stocks_size": 1683, "fill_percentage": 0.6866937362812542, "solution_time": 1.153851000010036}
{"items_size": 5298, "stocks_size": 1680, "fill_percentage": 0.6973413411716604, "solution_time": 1.257168099982664}
{"items_size": 5306, "stocks_size": 1755, "fill_percentage": 0.7107409159245245, "solution_time": 1.3117955999914557}
{"items_size": 5287, "stocks_size": 1655, "fill_percentage": 0.6322981085297231, "solution_time": 1.5090276000555605}
{"items_size": 5191, "stocks_size": 1746, "fill_percentage": 0.6567462769918094, "solution_time": 1.0597932999953628}
{"items_size": 5201, "stocks_size": 1732, "fill_percentage": 0.6325416199916866, "solution_time": 1.3622024999931455}
{"items_size": 5207, "stocks_size": 1695, "fill_percentage": 0.6606056435488372, "solution_time": 0.9625402999809012}
{"items_size": 5308, "stocks_size": 1651, "fill_percentage": 0.707197769118428, "solution_time": 1.1278269999893382}
{"items_size": 5198, "stocks_size": 1693, "fill_percentage": 0.7057042704824649, "solution_time": 1.0505309000145644}
{"items_size": 5158, "stocks_size": 1735, "fill_percentage": 0.6942496210405354, "solution_time": 1.085794800077565}
{"items_size": 5098, "stocks_size": 1748, "fill_percentage": 0.7094870005875441, "solution_time": 1.023388999979943}
{"items_size": 5289, "stocks_size": 1733, "fill_percentage": 0.7053063499832957, "solution_time": 1.0718696999829262}
{"items_size": 5215, "stocks_size": 1767, "fill_percentage": 0.7192755740874542, "solution_time": 0.9871243999805301}
{"items_size": 5211, "stocks_size": 1663, "fill_percentage": 0.6425359889568133, "solution_time": 1.0061704000690952}
{"items_size": 5091, "stocks_size": 1746, "fill_percentage": 0.6421064275777245, "solution_time": 1.1244006999768317}
{"items_size": 5268, "stocks_size": 1646, "fill_percentage": 0.6945283075267532, "solution_time": 1.0772904999321327}
{"items_size": 5293, "stocks_size": 1624, "fill_percentage": 0.6470960511569649, "solution_time": 1.1023339999374002}
{"items_size": 5217, "stocks_size": 1748, "fill_percentage": 0.6993135134893951, "solution_time": 1.1500276000006124}
{"items_size": 5214, "stocks_size": 1672, "fill_percentage": 0.6561564097915864, "solution_time": 1.0182543001137674}
{"items_size": 5276, "stocks_size": 1769, "fill_percentage": 0.7120447843254861, "solution_time": 0.9191941999597475}
{"items_size": 5289, "stocks_size": 1665, "fill_percentage": null, "solution_time": null}
{"items_size": 5308, "stocks_size": 1661, "fill_percentage": 0.6963066813275779, "solution_time": 1.0709970999741927}
{"items_size": 5242, "stocks_size": 1714, "fill_percentage": 0.7134881470730527, "solution_time": 1.05398859991692}
{"items_size": 5273, "stocks_size": 1716, "fill_percentage": 0.7318167399937383, "solution_time": 1.122678600018844}
{"items_size": 5165, "stocks_size": 1714, "fill_percentage": 0.6987057657789365, "solution_time": 1.070356799988076}
{"items_size": 5305, "stocks_size": 1657, "fill_percentage": 0.6940244127443459, "solution_time": 1.2448826000327244}
{"items_size": 5254, "stocks_size": 1773, "fill_percentage": 0.7257256866790336, "solution_time": 1.2494426000630483}
{"items_size": 5213, "stocks_size": 1773, "fill_percentage": 0.7676892364392365, "solution_time": 1.0569604999618605}
{"items_size": 5282, "stocks_size": 1659, "fill_percentage": 0.6288223344965883, "solution_time": 1.010016500018537}
{"items_size": 5109, "stocks_size": 1735, "fill_percentage": 0.6378768139385089, "solution_time": 1.1408567999023944}
{"items_size": 5144, "stocks_size": 1734, "fill_percentage": 0.6984975428904046, "solution_time": 1.1614791000029072}
{"items_size": 5165, "stocks_size": 1711, "fill_percentage": 0.7019358415685902, "solution_time": 0.8700822999235243}
{"items_size": 5220, "stocks_size": 1694, "fill_percentage": null, "solution_time": null}
{"items_size": 5243, "stocks_size": 1718, "fill_percentage": 0.7264529914529915, "solution_time": 0.835431499988772}
{"items_size": 5304, "stocks_size": 1766, "fill_percentage": 0.7364184285524921, "solution_time": 1.024998000008054}
{"items_size": 5216, "stocks_size": 1747, "fill_percentage": 0.6994489787054257, "solution_time": 0.9579712999984622}
{"items_size": 5112, "stocks_size": 1760, "fill_percentage": 0.6434258073537638, "solution_time": 1.3072799000656232}
{"items_size": 5274, "stocks_size": 1634, "fill_percentage": 0.7067355390070071, "solution_time": 1.0820551000069827}
{"items_size": 5217, "stocks_size": 1685, "fill_percentage": 0.7055730853762163, "solution_time": 1.0032230999786407}
{"items_size": 5218, "stocks_size": 1709, "fill_percentage": 0.6296543734598686, "solution_time": 1.0061399000696838}
{"items_size": 5237, "stocks_size": 1725, "fill_percentage": 0.7104904022821777, "solution_time": 0.8308612999971956}
{"items_size": 5307, "stocks_size": 1721, "fill_percentage": 0.6590767844844457, "solution_time": 1.1786099000601098}
{"items_size": 5306, "stocks_size": 1672, "fill_percentage": 0.6440093512565751, "solution_time": 1.1387699999613687}
{"items_size": 5192, "stocks_size": 1716, "fill_percentage": 0.7217140982530961, "solution_time": 0.9263793000718579}
{"items_size": 5145, "stocks_size": 1732, "fill_percentage": 0.6848272244314163, "solution_time": 1.187789099989459}
{"items_size": 5185, "stocks_size": 1689, "fill_percentage": 0.6183780382644298, "solution_time": 1.0204449000302702}
{"items_size": 5172, "stocks_size": 1714, "fill_percentage": 0.728748277620458,