{"items_size": 5084, "stocks_size": 1743, "fill_percentage": 0.5976366347293925, "solution_time": 1.0065920000197366}
{"items_size": 5265, "stocks_size": 1629, "fill_percentage": 0.603167376222012, "solution_time": 1.166820599930361}
{"items_size": 5240, "stocks_size": 1767, "fill_percentage": 0.6895873978484514, "solution_time": 0.8780615000287071}
{"items_size": 5226, "stocks_size": 1739, "fill_percentage": 0.6077943569669247, "solution_time": 1.183639599941671}
{"items_size": 5190, "stocks_size": 1762, "fill_percentage": 0.604395891079925, "solution_time": 1.236459199921228}
{"items_size": 5298, "stocks_size": 1700, "fill_percentage": 0.6423363476871627, "solution_time": 1.303029799950309}
{"items_size": 5243, "stocks_size": 1765, "fill_percentage": 0.662848049786252, "solution_time": 1.1151267000241205}
{"items_size": 5228, "stocks_size": 1696, "fill_percentage": 0.6724136667561471, "solution_time": 1.2390143000520766}
{"items_size": 5309, "stocks_size": 1628, "fill_percentage": 0.6024238522063595, "solution_time": 1.4029080000473186}
{"items_size": 5304, "stocks_size": 1747, "fill_percentage": 0.6474396358096962, "solution_time": 1.4219592999434099}
{"items_size": 5297, "stocks_size": 1605, "fill_percentage": 0.725436440178992, "solution_time": 1.2326734000816941}
{"items_size": 5310, "stocks_size": 1608, "fill_percentage": 0.6392101726089418, "solution_time": 1.4209511999506503}
{"items_size": 5276, "stocks_size": 1717, "fill_percentage": 0.7352840914194079, "solution_time": 1.2506472000386566}
{"items_size": 5289, "stocks_size": 1708, "fill_percentage": 0.7255713288321984, "solution_time": 1.1532286999281496}
{"items_size": 5302, "stocks_size": 1714, "fill_percentage": 0.6380050948129086, "solution_time": 1.1986241999547929}
{"items_size": 5284, "stocks_size": 1640, "fill_percentage": 0.7315845985508299, "solution_time": 1.3163463999517262}
{"items_size": 5199, "stocks_size": 1749, "fill_percentage": 0.6542909504550051, "solution_time": 1.0421083000255749}
{"items_size": 5229, "stocks_size": 1729, "fill_percentage": 0.6107390229182207, "solution_time": 1.4197681000223383}
{"items_size": 5287, "stocks_size": 1768, "fill_percentage": 0.648903905371258, "solution_time": 1.1402054000645876}
{"items_size": 5295, "stocks_size": 1678, "fill_percentage": 0.6978433509045754, "solution_time": 1.171756700030528}
{"items_size": 5140, "stocks_size": 1749, "fill_percentage": 0.6738250834590805, "solution_time": 1.11422460002359}
{"items_size": 5303, "stocks_size": 1683, "fill_percentage": 0.6363074034304285, "solution_time": 1.2942220999393612}
{"items_size": 5298, "stocks_size": 1680, "fill_percentage": 0.6408403369829118, "solution_time": 1.577972999890335}
{"items_size": 5306, "stocks_size": 1755, "fill_percentage": 0.654095399317006, "solution_time": 1.4131628000177443}
{"items_size": 5287, "stocks_size": 1655, "fill_percentage": 0.6159421322207523, "solution_time": 1.5804391000419855}
{"items_size": 5191, "stocks_size": 1746, "fill_percentage": 0.6350788799124436, "solution_time": 1.1480682999826968}
{"items_size": 5201, "stocks_size": 1732, "fill_percentage": 0.610197503678557, "solution_time": 1.3915016000391915}
{"items_size": 5207, "stocks_size": 1695, "fill_percentage": 0.6099227345407311, "solution_time": 1.127519000088796}
{"items_size": 5308, "stocks_size": 1651, "fill_percentage": 0.6804722720296502, "solution_time": 1.162561299977824}
{"items_size": 5198, "stocks_size": 1693, "fill_percentage": 0.6745943374449548, "solution_time": 1.2514481999678537}
{"items_size": 5158, "stocks_size": 1735, "fill_percentage": 0.6532845812896964, "solution_time": 1.2263657000148669}
{"items_size": 5098, "stocks_size": 1748, "fill_percentage": 0.6712623395834846, "solution_time": 1.1883213999681175}
{"items_size": 5289, "stocks_size": 1733, "fill_percentage": 0.666408080941553, "solution_time": 1.3296051999786869}
{"items_size": 5215, "stocks_size": 1767, "fill_percentage": 0.6771454818885085, "solution_time": 1.1769293999532238}
{"items_size": 5211, "stocks_size": 1663, "fill_percentage": 0.5996135443503865, "solution_time": 1.4048078999621794}
{"items_size": 5091, "stocks_size": 1746, "fill_percentage": 0.5974757117595418, "solution_time": 1.3450547999236733}
{"items_size": 5268, "stocks_size": 1646, "fill_percentage": 0.6589549064095293, "solution_time": 1.1500191999366507}
{"items_size": 5293, "stocks_size": 1624, "fill_percentage": 0.6128746253746253, "solution_time": 1.3522800999926403}
{"items_size": 5217, "stocks_size": 1748, "fill_percentage": 0.6330928052732564, "solution_time": 1.2212130000116304}
{"items_size": 5214, "stocks_size": 1672, "fill_percentage": 0.614219176127424, "solution_time": 1.1251467000693083}
{"items_size": 5276, "stocks_size": 1769, "fill_percentage": 0.6653533230582411, "solution_time": 1.2215560000622645}
{"items_size": 5289, "stocks_size": 1665, "fill_percentage": null, "solution_time": null}
{"items_size": 5308, "stocks_size": 1661, "fill_percentage": 0.6596187332444563, "solution_time": 1.230313100037165}
{"items_size": 5242, "stocks_size": 1714, "fill_percentage": 0.6734155251141553, "solution_time": 1.0694442000240088}
{"items_size": 5273, "stocks_size": 1716, "fill_percentage": 0.7098159202787367, "solution_time": 1.1711179999401793}
{"items_size": 5165, "stocks_size": 1714, "fill_percentage": 0.6701037753669332, "solution_time": 1.1508663999848068}
{"items_size": 5305, "stocks_size": 1657, "fill_percentage": 0.6227323010391718, "solution_time": 1.6031477000797167}
{"items_size": 5254, "stocks_size": 1773, "fill_percentage": 0.6696468836174718, "solution_time": 1.5299747000681236}
{"items_size": 5213, "stocks_size": 1773, "fill_percentage": 0.7086362182516028, "solution_time": 1.2197867000941187}
{"items_size": 5282, "stocks_size": 1659, "fill_percentage": 0.6102593135520397, "solution_time": 1.2789482000516728}
{"items_size": 5109, "stocks_size": 1735, "fill_percentage": 0.5954912340131445, "solution_time": 1.3941781000467017}
{"items_size": 5144, "stocks_size": 1734, "fill_percentage": 0.6293581250856595, "solution_time": 1.361641600029543}
{"items_size": 5165, "stocks_size": 1711, "fill_percentage": 0.6532369434693339, "solution_time": 1.209495999966748}
{"items_size": 5220, "stocks_size": 1694, "fill_percentage": null, "solution_time": null}
{"items_size": 5243, "stocks_size": 1718, "fill_percentage": 0.6906419284940412, "solution_time": 1.1717460000654683}
{"items_size": 5304, "stocks_size": 1766, "fill_percentage": 0.69617104028596, "solution_time": 1.2234721999848261}
{"items_size": 5216, "stocks_size": 1747, "fill_percentage": 0.6683832770940138, "solution_time": 1.2181130999233574}
{"items_size": 5112, "stocks_size": 1760, "fill_percentage": 0.60452515048109, "solution_time": 1.443262999993749}
{"items_size": 5274, "stocks_size": 1634, "fill_percentage": 0.6623664917150874, "solution_time": 1.349253399996087}
{"items_size": 5217, "stocks_size": 1685, "fill_percentage": 0.6781721888567516, "solution_time": 1.208032099995762}
{"items_size": 5218, "stocks_size": 1709, "fill_percentage": 0.6161070857240623, "solution_time": 1.207200299948454}
{"items_size": 5237, "stocks_size": 1725, "fill_percentage": 0.671895861911294, "solution_time": 1.2005620000418276}
{"items_size": 5307, "stocks_size": 1721, "fill_percentage": 0.6185597690448282, "solution_time": 1.3652470998931676}
{"items_size": 5306, "stocks_size": 1672, "fill_percentage": 0.5963049548671991, "solution_time": 1.519923699903302}
{"items_size": 5192, "stocks_size": 1716, "fill_percentage": 0.6781538508962562, "solution_time": 1.1624819999560714}
{"items_size": 5145, "stocks_size": 1732, "fill_percentage": 0.636041669707896, "solution_time": 1.4109700999688357}
{"items_size": 5185, "stocks_size": 1689, "fill_percentage": 0.6077893732256553, "solution_time": 1.087386199971661}
{"items_size": 5172, "stocks_size": 1714, "fill_percentage": 0.6829972646756759,