{"items_size": 5084, "stocks_size": 1743, "fill_percentage": 0.5976366347293925, "solution_time": 0.9682122999802232}
{"items_size": 5265, "stocks_size": 1629, "fill_percentage": 0.603167376222012, "solution_time": 1.0241573000093922}
{"items_size": 5240, "stocks_size": 1767, "fill_percentage": 0.6895873978484514, "solution_time": 0.8669553999789059}
{"items_size": 5226, "stocks_size": 1739, "fill_percentage": 0.6077943569669247, "solution_time": 1.1463356000604108}
{"items_size": 5190, "stocks_size": 1762, "fill_percentage": 0.604395891079925, "solution_time": 1.2534346000757068}
{"items_size": 5298, "stocks_size": 1700, "fill_percentage": 0.6423363476871627, "solution_time": 1.2745971999829635}
{"items_size": 5243, "stocks_size": 1765, "fill_percentage": 0.662848049786252, "solution_time": 1.2216424000216648}
{"items_size": 5228, "stocks_size": 1696, "fill_percentage": 0.6724136667561471, "solution_time": 1.1143413999816403}
{"items_size": 5309, "stocks_size": 1628, "fill_percentage": 0.6024238522063595, "solution_time": 1.233674000017345}
{"items_size": 5304, "stocks_size": 1747, "fill_percentage": 0.6474396358096962, "solution_time": 1.4097313999664038}
{"items_size": 5297, "stocks_size": 1605, "fill_percentage": 0.725436440178992, "solution_time": 1.068249800009653}
{"items_size": 5310, "stocks_size": 1608, "fill_percentage": 0.6392101726089418, "solution_time": 1.174483900074847}
{"items_size": 5276, "stocks_size": 1717, "fill_percentage": 0.7352840914194079, "solution_time": 1.2495455000316724}
{"items_size": 5289, "stocks_size": 1708, "fill_percentage": 0.7255713288321984, "solution_time": 1.2443034999305382}
{"items_size": 5302, "stocks_size": 1714, "fill_percentage": 0.6380050948129086, "solution_time": 1.116217799950391}
{"items_size": 5284, "stocks_size": 1640, "fill_percentage": 0.7315845985508299, "solution_time": 1.1163484000135213}
{"items_size": 5199, "stocks_size": 1749, "fill_percentage": 0.6542909504550051, "solution_time": 1.227282700012438}
{"items_size": 5229, "stocks_size": 1729, "fill_percentage": 0.6107390229182207, "solution_time": 1.5505931000225246}
{"items_size": 5287, "stocks_size": 1768, "fill_percentage": 0.648903905371258, "solution_time": 1.3168918000301346}
{"items_size": 5295, "stocks_size": 1678, "fill_percentage": 0.6978433509045754, "solution_time": 1.1729666000464931}
{"items_size": 5140, "stocks_size": 1749, "fill_percentage": 0.6738250834590805, "solution_time": 1.08045150001999}
{"items_size": 5303, "stocks_size": 1683, "fill_percentage": 0.6363074034304285, "solution_time": 1.3298184000886977}
{"items_size": 5298, "stocks_size": 1680, "fill_percentage": 0.6408403369829118, "solution_time": 1.5110957000870258}
{"items_size": 5306, "stocks_size": 1755, "fill_percentage": 0.654095399317006, "solution_time": 1.4122878999914974}
{"items_size": 5287, "stocks_size": 1655, "fill_percentage": 0.6159421322207523, "solution_time": 1.4271008999785408}
{"items_size": 5191, "stocks_size": 1746, "fill_percentage": 0.6350788799124436, "solution_time": 1.238431099918671}
{"items_size": 5201, "stocks_size": 1732, "fill_percentage": 0.610197503678557, "solution_time": 1.5409654999384657}
{"items_size": 5207, "stocks_size": 1695, "fill_percentage": 0.6099227345407311, "solution_time": 1.2359447999624535}
{"items_size": 5308, "stocks_size": 1651, "fill_percentage": 0.6804722720296502, "solution_time": 1.1606747000478208}
{"items_size": 5198, "stocks_size": 1693, "fill_percentage": 0.6745943374449548, "solution_time": 1.1136254000011832}
{"items_size": 5158, "stocks_size": 1735, "fill_percentage": 0.6532845812896964, "solution_time": 1.1899832000490278}
{"items_size": 5098, "stocks_size": 1748, "fill_percentage": 0.6712623395834846, "solution_time": 0.9491086999187246}
{"items_size": 5289, "stocks_size": 1733, "fill_percentage": 0.666408080941553, "solution_time": 1.1846532000927255}
{"items_size": 5215, "stocks_size": 1767, "fill_percentage": 0.6771454818885085, "solution_time": 1.0809941000770777}
{"items_size": 5211, "stocks_size": 1663, "fill_percentage": 0.5996135443503865, "solution_time": 1.4213599000358954}
{"items_size": 5091, "stocks_size": 1746, "fill_percentage": 0.5974757117595418, "solution_time": 1.3550965000176802}
{"items_size": 5268, "stocks_size": 1646, "fill_percentage": 0.6589549064095293, "solution_time": 1.0796487999614328}
{"items_size": 5293, "stocks_size": 1624, "fill_percentage": 0.6128746253746253, "solution_time": 1.1595008000731468}
{"items_size": 5217, "stocks_size": 1748, "fill_percentage": 0.6330928052732564, "solution_time": 1.179714300087653}
{"items_size": 5214, "stocks_size": 1672, "fill_percentage": 0.614219176127424, "solution_time": 1.0458714000415057}
{"items_size": 5276, "stocks_size": 1769, "fill_percentage": 0.6653533230582411, "solution_time": 1.303450100007467}
{"items_size": 5289, "stocks_size": 1665, "fill_percentage": null, "solution_time": null}
{"items_size": 5308, "stocks_size": 1661, "fill_percentage": 0.6596187332444563, "solution_time": 1.1827586001018062}
{"items_size": 5242, "stocks_size": 1714, "fill_percentage": 0.6734155251141553, "solution_time": 1.1776523999869823}
{"items_size": 5273, "stocks_size": 1716, "fill_percentage": 0.7098159202787367, "solution_time": 1.1303986000129953}
{"items_size": 5165, "stocks_size": 1714, "fill_percentage": 0.6701037753669332, "solution_time": 0.9997185999527574}
{"items_size": 5305, "stocks_size": 1657, "fill_percentage": 0.6227323010391718, "solution_time": 1.6489252999890596}
{"items_size": 5254, "stocks_size": 1773, "fill_percentage": 0.6696468836174718, "solution_time": 1.141478499979712}
{"items_size": 5213, "stocks_size": 1773, "fill_percentage": 0.7086362182516028, "solution_time": 1.2640444999560714}
{"items_size": 5282, "stocks_size": 1659, "fill_percentage": 0.6102593135520397, "solution_time": 1.2044374999823049}
{"items_size": 5109, "stocks_size": 1735, "fill_percentage": 0.5954912340131445, "solution_time": 1.3014420000836253}
{"items_size": 5144, "stocks_size": 1734, "fill_percentage": 0.6293581250856595, "solution_time": 1.3477909000357613}
{"items_size": 5165, "stocks_size": 1711, "fill_percentage": 0.6532369434693339, "solution_time": 1.141148000024259}
{"items_size": 5220, "stocks_size": 1694, "fill_percentage": null, "solution_time": null}
{"items_size": 5243, "stocks_size": 1718, "fill_percentage": 0.6906419284940412, "solution_time": 1.1734962000045925}
{"items_size": 5304, "stocks_size": 1766, "fill_percentage": 0.69617104028596, "solution_time": 1.0701957000419497}
{"items_size": 5216, "stocks_size": 1747, "fill_percentage": 0.6683832770940138, "solution_time": 0.9938009999459609}
{"items_size": 5112, "stocks_size": 1760, "fill_percentage": 0.60452515048109, "solution_time": 1.2010792000219226}
{"items_size": 5274, "stocks_size": 1634, "fill_percentage": 0.6623664917150874, "solution_time": 1.3072489000624046}
{"items_size": 5217, "stocks_size": 1685, "fill_percentage": 0.6781721888567516, "solution_time": 1.1640684999292716}
{"items_size": 5218, "stocks_size": 1709, "fill_percentage": 0.6161070857240623, "solution_time": 1.2585267999675125}
{"items_size": 5237, "stocks_size": 1725, "fill_percentage": 0.671895861911294, "solution_time": 1.0813810999970883}
{"items_size": 5307, "stocks_size": 1721, "fill_percentage": 0.6185597690448282, "solution_time": 1.1383196000242606}
{"items_size": 5306, "stocks_size": 1672, "fill_percentage": 0.5963049548671991, "solution_time": 1.5791691000340506}
{"items_size": 5192, "stocks_size": 1716, "fill_percentage": 0.6781538508962562, "solution_time": 1.230993099976331}
{"items_size": 5145, "stocks_size": 1732, "fill_percentage": 0.636041669707896, "solution_time": 1.1689526999834925}
{"items_size": 5185, "stocks_size": 1689, "fill_percentage": 0.6077893732256553, "solution_time": 1.2869500000961125}
{"items_size": 5172, "stocks_size": 1714, "fill_percentage": 0.6829972646756759,