{"items_size": 5084, "stocks_size": 1743, "fill_percentage": 0.9951279796079581, "solution_time": 0.8301440000068396}
{"items_size": 5265, "stocks_size": 1629, "fill_percentage": 0.9943042992306093, "solution_time": 0.8946474000113085}
{"items_size": 5240, "stocks_size": 1767, "fill_percentage": 0.9947145650380316, "solution_time": 0.6677474000025541}
{"items_size": 5226, "stocks_size": 1739, "fill_percentage": 0.9910221242111302, "solution_time": 0.9133147000102326}
{"items_size": 5190, "stocks_size": 1762, "fill_percentage": 0.9958719364728306, "solution_time": 0.858295299927704}
{"items_size": 5298, "stocks_size": 1700, "fill_percentage": 0.9943756613437021, "solution_time": 0.7760443999432027}
{"items_size": 5243, "stocks_size": 1765, "fill_percentage": 0.9942720746793781, "solution_time": 0.8983236000640318}
{"items_size": 5228, "stocks_size": 1696, "fill_percentage": 0.9940963649322879, "solution_time": 0.837304100045003}
{"items_size": 5309, "stocks_size": 1628, "fill_percentage": 0.9932436272936394, "solution_time": 1.154939099913463}
{"items_size": 5304, "stocks_size": 1747, "fill_percentage": 0.9950039846213933, "solution_time": 1.3751093000173569}
{"items_size": 5297, "stocks_size": 1605, "fill_percentage": 0.9929732833655706, "solution_time": 0.7642358000157401}
{"items_size": 5310, "stocks_size": 1608, "fill_percentage": 0.9947022236900044, "solution_time": 1.066510000033304}
{"items_size": 5276, "stocks_size": 1717, "fill_percentage": 0.9946908876622647, "solution_time": 0.8905407000565901}
{"items_size": 5289, "stocks_size": 1708, "fill_percentage": 0.9930630629638845, "solution_time": 0.9800355000188574}
{"items_size": 5302, "stocks_size": 1714, "fill_percentage": 0.9940012149438089, "solution_time": 1.0324699999764562}
{"items_size": 5284, "stocks_size": 1640, "fill_percentage": 0.9934883927814373, "solution_time": 0.9000189999351278}
{"items_size": 5199, "stocks_size": 1749, "fill_percentage": 0.9936350705214992, "solution_time": 0.9449321000138298}
{"items_size": 5229, "stocks_size": 1729, "fill_percentage": 0.9866255902363625, "solution_time": 1.333919299999252}
{"items_size": 5287, "stocks_size": 1768, "fill_percentage": 0.9929150183251696, "solution_time": 0.929666499956511}
{"items_size": 5295, "stocks_size": 1678, "fill_percentage": 0.9950729262898576, "solution_time": 0.8247133999830112}
{"items_size": 5140, "stocks_size": 1749, "fill_percentage": 0.9921578894314771, "solution_time": 0.7795588999288157}
{"items_size": 5303, "stocks_size": 1683, "fill_percentage": 0.9935143418537296, "solution_time": 0.9458524000365287}
{"items_size": 5298, "stocks_size": 1680, "fill_percentage": 0.9930202138050186, "solution_time": 1.31899100006558}
{"items_size": 5306, "stocks_size": 1755, "fill_percentage": 0.988576001240475, "solution_time": 1.153395300032571}
{"items_size": 5287, "stocks_size": 1655, "fill_percentage": 0.9951766356471891, "solution_time": 1.0829861999955028}
{"items_size": 5191, "stocks_size": 1746, "fill_percentage": 0.9932995292580747, "solution_time": 0.9712345999432728}
{"items_size": 5201, "stocks_size": 1732, "fill_percentage": 0.9917301808220389, "solution_time": 1.2194378999993205}
{"items_size": 5207, "stocks_size": 1695, "fill_percentage": 0.995137093198035, "solution_time": 0.8293094999389723}
{"items_size": 5308, "stocks_size": 1651, "fill_percentage": 0.99398072856985, "solution_time": 1.0270442999899387}
{"items_size": 5198, "stocks_size": 1693, "fill_percentage": 0.9957197241053956, "solution_time": 0.8556451000040397}
{"items_size": 5158, "stocks_size": 1735, "fill_percentage": 0.9938155992533019, "solution_time": 1.0149737999308854}
{"items_size": 5098, "stocks_size": 1748, "fill_percentage": 0.9938339307841084, "solution_time": 0.8532800000393763}
{"items_size": 5289, "stocks_size": 1733, "fill_percentage": 0.9944381456286219, "solution_time": 1.0810927000129595}
{"items_size": 5215, "stocks_size": 1767, "fill_percentage": 0.9950541588314703, "solution_time": 1.0289551999885589}
{"items_size": 5211, "stocks_size": 1663, "fill_percentage": 0.995103328921918, "solution_time": 1.2827698000473902}
{"items_size": 5091, "stocks_size": 1746, "fill_percentage": 0.9943065949431182, "solution_time": 1.0756637000013143}
{"items_size": 5268, "stocks_size": 1646, "fill_percentage": 0.9932776162790697, "solution_time": 0.8190507999388501}
{"items_size": 5293, "stocks_size": 1624, "fill_percentage": 0.9928187077719788, "solution_time": 1.1310748999239877}
{"items_size": 5217, "stocks_size": 1748, "fill_percentage": 0.9942803672560757, "solution_time": 0.9773851000936702}
{"items_size": 5214, "stocks_size": 1672, "fill_percentage": 0.994682965161768, "solution_time": 0.9849556999979541}
{"items_size": 5276, "stocks_size": 1769, "fill_percentage": 0.9936444165446049, "solution_time": 0.9700387000339106}
{"items_size": 5289, "stocks_size": 1665, "fill_percentage": 0.9872540606803555, "solution_time": 1.5088473000796512}
{"items_size": 5308, "stocks_size": 1661, "fill_percentage": 0.9948885198438737, "solution_time": 0.813752599991858}
{"items_size": 5242, "stocks_size": 1714, "fill_percentage": 0.9951282051282051, "solution_time": 0.7048087000148371}
{"items_size": 5273, "stocks_size": 1716, "fill_percentage": 0.9946866111223096, "solution_time": 0.8073803998995572}
{"items_size": 5165, "stocks_size": 1714, "fill_percentage": 0.9946852915602915, "solution_time": 1.044484299956821}
{"items_size": 5305, "stocks_size": 1657, "fill_percentage": 0.9846726012517628, "solution_time": 1.016215900075622}
{"items_size": 5254, "stocks_size": 1773, "fill_percentage": 0.9920694572110694, "solution_time": 1.4774125000694767}
{"items_size": 5213, "stocks_size": 1773, "fill_percentage": 0.9937435013965626, "solution_time": 1.1107847000239417}
{"items_size": 5282, "stocks_size": 1659, "fill_percentage": 0.9947685652487382, "solution_time": 0.7898996999720111}
{"items_size": 5109, "stocks_size": 1735, "fill_percentage": 0.9943887866603057, "solution_time": 1.0555951000424102}
{"items_size": 5144, "stocks_size": 1734, "fill_percentage": 0.9896622969097524, "solution_time": 1.1759233000921085}
{"items_size": 5165, "stocks_size": 1711, "fill_percentage": 0.9947287518039402, "solution_time": 0.9033939000219107}
{"items_size": 5220, "stocks_size": 1694, "fill_percentage": null, "solution_time": null}
{"items_size": 5243, "stocks_size": 1718, "fill_percentage": 0.9946364487439538, "solution_time": 0.8980058999732137}
{"items_size": 5304, "stocks_size": 1766, "fill_percentage": 0.9943202410835336, "solution_time": 0.705242200056091}
{"items_size": 5216, "stocks_size": 1747, "fill_percentage": 0.9932175497617045, "solution_time": 0.9015910000307485}
{"items_size": 5112, "stocks_size": 1760, "fill_percentage": 0.9930498761898271, "solution_time": 1.142144599929452}
{"items_size": 5274, "stocks_size": 1634, "fill_percentage": 0.9953350919977392, "solution_time": 1.0352330000605434}
{"items_size": 5217, "stocks_size": 1685, "fill_percentage": 0.9925646245434517, "solution_time": 0.9605482999468222}
{"items_size": 5218, "stocks_size": 1709, "fill_percentage": 0.9933913644630809, "solution_time": 1.0666276999982074}
{"items_size": 5237, "stocks_size": 1725, "fill_percentage": 0.9949463403074006, "solution_time": 0.7814432999584824}
{"items_size": 5307, "stocks_size": 1721, "fill_percentage": 0.99295120820354, "solution_time": 1.08729699999094}
{"items_size": 5306, "stocks_size": 1672, "fill_percentage": 0.9829616413916147, "solution_time": 1.06100680003874}
{"items_size": 5192, "stocks_size": 1716, "fill_percentage": 0.9947166142924966, "solution_time": 0.702594600035809}
{"items_size": 5145, "stocks_size": 1732, "fill_percentage": 0.9948116923147176, "solution_time": 1.066230799886398}
{"items_size": 5185, "stocks_size": 1689, "fill_percentage": 0.9942548850526126, "solution_time": 1.1090334999607876}
{"items_size": 5172, "stocks_size": 1714, "fill_percentage": 0.9933155871044069, "solution_time": 0.9026900000171736}
{"items_size": 5252,