{"items_size": 16, "stocks_size": 7, "fill_percentage": 0.7260348583877996, "solution_time": 0.00023399991914629936}
{"items_size": 15, "stocks_size": 7, "fill_percentage": 0.7371884346959122, "solution_time": 0.00024780002422630787}
{"items_size": 15, "stocks_size": 7, "fill_percentage": 0.6680344930121915, "solution_time": 0.0001916999462991953}
{"items_size": 15, "stocks_size": 7, "fill_percentage": 0.7503188405797101, "solution_time": 0.00018319999799132347}
{"items_size": 17, "stocks_size": 6, "fill_percentage": 0.7980011261261262, "solution_time": 0.00022659997921437025}
{"items_size": 16, "stocks_size": 7, "fill_percentage": 0.606390977443609, "solution_time": 0.00018789991736412048}
{"items_size": 15, "stocks_size": 7, "fill_percentage": 0.6665973089194063, "solution_time": 0.00017529993783682585}
{"items_size": 17, "stocks_size": 6, "fill_percentage": 0.6820974576271186, "solution_time": 0.00019120005890727043}
{"items_size": 15, "stocks_size": 7, "fill_percentage": 0.5818988002086594, "solution_time": 0.00020080001559108496}
{"items_size": 15, "stocks_size": 7, "fill_percentage": 0.5028448275862069, "solution_time": 0.0002215000567957759}
{"items_size": 17, "stocks_size": 6, "fill_percentage": null, "solution_time": null}
{"items_size": 17, "stocks_size": 6, "fill_percentage": 0.6554726368159204, "solution_time": 0.0002161000156775117}
{"items_size": 15, "stocks_size": 7, "fill_percentage": 0.8301204819277108, "solution_time": 0.00021079997532069683}
{"items_size": 16, "stocks_size": 7, "fill_percentage": 0.8308608058608059, "solution_time": 0.0001821001060307026}
{"items_size": 15, "stocks_size": 7, "fill_percentage": 0.6049861495844875, "solution_time": 0.00021870003547519445}
{"items_size": 16, "stocks_size": 7, "fill_percentage": 0.7169629629629629, "solution_time": 0.00020860007498413324}
{"items_size": 15, "stocks_size": 7, "fill_percentage": 0.6094593268570307, "solution_time": 0.00025509996339678764}
{"items_size": 17, "stocks_size": 6, "fill_percentage": 0.7463579809433813, "solution_time": 0.00019459996838122606}
{"items_size": 17, "stocks_size": 6, "fill_percentage": 0.7708810797046091, "solution_time": 0.00020030001178383827}
{"items_size": 16, "stocks_size": 7, "fill_percentage": 0.7391098484848485, "solution_time": 0.000197900109924376}
{"items_size": 17, "stocks_size": 6, "fill_percentage": 0.6973762376237623, "solution_time": 0.00020050001330673695}
{"items_size": 15, "stocks_size": 7, "fill_percentage": 0.8241670012043356, "solution_time": 0.0001786000793799758}
{"items_size": 16, "stocks_size": 7, "fill_percentage": 0.6194394087296053, "solution_time": 0.00021950004156678915}
{"items_size": 16, "stocks_size": 7, "fill_percentage": 0.747582304526749, "solution_time": 0.00017960008699446917}
{"items_size": 17, "stocks_size": 6, "fill_percentage": 0.7967275494672755, "solution_time": 0.00018860003910958767}
{"items_size": 16, "stocks_size": 7, "fill_percentage": 0.6757575757575758, "solution_time": 0.00020819995552301407}
{"items_size": 15, "stocks_size": 7, "fill_percentage": 0.702827380952381, "solution_time": 0.00015059998258948326}
{"items_size": 17, "stocks_size": 6, "fill_percentage": 0.6188953488372093, "solution_time": 0.00022140005603432655}
{"items_size": 16, "stocks_size": 7, "fill_percentage": 0.6933303984151442, "solution_time": 0.00017739995382726192}
{"items_size": 17, "stocks_size": 6, "fill_percentage": 0.7896174863387978, "solution_time": 0.0001829999964684248}
{"items_size": 15, "stocks_size": 7, "fill_percentage": 0.7926187736314318, "solution_time": 0.00020190002396702766}
{"items_size": 17, "stocks_size": 6, "fill_percentage": 0.7589066339066339, "solution_time": 0.00019189994782209396}
{"items_size": 16, "stocks_size": 7, "fill_percentage": 0.7426616915422886, "solution_time": 0.00022449996322393417}
{"items_size": 15, "stocks_size": 7, "fill_percentage": 0.6277056277056277, "solution_time": 0.00018949992954730988}
{"items_size": 15, "stocks_size": 7, "fill_percentage": 0.7706552706552706, "solution_time": 0.00019990000873804092}
{"items_size": 16, "stocks_size": 7, "fill_percentage": 0.685321233074042, "solution_time": 0.0002356999320909381}
{"items_size": 16, "stocks_size": 7, "fill_percentage": 0.6511056511056511, "solution_time": 0.00024359999224543571}
{"items_size": 15, "stocks_size": 7, "fill_percentage": 0.6392937551842636, "solution_time": 0.00020800007041543722}
{"items_size": 17, "stocks_size": 6, "fill_percentage": 0.8347222222222223, "solution_time": 0.00019839999731630087}
{"items_size": 15, "stocks_size": 7, "fill_percentage": 0.5546732837055418, "solution_time": 0.00021460000425577164}
{"items_size": 17, "stocks_size": 6, "fill_percentage": 0.7601437024513947, "solution_time": 0.00016029994003474712}
{"items_size": 15, "stocks_size": 7, "fill_percentage": 0.8213191303078944, "solution_time": 0.00018349988386034966}
{"items_size": 17, "stocks_size": 6, "fill_percentage": 0.7362905818064931, "solution_time": 0.0001962999813258648}
{"items_size": 16, "stocks_size": 7, "fill_percentage": 0.7340476190476191, "solution_time": 0.00023010000586509705}
{"items_size": 16, "stocks_size": 7, "fill_percentage": 0.7203854314002829, "solution_time": 0.0001922000665217638}
{"items_size": 16, "stocks_size": 7, "fill_percentage": 0.7342971626597358, "solution_time": 0.00017199991270899773}
{"items_size": 15, "stocks_size": 7, "fill_percentage": 0.7457553707553708, "solution_time": 0.0002044999273493886}
{"items_size": 15, "stocks_size": 7, "fill_percentage": 0.8813067150635209, "solution_time": 0.00025349995121359825}
{"items_size": 16, "stocks_size": 7, "fill_percentage": 0.7398966408268733, "solution_time": 0.0001786000793799758}
{"items_size": 16, "stocks_size": 7, "fill_percentage": 0.7244175627240144, "solution_time": 0.0001954999752342701}
{"items_size": 15, "stocks_size": 7, "fill_percentage": 0.826517364492048, "solution_time": 0.0002079999540001154}
{"items_size": 17, "stocks_size": 6, "fill_percentage": 0.6752837977296182, "solution_time": 0.00024780002422630787}
{"items_size": 17, "stocks_size": 6, "fill_percentage": 0.6036805555555556, "solution_time": 0.00020379992201924324}
{"items_size": 16, "stocks_size": 7, "fill_percentage": 0.5938601645123385, "solution_time": 0.00019999989308416843}
{"items_size": 15, "stocks_size": 7, "fill_percentage": 0.6714766714766714, "solution_time": 0.00015409989282488823}
{"items_size": 16, "stocks_size": 7, "fill_percentage": 0.8061224489795918, "solution_time": 0.00018209998961538076}
{"items_size": 16, "stocks_size": 7, "fill_percentage": 0.7460256410256411, "solution_time": 0.00016189995221793652}
{"items_size": 17, "stocks_size": 6, "fill_percentage": 0.5995876288659794, "solution_time": 0.000215300009585917}
{"items_size": 16, "stocks_size": 7, "fill_percentage": 0.8208172871202396, "solution_time": 0.00019429996609687805}
{"items_size": 15, "stocks_size": 7, "fill_percentage": 0.6189673066943435, "solution_time": 0.00021570001263171434}
{"items_size": 15, "stocks_size": 7, "fill_percentage": 0.615349180025797, "solution_time": 0.00021580001339316368}
{"items_size": 17, "stocks_size": 6, "fill_percentage": 0.8048309178743961, "solution_time": 0.0002457000082358718}
{"items_size": 15, "stocks_size": 7, "fill_percentage": 0.6733221986030975, "solution_time": 0.00025219994131475687}
{"items_size": 16, "stocks_size": 7, "fill_percentage": 0.7152720809406617, "solution_time": 0.0002079999540001154}
{"items_size": 16, "stocks_size": 7, "fill_percentage": 0.6286008230452675, "solution_time": 0.0002470000181347132}
{"items_size": 15, "stocks_size": 7, "fill_percentage": 0.6859272164150213, "solution_time": 0.00019259995315223932}
{"items_size": 17, "stocks_size": 6, "fill_percentage": 0.788135593220339, "solution_time": 0.00017730006948113441}
{"items_size": 16, "stocks_size": 7, "fill_percentage": 0.6857068335941575, "solution_time": 0.00019470008555799723}
{"items_size": 15, "stocks_size": 7, "fill_percentage": 0.7187782805429864,