{"items_size": 16, "stocks_size": 7, "fill_percentage": 0.7260348583877996, "solution_time": 0.00027540000155568123}
{"items_size": 15, "stocks_size": 7, "fill_percentage": 0.7371884346959122, "solution_time": 0.0002901999978348613}
{"items_size": 15, "stocks_size": 7, "fill_percentage": 0.6680344930121915, "solution_time": 0.000193099956959486}
{"items_size": 15, "stocks_size": 7, "fill_percentage": 0.7503188405797101, "solution_time": 0.00023389991838485003}
{"items_size": 17, "stocks_size": 6, "fill_percentage": 0.7980011261261262, "solution_time": 0.00048259994946420193}
{"items_size": 16, "stocks_size": 7, "fill_percentage": 0.9095864661654135, "solution_time": 0.0002337999176234007}
{"items_size": 15, "stocks_size": 7, "fill_percentage": 0.6665973089194063, "solution_time": 0.00020110001787543297}
{"items_size": 17, "stocks_size": 6, "fill_percentage": 0.6820974576271186, "solution_time": 0.0001911999424919486}
{"items_size": 15, "stocks_size": 7, "fill_percentage": 0.872848200312989, "solution_time": 0.0001881999196484685}
{"items_size": 15, "stocks_size": 7, "fill_percentage": 0.5028448275862069, "solution_time": 0.00024099997244775295}
{"items_size": 17, "stocks_size": 6, "fill_percentage": null, "solution_time": null}
{"items_size": 17, "stocks_size": 6, "fill_percentage": 0.6554726368159204, "solution_time": 0.0002117999829351902}
{"items_size": 15, "stocks_size": 7, "fill_percentage": 0.8301204819277108, "solution_time": 0.00023070001043379307}
{"items_size": 16, "stocks_size": 7, "fill_percentage": 0.6231456043956044, "solution_time": 0.00020060001406818628}
{"items_size": 15, "stocks_size": 7, "fill_percentage": 0.6049861495844875, "solution_time": 0.00021279999054968357}
{"items_size": 16, "stocks_size": 7, "fill_percentage": 0.7169629629629629, "solution_time": 0.00017939996905624866}
{"items_size": 15, "stocks_size": 7, "fill_percentage": 0.6094593268570307, "solution_time": 0.00020970008336007595}
{"items_size": 17, "stocks_size": 6, "fill_percentage": 0.7463579809433813, "solution_time": 0.00017639994621276855}
{"items_size": 17, "stocks_size": 6, "fill_percentage": 0.7708810797046091, "solution_time": 0.00019559997599571943}
{"items_size": 16, "stocks_size": 7, "fill_percentage": 0.7391098484848485, "solution_time": 0.00029969995375722647}
{"items_size": 17, "stocks_size": 6, "fill_percentage": 0.9298349834983498, "solution_time": 0.0002424000995233655}
{"items_size": 15, "stocks_size": 7, "fill_percentage": 0.8241670012043356, "solution_time": 0.00018309999722987413}
{"items_size": 16, "stocks_size": 7, "fill_percentage": 0.6194394087296053, "solution_time": 0.00027279998175799847}
{"items_size": 16, "stocks_size": 7, "fill_percentage": 0.747582304526749, "solution_time": 0.00019170006271451712}
{"items_size": 17, "stocks_size": 6, "fill_percentage": 0.7967275494672755, "solution_time": 0.00020220002625137568}
{"items_size": 16, "stocks_size": 7, "fill_percentage": 0.6757575757575758, "solution_time": 0.0002858999650925398}
{"items_size": 15, "stocks_size": 7, "fill_percentage": 0.702827380952381, "solution_time": 0.00023330003023147583}
{"items_size": 17, "stocks_size": 6, "fill_percentage": 0.6188953488372093, "solution_time": 0.000354300020262599}
{"items_size": 16, "stocks_size": 7, "fill_percentage": 0.6933303984151442, "solution_time": 0.0002367999404668808}
{"items_size": 17, "stocks_size": 6, "fill_percentage": 0.7896174863387978, "solution_time": 0.0002432999899610877}
{"items_size": 15, "stocks_size": 7, "fill_percentage": 0.7926187736314318, "solution_time": 0.0002375999465584755}
{"items_size": 17, "stocks_size": 6, "fill_percentage": 0.7589066339066339, "solution_time": 0.00019970000721514225}
{"items_size": 16, "stocks_size": 7, "fill_percentage": 0.7426616915422886, "solution_time": 0.00019320007413625717}
{"items_size": 15, "stocks_size": 7, "fill_percentage": 0.6277056277056277, "solution_time": 0.0002239999594166875}
{"items_size": 15, "stocks_size": 7, "fill_percentage": 0.7706552706552706, "solution_time": 0.0002445999998599291}
{"items_size": 16, "stocks_size": 7, "fill_percentage": 0.685321233074042, "solution_time": 0.00019839999731630087}
{"items_size": 16, "stocks_size": 7, "fill_percentage": 0.6511056511056511, "solution_time": 0.0002212999388575554}
{"items_size": 15, "stocks_size": 7, "fill_percentage": 0.6392937551842636, "solution_time": 0.00021580001339316368}
{"items_size": 17, "stocks_size": 6, "fill_percentage": 0.8347222222222223, "solution_time": 0.0002519999397918582}
{"items_size": 15, "stocks_size": 7, "fill_percentage": 0.5546732837055418, "solution_time": 0.00038129999302327633}
{"items_size": 17, "stocks_size": 6, "fill_percentage": 0.7601437024513947, "solution_time": 0.00022810010705143213}
{"items_size": 15, "stocks_size": 7, "fill_percentage": 0.8213191303078944, "solution_time": 0.0002405000850558281}
{"items_size": 17, "stocks_size": 6, "fill_percentage": 0.9203632272581164, "solution_time": 0.00021119997836649418}
{"items_size": 16, "stocks_size": 7, "fill_percentage": 0.7340476190476191, "solution_time": 0.0002468000166118145}
{"items_size": 16, "stocks_size": 7, "fill_percentage": 0.7203854314002829, "solution_time": 0.0001973999897018075}
{"items_size": 16, "stocks_size": 7, "fill_percentage": 0.7342971626597358, "solution_time": 0.00018319999799132347}
{"items_size": 15, "stocks_size": 7, "fill_percentage": 0.7457553707553708, "solution_time": 0.00027439999394118786}
{"items_size": 15, "stocks_size": 7, "fill_percentage": 0.44065335753176044, "solution_time": 0.0003198999911546707}
{"items_size": 16, "stocks_size": 7, "fill_percentage": 0.7398966408268733, "solution_time": 0.00022410007659345865}
{"items_size": 16, "stocks_size": 7, "fill_percentage": 0.7244175627240144, "solution_time": 0.00019649998284876347}
{"items_size": 15, "stocks_size": 7, "fill_percentage": 0.826517364492048, "solution_time": 0.00024960003793239594}
{"items_size": 17, "stocks_size": 6, "fill_percentage": 0.6752837977296182, "solution_time": 0.00029229989740997553}
{"items_size": 17, "stocks_size": 6, "fill_percentage": 0.6036805555555556, "solution_time": 0.00031340005807578564}
{"items_size": 16, "stocks_size": 7, "fill_percentage": 0.5938601645123385, "solution_time": 0.0004389999667182565}
{"items_size": 15, "stocks_size": 7, "fill_percentage": 0.6714766714766714, "solution_time": 0.00022390007507055998}
{"items_size": 16, "stocks_size": 7, "fill_percentage": 0.8061224489795918, "solution_time": 0.0002552999649196863}
{"items_size": 16, "stocks_size": 7, "fill_percentage": 0.7460256410256411, "solution_time": 0.00019209994934499264}
{"items_size": 17, "stocks_size": 6, "fill_percentage": 0.5995876288659794, "solution_time": 0.00026760005857795477}
{"items_size": 16, "stocks_size": 7, "fill_percentage": 0.8208172871202396, "solution_time": 0.00019920000340789557}
{"items_size": 15, "stocks_size": 7, "fill_percentage": 0.6189673066943435, "solution_time": 0.00021279999054968357}
{"items_size": 15, "stocks_size": 7, "fill_percentage": 0.615349180025797, "solution_time": 0.00019319995772093534}
{"items_size": 17, "stocks_size": 6, "fill_percentage": 0.8048309178743961, "solution_time": 0.00023150001652538776}
{"items_size": 15, "stocks_size": 7, "fill_percentage": 0.6733221986030975, "solution_time": 0.00021660001948475838}
{"items_size": 16, "stocks_size": 7, "fill_percentage": 0.7152720809406617, "solution_time": 0.00029720005113631487}
{"items_size": 16, "stocks_size": 7, "fill_percentage": 0.6286008230452675, "solution_time": 0.00022609997540712357}
{"items_size": 15, "stocks_size": 7, "fill_percentage": 0.6859272164150213, "solution_time": 0.00028659997042268515}
{"items_size": 17, "stocks_size": 6, "fill_percentage": 0.788135593220339, "solution_time": 0.00014830008149147034}
{"items_size": 16, "stocks_size": 7, "fill_percentage": 0.6857068335941575, "solution_time": 0.0002332000294700265}
{"items_size": 15, "stocks_size": 7,