{"items_size": 16, "stocks_size": 7, "fill_percentage": 0.5808278867102397, "solution_time": 0.0003651999868452549}
{"items_size": 15, "stocks_size": 7, "fill_percentage": 0.4914589564639415, "solution_time": 0.00027279998175799847}
{"items_size": 15, "stocks_size": 7, "fill_percentage": 0.5010258697591436, "solution_time": 0.00029720005113631487}
{"items_size": 15, "stocks_size": 7, "fill_percentage": 0.6252657004830918, "solution_time": 0.00022489996626973152}
{"items_size": 17, "stocks_size": 6, "fill_percentage": 0.5320007507507507, "solution_time": 0.00042049994226545095}
{"items_size": 16, "stocks_size": 7, "fill_percentage": 0.606390977443609, "solution_time": 0.0002999999560415745}
{"items_size": 15, "stocks_size": 7, "fill_percentage": 0.6665973089194063, "solution_time": 0.00025349995121359825}
{"items_size": 17, "stocks_size": 6, "fill_percentage": 0.5684145480225988, "solution_time": 0.00027980003505945206}
{"items_size": 15, "stocks_size": 7, "fill_percentage": 0.5818988002086594, "solution_time": 0.00031180004589259624}
{"items_size": 15, "stocks_size": 7, "fill_percentage": 0.5028448275862069, "solution_time": 0.00034170004073530436}
{"items_size": 17, "stocks_size": 6, "fill_percentage": null, "solution_time": null}
{"items_size": 17, "stocks_size": 6, "fill_percentage": 0.4916044776119403, "solution_time": 0.0003298999508842826}
{"items_size": 15, "stocks_size": 7, "fill_percentage": 0.5534136546184739, "solution_time": 0.00034959998447448015}
{"items_size": 16, "stocks_size": 7, "fill_percentage": 0.6231456043956044, "solution_time": 0.000319099985063076}
{"items_size": 15, "stocks_size": 7, "fill_percentage": 0.6049861495844875, "solution_time": 0.00033160008024424314}
{"items_size": 16, "stocks_size": 7, "fill_percentage": 0.5974691358024692, "solution_time": 0.0002519999397918582}
{"items_size": 15, "stocks_size": 7, "fill_percentage": 0.6094593268570307, "solution_time": 0.0002447000006213784}
{"items_size": 17, "stocks_size": 6, "fill_percentage": 0.559768485707536, "solution_time": 0.00034470006357878447}
{"items_size": 17, "stocks_size": 6, "fill_percentage": 0.5781608097784569, "solution_time": 0.00029820005875080824}
{"items_size": 16, "stocks_size": 7, "fill_percentage": 0.492739898989899, "solution_time": 0.0003781999694183469}
{"items_size": 17, "stocks_size": 6, "fill_percentage": 0.6973762376237623, "solution_time": 0.00030019995756447315}
{"items_size": 15, "stocks_size": 7, "fill_percentage": 0.6181252509032517, "solution_time": 0.0002481000265106559}
{"items_size": 16, "stocks_size": 7, "fill_percentage": 0.6194394087296053, "solution_time": 0.000291600008495152}
{"items_size": 16, "stocks_size": 7, "fill_percentage": 0.49838820301783265, "solution_time": 0.0002973000518977642}
{"items_size": 17, "stocks_size": 6, "fill_percentage": 0.5975456621004567, "solution_time": 0.00029230001382529736}
{"items_size": 16, "stocks_size": 7, "fill_percentage": 0.5068181818181818, "solution_time": 0.0002570000942796469}
{"items_size": 15, "stocks_size": 7, "fill_percentage": 0.5622619047619047, "solution_time": 0.0002666000509634614}
{"items_size": 17, "stocks_size": 6, "fill_percentage": 0.6188953488372093, "solution_time": 0.00032860005740076303}
{"items_size": 16, "stocks_size": 7, "fill_percentage": 0.5777753320126201, "solution_time": 0.00018679990898817778}
{"items_size": 17, "stocks_size": 6, "fill_percentage": 0.5922131147540983, "solution_time": 0.00025649997405707836}
{"items_size": 15, "stocks_size": 7, "fill_percentage": 0.7926187736314318, "solution_time": 0.00033489998895674944}
{"items_size": 17, "stocks_size": 6, "fill_percentage": 0.6071253071253071, "solution_time": 0.00022929999977350235}
{"items_size": 16, "stocks_size": 7, "fill_percentage": 0.5569962686567164, "solution_time": 0.0002308000111952424}
{"items_size": 15, "stocks_size": 7, "fill_percentage": 0.6277056277056277, "solution_time": 0.0003610999556258321}
{"items_size": 15, "stocks_size": 7, "fill_percentage": 0.4623931623931624, "solution_time": 0.0003263000398874283}
{"items_size": 16, "stocks_size": 7, "fill_percentage": 0.45688082204936137, "solution_time": 0.0005777999758720398}
{"items_size": 16, "stocks_size": 7, "fill_percentage": 0.6511056511056511, "solution_time": 0.00043709995225071907}
{"items_size": 15, "stocks_size": 7, "fill_percentage": 0.6392937551842636, "solution_time": 0.0005420000525191426}
{"items_size": 17, "stocks_size": 6, "fill_percentage": 0.6260416666666667, "solution_time": 0.00033820001408457756}
{"items_size": 15, "stocks_size": 7, "fill_percentage": 0.5546732837055418, "solution_time": 0.000355200027115643}
{"items_size": 17, "stocks_size": 6, "fill_percentage": 0.6081149619611158, "solution_time": 0.000255199964158237}
{"items_size": 15, "stocks_size": 7, "fill_percentage": 0.5475460868719295, "solution_time": 0.00023060000967234373}
{"items_size": 17, "stocks_size": 6, "fill_percentage": 0.6135754848387442, "solution_time": 0.00021740002557635307}
{"items_size": 16, "stocks_size": 7, "fill_percentage": 0.7340476190476191, "solution_time": 0.0002723999787122011}
{"items_size": 16, "stocks_size": 7, "fill_percentage": 0.7203854314002829, "solution_time": 0.00019759999122470617}
{"items_size": 16, "stocks_size": 7, "fill_percentage": 0.5874377301277887, "solution_time": 0.0002813000464811921}
{"items_size": 15, "stocks_size": 7, "fill_percentage": 0.49717024717024716, "solution_time": 0.0002707999665290117}
{"items_size": 15, "stocks_size": 7, "fill_percentage": 0.44065335753176044, "solution_time": 0.0003431000513955951}
{"items_size": 16, "stocks_size": 7, "fill_percentage": 0.554922480620155, "solution_time": 0.00036700000055134296}
{"items_size": 16, "stocks_size": 7, "fill_percentage": 0.5433131720430108, "solution_time": 0.000291300006210804}
{"items_size": 15, "stocks_size": 7, "fill_percentage": 0.551011576328032, "solution_time": 0.00030869990587234497}
{"items_size": 17, "stocks_size": 6, "fill_percentage": 0.6752837977296182, "solution_time": 0.0002744999947026372}
{"items_size": 17, "stocks_size": 6, "fill_percentage": 0.6036805555555556, "solution_time": 0.00034030003007501364}
{"items_size": 16, "stocks_size": 7, "fill_percentage": 0.5938601645123385, "solution_time": 0.0002566000912338495}
{"items_size": 15, "stocks_size": 7, "fill_percentage": 0.5036075036075036, "solution_time": 0.00021600001491606236}
{"items_size": 16, "stocks_size": 7, "fill_percentage": 0.6045918367346939, "solution_time": 0.00022569997236132622}
{"items_size": 16, "stocks_size": 7, "fill_percentage": 0.5968205128205128, "solution_time": 0.00023060000967234373}
{"items_size": 17, "stocks_size": 6, "fill_percentage": 0.5995876288659794, "solution_time": 0.00046390003990381956}
{"items_size": 16, "stocks_size": 7, "fill_percentage": 0.49249037227214376, "solution_time": 0.00028069992549717426}
{"items_size": 15, "stocks_size": 7, "fill_percentage": 0.6189673066943435, "solution_time": 0.0002764000091701746}
{"items_size": 15, "stocks_size": 7, "fill_percentage": 0.615349180025797, "solution_time": 0.00025370006915181875}
{"items_size": 17, "stocks_size": 6, "fill_percentage": 0.5365539452495974, "solution_time": 0.00043919996824115515}
{"items_size": 15, "stocks_size": 7, "fill_percentage": 0.44888146573539833, "solution_time": 0.00031349994242191315}
{"items_size": 16, "stocks_size": 7, "fill_percentage": 0.5722176647525294, "solution_time": 0.0002506999298930168}
{"items_size": 16, "stocks_size": 7, "fill_percentage": 0.6286008230452675, "solution_time": 0.00021600001491606236}
{"items_size": 15, "stocks_size": 7, "fill_percentage": 0.6859272164150213, "solution_time": 0.0003400000277906656}
{"items_size": 17, "stocks_size": 6, "fill_percentage": 0.6567796610169492, "solution_time": 0.0002492000348865986}
{"items_size": 16, "stocks_size": 7, "fill_percentage": 0.5877487145092779, "solution_time": 0.0002805000403895974}
{"items_size": 15, "stocks_size": 7,