{"items_size": 16, "stocks_size": 7, "fill_percentage": 0.7260348583877996, "solution_time": 0.0003168000839650631}
{"items_size": 15, "stocks_size": 7, "fill_percentage": 0.7371884346959122, "solution_time": 0.0001919000642374158}
{"items_size": 15, "stocks_size": 7, "fill_percentage": 0.6680344930121915, "solution_time": 0.0002957000397145748}
{"items_size": 15, "stocks_size": 7, "fill_percentage": 0.7503188405797101, "solution_time": 0.00021650001872330904}
{"items_size": 17, "stocks_size": 6, "fill_percentage": 0.7980011261261262, "solution_time": 0.0002536000683903694}
{"items_size": 16, "stocks_size": 7, "fill_percentage": 0.606390977443609, "solution_time": 0.000229199999012053}
{"items_size": 15, "stocks_size": 7, "fill_percentage": 0.6665973089194063, "solution_time": 0.00019340007565915585}
{"items_size": 17, "stocks_size": 6, "fill_percentage": 0.6820974576271186, "solution_time": 0.0002492999192327261}
{"items_size": 15, "stocks_size": 7, "fill_percentage": 0.5818988002086594, "solution_time": 0.0002340999199077487}
{"items_size": 15, "stocks_size": 7, "fill_percentage": 0.5028448275862069, "solution_time": 0.00029090000316500664}
{"items_size": 17, "stocks_size": 6, "fill_percentage": null, "solution_time": null}
{"items_size": 17, "stocks_size": 6, "fill_percentage": 0.6554726368159204, "solution_time": 0.0002848000731319189}
{"items_size": 15, "stocks_size": 7, "fill_percentage": 0.8301204819277108, "solution_time": 0.00020020001102238894}
{"items_size": 16, "stocks_size": 7, "fill_percentage": 0.6231456043956044, "solution_time": 0.0002666999353095889}
{"items_size": 15, "stocks_size": 7, "fill_percentage": 0.6049861495844875, "solution_time": 0.0002874999772757292}
{"items_size": 16, "stocks_size": 7, "fill_percentage": 0.7169629629629629, "solution_time": 0.00023479992523789406}
{"items_size": 15, "stocks_size": 7, "fill_percentage": 0.6094593268570307, "solution_time": 0.0002447000006213784}
{"items_size": 17, "stocks_size": 6, "fill_percentage": 0.7463579809433813, "solution_time": 0.00022040004841983318}
{"items_size": 17, "stocks_size": 6, "fill_percentage": 0.7708810797046091, "solution_time": 0.0001996000064536929}
{"items_size": 16, "stocks_size": 7, "fill_percentage": 0.7391098484848485, "solution_time": 0.00023610005155205727}
{"items_size": 17, "stocks_size": 6, "fill_percentage": 0.9298349834983498, "solution_time": 0.00022899999748915434}
{"items_size": 15, "stocks_size": 7, "fill_percentage": 0.8241670012043356, "solution_time": 0.00018149998504668474}
{"items_size": 16, "stocks_size": 7, "fill_percentage": 0.6194394087296053, "solution_time": 0.0003302000695839524}
{"items_size": 16, "stocks_size": 7, "fill_percentage": 0.747582304526749, "solution_time": 0.0002481000265106559}
{"items_size": 17, "stocks_size": 6, "fill_percentage": 0.7967275494672755, "solution_time": 0.0002535999519750476}
{"items_size": 16, "stocks_size": 7, "fill_percentage": 0.6757575757575758, "solution_time": 0.0002586999908089638}
{"items_size": 15, "stocks_size": 7, "fill_percentage": 0.702827380952381, "solution_time": 0.00017330003902316093}
{"items_size": 17, "stocks_size": 6, "fill_percentage": 0.6188953488372093, "solution_time": 0.0003611000720411539}
{"items_size": 16, "stocks_size": 7, "fill_percentage": 0.6933303984151442, "solution_time": 0.00018810003530234098}
{"items_size": 17, "stocks_size": 6, "fill_percentage": 0.7896174863387978, "solution_time": 0.00019129994325339794}
{"items_size": 15, "stocks_size": 7, "fill_percentage": 0.7926187736314318, "solution_time": 0.00019399996381253004}
{"items_size": 17, "stocks_size": 6, "fill_percentage": 0.7589066339066339, "solution_time": 0.00023340003099292517}
{"items_size": 16, "stocks_size": 7, "fill_percentage": 0.7426616915422886, "solution_time": 0.000264100031927228}
{"items_size": 15, "stocks_size": 7, "fill_percentage": 0.6277056277056277, "solution_time": 0.00024309998843818903}
{"items_size": 15, "stocks_size": 7, "fill_percentage": 0.7706552706552706, "solution_time": 0.0001906000543385744}
{"items_size": 16, "stocks_size": 7, "fill_percentage": 0.685321233074042, "solution_time": 0.0002711999695748091}
{"items_size": 16, "stocks_size": 7, "fill_percentage": 0.6511056511056511, "solution_time": 0.0002148000057786703}
{"items_size": 15, "stocks_size": 7, "fill_percentage": 0.6392937551842636, "solution_time": 0.00020809995476156473}
{"items_size": 17, "stocks_size": 6, "fill_percentage": 0.6260416666666667, "solution_time": 0.00025209994055330753}
{"items_size": 15, "stocks_size": 7, "fill_percentage": 0.5546732837055418, "solution_time": 0.00028929999098181725}
{"items_size": 17, "stocks_size": 6, "fill_percentage": 0.7601437024513947, "solution_time": 0.0005505000008270144}
{"items_size": 15, "stocks_size": 7, "fill_percentage": 0.8213191303078944, "solution_time": 0.0002133999951183796}
{"items_size": 17, "stocks_size": 6, "fill_percentage": 0.9203632272581164, "solution_time": 0.0002125999890267849}
{"items_size": 16, "stocks_size": 7, "fill_percentage": 0.7340476190476191, "solution_time": 0.00023770006373524666}
{"items_size": 16, "stocks_size": 7, "fill_percentage": 0.7203854314002829, "solution_time": 0.0001903000520542264}
{"items_size": 16, "stocks_size": 7, "fill_percentage": 0.7342971626597358, "solution_time": 0.00015559990424662828}
{"items_size": 15, "stocks_size": 7, "fill_percentage": 0.7457553707553708, "solution_time": 0.00020730006508529186}
{"items_size": 15, "stocks_size": 7, "fill_percentage": 0.44065335753176044, "solution_time": 0.0002589999930933118}
{"items_size": 16, "stocks_size": 7, "fill_percentage": 0.7398966408268733, "solution_time": 0.0002191000385209918}
{"items_size": 16, "stocks_size": 7, "fill_percentage": 0.7244175627240144, "solution_time": 0.00019160006195306778}
{"items_size": 15, "stocks_size": 7, "fill_percentage": 0.826517364492048, "solution_time": 0.0002808000426739454}
{"items_size": 17, "stocks_size": 6, "fill_percentage": 0.6752837977296182, "solution_time": 0.00024039996787905693}
{"items_size": 17, "stocks_size": 6, "fill_percentage": 0.6036805555555556, "solution_time": 0.00025130005087703466}
{"items_size": 16, "stocks_size": 7, "fill_percentage": 0.5938601645123385, "solution_time": 0.0003157999599352479}
{"items_size": 15, "stocks_size": 7, "fill_percentage": 0.6714766714766714, "solution_time": 0.00019749999046325684}
{"items_size": 16, "stocks_size": 7, "fill_percentage": 0.8061224489795918, "solution_time": 0.00021430000197142363}
{"items_size": 16, "stocks_size": 7, "fill_percentage": 0.7460256410256411, "solution_time": 0.00015920004807412624}
{"items_size": 17, "stocks_size": 6, "fill_percentage": 0.5995876288659794, "solution_time": 0.00031800009310245514}
{"items_size": 16, "stocks_size": 7, "fill_percentage": 0.8208172871202396, "solution_time": 0.00019189994782209396}
{"items_size": 15, "stocks_size": 7, "fill_percentage": 0.6189673066943435, "solution_time": 0.00020020001102238894}
{"items_size": 15, "stocks_size": 7, "fill_percentage": 0.615349180025797, "solution_time": 0.00018259999342262745}
{"items_size": 17, "stocks_size": 6, "fill_percentage": 0.8048309178743961, "solution_time": 0.00029180001001805067}
{"items_size": 15, "stocks_size": 7, "fill_percentage": 0.6733221986030975, "solution_time": 0.00026409991551190615}
{"items_size": 16, "stocks_size": 7, "fill_percentage": 0.7152720809406617, "solution_time": 0.00021319999359548092}
{"items_size": 16, "stocks_size": 7, "fill_percentage": 0.6286008230452675, "solution_time": 0.00021920003928244114}
{"items_size": 15, "stocks_size": 7, "fill_percentage": 0.6859272164150213, "solution_time": 0.00022080005146563053}
{"items_size": 17, "stocks_size": 6, "fill_percentage": 0.788135593220339, "solution_time": 0.0001960000954568386}
{"items_size": 16, "stocks_size": 7, "fill_percentage": 0.6857068335941575, "solution_time": 0.000188700039871037}
{"items_size": 15, "stocks_size": 7, "fill_percentage": 0.7187782805429864,