{"items_size": 16, "stocks_size": 7, "fill_percentage": 0.7260348583877996, "solution_time": 0.00021269998978823423}
{"items_size": 15, "stocks_size": 7, "fill_percentage": 0.7371884346959122, "solution_time": 0.00022500008344650269}
{"items_size": 15, "stocks_size": 7, "fill_percentage": 0.6680344930121915, "solution_time": 0.00022789998911321163}
{"items_size": 15, "stocks_size": 7, "fill_percentage": 0.7503188405797101, "solution_time": 0.0002313000150024891}
{"items_size": 17, "stocks_size": 6, "fill_percentage": 0.7980011261261262, "solution_time": 0.00028000003658235073}
{"items_size": 16, "stocks_size": 7, "fill_percentage": 0.606390977443609, "solution_time": 0.0002068999456241727}
{"items_size": 15, "stocks_size": 7, "fill_percentage": 0.6665973089194063, "solution_time": 0.00020730006508529186}
{"items_size": 17, "stocks_size": 6, "fill_percentage": 0.6820974576271186, "solution_time": 0.00021490000654011965}
{"items_size": 15, "stocks_size": 7, "fill_percentage": 0.5818988002086594, "solution_time": 0.0001876000314950943}
{"items_size": 15, "stocks_size": 7, "fill_percentage": 0.5028448275862069, "solution_time": 0.00021950004156678915}
{"items_size": 17, "stocks_size": 6, "fill_percentage": null, "solution_time": null}
{"items_size": 17, "stocks_size": 6, "fill_percentage": 0.6554726368159204, "solution_time": 0.0002210000529885292}
{"items_size": 15, "stocks_size": 7, "fill_percentage": 0.8301204819277108, "solution_time": 0.00019859999883919954}
{"items_size": 16, "stocks_size": 7, "fill_percentage": 0.8308608058608059, "solution_time": 0.000188700039871037}
{"items_size": 15, "stocks_size": 7, "fill_percentage": 0.6049861495844875, "solution_time": 0.0002191000385209918}
{"items_size": 16, "stocks_size": 7, "fill_percentage": 0.7169629629629629, "solution_time": 0.00016960001084953547}
{"items_size": 15, "stocks_size": 7, "fill_percentage": 0.6094593268570307, "solution_time": 0.00018610002007335424}
{"items_size": 17, "stocks_size": 6, "fill_percentage": 0.7463579809433813, "solution_time": 0.00017819995991885662}
{"items_size": 17, "stocks_size": 6, "fill_percentage": 0.7708810797046091, "solution_time": 0.0002592999953776598}
{"items_size": 16, "stocks_size": 7, "fill_percentage": 0.7391098484848485, "solution_time": 0.00022270006593316793}
{"items_size": 17, "stocks_size": 6, "fill_percentage": 0.6973762376237623, "solution_time": 0.00020140002015978098}
{"items_size": 15, "stocks_size": 7, "fill_percentage": 0.8241670012043356, "solution_time": 0.00016059994231909513}
{"items_size": 16, "stocks_size": 7, "fill_percentage": 0.6194394087296053, "solution_time": 0.00020160002168267965}
{"items_size": 16, "stocks_size": 7, "fill_percentage": 0.747582304526749, "solution_time": 0.00018400000408291817}
{"items_size": 17, "stocks_size": 6, "fill_percentage": 0.7967275494672755, "solution_time": 0.00018149998504668474}
{"items_size": 16, "stocks_size": 7, "fill_percentage": 0.6757575757575758, "solution_time": 0.00020870007574558258}
{"items_size": 15, "stocks_size": 7, "fill_percentage": 0.702827380952381, "solution_time": 0.00015249999705702066}
{"items_size": 17, "stocks_size": 6, "fill_percentage": 0.6188953488372093, "solution_time": 0.0001993000041693449}
{"items_size": 16, "stocks_size": 7, "fill_percentage": 0.6933303984151442, "solution_time": 0.0001802000915631652}
{"items_size": 17, "stocks_size": 6, "fill_percentage": 0.7896174863387978, "solution_time": 0.00030289997812360525}
{"items_size": 15, "stocks_size": 7, "fill_percentage": 0.7926187736314318, "solution_time": 0.0002866999711841345}
{"items_size": 17, "stocks_size": 6, "fill_percentage": 0.7589066339066339, "solution_time": 0.00020109990146011114}
{"items_size": 16, "stocks_size": 7, "fill_percentage": 0.7426616915422886, "solution_time": 0.00022709998302161694}
{"items_size": 15, "stocks_size": 7, "fill_percentage": 0.6277056277056277, "solution_time": 0.00016689999029040337}
{"items_size": 15, "stocks_size": 7, "fill_percentage": 0.7706552706552706, "solution_time": 0.00015940004959702492}
{"items_size": 16, "stocks_size": 7, "fill_percentage": 0.685321233074042, "solution_time": 0.0002394999610260129}
{"items_size": 16, "stocks_size": 7, "fill_percentage": 0.6511056511056511, "solution_time": 0.00029260001610964537}
{"items_size": 15, "stocks_size": 7, "fill_percentage": 0.6392937551842636, "solution_time": 0.00020530004985630512}
{"items_size": 17, "stocks_size": 6, "fill_percentage": 0.8347222222222223, "solution_time": 0.00019239995162934065}
{"items_size": 15, "stocks_size": 7, "fill_percentage": 0.5546732837055418, "solution_time": 0.00023069989401847124}
{"items_size": 17, "stocks_size": 6, "fill_percentage": 0.7601437024513947, "solution_time": 0.0001772999530658126}
{"items_size": 15, "stocks_size": 7, "fill_percentage": 0.8213191303078944, "solution_time": 0.00023180001880973577}
{"items_size": 17, "stocks_size": 6, "fill_percentage": 0.7362905818064931, "solution_time": 0.00025839998852461576}
{"items_size": 16, "stocks_size": 7, "fill_percentage": 0.7340476190476191, "solution_time": 0.00023850006982684135}
{"items_size": 16, "stocks_size": 7, "fill_percentage": 0.7203854314002829, "solution_time": 0.00020880007650703192}
{"items_size": 16, "stocks_size": 7, "fill_percentage": 0.7342971626597358, "solution_time": 0.00021630001720041037}
{"items_size": 15, "stocks_size": 7, "fill_percentage": 0.7457553707553708, "solution_time": 0.0003427000483497977}
{"items_size": 15, "stocks_size": 7, "fill_percentage": 0.8813067150635209, "solution_time": 0.000319099985063076}
{"items_size": 16, "stocks_size": 7, "fill_percentage": 0.7398966408268733, "solution_time": 0.0001810999820008874}
{"items_size": 16, "stocks_size": 7, "fill_percentage": 0.7244175627240144, "solution_time": 0.00019090005662292242}
{"items_size": 15, "stocks_size": 7, "fill_percentage": 0.826517364492048, "solution_time": 0.0002487999154254794}
{"items_size": 17, "stocks_size": 6, "fill_percentage": 0.6752837977296182, "solution_time": 0.00021080009173601866}
{"items_size": 17, "stocks_size": 6, "fill_percentage": 0.6036805555555556, "solution_time": 0.0001873000292107463}
{"items_size": 16, "stocks_size": 7, "fill_percentage": 0.5938601645123385, "solution_time": 0.00018259999342262745}
{"items_size": 15, "stocks_size": 7, "fill_percentage": 0.6714766714766714, "solution_time": 0.00016719999257475138}
{"items_size": 16, "stocks_size": 7, "fill_percentage": 0.8061224489795918, "solution_time": 0.0002530999481678009}
{"items_size": 16, "stocks_size": 7, "fill_percentage": 0.7460256410256411, "solution_time": 0.00020549993496388197}
{"items_size": 17, "stocks_size": 6, "fill_percentage": 0.5995876288659794, "solution_time": 0.00038400001358240843}
{"items_size": 16, "stocks_size": 7, "fill_percentage": 0.8208172871202396, "solution_time": 0.0002416999777778983}
{"items_size": 15, "stocks_size": 7, "fill_percentage": 0.6189673066943435, "solution_time": 0.00023500004317611456}
{"items_size": 15, "stocks_size": 7, "fill_percentage": 0.615349180025797, "solution_time": 0.00022759998682886362}
{"items_size": 17, "stocks_size": 6, "fill_percentage": 0.8048309178743961, "solution_time": 0.00022179994266480207}
{"items_size": 15, "stocks_size": 7, "fill_percentage": 0.6733221986030975, "solution_time": 0.00022130005527287722}
{"items_size": 16, "stocks_size": 7, "fill_percentage": 0.7152720809406617, "solution_time": 0.00017550005577504635}
{"items_size": 16, "stocks_size": 7, "fill_percentage": 0.6286008230452675, "solution_time": 0.0001767999492585659}
{"items_size": 15, "stocks_size": 7, "fill_percentage": 0.6859272164150213, "solution_time": 0.00019149994477629662}
{"items_size": 17, "stocks_size": 6, "fill_percentage": 0.788135593220339, "solution_time": 0.0001674999948590994}
{"items_size": 16, "stocks_size": 7, "fill_percentage": 0.6857068335941575, "solution_time": 0.00016389996744692326}
{"items_size": 15, "stocks_size": 7, "fill_percentage": 0.7187782805429864,