{"items_size": 16, "stocks_size": 7, "fill_percentage": 0.7260348583877996, "solution_time": 0.0002562999725341797}
{"items_size": 15, "stocks_size": 7, "fill_percentage": 0.4914589564639415, "solution_time": 0.00030559999868273735}
{"items_size": 15, "stocks_size": 7, "fill_percentage": 0.6680344930121915, "solution_time": 0.0003068000078201294}
{"items_size": 15, "stocks_size": 7, "fill_percentage": 0.6252657004830918, "solution_time": 0.00024359999224543571}
{"items_size": 17, "stocks_size": 6, "fill_percentage": 0.7980011261261262, "solution_time": 0.0003136000595986843}
{"items_size": 16, "stocks_size": 7, "fill_percentage": 0.606390977443609, "solution_time": 0.00019399996381253004}
{"items_size": 15, "stocks_size": 7, "fill_percentage": 0.6665973089194063, "solution_time": 0.0002109999768435955}
{"items_size": 17, "stocks_size": 6, "fill_percentage": 0.6820974576271186, "solution_time": 0.0002175000263378024}
{"items_size": 15, "stocks_size": 7, "fill_percentage": 0.872848200312989, "solution_time": 0.0002188000362366438}
{"items_size": 15, "stocks_size": 7, "fill_percentage": 0.5028448275862069, "solution_time": 0.00029009999707341194}
{"items_size": 17, "stocks_size": 6, "fill_percentage": null, "solution_time": null}
{"items_size": 17, "stocks_size": 6, "fill_percentage": 0.6554726368159204, "solution_time": 0.00022430007811635733}
{"items_size": 15, "stocks_size": 7, "fill_percentage": 0.8301204819277108, "solution_time": 0.0003883000463247299}
{"items_size": 16, "stocks_size": 7, "fill_percentage": 0.8308608058608059, "solution_time": 0.0004608000162988901}
{"items_size": 15, "stocks_size": 7, "fill_percentage": 0.6049861495844875, "solution_time": 0.0002956000389531255}
{"items_size": 16, "stocks_size": 7, "fill_percentage": 0.7169629629629629, "solution_time": 0.00025800010189414024}
{"items_size": 15, "stocks_size": 7, "fill_percentage": 0.6094593268570307, "solution_time": 0.00023020000662654638}
{"items_size": 17, "stocks_size": 6, "fill_percentage": 0.7463579809433813, "solution_time": 0.00024259998463094234}
{"items_size": 17, "stocks_size": 6, "fill_percentage": 0.7708810797046091, "solution_time": 0.00030129996594041586}
{"items_size": 16, "stocks_size": 7, "fill_percentage": 0.7391098484848485, "solution_time": 0.00023879995569586754}
{"items_size": 17, "stocks_size": 6, "fill_percentage": 0.6973762376237623, "solution_time": 0.00025560008361935616}
{"items_size": 15, "stocks_size": 7, "fill_percentage": 0.8241670012043356, "solution_time": 0.0002671000547707081}
{"items_size": 16, "stocks_size": 7, "fill_percentage": 0.6194394087296053, "solution_time": 0.00032979995012283325}
{"items_size": 16, "stocks_size": 7, "fill_percentage": 0.747582304526749, "solution_time": 0.00027710001450031996}
{"items_size": 17, "stocks_size": 6, "fill_percentage": 0.7967275494672755, "solution_time": 0.0002835000632330775}
{"items_size": 16, "stocks_size": 7, "fill_percentage": 0.6757575757575758, "solution_time": 0.00031050003599375486}
{"items_size": 15, "stocks_size": 7, "fill_percentage": 0.702827380952381, "solution_time": 0.00022110005374997854}
{"items_size": 17, "stocks_size": 6, "fill_percentage": 0.6188953488372093, "solution_time": 0.00032650004141032696}
{"items_size": 16, "stocks_size": 7, "fill_percentage": 0.6933303984151442, "solution_time": 0.00027840002439916134}
{"items_size": 17, "stocks_size": 6, "fill_percentage": 0.5922131147540983, "solution_time": 0.00024209998082369566}
{"items_size": 15, "stocks_size": 7, "fill_percentage": 0.7926187736314318, "solution_time": 0.00026789994444698095}
{"items_size": 17, "stocks_size": 6, "fill_percentage": 0.7589066339066339, "solution_time": 0.00023200002033263445}
{"items_size": 16, "stocks_size": 7, "fill_percentage": 0.7426616915422886, "solution_time": 0.0002666000509634614}
{"items_size": 15, "stocks_size": 7, "fill_percentage": 0.6277056277056277, "solution_time": 0.0002517999382689595}
{"items_size": 15, "stocks_size": 7, "fill_percentage": 0.7706552706552706, "solution_time": 0.0002106999745592475}
{"items_size": 16, "stocks_size": 7, "fill_percentage": 0.685321233074042, "solution_time": 0.00021570001263171434}
{"items_size": 16, "stocks_size": 7, "fill_percentage": 0.6511056511056511, "solution_time": 0.0003611999563872814}
{"items_size": 15, "stocks_size": 7, "fill_percentage": 0.6392937551842636, "solution_time": 0.0002199000446125865}
{"items_size": 17, "stocks_size": 6, "fill_percentage": 0.8347222222222223, "solution_time": 0.00022050004918128252}
{"items_size": 15, "stocks_size": 7, "fill_percentage": 0.5546732837055418, "solution_time": 0.0002581999870017171}
{"items_size": 17, "stocks_size": 6, "fill_percentage": 0.7601437024513947, "solution_time": 0.00024349999148398638}
{"items_size": 15, "stocks_size": 7, "fill_percentage": 0.8213191303078944, "solution_time": 0.0003029999788850546}
{"items_size": 17, "stocks_size": 6, "fill_percentage": 0.7362905818064931, "solution_time": 0.00024480000138282776}
{"items_size": 16, "stocks_size": 7, "fill_percentage": 0.7340476190476191, "solution_time": 0.00023910007439553738}
{"items_size": 16, "stocks_size": 7, "fill_percentage": 0.7203854314002829, "solution_time": 0.00026220001745969057}
{"items_size": 16, "stocks_size": 7, "fill_percentage": 0.7342971626597358, "solution_time": 0.0002093999646604061}
{"items_size": 15, "stocks_size": 7, "fill_percentage": 0.7457553707553708, "solution_time": 0.0003021999727934599}
{"items_size": 15, "stocks_size": 7, "fill_percentage": 0.44065335753176044, "solution_time": 0.0002962000435218215}
{"items_size": 16, "stocks_size": 7, "fill_percentage": 0.7398966408268733, "solution_time": 0.00026819994673132896}
{"items_size": 16, "stocks_size": 7, "fill_percentage": 0.7244175627240144, "solution_time": 0.0002764000091701746}
{"items_size": 15, "stocks_size": 7, "fill_percentage": 0.826517364492048, "solution_time": 0.00032049999572336674}
{"items_size": 17, "stocks_size": 6, "fill_percentage": 0.6752837977296182, "solution_time": 0.000228599994443357}
{"items_size": 17, "stocks_size": 6, "fill_percentage": 0.6036805555555556, "solution_time": 0.00026030000299215317}
{"items_size": 16, "stocks_size": 7, "fill_percentage": 0.8907902467685076, "solution_time": 0.00029930006712675095}
{"items_size": 15, "stocks_size": 7, "fill_percentage": 0.6714766714766714, "solution_time": 0.00020510004833340645}
{"items_size": 16, "stocks_size": 7, "fill_percentage": 0.6045918367346939, "solution_time": 0.00021660001948475838}
{"items_size": 16, "stocks_size": 7, "fill_percentage": 0.7460256410256411, "solution_time": 0.00017820007633417845}
{"items_size": 17, "stocks_size": 6, "fill_percentage": 0.5995876288659794, "solution_time": 0.0003501999890431762}
{"items_size": 16, "stocks_size": 7, "fill_percentage": 0.6156129653401797, "solution_time": 0.00024319998919963837}
{"items_size": 15, "stocks_size": 7, "fill_percentage": 0.6189673066943435, "solution_time": 0.0003085000207647681}
{"items_size": 15, "stocks_size": 7, "fill_percentage": 0.615349180025797, "solution_time": 0.0001727000344544649}
{"items_size": 17, "stocks_size": 6, "fill_percentage": 0.8048309178743961, "solution_time": 0.00026190001517534256}
{"items_size": 15, "stocks_size": 7, "fill_percentage": 0.6733221986030975, "solution_time": 0.00022400007583200932}
{"items_size": 16, "stocks_size": 7, "fill_percentage": 0.7152720809406617, "solution_time": 0.00026919995434582233}
{"items_size": 16, "stocks_size": 7, "fill_percentage": 0.6286008230452675, "solution_time": 0.00021660001948475838}
{"items_size": 15, "stocks_size": 7, "fill_percentage": 0.6859272164150213, "solution_time": 0.0003595000598579645}
{"items_size": 17, "stocks_size": 6, "fill_percentage": 0.6567796610169492, "solution_time": 0.00023010000586509705}
{"items_size": 16, "stocks_size": 7, "fill_percentage": 0.822848200312989, "solution_time": 0.00023769994731992483}
{"items_size": 15, "stocks_size": 7, "fill_percentage": 0.7187782805429864,