{"items_size": 16, "stocks_size": 7, "fill_percentage": 0.4840232389251997, "solution_time": 0.00033199996687471867}
{"items_size": 15, "stocks_size": 7, "fill_percentage": 0.4914589564639415, "solution_time": 0.00032730004750192165}
{"items_size": 15, "stocks_size": 7, "fill_percentage": 0.5010258697591436, "solution_time": 0.0003480000887066126}
{"items_size": 15, "stocks_size": 7, "fill_percentage": 0.5359420289855072, "solution_time": 0.00023909995798021555}
{"items_size": 17, "stocks_size": 6, "fill_percentage": 0.5320007507507507, "solution_time": 0.00035099999513477087}
{"items_size": 16, "stocks_size": 7, "fill_percentage": 0.45479323308270675, "solution_time": 0.00036559998989105225}
{"items_size": 15, "stocks_size": 7, "fill_percentage": 0.49994798168955473, "solution_time": 0.0003581000491976738}
{"items_size": 17, "stocks_size": 6, "fill_percentage": null, "solution_time": null}
{"items_size": 15, "stocks_size": 7, "fill_percentage": 0.5818988002086594, "solution_time": 0.000332099967636168}
{"items_size": 15, "stocks_size": 7, "fill_percentage": 0.5028448275862069, "solution_time": 0.00036099995486438274}
{"items_size": 17, "stocks_size": 6, "fill_percentage": null, "solution_time": null}
{"items_size": 17, "stocks_size": 6, "fill_percentage": 0.4916044776119403, "solution_time": 0.0003964999923482537}
{"items_size": 15, "stocks_size": 7, "fill_percentage": 0.5534136546184739, "solution_time": 0.0003871999215334654}
{"items_size": 16, "stocks_size": 7, "fill_percentage": 0.49851648351648353, "solution_time": 0.0002906000008806586}
{"items_size": 15, "stocks_size": 7, "fill_percentage": 0.6049861495844875, "solution_time": 0.0003250999143347144}
{"items_size": 16, "stocks_size": 7, "fill_percentage": 0.5974691358024692, "solution_time": 0.00024119997397065163}
{"items_size": 15, "stocks_size": 7, "fill_percentage": 0.45709449514277306, "solution_time": 0.00026929995510727167}
{"items_size": 17, "stocks_size": 6, "fill_percentage": 0.559768485707536, "solution_time": 0.00031610007863491774}
{"items_size": 17, "stocks_size": 6, "fill_percentage": 0.4625286478227655, "solution_time": 0.00028909998945891857}
{"items_size": 16, "stocks_size": 7, "fill_percentage": 0.492739898989899, "solution_time": 0.0012509999796748161}
{"items_size": 17, "stocks_size": 6, "fill_percentage": 0.55790099009901, "solution_time": 0.0002983999438583851}
{"items_size": 15, "stocks_size": 7, "fill_percentage": 0.49450020072260137, "solution_time": 0.0003369000041857362}
{"items_size": 16, "stocks_size": 7, "fill_percentage": 0.6194394087296053, "solution_time": 0.0002994999522343278}
{"items_size": 16, "stocks_size": 7, "fill_percentage": 0.4271898883009994, "solution_time": 0.0002775000175461173}
{"items_size": 17, "stocks_size": 6, "fill_percentage": 0.4780365296803653, "solution_time": 0.00029399991035461426}
{"items_size": 16, "stocks_size": 7, "fill_percentage": 0.5068181818181818, "solution_time": 0.000314700067974627}
{"items_size": 15, "stocks_size": 7, "fill_percentage": 0.4016156462585034, "solution_time": 0.00021890003699809313}
{"items_size": 17, "stocks_size": 6, "fill_percentage": 0.6188953488372093, "solution_time": 0.0004596998915076256}
{"items_size": 16, "stocks_size": 7, "fill_percentage": 0.4952359988679601, "solution_time": 0.00021499989088624716}
{"items_size": 17, "stocks_size": 6, "fill_percentage": 0.5922131147540983, "solution_time": 0.0002470000181347132}
{"items_size": 15, "stocks_size": 7, "fill_percentage": 0.5284125157542879, "solution_time": 0.000264700036495924}
{"items_size": 17, "stocks_size": 6, "fill_percentage": 0.5059377559377559, "solution_time": 0.00037779996637254953}
{"items_size": 16, "stocks_size": 7, "fill_percentage": 0.4455970149253731, "solution_time": 0.00024610001128166914}
{"items_size": 15, "stocks_size": 7, "fill_percentage": 0.4707792207792208, "solution_time": 0.00041179999243468046}
{"items_size": 15, "stocks_size": 7, "fill_percentage": 0.4623931623931624, "solution_time": 0.00030120008159428835}
{"items_size": 16, "stocks_size": 7, "fill_percentage": 0.45688082204936137, "solution_time": 0.0004710000939667225}
{"items_size": 16, "stocks_size": 7, "fill_percentage": 0.43407043407043405, "solution_time": 0.0004735999973490834}
{"items_size": 15, "stocks_size": 7, "fill_percentage": 0.6392937551842636, "solution_time": 0.000363500090315938}
{"items_size": 17, "stocks_size": 6, "fill_percentage": 0.5008333333333334, "solution_time": 0.00026839994825422764}
{"items_size": 15, "stocks_size": 7, "fill_percentage": 0.5546732837055418, "solution_time": 0.0002983000595122576}
{"items_size": 17, "stocks_size": 6, "fill_percentage": 0.5067624683009299, "solution_time": 0.0002633000258356333}
{"items_size": 15, "stocks_size": 7, "fill_percentage": 0.5475460868719295, "solution_time": 0.00024910003412514925}
{"items_size": 17, "stocks_size": 6, "fill_percentage": 0.6135754848387442, "solution_time": 0.00030230008997023106}
{"items_size": 16, "stocks_size": 7, "fill_percentage": 0.4893650793650794, "solution_time": 0.0003573999274522066}
{"items_size": 16, "stocks_size": 7, "fill_percentage": 0.5763083451202263, "solution_time": 0.0002473000204190612}
{"items_size": 16, "stocks_size": 7, "fill_percentage": 0.5874377301277887, "solution_time": 0.00023680005688220263}
{"items_size": 15, "stocks_size": 7, "fill_percentage": 0.49717024717024716, "solution_time": 0.00028280005790293217}
{"items_size": 15, "stocks_size": 7, "fill_percentage": 0.44065335753176044, "solution_time": 0.00032670004293322563}
{"items_size": 16, "stocks_size": 7, "fill_percentage": 0.44393798449612404, "solution_time": 0.0002503999276086688}
{"items_size": 16, "stocks_size": 7, "fill_percentage": 0.5433131720430108, "solution_time": 0.00023959996178746223}
{"items_size": 15, "stocks_size": 7, "fill_percentage": 0.551011576328032, "solution_time": 0.00024399999529123306}
{"items_size": 17, "stocks_size": 6, "fill_percentage": 0.5064628482972137, "solution_time": 0.0002466000150889158}
{"items_size": 17, "stocks_size": 6, "fill_percentage": 0.4024537037037037, "solution_time": 0.00034740008413791656}
{"items_size": 16, "stocks_size": 7, "fill_percentage": 0.5938601645123385, "solution_time": 0.00029859994538128376}
{"items_size": 15, "stocks_size": 7, "fill_percentage": 0.5036075036075036, "solution_time": 0.00021319999359548092}
{"items_size": 16, "stocks_size": 7, "fill_percentage": 0.48367346938775513, "solution_time": 0.000228599994443357}
{"items_size": 16, "stocks_size": 7, "fill_percentage": 0.5968205128205128, "solution_time": 0.0002818000502884388}
{"items_size": 17, "stocks_size": 6, "fill_percentage": 0.5995876288659794, "solution_time": 0.0003269000444561243}
{"items_size": 16, "stocks_size": 7, "fill_percentage": 0.4104086435601198, "solution_time": 0.0002943999134004116}
{"items_size": 15, "stocks_size": 7, "fill_percentage": 0.6189673066943435, "solution_time": 0.0003068000078201294}
{"items_size": 15, "stocks_size": 7, "fill_percentage": 0.615349180025797, "solution_time": 0.00030149996746331453}
{"items_size": 17, "stocks_size": 6, "fill_percentage": 0.5365539452495974, "solution_time": 0.00036609999369829893}
{"items_size": 15, "stocks_size": 7, "fill_percentage": 0.44888146573539833, "solution_time": 0.0003114000428467989}
{"items_size": 16, "stocks_size": 7, "fill_percentage": 0.47684805396044116, "solution_time": 0.0002769000129774213}
{"items_size": 16, "stocks_size": 7, "fill_percentage": 0.6286008230452675, "solution_time": 0.0003456000704318285}
{"items_size": 15, "stocks_size": 7, "fill_percentage": 0.45728481094334755, "solution_time": 0.00039409997407346964}
{"items_size": 17, "stocks_size": 6, "fill_percentage": null, "solution_time": null}
{"items_size": 16, "stocks_size": 7, "fill_percentage": null, "solution_time": null}
{"items_size": 15, "stocks_size": 7, "fill_percentage": 0.47918552036199097, "solution_time": 0.00041370000690221786}
{"items_size": 15, "stocks_size": 7, "fill_percentage": 0.5291625936787228,