{"items_size": 16, "stocks_size": 7, "fill_percentage": 0.5808278867102397, "solution_time": 0.00041990005411207676}
{"items_size": 15, "stocks_size": 7, "fill_percentage": 0.4914589564639415, "solution_time": 0.0003306999569758773}
{"items_size": 15, "stocks_size": 7, "fill_percentage": 0.5010258697591436, "solution_time": 0.00025150005239993334}
{"items_size": 15, "stocks_size": 7, "fill_percentage": 0.6252657004830918, "solution_time": 0.0002449000021442771}
{"items_size": 17, "stocks_size": 6, "fill_percentage": 0.5320007507507507, "solution_time": 0.00039469997864216566}
{"items_size": 16, "stocks_size": 7, "fill_percentage": 0.606390977443609, "solution_time": 0.000421399949118495}
{"items_size": 15, "stocks_size": 7, "fill_percentage": 0.6665973089194063, "solution_time": 0.0002877999795600772}
{"items_size": 17, "stocks_size": 6, "fill_percentage": 0.5684145480225988, "solution_time": 0.00023290002718567848}
{"items_size": 15, "stocks_size": 7, "fill_percentage": 0.5818988002086594, "solution_time": 0.0002525000600144267}
{"items_size": 15, "stocks_size": 7, "fill_percentage": 0.5028448275862069, "solution_time": 0.000345399952493608}
{"items_size": 17, "stocks_size": 6, "fill_percentage": null, "solution_time": null}
{"items_size": 17, "stocks_size": 6, "fill_percentage": 0.4916044776119403, "solution_time": 0.0003662999952211976}
{"items_size": 15, "stocks_size": 7, "fill_percentage": 0.5534136546184739, "solution_time": 0.00029120000544935465}
{"items_size": 16, "stocks_size": 7, "fill_percentage": 0.6231456043956044, "solution_time": 0.0003242000238969922}
{"items_size": 15, "stocks_size": 7, "fill_percentage": 0.6049861495844875, "solution_time": 0.0002492999192327261}
{"items_size": 16, "stocks_size": 7, "fill_percentage": 0.5974691358024692, "solution_time": 0.0002442999975755811}
{"items_size": 15, "stocks_size": 7, "fill_percentage": 0.6094593268570307, "solution_time": 0.00031939998734742403}
{"items_size": 17, "stocks_size": 6, "fill_percentage": 0.559768485707536, "solution_time": 0.00030559999868273735}
{"items_size": 17, "stocks_size": 6, "fill_percentage": 0.5781608097784569, "solution_time": 0.000278000021353364}
{"items_size": 16, "stocks_size": 7, "fill_percentage": 0.492739898989899, "solution_time": 0.00034339993726462126}
{"items_size": 17, "stocks_size": 6, "fill_percentage": 0.6973762376237623, "solution_time": 0.0003034999826923013}
{"items_size": 15, "stocks_size": 7, "fill_percentage": 0.6181252509032517, "solution_time": 0.0002484000287950039}
{"items_size": 16, "stocks_size": 7, "fill_percentage": 0.6194394087296053, "solution_time": 0.0003198001068085432}
{"items_size": 16, "stocks_size": 7, "fill_percentage": 0.49838820301783265, "solution_time": 0.00030640000477433205}
{"items_size": 17, "stocks_size": 6, "fill_percentage": 0.5975456621004567, "solution_time": 0.00032430002465844154}
{"items_size": 16, "stocks_size": 7, "fill_percentage": 0.5068181818181818, "solution_time": 0.00031480006873607635}
{"items_size": 15, "stocks_size": 7, "fill_percentage": 0.5622619047619047, "solution_time": 0.00032620003912597895}
{"items_size": 17, "stocks_size": 6, "fill_percentage": 0.6188953488372093, "solution_time": 0.0003581999335438013}
{"items_size": 16, "stocks_size": 7, "fill_percentage": 0.5777753320126201, "solution_time": 0.0002880999818444252}
{"items_size": 17, "stocks_size": 6, "fill_percentage": 0.5922131147540983, "solution_time": 0.00033820001408457756}
{"items_size": 15, "stocks_size": 7, "fill_percentage": 0.5284125157542879, "solution_time": 0.0002509000478312373}
{"items_size": 17, "stocks_size": 6, "fill_percentage": 0.6071253071253071, "solution_time": 0.00038590002804994583}
{"items_size": 16, "stocks_size": 7, "fill_percentage": 0.5569962686567164, "solution_time": 0.00040529994294047356}
{"items_size": 15, "stocks_size": 7, "fill_percentage": 0.6277056277056277, "solution_time": 0.00030179996974766254}
{"items_size": 15, "stocks_size": 7, "fill_percentage": 0.4623931623931624, "solution_time": 0.0002778000198304653}
{"items_size": 16, "stocks_size": 7, "fill_percentage": 0.45688082204936137, "solution_time": 0.00038049998693168163}
{"items_size": 16, "stocks_size": 7, "fill_percentage": 0.43407043407043405, "solution_time": 0.0003205999964848161}
{"items_size": 15, "stocks_size": 7, "fill_percentage": 0.6392937551842636, "solution_time": 0.00037489994429051876}
{"items_size": 17, "stocks_size": 6, "fill_percentage": 0.5008333333333334, "solution_time": 0.00038240000139921904}
{"items_size": 15, "stocks_size": 7, "fill_percentage": 0.5546732837055418, "solution_time": 0.000448299921117723}
{"items_size": 17, "stocks_size": 6, "fill_percentage": 0.6081149619611158, "solution_time": 0.0003013999667018652}
{"items_size": 15, "stocks_size": 7, "fill_percentage": 0.5475460868719295, "solution_time": 0.0003298999508842826}
{"items_size": 17, "stocks_size": 6, "fill_percentage": 0.6135754848387442, "solution_time": 0.0003429000498726964}
{"items_size": 16, "stocks_size": 7, "fill_percentage": 0.4893650793650794, "solution_time": 0.0002812000457197428}
{"items_size": 16, "stocks_size": 7, "fill_percentage": 0.7203854314002829, "solution_time": 0.00021210010163486004}
{"items_size": 16, "stocks_size": 7, "fill_percentage": 0.5874377301277887, "solution_time": 0.00024690001737326384}
{"items_size": 15, "stocks_size": 7, "fill_percentage": 0.49717024717024716, "solution_time": 0.00032300001475960016}
{"items_size": 15, "stocks_size": 7, "fill_percentage": 0.44065335753176044, "solution_time": 0.0003431000513955951}
{"items_size": 16, "stocks_size": 7, "fill_percentage": 0.554922480620155, "solution_time": 0.0002601000014692545}
{"items_size": 16, "stocks_size": 7, "fill_percentage": 0.5433131720430108, "solution_time": 0.0002470000181347132}
{"items_size": 15, "stocks_size": 7, "fill_percentage": 0.551011576328032, "solution_time": 0.000332699972204864}
{"items_size": 17, "stocks_size": 6, "fill_percentage": 0.6752837977296182, "solution_time": 0.0003613999579101801}
{"items_size": 17, "stocks_size": 6, "fill_percentage": 0.6036805555555556, "solution_time": 0.00034389994107186794}
{"items_size": 16, "stocks_size": 7, "fill_percentage": 0.4453951233842538, "solution_time": 0.0002620999002829194}
{"items_size": 15, "stocks_size": 7, "fill_percentage": 0.6714766714766714, "solution_time": 0.00023300002794712782}
{"items_size": 16, "stocks_size": 7, "fill_percentage": 0.6045918367346939, "solution_time": 0.00023260002490133047}
{"items_size": 16, "stocks_size": 7, "fill_percentage": 0.5968205128205128, "solution_time": 0.0002747999969869852}
{"items_size": 17, "stocks_size": 6, "fill_percentage": 0.5995876288659794, "solution_time": 0.0005352000007405877}
{"items_size": 16, "stocks_size": 7, "fill_percentage": 0.49249037227214376, "solution_time": 0.00023699994198977947}
{"items_size": 15, "stocks_size": 7, "fill_percentage": 0.6189673066943435, "solution_time": 0.00029230001382529736}
{"items_size": 15, "stocks_size": 7, "fill_percentage": 0.615349180025797, "solution_time": 0.00024880003184080124}
{"items_size": 17, "stocks_size": 6, "fill_percentage": 0.5365539452495974, "solution_time": 0.0006149000255391002}
{"items_size": 15, "stocks_size": 7, "fill_percentage": 0.44888146573539833, "solution_time": 0.00045579997822642326}
{"items_size": 16, "stocks_size": 7, "fill_percentage": 0.5722176647525294, "solution_time": 0.00022629997693002224}
{"items_size": 16, "stocks_size": 7, "fill_percentage": 0.6286008230452675, "solution_time": 0.0003659999929368496}
{"items_size": 15, "stocks_size": 7, "fill_percentage": 0.6859272164150213, "solution_time": 0.0005209000082686543}
{"items_size": 17, "stocks_size": 6, "fill_percentage": 0.6567796610169492, "solution_time": 0.00025509996339678764}
{"items_size": 16, "stocks_size": 7, "fill_percentage": 0.5877487145092779, "solution_time": 0.000179499969817698}
{"items_size": 15, "stocks_size": 7,