{"items_size": 16, "stocks_size": 7, "fill_percentage": 0.5808278867102397, "solution_time": 0.0003079999005421996}
{"items_size": 15, "stocks_size": 7, "fill_percentage": 0.4914589564639415, "solution_time": 0.0003877999261021614}
{"items_size": 15, "stocks_size": 7, "fill_percentage": 0.5010258697591436, "solution_time": 0.00030770001467317343}
{"items_size": 15, "stocks_size": 7, "fill_percentage": 0.6252657004830918, "solution_time": 0.00022019993048161268}
{"items_size": 17, "stocks_size": 6, "fill_percentage": 0.5320007507507507, "solution_time": 0.00043599994387477636}
{"items_size": 16, "stocks_size": 7, "fill_percentage": 0.606390977443609, "solution_time": 0.00038139999378472567}
{"items_size": 15, "stocks_size": 7, "fill_percentage": 0.6665973089194063, "solution_time": 0.0002661000471562147}
{"items_size": 17, "stocks_size": 6, "fill_percentage": 0.5684145480225988, "solution_time": 0.00041290000081062317}
{"items_size": 15, "stocks_size": 7, "fill_percentage": 0.5818988002086594, "solution_time": 0.00028200005181133747}
{"items_size": 15, "stocks_size": 7, "fill_percentage": 0.5028448275862069, "solution_time": 0.0002874999772757292}
{"items_size": 17, "stocks_size": 6, "fill_percentage": null, "solution_time": null}
{"items_size": 17, "stocks_size": 6, "fill_percentage": 0.4916044776119403, "solution_time": 0.0004031999269500375}
{"items_size": 15, "stocks_size": 7, "fill_percentage": 0.5534136546184739, "solution_time": 0.00029180001001805067}
{"items_size": 16, "stocks_size": 7, "fill_percentage": 0.6231456043956044, "solution_time": 0.00032950006425380707}
{"items_size": 15, "stocks_size": 7, "fill_percentage": 0.6049861495844875, "solution_time": 0.0003302000695839524}
{"items_size": 16, "stocks_size": 7, "fill_percentage": 0.5974691358024692, "solution_time": 0.0002615000121295452}
{"items_size": 15, "stocks_size": 7, "fill_percentage": 0.6094593268570307, "solution_time": 0.0003026999766007066}
{"items_size": 17, "stocks_size": 6, "fill_percentage": 0.559768485707536, "solution_time": 0.0003043999895453453}
{"items_size": 17, "stocks_size": 6, "fill_percentage": 0.5781608097784569, "solution_time": 0.0002788999117910862}
{"items_size": 16, "stocks_size": 7, "fill_percentage": 0.492739898989899, "solution_time": 0.00039160007145255804}
{"items_size": 17, "stocks_size": 6, "fill_percentage": 0.6973762376237623, "solution_time": 0.0003760000690817833}
{"items_size": 15, "stocks_size": 7, "fill_percentage": 0.6181252509032517, "solution_time": 0.00022529996931552887}
{"items_size": 16, "stocks_size": 7, "fill_percentage": 0.6194394087296053, "solution_time": 0.000319099985063076}
{"items_size": 16, "stocks_size": 7, "fill_percentage": 0.49838820301783265, "solution_time": 0.00028819998260587454}
{"items_size": 17, "stocks_size": 6, "fill_percentage": 0.5975456621004567, "solution_time": 0.0004325000336393714}
{"items_size": 16, "stocks_size": 7, "fill_percentage": 0.5068181818181818, "solution_time": 0.0004295000107958913}
{"items_size": 15, "stocks_size": 7, "fill_percentage": 0.5622619047619047, "solution_time": 0.00024170009419322014}
{"items_size": 17, "stocks_size": 6, "fill_percentage": 0.6188953488372093, "solution_time": 0.00034289993345737457}
{"items_size": 16, "stocks_size": 7, "fill_percentage": 0.5777753320126201, "solution_time": 0.00018860003910958767}
{"items_size": 17, "stocks_size": 6, "fill_percentage": 0.5922131147540983, "solution_time": 0.00024300010409206152}
{"items_size": 15, "stocks_size": 7, "fill_percentage": 0.5284125157542879, "solution_time": 0.00023490004241466522}
{"items_size": 17, "stocks_size": 6, "fill_percentage": 0.6071253071253071, "solution_time": 0.0002455000067129731}
{"items_size": 16, "stocks_size": 7, "fill_percentage": 0.5569962686567164, "solution_time": 0.00028250005561858416}
{"items_size": 15, "stocks_size": 7, "fill_percentage": 0.6277056277056277, "solution_time": 0.00021399999968707561}
{"items_size": 15, "stocks_size": 7, "fill_percentage": 0.4623931623931624, "solution_time": 0.00025370006915181875}
{"items_size": 16, "stocks_size": 7, "fill_percentage": 0.45688082204936137, "solution_time": 0.00048649997916072607}
{"items_size": 16, "stocks_size": 7, "fill_percentage": 0.43407043407043405, "solution_time": 0.0005916999652981758}
{"items_size": 15, "stocks_size": 7, "fill_percentage": 0.6392937551842636, "solution_time": 0.00036070006899535656}
{"items_size": 17, "stocks_size": 6, "fill_percentage": 0.5008333333333334, "solution_time": 0.0003662999952211976}
{"items_size": 15, "stocks_size": 7, "fill_percentage": 0.5546732837055418, "solution_time": 0.00033740000799298286}
{"items_size": 17, "stocks_size": 6, "fill_percentage": 0.6081149619611158, "solution_time": 0.0002359000500291586}
{"items_size": 15, "stocks_size": 7, "fill_percentage": 0.5475460868719295, "solution_time": 0.0003263000398874283}
{"items_size": 17, "stocks_size": 6, "fill_percentage": 0.6135754848387442, "solution_time": 0.0002576999831944704}
{"items_size": 16, "stocks_size": 7, "fill_percentage": 0.4893650793650794, "solution_time": 0.00028010003734380007}
{"items_size": 16, "stocks_size": 7, "fill_percentage": 0.7203854314002829, "solution_time": 0.0003429999342188239}
{"items_size": 16, "stocks_size": 7, "fill_percentage": 0.5874377301277887, "solution_time": 0.00025509996339678764}
{"items_size": 15, "stocks_size": 7, "fill_percentage": 0.49717024717024716, "solution_time": 0.0003646999830380082}
{"items_size": 15, "stocks_size": 7, "fill_percentage": 0.44065335753176044, "solution_time": 0.0005215000128373504}
{"items_size": 16, "stocks_size": 7, "fill_percentage": 0.554922480620155, "solution_time": 0.0002447000006213784}
{"items_size": 16, "stocks_size": 7, "fill_percentage": 0.5433131720430108, "solution_time": 0.00025669997557997704}
{"items_size": 15, "stocks_size": 7, "fill_percentage": 0.551011576328032, "solution_time": 0.00033299997448921204}
{"items_size": 17, "stocks_size": 6, "fill_percentage": 0.6752837977296182, "solution_time": 0.00026000000070780516}
{"items_size": 17, "stocks_size": 6, "fill_percentage": 0.6036805555555556, "solution_time": 0.00034069991670548916}
{"items_size": 16, "stocks_size": 7, "fill_percentage": 0.4453951233842538, "solution_time": 0.00025180005468428135}
{"items_size": 15, "stocks_size": 7, "fill_percentage": 0.6714766714766714, "solution_time": 0.00019339995924383402}
{"items_size": 16, "stocks_size": 7, "fill_percentage": 0.6045918367346939, "solution_time": 0.00023720005992799997}
{"items_size": 16, "stocks_size": 7, "fill_percentage": 0.5968205128205128, "solution_time": 0.0002794000320136547}
{"items_size": 17, "stocks_size": 6, "fill_percentage": 0.5995876288659794, "solution_time": 0.00038920005317777395}
{"items_size": 16, "stocks_size": 7, "fill_percentage": 0.49249037227214376, "solution_time": 0.00022050004918128252}
{"items_size": 15, "stocks_size": 7, "fill_percentage": 0.6189673066943435, "solution_time": 0.0002972999354824424}
{"items_size": 15, "stocks_size": 7, "fill_percentage": 0.615349180025797, "solution_time": 0.00022679998073726892}
{"items_size": 17, "stocks_size": 6, "fill_percentage": 0.5365539452495974, "solution_time": 0.0004729999927803874}
{"items_size": 15, "stocks_size": 7, "fill_percentage": 0.44888146573539833, "solution_time": 0.00043189991265535355}
{"items_size": 16, "stocks_size": 7, "fill_percentage": 0.5722176647525294, "solution_time": 0.00023049989249557257}
{"items_size": 16, "stocks_size": 7, "fill_percentage": 0.6286008230452675, "solution_time": 0.00022960000205785036}
{"items_size": 15, "stocks_size": 7, "fill_percentage": 0.6859272164150213, "solution_time": 0.0003203001106157899}
{"items_size": 17, "stocks_size": 6, "fill_percentage": 0.6567796610169492, "solution_time": 0.00031500007025897503}
{"items_size": 16, "stocks_size": 7, "fill_percentage": 0.5877487145092779, "solution_time": 0.00017199991270899773}
{"items_size": 15, "stocks_size": 7, "fill_percentage": 0.47918552036199097,